[22:14:56.036] [INFO] Diagnostic log file opened: Documents/tonex-logs/tonex-probe-2026-08-19_221456.log.txt
[22:14:57.524] [INFO] Found device: /dev/bus/usb/001/002 (VID=0x1963, PID=0xd1)
[22:14:57.533] [FINDING] Raw config descriptors (345 bytes) — see issue #16's malformed wMaxPacketSize hazard; inspect this dump to confirm/refute it on Android specifically:
12 01 00 02 EF 02 01 40 63 19 D1 00 35 01 01 02
12 01 09 02 47 01 05 01 00 C0 32 08 0B 00 02 02
02 00 06 09 04 00 00 01 02 02 00 00 05 24 00 10
01 05 24 01 01 01 04 24 02 06 05 24 06 00 01 07
05 86 03 10 00 07 09 04 01 00 02 0A 00 00 00 07
05 87 02 40 00 00 07 05 07 02 00 02 00 08 0B 02
03 01 00 20 00 09 04 02 00 01 01 01 20 02 09 24
01 00 02 08 6F 00 00 08 24 0A 07 03 07 00 0B 11
24 02 01 01 02 00 07 02 00 00 00 00 00 00 00 00
12 24 06 02 01 0F 00 00 00 0F 00 00 00 0F 00 00
00 00 0C 24 03 03 01 01 00 02 07 00 00 0A 11 24
02 04 01 01 00 07 02 00 00 00 00 00 00 00 09 12
24 06 05 04 0F 00 00 00 0F 00 00 00 0F 00 00 00
00 0C 24 03 06 01 03 00 05 07 00 00 00 07 05 82
03 08 00 07 09 04 03 00 00 01 02 20 04 09 04 03
01 01 01 02 20 04 10 24 01 03 00 01 01 00 00 00
02 00 00 00 00 0C 06 24 02 01 04 18 07 05 84 05
38 00 01 08 25 01 00 00 02 00 00 09 04 04 00 00
01 02 20 05 09 04 04 01 02 01 02 20 05 10 24 01
04 00 01 01 00 00 00 02 00 00 00 00 10 06 24 02
01 04 18 07 05 03 05 38 00 01 08 25 01 00 00 02
00 00 07 05 83 11 04 00 04
[22:14:57.535] [INFO] Claimed data interface 1 and comm interface 0, asserted DTR, IN endpoint 0x87, OUT endpoint 0x7.
[22:14:57.537] [INFO] === Read-only diagnostic pass starting ===
[22:14:57.540] [INFO] [read-only] WRITE 17 byte(s):
7E B9 03 00 82 04 00 80 0B 01 B9 02 02 0B 17 8C
7E
[22:14:57.543] [INFO] [read-only] READ 64 byte(s):
F0 42 BA 03 BA 6D 88 00 00 00 00 88 00 00 00 00
88 00 00 C8 C2 88 00 00 A0 41 88 00 00 70 C2 88
00 00 80 3F 88 00 00 00 00 88 00 00 00 00 88 00
00 00 00 88 00 00 A0 40 88 00 00 80 3F 88 00 00
[22:14:57.545] [INFO] [read-only] READ 64 byte(s):
20 41 88 00 00 96 43 88 00 00 20 41 88 33 33 33
3F 88 00 80 3B 44 88 00 00 20 41 88 00 80 ED 44
88 00 00 80 3F 88 00 00 00 00 88 CD CC AC 40 88
00 00 E0 40 88 00 00 C8 42 88 00 00 80 3F 88 00
[22:14:57.547] [INFO] [read-only] READ 64 byte(s):
00 00 00 88 00 00 C8 41 88 00 00 A0 40 88 00 00
00 00 88 00 00 C0 3F 88 00 00 00 00 88 00 00 80
3F 88 00 00 C0 3F 88 00 00 00 00 88 00 00 00 00
88 00 00 A0 40 88 00 00 A0 40 88 00 00 80 3F 88
[22:14:57.548] [INFO] [read-only] READ 64 byte(s):
00 00 00 00 88 00 00 80 40 88 00 00 A0 40 88 00
00 00 00 88 00 00 00 00 88 00 00 F0 41 88 00 00
A0 40 88 00 00 00 00 88 00 00 00 00 88 00 00 F0
41 88 00 00 A0 40 88 00 00 00 00 88 00 00 00 00
[22:14:57.552] [INFO] [read-only] READ 64 byte(s):
88 00 00 F0 41 88 00 00 A0 40 88 00 00 00 00 88
00 00 00 00 88 00 00 F0 41 88 00 00 A0 40 88 00
00 00 00 88 00 00 00 00 88 00 00 F0 41 88 00 00
A0 40 88 00 00 00 00 88 00 00 00 00 88 00 00 F0
[22:14:57.553] [INFO] [read-only] READ 64 byte(s):
41 88 00 00 80 3F 88 00 00 00 00 88 00 00 00 00
88 00 00 00 00 88 00 00 70 41 88 00 00 00 3F 88
00 00 48 42 88 00 00 F0 40 88 00 00 00 00 88 00
00 40 40 88 00 00 D0 40 88 00 00 00 00 88 00 00
[22:14:57.554] [INFO] [read-only] READ 64 byte(s):
00 00 88 00 00 C0 40 88 00 00 00 00 88 00 00 70
41 88 00 00 00 3F 88 00 00 48 42 88 00 00 F0 40
88 00 00 00 00 88 00 00 70 41 88 00 00 00 3F 88
00 00 48 42 88 00 00 C8 41 88 00 00 F0 40 88 00
[22:14:57.555] [INFO] [read-only] READ 64 byte(s):
00 00 00 88 00 00 40 40 88 00 00 B4 43 88 00 00
F0 42 88 00 00 48 42 88 00 00 A0 40 88 00 00 80
3F 88 00 00 00 00 88 00 00 00 00 88 00 00 00 00
88 00 00 10 41 88 00 00 AF 43 88 00 00 A0 41 88
[22:14:57.557] [INFO] [read-only] READ 64 byte(s):
00 00 00 00 88 00 00 48 42 88 00 00 00 00 88 00
00 10 41 88 00 00 AF 43 88 00 00 A0 41 88 00 00
00 00 88 00 00 48 42 BA 6D 88 00 00 00 00 88 00
00 00 00 88 00 00 C8 C2 88 00 00 A0 41 88 00 00
[22:14:57.558] [INFO] [read-only] READ 64 byte(s):
70 C2 88 00 00 80 3F 88 00 00 00 00 88 00 00 00
00 88 00 00 00 00 88 00 00 A0 40 88 00 00 80 3F
88 00 00 A0 40 88 00 00 96 43 88 00 00 A0 40 88
33 33 33 3F 88 00 80 3B 44 88 00 00 A0 40 88 00
[22:14:57.560] [INFO] [read-only] READ 64 byte(s):
80 ED 44 88 00 00 80 3F 88 00 00 00 00 88 00 00
A0 40 88 00 00 A0 40 88 00 00 C8 42 88 00 00 80
3F 88 00 00 00 00 88 00 00 C8 41 88 00 00 A0 40
88 00 00 00 00 88 00 00 C0 3F 88 00 00 00 00 88
[22:14:57.561] [INFO] [read-only] READ 64 byte(s):
00 00 80 3F 88 00 00 C0 3F 88 00 00 00 00 88 00
00 00 00 88 00 00 A0 40 88 00 00 A0 40 88 00 00
80 3F 88 00 00 00 00 88 00 00 80 40 88 00 00 A0
40 88 00 00 00 00 88 00 00 00 00 88 00 00 F0 41
[22:14:57.562] [INFO] [read-only] READ 64 byte(s):
88 00 00 A0 40 88 00 00 00 00 88 00 00 00 00 88
00 00 F0 41 88 00 00 A0 40 88 00 00 00 00 88 00
00 00 00 88 00 00 F0 41 88 00 00 A0 40 88 00 00
00 00 88 00 00 00 00 88 00 00 F0 41 88 00 00 A0
[22:14:57.564] [INFO] [read-only] READ 64 byte(s):
40 88 00 00 00 00 88 00 00 00 00 88 00 00 F0 41
88 00 00 A0 40 88 00 00 00 00 88 00 00 00 00 88
00 00 F0 41 88 00 00 80 3F 88 00 00 00 00 88 00
00 00 00 88 00 00 00 00 88 00 00 70 41 88 00 00
[22:14:57.565] [INFO] [read-only] READ 64 byte(s):
00 3F 88 00 00 48 42 88 00 00 F0 40 88 00 00 00
00 88 00 00 40 40 88 00 00 D0 40 88 00 00 00 00
88 00 00 00 00 88 00 00 C0 40 88 00 00 00 00 88
00 00 70 41 88 00 00 00 3F 88 00 00 48 42 88 00
[22:14:57.567] [INFO] [read-only] READ 64 byte(s):
00 F0 40 88 00 00 00 00 88 00 00 70 41 88 00 00
00 3F 88 00 00 48 42 88 00 00 C8 41 88 00 00 F0
40 88 00 00 00 00 88 00 00 40 40 88 00 00 B4 43
88 00 00 F0 42 88 00 00 48 42 88 00 00 A0 40 88
[22:14:57.570] [INFO] [read-only] READ 64 byte(s):
00 00 80 3F 88 00 00 00 00 88 00 00 00 00 88 00
00 00 00 88 00 00 10 41 88 00 00 AF 43 88 00 00
A0 41 88 00 00 00 00 88 00 00 48 42 88 00 00 00
00 88 00 00 10 41 88 00 00 AF 43 88 00 00 A0 41
[22:14:57.573] [INFO] [read-only] READ 64 byte(s):
88 00 00 00 00 88 00 00 48 42 BA 6D 88 00 00 00
00 88 00 00 00 00 88 00 00 C8 C2 88 00 00 A0 41
88 00 00 70 C2 88 00 00 80 3F 88 00 00 00 00 88
00 00 00 00 88 00 00 00 00 88 00 00 A0 40 88 00
[22:14:57.577] [INFO] [read-only] READ 64 byte(s):
00 80 3F 88 00 00 A0 40 88 00 00 96 43 88 00 00
A0 40 88 33 33 33 3F 88 00 80 3B 44 88 00 00 A0
40 88 00 80 ED 44 88 00 00 80 3F 88 00 00 00 00
88 00 00 A0 40 88 00 00 A0 40 88 00 00 C8 42 88
[22:14:57.579] [INFO] [read-only] READ 64 byte(s):
00 00 80 3F 88 00 00 00 00 88 00 00 C8 41 88 00
00 A0 40 88 00 00 00 00 88 00 00 C0 3F 88 00 00
00 00 88 00 00 80 3F 88 00 00 C0 3F 88 00 00 00
00 88 00 00 00 00 88 00 00 A0 40 88 00 00 A0 40
[22:14:57.580] [INFO] [read-only] READ 64 byte(s):
88 00 00 80 3F 88 00 00 00 00 88 00 00 80 40 88
00 00 A0 40 88 00 00 00 00 88 00 00 00 00 88 00
00 F0 41 88 00 00 A0 40 88 00 00 00 00 88 00 00
00 00 88 00 00 F0 41 88 00 00 A0 40 88 00 00 00
[22:14:57.581] [INFO] [read-only] READ 64 byte(s):
00 88 00 00 00 00 88 00 00 F0 41 88 00 00 A0 40
88 00 00 00 00 88 00 00 00 00 88 00 00 F0 41 88
00 00 A0 40 88 00 00 00 00 88 00 00 00 00 88 00
00 F0 41 88 00 00 A0 40 88 00 00 00 00 88 00 00
[22:14:57.582] [INFO] [read-only] READ 64 byte(s):
00 00 88 00 00 F0 41 88 00 00 80 3F 88 00 00 00
00 88 00 00 00 00 88 00 00 00 00 88 00 00 70 41
88 00 00 00 3F 88 00 00 48 42 88 00 00 F0 40 88
00 00 00 00 88 00 00 40 40 88 00 00 D0 40 88 00
[22:14:57.583] [INFO] [read-only] READ 64 byte(s):
00 00 00 88 00 00 00 00 88 00 00 C0 40 88 00 00
00 00 88 00 00 70 41 88 00 00 00 3F 88 00 00 48
42 88 00 00 F0 40 88 00 00 00 00 88 00 00 70 41
88 00 00 00 3F 88 00 00 48 42 88 00 00 C8 41 88
[22:14:57.585] [INFO] [read-only] READ 64 byte(s):
00 00 F0 40 88 00 00 00 00 88 00 00 40 40 88 00
00 B4 43 88 00 00 F0 42 88 00 00 48 42 88 00 00
A0 40 88 00 00 80 3F 88 00 00 00 00 88 00 00 00
00 88 00 00 00 00 88 00 00 10 41 88 00 00 AF 43
[22:14:57.586] [INFO] [read-only] READ 64 byte(s):
88 00 00 A0 41 88 00 00 00 00 88 00 00 48 42 88
00 00 00 00 88 00 00 10 41 88 00 00 AF 43 88 00
00 A0 41 88 00 00 00 00 88 00 00 48 42 B9 0D B9
02 BC 21 00 6B 01 BC DE C0 C7 BA 72 C3 F8 BA B6
[22:14:57.586] [INFO] [read-only] READ 64 byte(s):
3B D5 BB F8 23 DF BB E4 BE 15 BC 1B 94 32 BC B2
3B 1C BC 83 00 B9 02 BC 0B 32 30 32 36 2D 30 32
2D 31 34 00 0A B9 02 BC 21 48 49 2D 47 41 49 4E
00 8A 8B 74 BB 19 F5 72 3B 33 6A A2 BB 70 BA 7D
[22:14:57.588] [INFO] [read-only] READ 64 byte(s):
5E BC 7F 46 4F BC 1A 89 24 BC 3F 07 B9 02 BC 21
4E 6F 6E 65 00 25 77 3B 3B 80 28 3C D6 D7 6F BA
68 80 CA BB A4 E0 C3 B9 95 0D 92 3B 39 B4 95 BB
DA 04 B9 02 BC 21 4E 6F 6E 65 00 8E 3B BA E0 F1
[22:14:57.589] [INFO] [read-only] READ 64 byte(s):
00 BB 16 33 24 BA FD 13 07 BB E5 23 28 BC 94 CD
18 BC AE D2 76 BB 07 04 B9 02 BC 21 4E 6F 6E 65
00 AB 34 BB 6E 56 B8 BA B4 66 AF B9 BB D3 2A 3C
8D EB 01 3C CC 1B 16 BB 72 9C 2D BB FC 04 B9 02
[22:14:57.590] [INFO] [read-only] READ 64 byte(s):
BC 21 4E 6F 6E 65 00 4C 62 BB CC 71 79 BC F5 13
00 BC F8 41 15 3C C8 A3 23 3C 62 37 FC 3B 4D 46
C1 3B 24 04 B9 02 BC 21 00 29 45 BC 3C 2B 32 BC
90 40 67 B9 CA EB F2 3B 48 4C 80 3A D3 16 3E 3C
[22:14:57.591] [INFO] [read-only] READ 64 byte(s):
75 CC 53 3C CB 67 10 BC 8E 00 B9 02 BC 21 00 C9
B8 BB A4 03 37 3C CF 5F CA 3C 90 EC 8C 3C 78 96
59 3C E8 47 4B 3B B9 CA 30 BB D2 B5 11 BC 60 00
B9 02 BC 21 00 5D 04 3C D6 60 33 3C EB 46 2C 3C
[22:14:57.592] [INFO] [read-only] READ 64 byte(s):
3F BF 1F 3C 38 37 23 B9 7C 60 16 3C 92 C6 60 3B
82 C0 CD 3B 7D 5E 00 B9 02 BC 21 00 18 0F 3C DC
40 3F 3C 3B 93 59 3C 43 BC D3 3B FC F6 C9 3B A1
78 25 BC 4B 6D CB 3B 63 D5 08 3C 0E 00 B9 02 BC
[22:14:57.593] [INFO] [read-only] READ 64 byte(s):
21 00 57 91 BC ED 04 58 BC CC AA 6E BB 91 67 1C
BC B5 53 17 BC D2 12 9F 3C 93 4D C0 3B EA 28 5D
BB 94 00 B9 02 BC 41 00 77 0D 3D 41 4E 1D 3D AE
E8 3F BC E0 AA 19 3D 28 89 CB 3C B1 9F 71 BB F7
[22:14:57.594] [INFO] [read-only] READ 64 byte(s):
66 2C BD 80 30 0D BC 96 1B A0 BC 97 66 D3 BC 8E
A2 74 3B 15 61 88 BC 0B F2 99 BC AB 90 17 BC 5E
DF 9A 8B 12 99 00 00 72 00 02 F7 7E 7E B9 03 02
2B 0B B9 07 00 80 C7 B9 03 02 01 00 B9 03 01 03
[22:14:57.597] [INFO] [read-only] READ 32 byte(s):
0F BC 14 6B 8D C2 72 D6 FA 9B 73 06 A3 3D D9 08
13 CD 0E FD 09 78 36 82 1B 45 0F 00 00 F0 F3 7E
[22:14:57.601] [INFO] [read-only] WRITE 19 byte(s):
7E B9 03 00 82 06 00 80 0B 03 B9 02 81 06 03 0B
44 66 7E
[22:14:57.604] [INFO] [read-only] READ 64 byte(s):
7E B9 03 81 06 03 80 A0 0B B9 01 B9 0E 82 4C 42
4C 47 B9 03 00 04 00 88 00 00 20 40 00 00 01 BA
14 B9 03 00 80 FF 00 B9 03 00 00 80 FF B9 03 80
FF 00 00 B9 03 80 FF 00 00 B9 03 00 00 80 FF B9
[22:14:57.606] [INFO] [read-only] READ 64 byte(s):
03 80 FF 00 00 B9 03 80 BF 80 BF 80 BF B9 03 0F
80 FF 2F B9 03 80 FF 00 00 B9 03 2F 00 80 FF B9
03 11 11 00 B9 03 00 00 80 FF B9 03 05 00 11 B9
03 80 FF 00 00 B9 03 80 FF 00 00 B9 03 11 00 00
[22:14:57.607] [INFO] [read-only] READ 44 byte(s):
B9 03 00 80 FF 00 B9 03 0B 0B 0B B9 03 11 22 00
B9 03 00 19 19 BC 06 00 00 0A 00 03 00 00 00 81
B8 01 01 00 88 00 00 70 43 AC 11 7E
[22:14:57.608] [INFO] [read-only] WRITE 21 byte(s):
7E B9 03 81 00 03 82 06 00 80 0B 03 B9 04 0B 01
00 00 C8 27 7E
[22:14:57.610] [INFO] [read-only] READ 64 byte(s):
7E B9 03 81 04 03 81 9D 08 0B B9 03 01 00 B9 04
B9 02 BC 21 4D 6F 64 65 72 6E 20 54 72 69 70 6C
65 00 00 00 00 00 00 00 00 00 00 00 00 00 00 00
00 00 00 00 00 0D BA 02 88 00 00 00 00 88 00 00
[22:14:57.611] [INFO] [read-only] READ 64 byte(s):
F0 42 BA 03 BA 6D 88 00 00 00 00 88 00 00 00 00
88 00 00 C8 C2 88 00 00 A0 41 88 00 00 70 C2 88
00 00 80 3F 88 00 00 00 00 88 00 00 00 00 88 00
00 00 00 88 00 00 A0 40 88 00 00 80 3F 88 00 00
[22:14:57.612] [INFO] [read-only] READ 64 byte(s):
20 41 88 00 00 96 43 88 00 00 20 41 88 33 33 33
3F 88 00 80 3B 44 88 00 00 20 41 88 00 80 ED 44
88 00 00 80 3F 88 00 00 00 00 88 CD CC AC 40 88
00 00 E0 40 88 00 00 C8 42 88 00 00 80 3F 88 00
[22:14:57.613] [INFO] [read-only] READ 64 byte(s):
00 00 00 88 00 00 C8 41 88 00 00 A0 40 88 00 00
00 00 88 00 00 C0 3F 88 00 00 00 00 88 00 00 80
3F 88 00 00 C0 3F 88 00 00 00 00 88 00 00 00 00
88 00 00 A0 40 88 00 00 A0 40 88 00 00 80 3F 88
[22:14:57.613] [INFO] [read-only] READ 64 byte(s):
00 00 00 00 88 00 00 80 40 88 00 00 A0 40 88 00
00 00 00 88 00 00 00 00 88 00 00 F0 41 88 00 00
A0 40 88 00 00 00 00 88 00 00 00 00 88 00 00 F0
41 88 00 00 A0 40 88 00 00 00 00 88 00 00 00 00
[22:14:57.615] [INFO] [read-only] READ 64 byte(s):
88 00 00 F0 41 88 00 00 A0 40 88 00 00 00 00 88
00 00 00 00 88 00 00 F0 41 88 00 00 A0 40 88 00
00 00 00 88 00 00 00 00 88 00 00 F0 41 88 00 00
A0 40 88 00 00 00 00 88 00 00 00 00 88 00 00 F0
[22:14:57.615] [INFO] [read-only] READ 64 byte(s):
41 88 00 00 80 3F 88 00 00 00 00 88 00 00 00 00
88 00 00 00 00 88 00 00 70 41 88 00 00 00 3F 88
00 00 48 42 88 00 00 F0 40 88 00 00 00 00 88 00
00 40 40 88 00 00 D0 40 88 00 00 00 00 88 00 00
[22:14:57.616] [INFO] [read-only] READ 64 byte(s):
00 00 88 00 00 C0 40 88 00 00 00 00 88 00 00 70
41 88 00 00 00 3F 88 00 00 48 42 88 00 00 F0 40
88 00 00 00 00 88 00 00 70 41 88 00 00 00 3F 88
00 00 48 42 88 00 00 C8 41 88 00 00 F0 40 88 00
[22:14:57.617] [INFO] [read-only] READ 64 byte(s):
00 00 00 88 00 00 40 40 88 00 00 B4 43 88 00 00
F0 42 88 00 00 48 42 88 00 00 A0 40 88 00 00 80
3F 88 00 00 00 00 88 00 00 00 00 88 00 00 00 00
88 00 00 10 41 88 00 00 AF 43 88 00 00 A0 41 88
[22:14:57.618] [INFO] [read-only] READ 64 byte(s):
00 00 00 00 88 00 00 48 42 88 00 00 00 00 88 00
00 10 41 88 00 00 AF 43 88 00 00 A0 41 88 00 00
00 00 88 00 00 48 42 BA 6D 88 00 00 00 00 88 00
00 00 00 88 00 00 C8 C2 88 00 00 A0 41 88 00 00
[22:14:57.618] [INFO] [read-only] READ 64 byte(s):
70 C2 88 00 00 80 3F 88 00 00 00 00 88 00 00 00
00 88 00 00 00 00 88 00 00 A0 40 88 00 00 80 3F
88 00 00 A0 40 88 00 00 96 43 88 00 00 A0 40 88
33 33 33 3F 88 00 80 3B 44 88 00 00 A0 40 88 00
[22:14:57.619] [INFO] [read-only] READ 64 byte(s):
80 ED 44 88 00 00 80 3F 88 00 00 00 00 88 00 00
A0 40 88 00 00 A0 40 88 00 00 C8 42 88 00 00 80
3F 88 00 00 00 00 88 00 00 C8 41 88 00 00 A0 40
88 00 00 00 00 88 00 00 C0 3F 88 00 00 00 00 88
[22:14:57.621] [INFO] [read-only] READ 64 byte(s):
00 00 80 3F 88 00 00 C0 3F 88 00 00 00 00 88 00
00 00 00 88 00 00 A0 40 88 00 00 A0 40 88 00 00
80 3F 88 00 00 00 00 88 00 00 80 40 88 00 00 A0
40 88 00 00 00 00 88 00 00 00 00 88 00 00 F0 41
[22:14:57.622] [INFO] [read-only] READ 64 byte(s):
88 00 00 A0 40 88 00 00 00 00 88 00 00 00 00 88
00 00 F0 41 88 00 00 A0 40 88 00 00 00 00 88 00
00 00 00 88 00 00 F0 41 88 00 00 A0 40 88 00 00
00 00 88 00 00 00 00 88 00 00 F0 41 88 00 00 A0
[22:14:57.623] [INFO] [read-only] READ 64 byte(s):
40 88 00 00 00 00 88 00 00 00 00 88 00 00 F0 41
88 00 00 A0 40 88 00 00 00 00 88 00 00 00 00 88
00 00 F0 41 88 00 00 80 3F 88 00 00 00 00 88 00
00 00 00 88 00 00 00 00 88 00 00 70 41 88 00 00
[22:14:57.624] [INFO] [read-only] READ 64 byte(s):
00 3F 88 00 00 48 42 88 00 00 F0 40 88 00 00 00
00 88 00 00 40 40 88 00 00 D0 40 88 00 00 00 00
88 00 00 00 00 88 00 00 C0 40 88 00 00 00 00 88
00 00 70 41 88 00 00 00 3F 88 00 00 48 42 88 00
[22:14:57.625] [INFO] [read-only] READ 64 byte(s):
00 F0 40 88 00 00 00 00 88 00 00 70 41 88 00 00
00 3F 88 00 00 48 42 88 00 00 C8 41 88 00 00 F0
40 88 00 00 00 00 88 00 00 40 40 88 00 00 B4 43
88 00 00 F0 42 88 00 00 48 42 88 00 00 A0 40 88
[22:14:57.626] [INFO] [read-only] READ 64 byte(s):
00 00 80 3F 88 00 00 00 00 88 00 00 00 00 88 00
00 00 00 88 00 00 10 41 88 00 00 AF 43 88 00 00
A0 41 88 00 00 00 00 88 00 00 48 42 88 00 00 00
00 88 00 00 10 41 88 00 00 AF 43 88 00 00 A0 41
[22:14:57.628] [INFO] [read-only] READ 64 byte(s):
88 00 00 00 00 88 00 00 48 42 BA 6D 88 00 00 00
00 88 00 00 00 00 88 00 00 C8 C2 88 00 00 A0 41
88 00 00 70 C2 88 00 00 80 3F 88 00 00 00 00 88
00 00 00 00 88 00 00 00 00 88 00 00 A0 40 88 00
[22:14:57.629] [INFO] [read-only] READ 64 byte(s):
00 80 3F 88 00 00 A0 40 88 00 00 96 43 88 00 00
A0 40 88 33 33 33 3F 88 00 80 3B 44 88 00 00 A0
40 88 00 80 ED 44 88 00 00 80 3F 88 00 00 00 00
88 00 00 A0 40 88 00 00 A0 40 88 00 00 C8 42 88
[22:14:57.630] [INFO] [read-only] READ 64 byte(s):
00 00 80 3F 88 00 00 00 00 88 00 00 C8 41 88 00
00 A0 40 88 00 00 00 00 88 00 00 C0 3F 88 00 00
00 00 88 00 00 80 3F 88 00 00 C0 3F 88 00 00 00
00 88 00 00 00 00 88 00 00 A0 40 88 00 00 A0 40
[22:14:57.631] [INFO] [read-only] READ 64 byte(s):
88 00 00 80 3F 88 00 00 00 00 88 00 00 80 40 88
00 00 A0 40 88 00 00 00 00 88 00 00 00 00 88 00
00 F0 41 88 00 00 A0 40 88 00 00 00 00 88 00 00
00 00 88 00 00 F0 41 88 00 00 A0 40 88 00 00 00
[22:14:57.631] [INFO] [read-only] READ 64 byte(s):
00 88 00 00 00 00 88 00 00 F0 41 88 00 00 A0 40
88 00 00 00 00 88 00 00 00 00 88 00 00 F0 41 88
00 00 A0 40 88 00 00 00 00 88 00 00 00 00 88 00
00 F0 41 88 00 00 A0 40 88 00 00 00 00 88 00 00
[22:14:57.633] [INFO] [read-only] READ 64 byte(s):
00 00 88 00 00 F0 41 88 00 00 80 3F 88 00 00 00
00 88 00 00 00 00 88 00 00 00 00 88 00 00 70 41
88 00 00 00 3F 88 00 00 48 42 88 00 00 F0 40 88
00 00 00 00 88 00 00 40 40 88 00 00 D0 40 88 00
[22:14:57.634] [INFO] [read-only] READ 64 byte(s):
00 00 00 88 00 00 00 00 88 00 00 C0 40 88 00 00
00 00 88 00 00 70 41 88 00 00 00 3F 88 00 00 48
42 88 00 00 F0 40 88 00 00 00 00 88 00 00 70 41
88 00 00 00 3F 88 00 00 48 42 88 00 00 C8 41 88
[22:14:57.635] [INFO] [read-only] READ 64 byte(s):
00 00 F0 40 88 00 00 00 00 88 00 00 40 40 88 00
00 B4 43 88 00 00 F0 42 88 00 00 48 42 88 00 00
A0 40 88 00 00 80 3F 88 00 00 00 00 88 00 00 00
00 88 00 00 00 00 88 00 00 10 41 88 00 00 AF 43
[22:14:57.636] [INFO] [read-only] READ 64 byte(s):
88 00 00 A0 41 88 00 00 00 00 88 00 00 48 42 88
00 00 00 00 88 00 00 10 41 88 00 00 AF 43 88 00
00 A0 41 88 00 00 00 00 88 00 00 48 42 B9 0D B9
02 BC 21 00 6B 01 BC DE C0 C7 BA 72 C3 F8 BA B6
[22:14:57.637] [INFO] [read-only] READ 64 byte(s):
3B D5 BB F8 23 DF BB E4 BE 15 BC 1B 94 32 BC B2
3B 1C BC 83 00 B9 02 BC 0B 32 30 32 36 2D 30 32
2D 31 34 00 0A B9 02 BC 21 48 49 2D 47 41 49 4E
00 8A 8B 74 BB 19 F5 72 3B 33 6A A2 BB 70 BA 7D
[22:14:57.639] [INFO] [read-only] READ 64 byte(s):
5E BC 7F 46 4F BC 1A 89 24 BC 3F 07 B9 02 BC 21
4E 6F 6E 65 00 25 77 3B 3B 80 28 3C D6 D7 6F BA
68 80 CA BB A4 E0 C3 B9 95 0D 92 3B 39 B4 95 BB
DA 04 B9 02 BC 21 4E 6F 6E 65 00 8E 3B BA E0 F1
[22:14:57.640] [INFO] [read-only] READ 64 byte(s):
00 BB 16 33 24 BA FD 13 07 BB E5 23 28 BC 94 CD
18 BC AE D2 76 BB 07 04 B9 02 BC 21 4E 6F 6E 65
00 AB 34 BB 6E 56 B8 BA B4 66 AF B9 BB D3 2A 3C
8D EB 01 3C CC 1B 16 BB 72 9C 2D BB FC 04 B9 02
[22:14:57.641] [INFO] [read-only] READ 64 byte(s):
BC 21 4E 6F 6E 65 00 4C 62 BB CC 71 79 BC F5 13
00 BC F8 41 15 3C C8 A3 23 3C 62 37 FC 3B 4D 46
C1 3B 24 04 B9 02 BC 21 00 29 45 BC 3C 2B 32 BC
90 40 67 B9 CA EB F2 3B 48 4C 80 3A D3 16 3E 3C
[22:14:57.642] [INFO] [read-only] READ 64 byte(s):
75 CC 53 3C CB 67 10 BC 8E 00 B9 02 BC 21 00 C9
B8 BB A4 03 37 3C CF 5F CA 3C 90 EC 8C 3C 78 96
59 3C E8 47 4B 3B B9 CA 30 BB D2 B5 11 BC 60 00
B9 02 BC 21 00 5D 04 3C D6 60 33 3C EB 46 2C 3C
[22:14:57.643] [INFO] [read-only] READ 64 byte(s):
3F BF 1F 3C 38 37 23 B9 7C 60 16 3C 92 C6 60 3B
82 C0 CD 3B 7D 5E 00 B9 02 BC 21 00 18 0F 3C DC
40 3F 3C 3B 93 59 3C 43 BC D3 3B FC F6 C9 3B A1
78 25 BC 4B 6D CB 3B 63 D5 08 3C 0E 00 B9 02 BC
[22:14:57.644] [INFO] [read-only] READ 64 byte(s):
21 00 57 91 BC ED 04 58 BC CC AA 6E BB 91 67 1C
BC B5 53 17 BC D2 12 9F 3C 93 4D C0 3B EA 28 5D
BB 94 00 B9 02 BC 41 00 77 0D 3D 41 4E 1D 3D AE
E8 3F BC E0 AA 19 3D 28 89 CB 3C B1 9F 71 BB F7
[22:14:57.645] [INFO] [read-only] READ 44 byte(s):
66 2C BD 80 30 0D BC 96 1B A0 BC 97 66 D3 BC 8E
A2 74 3B 15 61 88 BC 0B F2 99 BC AB 90 17 BC 5E
DF 9A 8B 12 99 00 00 72 00 A2 15 7E
[22:14:57.647] [INFO] [read-only] WRITE 21 byte(s):
7E B9 03 81 00 03 82 06 00 80 0B 03 B9 04 0B 01
01 00 10 3E 7E
[22:14:57.652] [INFO] [read-only] READ 64 byte(s):
7E B9 03 81 04 03 81 9D 08 0B B9 03 01 01 B9 04
B9 02 BC 21 50 75 73 68 65 64 20 54 72 69 70 6C
65 00 00 00 00 00 00 00 00 00 00 00 00 00 00 00
00 00 00 00 00 0D BA 02 88 00 00 00 00 88 00 00
[22:14:57.653] [INFO] [read-only] READ 64 byte(s):
F0 42 BA 03 BA 6D 88 00 00 00 00 88 00 00 00 00
88 00 00 C8 C2 88 00 00 A0 41 88 00 00 70 C2 88
00 00 80 3F 88 00 00 00 00 88 00 00 00 00 88 00
00 00 00 88 00 00 A0 40 88 00 00 80 3F 88 00 00
[22:14:57.654] [INFO] [read-only] READ 64 byte(s):
A0 40 88 00 00 96 43 88 00 00 A0 40 88 33 33 33
3F 88 00 80 3B 44 88 00 00 A0 40 88 00 80 ED 44
88 00 00 80 3F 88 00 00 00 00 88 00 00 A0 40 88
CD CC BC 40 88 00 00 C8 42 88 00 00 80 3F 88 00
[22:14:57.656] [INFO] [read-only] READ 64 byte(s):
00 00 00 88 00 00 C8 41 88 00 00 A0 40 88 00 00
00 00 88 00 00 C0 3F 88 00 00 00 00 88 00 00 80
3F 88 00 00 C0 3F 88 00 00 00 00 88 00 00 00 00
88 00 00 A0 40 88 00 00 A0 40 88 00 00 80 3F 88
[22:14:57.658] [INFO] [read-only] READ 64 byte(s):
00 00 00 00 88 00 00 80 40 88 00 00 A0 40 88 00
00 00 00 88 00 00 00 00 88 00 00 F0 41 88 00 00
A0 40 88 00 00 00 00 88 00 00 00 00 88 00 00 F0
41 88 00 00 A0 40 88 00 00 00 00 88 00 00 00 00
[22:14:57.659] [INFO] [read-only] READ 64 byte(s):
88 00 00 F0 41 88 00 00 A0 40 88 00 00 00 00 88
00 00 00 00 88 00 00 F0 41 88 00 00 A0 40 88 00
00 00 00 88 00 00 00 00 88 00 00 F0 41 88 00 00
A0 40 88 00 00 00 00 88 00 00 00 00 88 00 00 F0
[22:14:57.660] [INFO] [read-only] READ 64 byte(s):
41 88 00 00 80 3F 88 00 00 00 00 88 00 00 00 00
88 00 00 00 00 88 00 00 70 41 88 00 00 00 3F 88
00 00 48 42 88 00 00 F0 40 88 00 00 00 00 88 00
00 40 40 88 00 00 D0 40 88 00 00 00 00 88 00 00
[22:14:57.662] [INFO] [read-only] READ 64 byte(s):
00 00 88 00 00 C0 40 88 00 00 00 00 88 00 00 70
41 88 00 00 00 3F 88 00 00 48 42 88 00 00 F0 40
88 00 00 00 00 88 00 00 70 41 88 00 00 00 3F 88
00 00 48 42 88 00 00 C8 41 88 00 00 F0 40 88 00
[22:14:57.663] [INFO] [read-only] READ 64 byte(s):
00 00 00 88 00 00 40 40 88 00 00 B4 43 88 00 00
F0 42 88 00 00 48 42 88 00 00 A0 40 88 00 00 80
3F 88 00 00 00 00 88 00 00 00 00 88 00 00 00 00
88 00 00 10 41 88 00 00 AF 43 88 00 00 A0 41 88
[22:14:57.664] [INFO] [read-only] READ 64 byte(s):
00 00 00 00 88 00 00 48 42 88 00 00 00 00 88 00
00 10 41 88 00 00 AF 43 88 00 00 A0 41 88 00 00
00 00 88 00 00 48 42 BA 6D 88 00 00 00 00 88 00
00 00 00 88 00 00 C8 C2 88 00 00 A0 41 88 00 00
[22:14:57.665] [INFO] [read-only] READ 64 byte(s):
70 C2 88 00 00 80 3F 88 00 00 00 00 88 00 00 00
00 88 00 00 00 00 88 00 00 A0 40 88 00 00 80 3F
88 00 00 A0 40 88 00 00 96 43 88 00 00 A0 40 88
33 33 33 3F 88 00 80 3B 44 88 00 00 A0 40 88 00
[22:14:57.666] [INFO] [read-only] READ 64 byte(s):
80 ED 44 88 00 00 80 3F 88 00 00 00 00 88 00 00
A0 40 88 00 00 A0 40 88 00 00 C8 42 88 00 00 80
3F 88 00 00 00 00 88 00 00 C8 41 88 00 00 A0 40
88 00 00 00 00 88 00 00 C0 3F 88 00 00 00 00 88
[22:14:57.668] [INFO] [read-only] READ 64 byte(s):
00 00 80 3F 88 00 00 C0 3F 88 00 00 00 00 88 00
00 00 00 88 00 00 A0 40 88 00 00 A0 40 88 00 00
80 3F 88 00 00 00 00 88 00 00 80 40 88 00 00 A0
40 88 00 00 00 00 88 00 00 00 00 88 00 00 F0 41
[22:14:57.669] [INFO] [read-only] READ 64 byte(s):
88 00 00 A0 40 88 00 00 00 00 88 00 00 00 00 88
00 00 F0 41 88 00 00 A0 40 88 00 00 00 00 88 00
00 00 00 88 00 00 F0 41 88 00 00 A0 40 88 00 00
00 00 88 00 00 00 00 88 00 00 F0 41 88 00 00 A0
[22:14:57.670] [INFO] [read-only] READ 64 byte(s):
40 88 00 00 00 00 88 00 00 00 00 88 00 00 F0 41
88 00 00 A0 40 88 00 00 00 00 88 00 00 00 00 88
00 00 F0 41 88 00 00 80 3F 88 00 00 00 00 88 00
00 00 00 88 00 00 00 00 88 00 00 70 41 88 00 00
[22:14:57.671] [INFO] [read-only] READ 64 byte(s):
00 3F 88 00 00 48 42 88 00 00 F0 40 88 00 00 00
00 88 00 00 40 40 88 00 00 D0 40 88 00 00 00 00
88 00 00 00 00 88 00 00 C0 40 88 00 00 00 00 88
00 00 70 41 88 00 00 00 3F 88 00 00 48 42 88 00
[22:14:57.672] [INFO] [read-only] READ 64 byte(s):
00 F0 40 88 00 00 00 00 88 00 00 70 41 88 00 00
00 3F 88 00 00 48 42 88 00 00 C8 41 88 00 00 F0
40 88 00 00 00 00 88 00 00 40 40 88 00 00 B4 43
88 00 00 F0 42 88 00 00 48 42 88 00 00 A0 40 88
[22:14:57.673] [INFO] [read-only] READ 64 byte(s):
00 00 80 3F 88 00 00 00 00 88 00 00 00 00 88 00
00 00 00 88 00 00 10 41 88 00 00 AF 43 88 00 00
A0 41 88 00 00 00 00 88 00 00 48 42 88 00 00 00
00 88 00 00 10 41 88 00 00 AF 43 88 00 00 A0 41
[22:14:57.675] [INFO] [read-only] READ 64 byte(s):
88 00 00 00 00 88 00 00 48 42 BA 6D 88 00 00 00
00 88 00 00 00 00 88 00 00 C8 C2 88 00 00 A0 41
88 00 00 70 C2 88 00 00 80 3F 88 00 00 00 00 88
00 00 00 00 88 00 00 00 00 88 00 00 A0 40 88 00
[22:14:57.676] [INFO] [read-only] READ 64 byte(s):
00 80 3F 88 00 00 A0 40 88 00 00 96 43 88 00 00
A0 40 88 33 33 33 3F 88 00 80 3B 44 88 00 00 A0
40 88 00 80 ED 44 88 00 00 80 3F 88 00 00 00 00
88 00 00 A0 40 88 00 00 A0 40 88 00 00 C8 42 88
[22:14:57.677] [INFO] [read-only] READ 64 byte(s):
00 00 80 3F 88 00 00 00 00 88 00 00 C8 41 88 00
00 A0 40 88 00 00 00 00 88 00 00 C0 3F 88 00 00
00 00 88 00 00 80 3F 88 00 00 C0 3F 88 00 00 00
00 88 00 00 00 00 88 00 00 A0 40 88 00 00 A0 40
[22:14:57.678] [INFO] [read-only] READ 64 byte(s):
88 00 00 80 3F 88 00 00 00 00 88 00 00 80 40 88
00 00 A0 40 88 00 00 00 00 88 00 00 00 00 88 00
00 F0 41 88 00 00 A0 40 88 00 00 00 00 88 00 00
00 00 88 00 00 F0 41 88 00 00 A0 40 88 00 00 00
[22:14:57.679] [INFO] [read-only] READ 64 byte(s):
00 88 00 00 00 00 88 00 00 F0 41 88 00 00 A0 40
88 00 00 00 00 88 00 00 00 00 88 00 00 F0 41 88
00 00 A0 40 88 00 00 00 00 88 00 00 00 00 88 00
00 F0 41 88 00 00 A0 40 88 00 00 00 00 88 00 00
[22:14:57.680] [INFO] [read-only] READ 64 byte(s):
00 00 88 00 00 F0 41 88 00 00 80 3F 88 00 00 00
00 88 00 00 00 00 88 00 00 00 00 88 00 00 70 41
88 00 00 00 3F 88 00 00 48 42 88 00 00 F0 40 88
00 00 00 00 88 00 00 40 40 88 00 00 D0 40 88 00
[22:14:57.682] [INFO] [read-only] READ 64 byte(s):
00 00 00 88 00 00 00 00 88 00 00 C0 40 88 00 00
00 00 88 00 00 70 41 88 00 00 00 3F 88 00 00 48
42 88 00 00 F0 40 88 00 00 00 00 88 00 00 70 41
88 00 00 00 3F 88 00 00 48 42 88 00 00 C8 41 88
[22:14:57.683] [INFO] [read-only] READ 64 byte(s):
00 00 F0 40 88 00 00 00 00 88 00 00 40 40 88 00
00 B4 43 88 00 00 F0 42 88 00 00 48 42 88 00 00
A0 40 88 00 00 80 3F 88 00 00 00 00 88 00 00 00
00 88 00 00 00 00 88 00 00 10 41 88 00 00 AF 43
[22:14:57.684] [INFO] [read-only] READ 64 byte(s):
88 00 00 A0 41 88 00 00 00 00 88 00 00 48 42 88
00 00 00 00 88 00 00 10 41 88 00 00 AF 43 88 00
00 A0 41 88 00 00 00 00 88 00 00 48 42 B9 0D B9
02 BC 21 00 44 3B BC 36 C0 77 BA 13 01 09 BB 6B
[22:14:57.686] [INFO] [read-only] READ 64 byte(s):
36 38 3C FD A6 65 3C C5 85 15 BB 13 A6 86 BB 94
8D CD BA 90 00 B9 02 BC 0B 32 30 32 36 2D 30 32
2D 31 34 00 0A B9 02 BC 21 44 52 49 56 45 00 2F
3B B4 32 E4 39 67 F4 A3 3A 6E 21 1B 3C 98 30 2F
[22:14:57.687] [INFO] [read-only] READ 64 byte(s):
3B 7F A4 8C 39 A4 BA BD BB FD 05 B9 02 BC 21 4E
6F 6E 65 00 1A CF BA DC F9 F4 BB 60 87 D5 39 99
BE D5 3B A7 B3 EB 3B 1A 4B D1 3B 59 54 2C 3B A1
04 B9 02 BC 21 4E 6F 6E 65 00 BD 56 BA 30 08 1B
[22:14:57.688] [INFO] [read-only] READ 64 byte(s):
B9 E6 EC 2C BB 08 61 E4 BB F1 4B AC BB 2F 2E E0
3B 55 7D 5D 95 3C 37 04 B9 02 BC 21 4E 6F 6E 65
00 74 46 BA F5 96 96 3B BF F8 11 3C 81 E6 81 3C
E6 78 84 3C 78 B0 9C 39 36 A7 4B BC 15 04 B9 02
[22:14:57.689] [INFO] [read-only] READ 64 byte(s):
BC 21 4E 6F 6E 65 00 E5 BA 3B 34 4F EF B9 64 BE
02 BC 06 AA 1B BB 5E E1 94 3B E8 FD 44 3B 6F 90
02 3C F2 04 B9 02 BC 21 00 85 AB 3A C2 56 E4 B9
B8 21 0A 38 44 3B 47 B9 95 99 9D BA FD 5E 90 3B
[22:14:57.690] [INFO] [read-only] READ 64 byte(s):
F3 3B 3E 3C E0 4D 01 3C D4 00 B9 02 BC 21 00 B0
A7 3B CD C2 7D 5D 3C A8 A2 D6 3B EE 51 62 3B 20
3C B7 3B 6D D6 24 3C 32 C1 0E 3C 09 69 33 BA 90
00 B9 02 BC 21 00 A4 11 3A 70 A0 9B B9 17 FF F3
[22:14:57.692] [INFO] [read-only] READ 64 byte(s):
3B AC 1E A4 3B CB 03 AF 3B 7F 5C 8E 3C 20 7C 8B
3C 23 85 0B 3C 3C 00 B9 02 BC 21 00 12 D0 3B 15
7B 83 BB 56 D5 15 BC DE 03 D1 BB 0C 95 17 3A F1
4E 13 3B 18 09 55 3B 74 D8 32 3A 64 00 B9 02 BC
[22:14:57.693] [INFO] [read-only] READ 64 byte(s):
21 00 E5 D8 3B 62 B5 97 BB 1F 6D DE BB FC CE 76
BC CE 47 88 BC FB EC 0C BC CD C0 34 BC 18 16 71
BC 49 00 B9 02 BC 41 00 03 E0 BC EE 6A E4 BC 9D
35 CC BC 54 F5 D5 BC 81 EC 88 BC CA 51 8E BC 4B
[22:14:57.694] [INFO] [read-only] READ 44 byte(s):
26 93 BC AE BD 77 BC 12 C7 54 BC EE 4B 0C BB 6C
39 31 3C 5C A6 76 BC AE AA BE BC A3 90 F2 BC 5E
DF 9A 8B 12 99 00 00 72 00 DA 96 7E
[22:14:57.696] [INFO] [read-only] WRITE 21 byte(s):
7E B9 03 81 00 03 82 06 00 80 0B 03 B9 04 0B 01
02 00 78 14 7E
[22:14:57.701] [INFO] [read-only] READ 64 byte(s):
7E B9 03 81 04 03 81 9D 08 0B B9 03 01 02 B9 04
B9 02 BC 21 44 61 72 6B 20 26 20 44 72 69 76 65
6E 00 00 00 00 00 00 00 00 00 00 00 00 00 00 00
00 00 00 00 00 0D BA 02 88 00 00 00 00 88 00 00
[22:14:57.703] [INFO] [read-only] READ 64 byte(s):
F0 42 BA 03 BA 6D 88 00 00 00 00 88 00 00 00 00
88 00 00 C8 C2 88 00 00 A0 41 88 00 00 70 C2 88
00 00 80 3F 88 00 00 00 00 88 00 00 00 00 88 00
00 00 00 88 00 00 A0 40 88 00 00 80 3F 88 CD CC
[22:14:57.707] [INFO] [read-only] READ 64 byte(s):
6C 40 88 00 00 96 43 88 00 00 A0 40 88 33 33 33
3F 88 00 80 3B 44 88 00 00 20 41 88 00 80 ED 44
88 00 00 80 3F 88 00 00 00 00 88 00 00 A0 40 88
9A 99 A9 40 88 00 00 C8 42 88 00 00 80 3F 88 00
[22:14:57.710] [INFO] [read-only] READ 64 byte(s):
00 00 40 88 00 00 C8 41 88 00 00 A0 40 88 00 00
00 00 88 00 00 C0 3F 88 00 00 00 00 88 00 00 80
3F 88 00 00 C0 3F 88 00 00 00 00 88 00 00 00 00
88 00 00 A0 40 88 9A 99 B9 40 88 00 00 80 3F 88
[22:14:57.712] [INFO] [read-only] READ 64 byte(s):
00 00 00 00 88 00 00 80 40 88 00 00 A0 40 88 00
00 00 00 88 00 00 00 00 88 00 00 F0 41 88 00 00
A0 40 88 00 00 00 00 88 00 00 00 00 88 00 00 F0
41 88 00 00 A0 40 88 00 00 00 00 88 00 00 00 00
[22:14:57.713] [INFO] [read-only] READ 64 byte(s):
88 00 00 F0 41 88 00 00 A0 40 88 00 00 00 00 88
00 00 00 00 88 00 00 F0 41 88 00 00 A0 40 88 00
00 00 00 88 00 00 00 00 88 00 00 F0 41 88 00 00
A0 40 88 00 00 00 00 88 00 00 00 00 88 00 00 F0
[22:14:57.715] [INFO] [read-only] READ 64 byte(s):
41 88 00 00 80 3F 88 00 00 00 00 88 00 00 00 00
88 00 00 00 00 88 00 00 70 41 88 FF FF FF 3E 88
00 00 48 42 88 00 00 F0 40 88 00 00 00 00 88 00
00 40 40 88 00 00 D0 40 88 00 00 00 00 88 00 00
[22:14:57.717] [INFO] [read-only] READ 64 byte(s):
00 00 88 00 00 C0 40 88 00 00 00 00 88 00 00 70
41 88 FF FF FF 3E 88 00 00 48 42 88 00 00 F0 40
88 00 00 00 00 88 00 00 70 41 88 FF FF FF 3E 88
00 00 48 42 88 00 00 C8 41 88 00 00 F0 40 88 00
[22:14:57.718] [INFO] [read-only] READ 64 byte(s):
00 00 00 88 00 00 40 40 88 00 00 B4 43 88 00 00
F0 42 88 00 00 48 42 88 00 00 A0 40 88 00 00 80
3F 88 00 00 00 00 88 00 00 00 00 88 00 00 00 00
88 00 00 10 41 88 00 00 AF 43 88 00 00 A0 41 88
[22:14:57.719] [INFO] [read-only] READ 64 byte(s):
00 00 00 00 88 00 00 48 42 88 00 00 00 00 88 00
00 10 41 88 00 00 AF 43 88 00 00 A0 41 88 00 00
00 00 88 00 00 48 42 BA 6D 88 00 00 00 00 88 00
00 00 00 88 00 00 C8 C2 88 00 00 A0 41 88 00 00
[22:14:57.721] [INFO] [read-only] READ 64 byte(s):
70 C2 88 00 00 80 3F 88 00 00 00 00 88 00 00 00
00 88 00 00 00 00 88 00 00 A0 40 88 00 00 80 3F
88 00 00 A0 40 88 00 00 96 43 88 00 00 A0 40 88
33 33 33 3F 88 00 80 3B 44 88 00 00 A0 40 88 00
[22:14:57.722] [INFO] [read-only] READ 64 byte(s):
80 ED 44 88 00 00 80 3F 88 00 00 00 00 88 00 00
A0 40 88 00 00 A0 40 88 00 00 C8 42 88 00 00 80
3F 88 00 00 00 00 88 00 00 C8 41 88 00 00 A0 40
88 00 00 00 00 88 00 00 C0 3F 88 00 00 00 00 88
[22:14:57.724] [INFO] [read-only] READ 64 byte(s):
00 00 80 3F 88 00 00 C0 3F 88 00 00 00 00 88 00
00 00 00 88 00 00 A0 40 88 00 00 A0 40 88 00 00
80 3F 88 00 00 00 00 88 00 00 80 40 88 00 00 A0
40 88 00 00 00 00 88 00 00 00 00 88 00 00 F0 41
[22:14:57.725] [INFO] [read-only] READ 64 byte(s):
88 00 00 A0 40 88 00 00 00 00 88 00 00 00 00 88
00 00 F0 41 88 00 00 A0 40 88 00 00 00 00 88 00
00 00 00 88 00 00 F0 41 88 00 00 A0 40 88 00 00
00 00 88 00 00 00 00 88 00 00 F0 41 88 00 00 A0
[22:14:57.727] [INFO] [read-only] READ 64 byte(s):
40 88 00 00 00 00 88 00 00 00 00 88 00 00 F0 41
88 00 00 A0 40 88 00 00 00 00 88 00 00 00 00 88
00 00 F0 41 88 00 00 80 3F 88 00 00 00 00 88 00
00 00 00 88 00 00 00 00 88 00 00 70 41 88 00 00
[22:14:57.728] [INFO] [read-only] READ 64 byte(s):
00 3F 88 00 00 48 42 88 00 00 F0 40 88 00 00 00
00 88 00 00 40 40 88 00 00 D0 40 88 00 00 00 00
88 00 00 00 00 88 00 00 C0 40 88 00 00 00 00 88
00 00 70 41 88 00 00 00 3F 88 00 00 48 42 88 00
[22:14:57.728] [INFO] [read-only] READ 64 byte(s):
00 F0 40 88 00 00 00 00 88 00 00 70 41 88 00 00
00 3F 88 00 00 48 42 88 00 00 C8 41 88 00 00 F0
40 88 00 00 00 00 88 00 00 40 40 88 00 00 B4 43
88 00 00 F0 42 88 00 00 48 42 88 00 00 A0 40 88
[22:14:57.730] [INFO] [read-only] READ 64 byte(s):
00 00 80 3F 88 00 00 00 00 88 00 00 00 00 88 00
00 00 00 88 00 00 10 41 88 00 00 AF 43 88 00 00
A0 41 88 00 00 00 00 88 00 00 48 42 88 00 00 00
00 88 00 00 10 41 88 00 00 AF 43 88 00 00 A0 41
[22:14:57.731] [INFO] [read-only] READ 64 byte(s):
88 00 00 00 00 88 00 00 48 42 BA 6D 88 00 00 00
00 88 00 00 00 00 88 00 00 C8 C2 88 00 00 A0 41
88 00 00 70 C2 88 00 00 80 3F 88 00 00 00 00 88
00 00 00 00 88 00 00 00 00 88 00 00 A0 40 88 00
[22:14:57.732] [INFO] [read-only] READ 64 byte(s):
00 80 3F 88 00 00 A0 40 88 00 00 96 43 88 00 00
A0 40 88 33 33 33 3F 88 00 80 3B 44 88 00 00 A0
40 88 00 80 ED 44 88 00 00 80 3F 88 00 00 00 00
88 00 00 A0 40 88 00 00 A0 40 88 00 00 C8 42 88
[22:14:57.734] [INFO] [read-only] READ 64 byte(s):
00 00 80 3F 88 00 00 00 00 88 00 00 C8 41 88 00
00 A0 40 88 00 00 00 00 88 00 00 C0 3F 88 00 00
00 00 88 00 00 80 3F 88 00 00 C0 3F 88 00 00 00
00 88 00 00 00 00 88 00 00 A0 40 88 00 00 A0 40
[22:14:57.736] [INFO] [read-only] READ 64 byte(s):
88 00 00 80 3F 88 00 00 00 00 88 00 00 80 40 88
00 00 A0 40 88 00 00 00 00 88 00 00 00 00 88 00
00 F0 41 88 00 00 A0 40 88 00 00 00 00 88 00 00
00 00 88 00 00 F0 41 88 00 00 A0 40 88 00 00 00
[22:14:57.737] [INFO] [read-only] READ 64 byte(s):
00 88 00 00 00 00 88 00 00 F0 41 88 00 00 A0 40
88 00 00 00 00 88 00 00 00 00 88 00 00 F0 41 88
00 00 A0 40 88 00 00 00 00 88 00 00 00 00 88 00
00 F0 41 88 00 00 A0 40 88 00 00 00 00 88 00 00
[22:14:57.739] [INFO] [read-only] READ 64 byte(s):
00 00 88 00 00 F0 41 88 00 00 80 3F 88 00 00 00
00 88 00 00 00 00 88 00 00 00 00 88 00 00 70 41
88 00 00 00 3F 88 00 00 48 42 88 00 00 F0 40 88
00 00 00 00 88 00 00 40 40 88 00 00 D0 40 88 00
[22:14:57.741] [INFO] [read-only] READ 64 byte(s):
00 00 00 88 00 00 00 00 88 00 00 C0 40 88 00 00
00 00 88 00 00 70 41 88 00 00 00 3F 88 00 00 48
42 88 00 00 F0 40 88 00 00 00 00 88 00 00 70 41
88 00 00 00 3F 88 00 00 48 42 88 00 00 C8 41 88
[22:14:57.742] [INFO] [read-only] READ 64 byte(s):
00 00 F0 40 88 00 00 00 00 88 00 00 40 40 88 00
00 B4 43 88 00 00 F0 42 88 00 00 48 42 88 00 00
A0 40 88 00 00 80 3F 88 00 00 00 00 88 00 00 00
00 88 00 00 00 00 88 00 00 10 41 88 00 00 AF 43
[22:14:57.743] [INFO] [read-only] READ 64 byte(s):
88 00 00 A0 41 88 00 00 00 00 88 00 00 48 42 88
00 00 00 00 88 00 00 10 41 88 00 00 AF 43 88 00
00 A0 41 88 00 00 00 00 88 00 00 48 42 B9 0D B9
02 BC 21 00 0A F7 3A 94 5B 21 3C 55 FA C5 3B 10
[22:14:57.744] [INFO] [read-only] READ 64 byte(s):
41 E0 3B 10 F3 77 BB EC 3E 25 BC 47 DA 2E BC C0
FD BA BB FE 00 B9 02 BC 0B 32 30 32 35 2D 31 31
2D 32 38 00 0A B9 02 BC 21 48 49 2D 47 41 49 4E
00 1B 01 8D 3C 07 57 60 3C A7 CE 54 3C 52 9A 1C
[22:14:57.746] [INFO] [read-only] READ 64 byte(s):
3C 64 EA 9D 3A 90 00 46 BA DD 07 B9 02 BC 21 4E
6F 6E 65 00 0C E5 3B 87 4A D2 3C 4B 89 E1 3C EA
24 C3 3C AE 42 18 3C 01 21 11 BB 5D 09 9A BB BE
04 B9 02 BC 21 4E 6F 6E 65 00 79 36 BC DE EE 25
[22:14:57.747] [INFO] [read-only] READ 64 byte(s):
BB BE 35 6A BB 8D 61 97 BA 17 2A B6 BB 71 3C 79
BC 94 00 63 BC 33 04 B9 02 BC 21 4E 6F 6E 65 00
CA 88 BC D0 24 73 BC 4C 91 BD BC 4C AF A0 BC 5B
51 9B BC 79 13 5E BC 44 41 5E BC C6 04 B9 02 BC
[22:14:57.748] [INFO] [read-only] READ 64 byte(s):
21 4E 6F 6E 65 00 4B 94 BC AC BE 6B BC 2A 61 CE
BC 8D 29 E7 BC 5B D6 16 BD A5 DB 11 BD F9 7B E8
BC A2 04 B9 02 BC 21 00 40 08 BD 45 F5 3B BD F7
C9 30 BD C9 39 3E BD DC 6E 0B BD 87 DC AA BC F5
[22:14:57.750] [INFO] [read-only] READ 64 byte(s):
36 93 BC 25 19 BB BC 08 00 B9 02 BC 21 00 5A 13
BD 5D E7 D3 BC 5D 96 62 BC 75 8E 84 BC 87 A4 E7
BC 1B 06 1B BD 93 D2 2B BD 95 7C 2B BD CE 00 B9
02 BC 21 00 5A DF BC 3C FC F0 BC 3B D6 DD BC 14
[22:14:57.751] [INFO] [read-only] READ 64 byte(s):
52 D4 BC 77 02 0B BD 2B E2 0E BD CC 1B 21 BD 22
92 11 BD 84 00 B9 02 BC 21 00 CA 00 BD CF D1 B0
BC E7 A0 BF BC D3 C9 F2 BC 08 11 52 BD D0 5B 72
BD 0F 22 77 BD 32 CE 52 BD 31 00 B9 02 BC 21 00
[22:14:57.752] [INFO] [read-only] READ 64 byte(s):
C8 BD BC AC 70 D5 BC C8 23 15 BD 61 A7 0C BD 9B
BA 17 BD BF 92 14 BD 8C BD 29 BD CD 4F 44 BD 16
00 B9 02 BC 41 00 3D C3 BC B1 A7 CC BC F1 DE A4
BB BB 46 36 3B 28 15 6E 3C AB 6E 06 3B 5E B6 96
[22:14:57.753] [INFO] [read-only] READ 43 byte(s):
3B DC 2A CF BB 48 63 81 3B 9A 46 60 BB 3E EA 0B
3B 08 D6 CA BB 99 72 7D 5E 3B E9 80 F9 BB F5 A3
AB BB 80 65 00 00 72 00 69 A9 7E
[22:14:57.756] [INFO] [read-only] WRITE 21 byte(s):
7E B9 03 81 00 03 82 06 00 80 0B 03 B9 04 0B 01
03 00 A0 0D 7E
[22:14:57.758] [INFO] [read-only] READ 64 byte(s):
7E B9 03 81 04 03 81 9D 08 0B B9 03 01 03 B9 04
B9 02 BC 21 53 75 70 65 72 20 53 68 72 65 64 64
69 6E 67 00 00 00 00 00 00 00 00 00 00 00 00 00
00 00 00 00 00 0F BA 02 88 00 00 00 00 88 00 00
[22:14:57.759] [INFO] [read-only] READ 64 byte(s):
F0 42 BA 03 BA 6D 88 00 00 00 00 88 00 00 80 3F
88 00 00 C8 C2 88 00 00 A0 41 88 00 00 70 C2 88
00 00 80 3F 88 00 00 00 00 88 00 00 00 00 88 00
00 00 00 88 00 00 A0 40 88 00 00 80 3F 88 00 00
[22:14:57.761] [INFO] [read-only] READ 64 byte(s):
A0 40 88 00 00 96 43 88 9A 99 99 40 88 33 33 33
3F 88 00 80 3B 44 88 9A 99 A9 40 88 00 80 ED 44
88 00 00 80 3F 88 00 00 00 00 88 00 00 A0 40 88
00 00 20 41 88 00 00 C8 42 88 00 00 80 3F 88 00
[22:14:57.763] [INFO] [read-only] READ 64 byte(s):
00 00 00 88 00 00 C8 41 88 00 00 A0 40 88 00 00
00 00 88 00 00 C0 3F 88 00 00 00 00 88 00 00 80
3F 88 00 00 C0 3F 88 00 00 00 00 88 00 00 00 00
88 00 00 A0 40 88 00 00 A0 40 88 00 00 80 3F 88
[22:14:57.764] [INFO] [read-only] READ 64 byte(s):
00 00 00 00 88 00 00 80 40 88 00 00 A0 40 88 00
00 00 00 88 00 00 00 00 88 00 00 F0 41 88 00 00
A0 40 88 00 00 00 00 88 00 00 00 00 88 00 00 F0
41 88 00 00 A0 40 88 00 00 00 00 88 00 00 00 00
[22:14:57.765] [INFO] [read-only] READ 64 byte(s):
88 00 00 F0 41 88 00 00 A0 40 88 00 00 00 00 88
00 00 00 00 88 00 00 F0 41 88 00 00 A0 40 88 00
00 00 00 88 00 00 00 00 88 00 00 F0 41 88 00 00
A0 40 88 00 00 00 00 88 00 00 00 00 88 00 00 F0
[22:14:57.766] [INFO] [read-only] READ 64 byte(s):
41 88 00 00 80 3F 88 00 00 00 00 88 00 00 00 00
88 00 00 00 00 88 00 00 70 41 88 00 00 00 3F 88
00 00 48 42 88 00 00 F0 40 88 00 00 00 00 88 00
00 40 40 88 00 00 D0 40 88 00 00 00 00 88 00 00
[22:14:57.767] [INFO] [read-only] READ 64 byte(s):
00 00 88 00 00 C0 40 88 00 00 00 00 88 00 00 70
41 88 00 00 00 3F 88 00 00 48 42 88 00 00 F0 40
88 00 00 00 00 88 00 00 70 41 88 00 00 00 3F 88
00 00 48 42 88 00 00 C8 41 88 00 00 F0 40 88 00
[22:14:57.768] [INFO] [read-only] READ 64 byte(s):
00 00 00 88 00 00 40 40 88 00 00 B4 43 88 00 00
F0 42 88 00 00 48 42 88 00 00 A0 40 88 00 00 80
3F 88 00 00 00 00 88 00 00 00 00 88 00 00 00 00
88 00 00 10 41 88 00 00 AF 43 88 00 00 A0 41 88
[22:14:57.769] [INFO] [read-only] READ 64 byte(s):
00 00 00 00 88 00 00 48 42 88 00 00 00 00 88 00
00 10 41 88 00 00 AF 43 88 00 00 A0 41 88 00 00
00 00 88 00 00 48 42 BA 6D 88 00 00 00 00 88 00
00 00 00 88 00 00 C8 C2 88 00 00 A0 41 88 00 00
[22:14:57.770] [INFO] [read-only] READ 64 byte(s):
70 C2 88 00 00 80 3F 88 00 00 00 00 88 00 00 00
00 88 00 00 00 00 88 00 00 A0 40 88 00 00 80 3F
88 00 00 A0 40 88 00 00 96 43 88 00 00 A0 40 88
33 33 33 3F 88 00 80 3B 44 88 00 00 A0 40 88 00
[22:14:57.772] [INFO] [read-only] READ 64 byte(s):
80 ED 44 88 00 00 80 3F 88 00 00 00 00 88 00 00
A0 40 88 00 00 A0 40 88 00 00 C8 42 88 00 00 80
3F 88 00 00 00 00 88 00 00 C8 41 88 00 00 A0 40
88 00 00 00 00 88 00 00 C0 3F 88 00 00 00 00 88
[22:14:57.773] [INFO] [read-only] READ 64 byte(s):
00 00 80 3F 88 00 00 C0 3F 88 00 00 00 00 88 00
00 00 00 88 00 00 A0 40 88 00 00 A0 40 88 00 00
80 3F 88 00 00 00 00 88 00 00 80 40 88 00 00 A0
40 88 00 00 00 00 88 00 00 00 00 88 00 00 F0 41
[22:14:57.773] [INFO] [read-only] READ 64 byte(s):
88 00 00 A0 40 88 00 00 00 00 88 00 00 00 00 88
00 00 F0 41 88 00 00 A0 40 88 00 00 00 00 88 00
00 00 00 88 00 00 F0 41 88 00 00 A0 40 88 00 00
00 00 88 00 00 00 00 88 00 00 F0 41 88 00 00 A0
[22:14:57.774] [INFO] [read-only] READ 64 byte(s):
40 88 00 00 00 00 88 00 00 00 00 88 00 00 F0 41
88 00 00 A0 40 88 00 00 00 00 88 00 00 00 00 88
00 00 F0 41 88 00 00 80 3F 88 00 00 00 00 88 00
00 00 00 88 00 00 00 00 88 00 00 70 41 88 00 00
[22:14:57.777] [INFO] [read-only] READ 64 byte(s):
00 3F 88 00 00 48 42 88 00 00 F0 40 88 00 00 00
00 88 00 00 40 40 88 00 00 D0 40 88 00 00 00 00
88 00 00 00 00 88 00 00 C0 40 88 00 00 00 00 88
00 00 70 41 88 00 00 00 3F 88 00 00 48 42 88 00
[22:14:57.779] [INFO] [read-only] READ 64 byte(s):
00 F0 40 88 00 00 00 00 88 00 00 70 41 88 00 00
00 3F 88 00 00 48 42 88 00 00 C8 41 88 00 00 F0
40 88 00 00 00 00 88 00 00 40 40 88 00 00 B4 43
88 00 00 F0 42 88 00 00 48 42 88 00 00 A0 40 88
[22:14:57.781] [INFO] [read-only] READ 64 byte(s):
00 00 80 3F 88 00 00 00 00 88 00 00 00 00 88 00
00 00 00 88 00 00 10 41 88 00 00 AF 43 88 00 00
A0 41 88 00 00 00 00 88 00 00 48 42 88 00 00 00
00 88 00 00 10 41 88 00 00 AF 43 88 00 00 A0 41
[22:14:57.783] [INFO] [read-only] READ 64 byte(s):
88 00 00 00 00 88 00 00 48 42 BA 6D 88 00 00 00
00 88 00 00 00 00 88 00 00 C8 C2 88 00 00 A0 41
88 00 00 70 C2 88 00 00 80 3F 88 00 00 00 00 88
00 00 00 00 88 00 00 00 00 88 00 00 A0 40 88 00
[22:14:57.784] [INFO] [read-only] READ 64 byte(s):
00 80 3F 88 00 00 A0 40 88 00 00 96 43 88 00 00
A0 40 88 33 33 33 3F 88 00 80 3B 44 88 00 00 A0
40 88 00 80 ED 44 88 00 00 80 3F 88 00 00 00 00
88 00 00 A0 40 88 00 00 A0 40 88 00 00 C8 42 88
[22:14:57.786] [INFO] [read-only] READ 64 byte(s):
00 00 80 3F 88 00 00 00 00 88 00 00 C8 41 88 00
00 A0 40 88 00 00 00 00 88 00 00 C0 3F 88 00 00
00 00 88 00 00 80 3F 88 00 00 C0 3F 88 00 00 00
00 88 00 00 00 00 88 00 00 A0 40 88 00 00 A0 40
[22:14:57.787] [INFO] [read-only] READ 64 byte(s):
88 00 00 80 3F 88 00 00 00 00 88 00 00 80 40 88
00 00 A0 40 88 00 00 00 00 88 00 00 00 00 88 00
00 F0 41 88 00 00 A0 40 88 00 00 00 00 88 00 00
00 00 88 00 00 F0 41 88 00 00 A0 40 88 00 00 00
[22:14:57.788] [INFO] [read-only] READ 64 byte(s):
00 88 00 00 00 00 88 00 00 F0 41 88 00 00 A0 40
88 00 00 00 00 88 00 00 00 00 88 00 00 F0 41 88
00 00 A0 40 88 00 00 00 00 88 00 00 00 00 88 00
00 F0 41 88 00 00 A0 40 88 00 00 00 00 88 00 00
[22:14:57.789] [INFO] [read-only] READ 64 byte(s):
00 00 88 00 00 F0 41 88 00 00 80 3F 88 00 00 00
00 88 00 00 00 00 88 00 00 00 00 88 00 00 70 41
88 00 00 00 3F 88 00 00 48 42 88 00 00 F0 40 88
00 00 00 00 88 00 00 40 40 88 00 00 D0 40 88 00
[22:14:57.790] [INFO] [read-only] READ 64 byte(s):
00 00 00 88 00 00 00 00 88 00 00 C0 40 88 00 00
00 00 88 00 00 70 41 88 00 00 00 3F 88 00 00 48
42 88 00 00 F0 40 88 00 00 00 00 88 00 00 70 41
88 00 00 00 3F 88 00 00 48 42 88 00 00 C8 41 88
[22:14:57.792] [INFO] [read-only] READ 64 byte(s):
00 00 F0 40 88 00 00 00 00 88 00 00 40 40 88 00
00 B4 43 88 00 00 F0 42 88 00 00 48 42 88 00 00
A0 40 88 00 00 80 3F 88 00 00 00 00 88 00 00 00
00 88 00 00 00 00 88 00 00 10 41 88 00 00 AF 43
[22:14:57.793] [INFO] [read-only] READ 64 byte(s):
88 00 00 A0 41 88 00 00 00 00 88 00 00 48 42 88
00 00 00 00 88 00 00 10 41 88 00 00 AF 43 88 00
00 A0 41 88 00 00 00 00 88 00 00 48 42 B9 0D B9
02 BC 21 00 60 8E BB 70 B9 D8 B9 BB 1C 6C BB 3D
[22:14:57.794] [INFO] [read-only] READ 64 byte(s):
CA E7 BB 47 B5 0F BC CE 27 DA BA 78 48 DF 3B 96
8F 84 3C 6D 00 B9 02 BC 0B 32 30 32 36 2D 30 32
2D 31 34 00 0A B9 02 BC 21 48 49 2D 47 41 49 4E
00 FA B2 F9 3B 25 C8 FA 3B AA C3 6D 3C 0A 03 76
[22:14:57.796] [INFO] [read-only] READ 64 byte(s):
3C AE 58 91 3B 95 32 1A BB DA 07 B9 02 BC 21 4E
6F 6E 65 00 E6 05 3C 03 79 73 BA 49 11 ED 3A FF
64 75 3C DE 69 18 3C 5E AF 62 B9 B0 03 B5 3A 80
04 B9 02 BC 21 4E 6F 6E 65 00 94 9D 3B EC A1 21
[22:14:57.797] [INFO] [read-only] READ 64 byte(s):
3C 1F 96 00 3C 4F 22 2A 3C CA 0D 16 3C 36 1F 1A
3C 3E 10 64 3B BA 04 B9 02 BC 21 4E 6F 6E 65 00
87 4A 3C E2 03 EE 3B C0 15 14 3C E5 26 EC 3B 1A
FF 5B BB 9E 16 FB 3B 8E 85 01 3C 65 04 B9 02 BC
[22:14:57.799] [INFO] [read-only] READ 64 byte(s):
21 4E 6F 6E 65 00 16 BB 3B 70 DC F4 BA D7 9B B9
BB A6 87 4B BC 95 19 48 BB 95 74 61 3C 5F 28 8A
3C 82 04 B9 02 BC 21 00 49 B9 3A A4 56 8A BB 33
B5 8E 3B 08 6B 86 3B 84 87 BB 3B 8F 11 3E 3B 58
[22:14:57.800] [INFO] [read-only] READ 64 byte(s):
DD EE BB 25 BA D9 BB ED 00 B9 02 BC 21 00 DB D5
BB 0D 00 5E 3B 2A 0A A8 3A 22 78 AC BB E8 76 81
3A E6 36 3D 3C A4 C3 60 BC 4A 21 87 BB 88 00 B9
02 BC 21 00 18 C5 BB 00 EF F5 B7 73 9A A8 3C 7F
[22:14:57.802] [INFO] [read-only] READ 64 byte(s):
AB B4 3B 5B C2 AC 3B D8 78 EE 3B 9A BF 90 3C 86
F0 68 3C 1C 00 B9 02 BC 21 00 B1 63 3C 41 B3 D2
BB 74 E0 CB 3A 24 CE 78 3A DE 57 23 3C EC BA 0E
BC 11 AF 65 BA C6 9D 04 BC 12 00 B9 02 BC 21 00
[22:14:57.803] [INFO] [read-only] READ 64 byte(s):
07 02 3C AA 1A AE 3B B4 11 56 3A 32 22 FC 3B 26
32 18 3C D5 B3 36 3C 34 3D 2C BC C6 92 0D BD 49
00 B9 02 BC 41 00 E7 43 BB 24 3E 14 BC 32 16 2F
BB 02 B3 2C 3C 48 45 1D BD A3 ED 45 BD 22 F3 EF
[22:14:57.804] [INFO] [read-only] READ 42 byte(s):
BC 82 33 1A BD 0C 97 40 BC 38 6B 50 BC CE 27 14
3D B1 DA 80 3D FD 5D 7F 3D 6D C0 29 3B 3D 35 35
21 8A FF 00 00 72 00 3D 87 7E
[22:14:57.807] [INFO] [read-only] WRITE 21 byte(s):
7E B9 03 81 00 03 82 06 00 80 0B 03 B9 04 0B 01
04 00 A8 40 7E
[22:14:57.809] [INFO] [read-only] READ 64 byte(s):
7E B9 03 81 04 03 81 9D 08 0B B9 03 01 04 B9 04
B9 02 BC 21 54 6F 72 6F 6E 74 6F 27 73 20 42 65
61 73 74 00 00 00 00 00 00 00 00 00 00 00 00 00
00 00 00 00 00 0F BA 02 88 00 00 00 00 88 00 00
[22:14:57.811] [INFO] [read-only] READ 64 byte(s):
F0 42 BA 03 BA 6D 88 00 00 00 00 88 00 00 00 00
88 00 00 C8 C2 88 00 00 A0 41 88 00 00 70 C2 88
00 00 80 3F 88 00 00 00 00 88 00 00 00 00 88 00
00 00 00 88 00 00 A0 40 88 00 00 80 3F 88 CD CC
[22:14:57.812] [INFO] [read-only] READ 64 byte(s):
DC 40 88 00 00 96 43 88 00 00 A0 40 88 33 33 33
3F 88 00 80 3B 44 88 00 00 A0 40 88 00 80 ED 44
88 00 00 80 3F 88 00 00 80 3F 88 00 00 20 41 88
9A 99 79 40 88 00 00 60 42 88 00 00 80 3F 88 00
[22:14:57.814] [INFO] [read-only] READ 64 byte(s):
00 00 40 88 00 00 C8 41 88 00 00 A0 40 88 00 00
00 00 88 00 00 C0 3F 88 00 00 00 00 88 00 00 80
3F 88 00 00 C0 3F 88 00 00 00 00 88 00 00 00 00
88 00 00 A0 40 88 00 00 A0 40 88 00 00 80 3F 88
[22:14:57.815] [INFO] [read-only] READ 64 byte(s):
00 00 00 00 88 00 00 80 40 88 00 00 A0 40 88 00
00 00 00 88 00 00 00 00 88 00 00 F0 41 88 00 00
A0 40 88 00 00 00 00 88 00 00 00 00 88 00 00 F0
41 88 00 00 A0 40 88 00 00 00 00 88 00 00 00 00
[22:14:57.816] [INFO] [read-only] READ 64 byte(s):
88 00 00 F0 41 88 00 00 A0 40 88 00 00 00 00 88
00 00 00 00 88 00 00 F0 41 88 00 00 A0 40 88 00
00 00 00 88 00 00 00 00 88 00 00 F0 41 88 00 00
A0 40 88 00 00 00 00 88 00 00 00 00 88 00 00 F0
[22:14:57.817] [INFO] [read-only] READ 64 byte(s):
41 88 00 00 80 3F 88 00 00 00 00 88 00 00 00 00
88 00 00 00 00 88 00 00 70 41 88 00 00 00 3F 88
00 00 48 42 88 00 00 F0 40 88 00 00 00 00 88 00
00 40 40 88 00 00 D0 40 88 00 00 00 00 88 00 00
[22:14:57.819] [INFO] [read-only] READ 64 byte(s):
00 00 88 00 00 C0 40 88 00 00 00 00 88 00 00 70
41 88 00 00 00 3F 88 00 00 48 42 88 00 00 F0 40
88 00 00 00 00 88 00 00 70 41 88 00 00 00 3F 88
00 00 48 42 88 00 00 C8 41 88 00 00 F0 40 88 00
[22:14:57.820] [INFO] [read-only] READ 64 byte(s):
00 00 00 88 00 00 40 40 88 00 00 B4 43 88 00 00
F0 42 88 00 00 48 42 88 00 00 A0 40 88 00 00 80
3F 88 00 00 00 00 88 00 00 00 00 88 00 00 00 00
88 00 00 10 41 88 00 00 AF 43 88 00 00 A0 41 88
[22:14:57.821] [INFO] [read-only] READ 64 byte(s):
00 00 00 00 88 00 00 48 42 88 00 00 00 00 88 00
00 10 41 88 00 00 AF 43 88 00 00 A0 41 88 00 00
00 00 88 00 00 48 42 BA 6D 88 00 00 00 00 88 00
00 00 00 88 00 00 C8 C2 88 00 00 A0 41 88 00 00
[22:14:57.823] [INFO] [read-only] READ 64 byte(s):
70 C2 88 00 00 80 3F 88 00 00 00 00 88 00 00 00
00 88 00 00 00 00 88 00 00 A0 40 88 00 00 80 3F
88 00 00 A0 40 88 00 00 96 43 88 00 00 A0 40 88
33 33 33 3F 88 00 80 3B 44 88 00 00 A0 40 88 00
[22:14:57.824] [INFO] [read-only] READ 64 byte(s):
80 ED 44 88 00 00 80 3F 88 00 00 80 3F 88 00 00
A0 40 88 00 00 A0 40 88 00 00 C8 42 88 00 00 80
3F 88 00 00 00 00 88 00 00 C8 41 88 00 00 A0 40
88 00 00 00 00 88 00 00 C0 3F 88 00 00 00 00 88
[22:14:57.826] [INFO] [read-only] READ 64 byte(s):
00 00 80 3F 88 00 00 C0 3F 88 00 00 00 00 88 00
00 00 00 88 00 00 A0 40 88 00 00 A0 40 88 00 00
80 3F 88 00 00 00 00 88 00 00 80 40 88 00 00 A0
40 88 00 00 00 00 88 00 00 00 00 88 00 00 F0 41
[22:14:57.827] [INFO] [read-only] READ 64 byte(s):
88 00 00 A0 40 88 00 00 00 00 88 00 00 00 00 88
00 00 F0 41 88 00 00 A0 40 88 00 00 00 00 88 00
00 00 00 88 00 00 F0 41 88 00 00 A0 40 88 00 00
00 00 88 00 00 00 00 88 00 00 F0 41 88 00 00 A0
[22:14:57.828] [INFO] [read-only] READ 64 byte(s):
40 88 00 00 00 00 88 00 00 00 00 88 00 00 F0 41
88 00 00 A0 40 88 00 00 00 00 88 00 00 00 00 88
00 00 F0 41 88 00 00 80 3F 88 00 00 00 00 88 00
00 00 00 88 00 00 00 00 88 00 00 70 41 88 00 00
[22:14:57.830] [INFO] [read-only] READ 64 byte(s):
00 3F 88 00 00 48 42 88 00 00 F0 40 88 00 00 00
00 88 00 00 40 40 88 00 00 D0 40 88 00 00 00 00
88 00 00 00 00 88 00 00 C0 40 88 00 00 00 00 88
00 00 70 41 88 00 00 00 3F 88 00 00 48 42 88 00
[22:14:57.831] [INFO] [read-only] READ 64 byte(s):
00 F0 40 88 00 00 00 00 88 00 00 70 41 88 00 00
00 3F 88 00 00 48 42 88 00 00 C8 41 88 00 00 F0
40 88 00 00 00 00 88 00 00 40 40 88 00 00 B4 43
88 00 00 F0 42 88 00 00 48 42 88 00 00 A0 40 88
[22:14:57.832] [INFO] [read-only] READ 64 byte(s):
00 00 80 3F 88 00 00 00 00 88 00 00 00 00 88 00
00 00 00 88 00 00 10 41 88 00 00 AF 43 88 00 00
A0 41 88 00 00 00 00 88 00 00 48 42 88 00 00 00
00 88 00 00 10 41 88 00 00 AF 43 88 00 00 A0 41
[22:14:57.834] [INFO] [read-only] READ 64 byte(s):
88 00 00 00 00 88 00 00 48 42 BA 6D 88 00 00 00
00 88 00 00 00 00 88 00 00 C8 C2 88 00 00 A0 41
88 00 00 70 C2 88 00 00 80 3F 88 00 00 00 00 88
00 00 00 00 88 00 00 00 00 88 00 00 A0 40 88 00
[22:14:57.835] [INFO] [read-only] READ 64 byte(s):
00 80 3F 88 00 00 A0 40 88 00 00 96 43 88 00 00
A0 40 88 33 33 33 3F 88 00 80 3B 44 88 00 00 A0
40 88 00 80 ED 44 88 00 00 80 3F 88 00 00 80 3F
88 00 00 A0 40 88 00 00 A0 40 88 00 00 C8 42 88
[22:14:57.836] [INFO] [read-only] READ 64 byte(s):
00 00 80 3F 88 00 00 00 00 88 00 00 C8 41 88 00
00 A0 40 88 00 00 00 00 88 00 00 C0 3F 88 00 00
00 00 88 00 00 80 3F 88 00 00 C0 3F 88 00 00 00
00 88 00 00 00 00 88 00 00 A0 40 88 00 00 A0 40
[22:14:57.838] [INFO] [read-only] READ 64 byte(s):
88 00 00 80 3F 88 00 00 00 00 88 00 00 80 40 88
00 00 A0 40 88 00 00 00 00 88 00 00 00 00 88 00
00 F0 41 88 00 00 A0 40 88 00 00 00 00 88 00 00
00 00 88 00 00 F0 41 88 00 00 A0 40 88 00 00 00
[22:14:57.839] [INFO] [read-only] READ 64 byte(s):
00 88 00 00 00 00 88 00 00 F0 41 88 00 00 A0 40
88 00 00 00 00 88 00 00 00 00 88 00 00 F0 41 88
00 00 A0 40 88 00 00 00 00 88 00 00 00 00 88 00
00 F0 41 88 00 00 A0 40 88 00 00 00 00 88 00 00
[22:14:57.841] [INFO] [read-only] READ 64 byte(s):
00 00 88 00 00 F0 41 88 00 00 80 3F 88 00 00 00
00 88 00 00 00 00 88 00 00 00 00 88 00 00 70 41
88 00 00 00 3F 88 00 00 48 42 88 00 00 F0 40 88
00 00 00 00 88 00 00 40 40 88 00 00 D0 40 88 00
[22:14:57.842] [INFO] [read-only] READ 64 byte(s):
00 00 00 88 00 00 00 00 88 00 00 C0 40 88 00 00
00 00 88 00 00 70 41 88 00 00 00 3F 88 00 00 48
42 88 00 00 F0 40 88 00 00 00 00 88 00 00 70 41
88 00 00 00 3F 88 00 00 48 42 88 00 00 C8 41 88
[22:14:57.844] [INFO] [read-only] READ 64 byte(s):
00 00 F0 40 88 00 00 00 00 88 00 00 40 40 88 00
00 B4 43 88 00 00 F0 42 88 00 00 48 42 88 00 00
A0 40 88 00 00 80 3F 88 00 00 00 00 88 00 00 00
00 88 00 00 00 00 88 00 00 10 41 88 00 00 AF 43
[22:14:57.845] [INFO] [read-only] READ 64 byte(s):
88 00 00 A0 41 88 00 00 00 00 88 00 00 48 42 88
00 00 00 00 88 00 00 10 41 88 00 00 AF 43 88 00
00 A0 41 88 00 00 00 00 88 00 00 48 42 B9 0D B9
02 BC 21 00 66 96 BC 5B BD 4F BC 06 15 60 3B 9F
[22:14:57.847] [INFO] [read-only] READ 64 byte(s):
3D EB BC F5 2E CC BB 62 AE C7 BB FA B3 E7 BC 7B
1C 9B 3A 35 00 B9 02 BC 0B 32 30 32 35 2D 31 32
2D 30 35 00 0A B9 02 BC 21 53 54 4F 4D 50 20 2D
20 44 49 53 54 4F 52 54 49 4F 4E 00 BB 94 62 30
[22:14:57.849] [INFO] [read-only] READ 64 byte(s):
3A 27 38 D0 BC 06 5D 88 3B 3B 12 B9 02 BC 21 4E
6F 6E 65 00 FF A5 BC 96 C6 D4 BC 39 17 CD 3B 39
1A FE BB 12 F9 49 BC 71 0F AC BB 6A 40 C6 BC 90
04 B9 02 BC 21 4E 6F 6E 65 00 27 B6 BC D2 38 03
[22:14:57.852] [INFO] [read-only] READ 64 byte(s):
3A 26 52 7D 5D BC 22 7D 5D B5 BC 34 51 57 3B 28
91 A0 BC AD 1A B8 BC 1F 04 B9 02 BC 21 4E 6F 6E
65 00 24 44 BB 24 21 AA BC E0 F8 E0 BB 8A C2 BF
BC 8B 33 97 BC 31 46 F2 BB 09 9F 94 BC C5 04 B9
[22:14:57.854] [INFO] [read-only] READ 64 byte(s):
02 BC 21 4E 6F 6E 65 00 FC 3A BC 34 05 B2 BC 21
28 4D BC FE DB 84 BC F1 BB A4 BC 7C 64 DF BB 73
73 AD BC 96 04 B9 02 BC 21 00 B3 B5 BC F2 E5 4F
BC E6 34 6E BC DF 22 C2 BC 09 36 58 BC ED 12 3C
[22:14:57.855] [INFO] [read-only] READ 64 byte(s):
BC 23 B9 06 BC 13 DB C5 BC 56 00 B9 02 BC 21 00
8A 80 BC ED 2C 5D BB 63 35 D9 BC D7 B7 34 BC AA
BF 1D BB 00 CF CD BC CA 8D 2F 3C 9C FC 9B BC 24
00 B9 02 BC 21 00 2D 8F BC 78 5B 98 BC A5 BB 03
[22:14:57.856] [INFO] [read-only] READ 64 byte(s):
3C E7 E1 ED BC 47 49 C3 BC 3D BA 4D B9 03 68 9F
BC 97 4F D7 3A 69 00 B9 02 BC 21 00 5B 91 BC E0
99 2B 3C 1E AF E8 BC 43 0A 9D BA 32 4F 53 3A 68
FC CE BC 5C D6 81 3C EF B0 57 BC 0F 00 B9 02 BC
[22:14:57.857] [INFO] [read-only] READ 64 byte(s):
21 00 5D EB BC ED E4 A9 3B 44 94 D8 3B D9 54 07
BD 7A 10 94 3B 8B 4A 1E 3C 9D 18 DF BC E2 FE 9C
3B 3D 00 B9 02 BC 41 00 9D 9C 3B 9D 20 1E BB F7
15 D6 BC 1B 44 25 3C 7D 5D 74 62 BC D9 C9 E7 BC
[22:14:57.859] [INFO] [read-only] READ 45 byte(s):
68 E3 46 3C 55 52 7B BC BF AA DE BC FF 8B 1D 3D
69 01 33 BD FB 23 70 BB F6 85 D9 3C B4 99 88 BD
55 5E A8 BB 80 65 00 00 72 00 FC 16 7E
[22:14:57.861] [INFO] [read-only] WRITE 21 byte(s):
7E B9 03 81 00 03 82 06 00 80 0B 03 B9 04 0B 01
05 00 70 59 7E
[22:14:57.863] [INFO] [read-only] READ 64 byte(s):
7E B9 03 81 04 03 81 9D 08 0B B9 03 01 05 B9 04
B9 02 BC 21 44 72 69 76 65 6E 20 42 61 73 73 20
4D 65 6C 74 65 72 00 00 00 00 00 00 00 00 00 00
00 00 00 00 00 12 BA 02 88 00 00 00 00 88 00 00
[22:14:57.865] [INFO] [read-only] READ 64 byte(s):
F0 42 BA 03 BA 6D 88 00 00 00 00 88 00 00 00 00
88 00 00 C8 C2 88 00 00 A0 41 88 00 00 70 C2 88
00 00 80 3F 88 00 00 00 00 88 00 00 00 00 88 00
00 00 00 88 00 00 A0 40 88 00 00 80 3F 88 00 00
[22:14:57.866] [INFO] [read-only] READ 64 byte(s):
A0 40 88 00 00 96 43 88 00 00 A0 40 88 33 33 33
3F 88 00 80 3B 44 88 00 00 A0 40 88 00 80 ED 44
88 00 00 80 3F 88 00 00 00 00 88 00 00 A0 40 88
00 00 A0 40 88 00 00 C8 42 88 00 00 80 3F 88 00
[22:14:57.868] [INFO] [read-only] READ 64 byte(s):
00 00 00 88 00 00 C8 41 88 00 00 A0 40 88 00 00
00 00 88 00 00 C0 3F 88 00 00 00 00 88 00 00 80
3F 88 00 00 C0 3F 88 00 00 00 00 88 00 00 00 00
88 00 00 A0 40 88 00 00 A0 40 88 00 00 80 3F 88
[22:14:57.869] [INFO] [read-only] READ 64 byte(s):
00 00 00 00 88 00 00 80 40 88 00 00 A0 40 88 00
00 00 00 88 00 00 00 00 88 00 00 F0 41 88 00 00
A0 40 88 00 00 00 00 88 00 00 00 00 88 00 00 F0
41 88 00 00 A0 40 88 00 00 00 00 88 00 00 00 00
[22:14:57.870] [INFO] [read-only] READ 64 byte(s):
88 00 00 F0 41 88 00 00 A0 40 88 00 00 00 00 88
00 00 00 00 88 00 00 F0 41 88 00 00 A0 40 88 00
00 00 00 88 00 00 00 00 88 00 00 F0 41 88 00 00
A0 40 88 00 00 00 00 88 00 00 00 00 88 00 00 F0
[22:14:57.872] [INFO] [read-only] READ 64 byte(s):
41 88 00 00 80 3F 88 00 00 00 00 88 00 00 00 00
88 00 00 00 00 88 00 00 70 41 88 FF FF FF 3E 88
00 00 48 42 88 00 00 F0 40 88 00 00 00 00 88 00
00 40 40 88 00 00 D0 40 88 00 00 00 00 88 00 00
[22:14:57.874] [INFO] [read-only] READ 64 byte(s):
00 00 88 00 00 C0 40 88 00 00 00 00 88 00 00 70
41 88 FF FF FF 3E 88 00 00 48 42 88 00 00 F0 40
88 00 00 00 00 88 00 00 70 41 88 FF FF FF 3E 88
00 00 48 42 88 00 00 C8 41 88 00 00 F0 40 88 00
[22:14:57.876] [INFO] [read-only] READ 64 byte(s):
00 00 00 88 00 00 40 40 88 00 00 B4 43 88 00 00
F0 42 88 00 00 48 42 88 00 00 A0 40 88 00 00 80
3F 88 00 00 00 00 88 00 00 00 00 88 00 00 00 00
88 00 00 10 41 88 00 00 AF 43 88 00 00 A0 41 88
[22:14:57.878] [INFO] [read-only] READ 64 byte(s):
00 00 00 00 88 00 00 48 42 88 00 00 00 00 88 00
00 10 41 88 00 00 AF 43 88 00 00 A0 41 88 00 00
00 00 88 00 00 48 42 BA 6D 88 00 00 00 00 88 00
00 00 00 88 00 00 C8 C2 88 00 00 A0 41 88 00 00
[22:14:57.880] [INFO] [read-only] READ 64 byte(s):
70 C2 88 00 00 80 3F 88 00 00 00 00 88 00 00 00
00 88 00 00 00 00 88 00 00 A0 40 88 00 00 80 3F
88 00 00 A0 40 88 00 00 96 43 88 00 00 A0 40 88
33 33 33 3F 88 00 80 3B 44 88 00 00 A0 40 88 00
[22:14:57.882] [INFO] [read-only] READ 64 byte(s):
80 ED 44 88 00 00 80 3F 88 00 00 00 00 88 00 00
A0 40 88 00 00 A0 40 88 00 00 C8 42 88 00 00 80
3F 88 00 00 00 00 88 00 00 C8 41 88 00 00 A0 40
88 00 00 00 00 88 00 00 C0 3F 88 00 00 00 00 88
[22:14:57.883] [INFO] [read-only] READ 64 byte(s):
00 00 80 3F 88 00 00 C0 3F 88 00 00 00 00 88 00
00 00 00 88 00 00 A0 40 88 00 00 A0 40 88 00 00
80 3F 88 00 00 00 00 88 00 00 80 40 88 00 00 A0
40 88 00 00 00 00 88 00 00 00 00 88 00 00 F0 41
[22:14:57.885] [INFO] [read-only] READ 64 byte(s):
88 00 00 A0 40 88 00 00 00 00 88 00 00 00 00 88
00 00 F0 41 88 00 00 A0 40 88 00 00 00 00 88 00
00 00 00 88 00 00 F0 41 88 00 00 A0 40 88 00 00
00 00 88 00 00 00 00 88 00 00 F0 41 88 00 00 A0
[22:14:57.886] [INFO] [read-only] READ 64 byte(s):
40 88 00 00 00 00 88 00 00 00 00 88 00 00 F0 41
88 00 00 A0 40 88 00 00 00 00 88 00 00 00 00 88
00 00 F0 41 88 00 00 80 3F 88 00 00 00 00 88 00
00 00 00 88 00 00 00 00 88 00 00 70 41 88 00 00
[22:14:57.888] [INFO] [read-only] READ 64 byte(s):
00 3F 88 00 00 48 42 88 00 00 F0 40 88 00 00 00
00 88 00 00 40 40 88 00 00 D0 40 88 00 00 00 00
88 00 00 00 00 88 00 00 C0 40 88 00 00 00 00 88
00 00 70 41 88 00 00 00 3F 88 00 00 48 42 88 00
[22:14:57.890] [INFO] [read-only] READ 64 byte(s):
00 F0 40 88 00 00 00 00 88 00 00 70 41 88 00 00
00 3F 88 00 00 48 42 88 00 00 C8 41 88 00 00 F0
40 88 00 00 00 00 88 00 00 40 40 88 00 00 B4 43
88 00 00 F0 42 88 00 00 48 42 88 00 00 A0 40 88
[22:14:57.891] [INFO] [read-only] READ 64 byte(s):
00 00 80 3F 88 00 00 00 00 88 00 00 00 00 88 00
00 00 00 88 00 00 10 41 88 00 00 AF 43 88 00 00
A0 41 88 00 00 00 00 88 00 00 48 42 88 00 00 00
00 88 00 00 10 41 88 00 00 AF 43 88 00 00 A0 41
[22:14:57.893] [INFO] [read-only] READ 64 byte(s):
88 00 00 00 00 88 00 00 48 42 BA 6D 88 00 00 00
00 88 00 00 00 00 88 00 00 C8 C2 88 00 00 A0 41
88 00 00 70 C2 88 00 00 80 3F 88 00 00 00 00 88
00 00 00 00 88 00 00 00 00 88 00 00 A0 40 88 00
[22:14:57.895] [INFO] [read-only] READ 64 byte(s):
00 80 3F 88 00 00 A0 40 88 00 00 96 43 88 00 00
A0 40 88 33 33 33 3F 88 00 80 3B 44 88 00 00 A0
40 88 00 80 ED 44 88 00 00 80 3F 88 00 00 00 00
88 00 00 A0 40 88 00 00 A0 40 88 00 00 C8 42 88
[22:14:57.896] [INFO] [read-only] READ 64 byte(s):
00 00 80 3F 88 00 00 00 00 88 00 00 C8 41 88 00
00 A0 40 88 00 00 00 00 88 00 00 C0 3F 88 00 00
00 00 88 00 00 80 3F 88 00 00 C0 3F 88 00 00 00
00 88 00 00 00 00 88 00 00 A0 40 88 00 00 A0 40
[22:14:57.898] [INFO] [read-only] READ 64 byte(s):
88 00 00 80 3F 88 00 00 00 00 88 00 00 80 40 88
00 00 A0 40 88 00 00 00 00 88 00 00 00 00 88 00
00 F0 41 88 00 00 A0 40 88 00 00 00 00 88 00 00
00 00 88 00 00 F0 41 88 00 00 A0 40 88 00 00 00
[22:14:57.899] [INFO] [read-only] READ 64 byte(s):
00 88 00 00 00 00 88 00 00 F0 41 88 00 00 A0 40
88 00 00 00 00 88 00 00 00 00 88 00 00 F0 41 88
00 00 A0 40 88 00 00 00 00 88 00 00 00 00 88 00
00 F0 41 88 00 00 A0 40 88 00 00 00 00 88 00 00
[22:14:57.901] [INFO] [read-only] READ 64 byte(s):
00 00 88 00 00 F0 41 88 00 00 80 3F 88 00 00 00
00 88 00 00 00 00 88 00 00 00 00 88 00 00 70 41
88 00 00 00 3F 88 00 00 48 42 88 00 00 F0 40 88
00 00 00 00 88 00 00 40 40 88 00 00 D0 40 88 00
[22:14:57.902] [INFO] [read-only] READ 64 byte(s):
00 00 00 88 00 00 00 00 88 00 00 C0 40 88 00 00
00 00 88 00 00 70 41 88 00 00 00 3F 88 00 00 48
42 88 00 00 F0 40 88 00 00 00 00 88 00 00 70 41
88 00 00 00 3F 88 00 00 48 42 88 00 00 C8 41 88
[22:14:57.904] [INFO] [read-only] READ 64 byte(s):
00 00 F0 40 88 00 00 00 00 88 00 00 40 40 88 00
00 B4 43 88 00 00 F0 42 88 00 00 48 42 88 00 00
A0 40 88 00 00 80 3F 88 00 00 00 00 88 00 00 00
00 88 00 00 00 00 88 00 00 10 41 88 00 00 AF 43
[22:14:57.906] [INFO] [read-only] READ 64 byte(s):
88 00 00 A0 41 88 00 00 00 00 88 00 00 48 42 88
00 00 00 00 88 00 00 10 41 88 00 00 AF 43 88 00
00 A0 41 88 00 00 00 00 88 00 00 48 42 B9 0D B9
02 BC 21 00 29 1C B7 14 AC E7 3C C9 A6 9A 3C 8B
[22:14:57.907] [INFO] [read-only] READ 64 byte(s):
DA 94 3C D8 C9 E4 3C C0 86 8B 3C CC 12 0D 3D EB
B9 E1 3C 7A 00 B9 02 BC 0B 32 30 32 35 2D 31 32
2D 30 35 00 0A B9 02 BC 21 44 52 49 56 45 00 AC
3C A5 8D 63 3C 8D 41 2B 3C 70 77 80 3C 1D BB EB
[22:14:57.909] [INFO] [read-only] READ 64 byte(s):
3C DB 6E 50 3C 7B E0 05 3D 99 05 B9 02 BC 21 4E
6F 6E 65 00 87 1E 3C D1 04 0C 3C 22 D8 F8 3A 02
A9 77 3B 96 72 14 3C 5B 62 87 BB D5 BE 12 3C 65
04 B9 02 BC 21 4E 6F 6E 65 00 A7 9A BA 6D BD A9
[22:14:57.911] [INFO] [read-only] READ 64 byte(s):
3B C6 41 16 3C F0 F0 2E 3C 7D 5E 1C 2A 3C 21 DF
01 3C BC 3C 7D 5D BC 9A 04 B9 02 BC 21 4E 6F 6E
65 00 0D FE BB CE E2 38 3A F5 AA 9A 3C 14 48 AA
3A B0 00 14 3C D3 23 09 BB 42 7F AB 3B C2 04 B9
[22:14:57.912] [INFO] [read-only] READ 64 byte(s):
02 BC 21 4E 6F 6E 65 00 C2 AF 3C 67 AF 5E 3C C6
32 C5 3A 9A D0 87 39 C1 97 6A BB B5 EC E0 BB F4
FD D7 39 2D 04 B9 02 BC 21 00 87 12 3C F1 62 14
39 FB 20 1F 3B 3F D0 F1 BB 95 84 20 3B C0 25 08
[22:14:57.913] [INFO] [read-only] READ 64 byte(s):
B8 39 A1 1B 3C D5 EA 24 3C 4B 00 B9 02 BC 21 00
1E FF BB 7D 5E C6 9F BB FD EF 85 BC 2E E5 A3 BB
E7 BF 6A BC 09 CD 43 BB FA B6 DC BB 3C 0B 48 3C
07 00 B9 02 BC 21 00 4F 1C 3A 58 4C E7 3B 21 47
[22:14:57.915] [INFO] [read-only] READ 64 byte(s):
87 3B 65 44 87 3A B9 F5 11 3C 63 81 0F BC EE BC
F0 BA 43 66 85 BC 9F 00 B9 02 BC 21 00 73 3B BC
34 12 42 3B 7D 5D 73 C9 3C 0D 1B BE 3C 3A D5 A0
3C 66 6B F4 3C FB 55 18 3C 70 B3 60 3C 55 00 B9
[22:14:57.917] [INFO] [read-only] READ 64 byte(s):
02 BC 21 00 EF 15 BB 7C F5 15 BC DA 27 D3 3B 8A
15 FC 3A 13 05 69 3C D7 E4 24 3C E5 4F 90 3C 5F
0D 91 3C D8 00 B9 02 BC 41 00 90 1B 3D 9B D2 15
BC 97 E4 07 3C 09 87 B1 3C 52 EE 27 3C 38 DB 15
[22:14:57.920] [INFO] [read-only] READ 46 byte(s):
3C C1 38 DE 3C EC 91 8A 3A FA 6C E3 3C 0A 51 6A
3C 51 EA D3 3C 20 D4 31 3D CC 88 1E BD 71 D4 C5
3D 93 4F EE AC 5B 88 00 00 72 00 5C E7 7E
[22:14:57.923] [INFO] [read-only] WRITE 21 byte(s):
7E B9 03 81 00 03 82 06 00 80 0B 03 B9 04 0B 01
06 00 18 73 7E
[22:14:57.926] [INFO] [read-only] READ 64 byte(s):
7E B9 03 81 04 03 81 9D 08 0B B9 03 01 06 B9 04
B9 02 BC 21 4C 6F 77 65 72 20 42 61 73 73 20 4D
65 6C 74 65 72 00 00 00 00 00 00 00 00 00 00 00
00 00 00 00 00 11 BA 02 88 00 00 00 00 88 00 00
[22:14:57.927] [INFO] [read-only] READ 64 byte(s):
F0 42 BA 03 BA 6D 88 00 00 00 00 88 00 00 80 3F
88 00 00 D8 C1 88 00 00 FA 43 88 00 00 70 C2 88
00 00 00 00 88 00 00 80 3F 88 00 00 48 C1 88 00
00 20 41 88 00 00 88 41 88 00 00 80 3F 88 00 00
[22:14:57.929] [INFO] [read-only] READ 64 byte(s):
A0 40 88 00 00 96 43 88 00 00 A0 40 88 33 33 33
3F 88 00 80 3B 44 88 00 00 A0 40 88 00 80 ED 44
88 00 00 80 3F 88 00 00 00 00 88 00 00 20 40 88
00 00 40 40 88 00 00 8A 42 88 00 00 80 3F 88 00
[22:14:57.930] [INFO] [read-only] READ 64 byte(s):
00 00 00 88 00 00 C8 41 88 00 00 A0 40 88 00 00
00 00 88 00 00 C0 3F 88 00 00 00 00 88 00 00 80
3F 88 00 00 C0 3F 88 00 00 00 00 88 00 00 00 00
88 00 00 20 41 88 00 00 20 41 88 00 00 80 3F 88
[22:14:57.933] [INFO] [read-only] READ 64 byte(s):
00 00 80 3F 88 00 00 80 40 88 00 00 A0 40 88 00
00 00 00 88 00 00 00 00 88 00 00 F0 41 88 00 00
A0 40 88 00 00 00 00 88 00 00 00 00 88 00 00 F0
41 88 00 00 A0 40 88 00 00 00 00 88 00 00 00 00
[22:14:57.935] [INFO] [read-only] READ 64 byte(s):
88 00 00 F0 41 88 00 00 A0 40 88 00 00 00 00 88
00 00 00 00 88 00 00 F0 41 88 00 00 A0 40 88 00
00 00 00 88 00 00 00 00 88 00 00 00 00 88 00 00
A0 40 88 00 00 00 00 88 00 00 00 00 88 00 00 F0
[22:14:57.936] [INFO] [read-only] READ 64 byte(s):
41 88 00 00 80 3F 88 00 00 00 00 88 00 00 00 00
88 00 00 00 00 88 00 00 70 41 88 14 AE 87 3F 88
00 00 98 41 88 00 00 F0 40 88 00 00 00 00 88 00
00 40 40 88 00 00 D0 40 88 00 00 00 00 88 00 00
[22:14:57.937] [INFO] [read-only] READ 64 byte(s):
00 00 88 00 00 C0 40 88 00 00 00 00 88 00 00 70
41 88 FF FF FF 3E 88 00 00 48 42 88 00 00 F0 40
88 00 00 00 00 88 00 00 70 41 88 FF FF FF 3E 88
00 00 48 42 88 00 00 C8 41 88 00 00 F0 40 88 00
[22:14:57.938] [INFO] [read-only] READ 64 byte(s):
00 00 00 88 00 00 40 40 88 00 00 B4 43 88 00 00
F0 42 88 00 00 48 42 88 00 00 A0 40 88 00 00 80
3F 88 00 00 00 00 88 00 00 00 00 88 00 00 00 00
88 00 00 10 41 88 00 00 AF 43 88 00 00 A0 41 88
[22:14:57.940] [INFO] [read-only] READ 64 byte(s):
00 00 00 00 88 00 00 48 42 88 00 00 00 00 88 00
00 10 41 88 00 00 AF 43 88 00 00 A0 41 88 00 00
00 00 88 00 00 48 42 BA 6D 88 00 00 00 00 88 00
00 00 00 88 00 00 C8 C2 88 00 00 A0 41 88 00 00
[22:14:57.941] [INFO] [read-only] READ 64 byte(s):
70 C2 88 00 00 80 3F 88 00 00 00 00 88 00 00 00
00 88 00 00 00 00 88 00 00 A0 40 88 00 00 80 3F
88 00 00 A0 40 88 00 00 96 43 88 00 00 A0 40 88
33 33 33 3F 88 00 80 3B 44 88 00 00 A0 40 88 00
[22:14:57.943] [INFO] [read-only] READ 64 byte(s):
80 ED 44 88 00 00 80 3F 88 00 00 00 00 88 00 00
A0 40 88 00 00 A0 40 88 00 00 C8 42 88 00 00 80
3F 88 00 00 00 00 88 00 00 C8 41 88 00 00 A0 40
88 00 00 00 00 88 00 00 C0 3F 88 00 00 00 00 88
[22:14:57.945] [INFO] [read-only] READ 64 byte(s):
00 00 80 3F 88 00 00 C0 3F 88 00 00 00 00 88 00
00 00 00 88 00 00 A0 40 88 00 00 A0 40 88 00 00
80 3F 88 00 00 00 00 88 00 00 80 40 88 00 00 A0
40 88 00 00 00 00 88 00 00 00 00 88 00 00 F0 41
[22:14:57.946] [INFO] [read-only] READ 64 byte(s):
88 00 00 A0 40 88 00 00 00 00 88 00 00 00 00 88
00 00 F0 41 88 00 00 A0 40 88 00 00 00 00 88 00
00 00 00 88 00 00 F0 41 88 00 00 A0 40 88 00 00
00 00 88 00 00 00 00 88 00 00 F0 41 88 00 00 A0
[22:14:57.947] [INFO] [read-only] READ 64 byte(s):
40 88 00 00 00 00 88 00 00 00 00 88 00 00 F0 41
88 00 00 A0 40 88 00 00 00 00 88 00 00 00 00 88
00 00 F0 41 88 00 00 80 3F 88 00 00 00 00 88 00
00 00 00 88 00 00 00 00 88 00 00 70 41 88 00 00
[22:14:57.950] [INFO] [read-only] READ 64 byte(s):
00 3F 88 00 00 48 42 88 00 00 F0 40 88 00 00 00
00 88 00 00 40 40 88 00 00 D0 40 88 00 00 00 00
88 00 00 00 00 88 00 00 C0 40 88 00 00 00 00 88
00 00 70 41 88 00 00 00 3F 88 00 00 48 42 88 00
[22:14:57.951] [INFO] [read-only] READ 64 byte(s):
00 F0 40 88 00 00 00 00 88 00 00 70 41 88 00 00
00 3F 88 00 00 48 42 88 00 00 C8 41 88 00 00 F0
40 88 00 00 00 00 88 00 00 40 40 88 00 00 B4 43
88 00 00 F0 42 88 00 00 48 42 88 00 00 A0 40 88
[22:14:57.953] [INFO] [read-only] READ 64 byte(s):
00 00 80 3F 88 00 00 00 00 88 00 00 00 00 88 00
00 00 00 88 00 00 10 41 88 00 00 AF 43 88 00 00
A0 41 88 00 00 00 00 88 00 00 48 42 88 00 00 00
00 88 00 00 10 41 88 00 00 AF 43 88 00 00 A0 41
[22:14:57.955] [INFO] [read-only] READ 64 byte(s):
88 00 00 00 00 88 00 00 48 42 BA 6D 88 00 00 00
00 88 00 00 00 00 88 00 00 C8 C2 88 00 00 A0 41
88 00 00 70 C2 88 00 00 80 3F 88 00 00 00 00 88
00 00 00 00 88 00 00 00 00 88 00 00 A0 40 88 00
[22:14:57.958] [INFO] [read-only] READ 64 byte(s):
00 80 3F 88 00 00 A0 40 88 00 00 96 43 88 00 00
A0 40 88 33 33 33 3F 88 00 80 3B 44 88 00 00 A0
40 88 00 80 ED 44 88 00 00 80 3F 88 00 00 00 00
88 00 00 A0 40 88 00 00 A0 40 88 00 00 C8 42 88
[22:14:57.959] [INFO] [read-only] READ 64 byte(s):
00 00 80 3F 88 00 00 00 00 88 00 00 C8 41 88 00
00 A0 40 88 00 00 00 00 88 00 00 C0 3F 88 00 00
00 00 88 00 00 80 3F 88 00 00 C0 3F 88 00 00 00
00 88 00 00 00 00 88 00 00 A0 40 88 00 00 A0 40
[22:14:57.961] [INFO] [read-only] READ 64 byte(s):
88 00 00 80 3F 88 00 00 00 00 88 00 00 80 40 88
00 00 A0 40 88 00 00 00 00 88 00 00 00 00 88 00
00 F0 41 88 00 00 A0 40 88 00 00 00 00 88 00 00
00 00 88 00 00 F0 41 88 00 00 A0 40 88 00 00 00
[22:14:57.963] [INFO] [read-only] READ 64 byte(s):
00 88 00 00 00 00 88 00 00 F0 41 88 00 00 A0 40
88 00 00 00 00 88 00 00 00 00 88 00 00 F0 41 88
00 00 A0 40 88 00 00 00 00 88 00 00 00 00 88 00
00 F0 41 88 00 00 A0 40 88 00 00 00 00 88 00 00
[22:14:57.964] [INFO] [read-only] READ 64 byte(s):
00 00 88 00 00 F0 41 88 00 00 80 3F 88 00 00 00
00 88 00 00 00 00 88 00 00 00 00 88 00 00 70 41
88 00 00 00 3F 88 00 00 48 42 88 00 00 F0 40 88
00 00 00 00 88 00 00 40 40 88 00 00 D0 40 88 00
[22:14:57.966] [INFO] [read-only] READ 64 byte(s):
00 00 00 88 00 00 00 00 88 00 00 C0 40 88 00 00
00 00 88 00 00 70 41 88 00 00 00 3F 88 00 00 48
42 88 00 00 F0 40 88 00 00 00 00 88 00 00 70 41
88 00 00 00 3F 88 00 00 48 42 88 00 00 C8 41 88
[22:14:57.967] [INFO] [read-only] READ 64 byte(s):
00 00 F0 40 88 00 00 00 00 88 00 00 40 40 88 00
00 B4 43 88 00 00 F0 42 88 00 00 48 42 88 00 00
A0 40 88 00 00 80 3F 88 00 00 00 00 88 00 00 00
00 88 00 00 00 00 88 00 00 10 41 88 00 00 AF 43
[22:14:57.969] [INFO] [read-only] READ 64 byte(s):
88 00 00 A0 41 88 00 00 00 00 88 00 00 48 42 88
00 00 00 00 88 00 00 10 41 88 00 00 AF 43 88 00
00 A0 41 88 00 00 00 00 88 00 00 48 42 B9 0D B9
02 BC 21 00 E8 89 3B DB E8 39 BB B6 EB 53 3B C1
[22:14:57.971] [INFO] [read-only] READ 64 byte(s):
F8 44 3C 31 36 81 3C EA 08 8F 3C D1 95 E8 3C 2C
B1 49 3C 4E 00 B9 02 BC 0B 32 30 32 35 2D 31 31
2D 32 38 00 0A B9 02 BC 21 48 49 2D 47 41 49 4E
00 88 86 D8 3A C7 21 F2 BA 54 A1 CE 3B 26 D7 1F
[22:14:57.972] [INFO] [read-only] READ 64 byte(s):
3C E7 1B DB BB 88 6B 3A BC 2E 07 B9 02 BC 21 4E
6F 6E 65 00 96 DF 3A 2A 6B 2B BB CA E3 26 BC 1C
72 F3 BB F3 04 2E BC 4C 1F 05 BC 5A 64 99 3B 74
04 B9 02 BC 21 4E 6F 6E 65 00 A3 8B BC DD A5 D3
[22:14:57.974] [INFO] [read-only] READ 64 byte(s):
BC 59 84 B5 BC F5 76 B7 BC 78 C5 92 BC 9C CA 9D
BB 84 6E 2E BB 71 04 B9 02 BC 21 4E 6F 6E 65 00
92 42 BC 1B AA 66 BC 53 7C DD BC 4C FE F2 BC 19
34 E9 BC BB D0 C5 BC EE 77 5B BB F5 04 B9 02 BC
[22:14:57.975] [INFO] [read-only] READ 64 byte(s):
21 4E 6F 6E 65 00 EB 98 BB 9A F1 14 BB 4C C7 E9
BA DC 7C DC BC 82 EA CC BC 4B 12 0C BC 25 F9 D4
BC E8 04 B9 02 BC 21 00 C1 34 BB CF 09 1A 3B 93
E5 A3 BB ED 7D 5D 73 BC 99 BD D0 BC B3 33 02 BC
[22:14:57.977] [INFO] [read-only] READ 64 byte(s):
7D 5D B4 1E BC 3F 49 E1 BC 1C 00 B9 02 BC 21 00
EC B4 BC 0D 17 B4 BC 68 3A 6C BC BC A8 17 3C C4
5A 20 BC 48 5F 40 BC 68 E3 9D BC A6 08 7D 5D BC
87 00 B9 02 BC 21 00 6D 8E BB 9D CF EC 3B AA EA
[22:14:57.979] [INFO] [read-only] READ 64 byte(s):
54 BC 0C 54 D7 BC 12 AA A8 BC 52 84 96 BA 66 AF
96 BB 03 95 F6 BC 35 00 B9 02 BC 21 00 2A BF BB
AE 3B 4B BC 0E B3 1A BC 19 62 CE BB B1 07 1A BC
9D 31 71 3C 0A A0 DB B9 C2 78 95 BB 43 00 B9 02
[22:14:57.980] [INFO] [read-only] READ 64 byte(s):
BC 21 00 B6 9C BC A9 06 BF BC C0 AE 79 3A 1A 9D
10 3C 9F 7D 5E 94 3B EB B5 0F BB BD 8B 37 BC BB
6C 56 BB E8 00 B9 02 BC 41 00 CB B7 3C 54 DC 06
3D 5D D9 0C 3C F3 6B 1A BC 4F 6F 01 BC FD EA 5D
[22:14:57.982] [INFO] [read-only] READ 46 byte(s):
3B ED 4B 4F 3C 4E 49 90 3B 4B BC 80 3C 26 D2 A2
3B C9 AF AC 3B 96 95 75 BB 31 E5 B1 BB 82 E4 43
3D 68 D9 CB 98 9F 08 00 00 72 00 84 E4 7E
[22:14:57.986] [INFO] [read-only] WRITE 21 byte(s):
7E B9 03 81 00 03 82 06 00 80 0B 03 B9 04 0B 01
07 00 C0 6A 7E
[22:14:57.988] [INFO] [read-only] READ 64 byte(s):
7E B9 03 81 04 03 81 9D 08 0B B9 03 01 07 B9 04
B9 02 BC 21 36 34 20 4C 6F 20 47 61 69 6E 20 46
65 65 6C 73 00 00 00 00 00 00 00 00 00 00 00 00
00 00 00 00 00 10 BA 02 88 00 00 00 00 88 00 00
[22:14:57.991] [INFO] [read-only] READ 64 byte(s):
F0 42 BA 03 BA 6D 88 00 00 00 00 88 00 00 00 00
88 00 00 C8 C2 88 00 00 A0 41 88 00 00 70 C2 88
00 00 80 3F 88 00 00 00 00 88 00 00 00 00 88 00
00 00 00 88 00 00 A0 40 88 00 00 80 3F 88 00 00
[22:14:57.993] [INFO] [read-only] READ 64 byte(s):
A0 40 88 00 00 96 43 88 00 00 A0 40 88 33 33 33
3F 88 00 80 3B 44 88 00 00 A0 40 88 00 80 ED 44
88 00 00 80 3F 88 00 00 00 00 88 00 00 A0 40 88
00 00 A0 40 88 00 00 C8 42 88 00 00 80 3F 88 00
[22:14:57.996] [INFO] [read-only] READ 64 byte(s):
00 00 00 88 00 00 C8 41 88 00 00 A0 40 88 00 00
00 00 88 00 00 C0 3F 88 00 00 00 00 88 00 00 80
3F 88 00 00 C0 3F 88 00 00 00 00 88 00 00 00 00
88 00 00 A0 40 88 00 00 A0 40 88 00 00 80 3F 88
[22:14:57.997] [INFO] [read-only] READ 64 byte(s):
00 00 00 00 88 00 00 80 40 88 00 00 A0 40 88 00
00 00 00 88 00 00 00 00 88 00 00 F0 41 88 00 00
A0 40 88 00 00 00 00 88 00 00 00 00 88 00 00 F0
41 88 00 00 A0 40 88 00 00 00 00 88 00 00 00 00
[22:14:57.999] [INFO] [read-only] READ 64 byte(s):
88 00 00 F0 41 88 00 00 A0 40 88 00 00 00 00 88
00 00 00 00 88 00 00 F0 41 88 00 00 A0 40 88 00
00 00 00 88 00 00 00 00 88 00 00 F0 41 88 00 00
A0 40 88 00 00 00 00 88 00 00 00 00 88 00 00 F0
[22:14:58.000] [INFO] [read-only] READ 64 byte(s):
41 88 00 00 80 3F 88 00 00 00 00 88 00 00 00 00
88 00 00 00 00 88 00 00 70 41 88 00 00 00 3F 88
00 00 48 42 88 00 00 F0 40 88 00 00 00 00 88 00
00 40 40 88 00 00 D0 40 88 00 00 00 00 88 00 00
[22:14:58.002] [INFO] [read-only] READ 64 byte(s):
00 00 88 00 00 C0 40 88 00 00 00 00 88 00 00 70
41 88 00 00 00 3F 88 00 00 48 42 88 00 00 F0 40
88 00 00 00 00 88 00 00 70 41 88 00 00 00 3F 88
00 00 48 42 88 00 00 C8 41 88 00 00 F0 40 88 00
[22:14:58.002] [INFO] [read-only] READ 64 byte(s):
00 00 00 88 00 00 40 40 88 00 00 B4 43 88 00 00
F0 42 88 00 00 48 42 88 00 00 A0 40 88 00 00 80
3F 88 00 00 00 00 88 00 00 00 00 88 00 00 00 00
88 00 00 10 41 88 00 00 AF 43 88 00 00 A0 41 88
[22:14:58.009] [INFO] [read-only] READ 64 byte(s):
00 00 00 00 88 00 00 48 42 88 00 00 00 00 88 00
00 10 41 88 00 00 AF 43 88 00 00 A0 41 88 00 00
00 00 88 00 00 48 42 BA 6D 88 00 00 00 00 88 00
00 00 00 88 00 00 C8 C2 88 00 00 A0 41 88 00 00
[22:14:58.011] [INFO] [read-only] READ 64 byte(s):
70 C2 88 00 00 80 3F 88 00 00 00 00 88 00 00 00
00 88 00 00 00 00 88 00 00 A0 40 88 00 00 80 3F
88 00 00 A0 40 88 00 00 96 43 88 00 00 A0 40 88
33 33 33 3F 88 00 80 3B 44 88 00 00 A0 40 88 00
[22:14:58.014] [INFO] [read-only] READ 64 byte(s):
80 ED 44 88 00 00 80 3F 88 00 00 00 00 88 00 00
A0 40 88 00 00 A0 40 88 00 00 C8 42 88 00 00 80
3F 88 00 00 00 00 88 00 00 C8 41 88 00 00 A0 40
88 00 00 00 00 88 00 00 C0 3F 88 00 00 00 00 88
[22:14:58.017] [INFO] [read-only] READ 64 byte(s):
00 00 80 3F 88 00 00 C0 3F 88 00 00 00 00 88 00
00 00 00 88 00 00 A0 40 88 00 00 A0 40 88 00 00
80 3F 88 00 00 00 00 88 00 00 80 40 88 00 00 A0
40 88 00 00 00 00 88 00 00 00 00 88 00 00 F0 41
[22:14:58.019] [INFO] [read-only] READ 64 byte(s):
88 00 00 A0 40 88 00 00 00 00 88 00 00 00 00 88
00 00 F0 41 88 00 00 A0 40 88 00 00 00 00 88 00
00 00 00 88 00 00 F0 41 88 00 00 A0 40 88 00 00
00 00 88 00 00 00 00 88 00 00 F0 41 88 00 00 A0
[22:14:58.022] [INFO] [read-only] READ 64 byte(s):
40 88 00 00 00 00 88 00 00 00 00 88 00 00 F0 41
88 00 00 A0 40 88 00 00 00 00 88 00 00 00 00 88
00 00 F0 41 88 00 00 80 3F 88 00 00 00 00 88 00
00 00 00 88 00 00 00 00 88 00 00 70 41 88 00 00
[22:14:58.025] [INFO] [read-only] READ 64 byte(s):
00 3F 88 00 00 48 42 88 00 00 F0 40 88 00 00 00
00 88 00 00 40 40 88 00 00 D0 40 88 00 00 00 00
88 00 00 00 00 88 00 00 C0 40 88 00 00 00 00 88
00 00 70 41 88 00 00 00 3F 88 00 00 48 42 88 00
[22:14:58.028] [INFO] [read-only] READ 64 byte(s):
00 F0 40 88 00 00 00 00 88 00 00 70 41 88 00 00
00 3F 88 00 00 48 42 88 00 00 C8 41 88 00 00 F0
40 88 00 00 00 00 88 00 00 40 40 88 00 00 B4 43
88 00 00 F0 42 88 00 00 48 42 88 00 00 A0 40 88
[22:14:58.030] [INFO] [read-only] READ 64 byte(s):
00 00 80 3F 88 00 00 00 00 88 00 00 00 00 88 00
00 00 00 88 00 00 10 41 88 00 00 AF 43 88 00 00
A0 41 88 00 00 00 00 88 00 00 48 42 88 00 00 00
00 88 00 00 10 41 88 00 00 AF 43 88 00 00 A0 41
[22:14:58.036] [INFO] [read-only] READ 64 byte(s):
88 00 00 00 00 88 00 00 48 42 BA 6D 88 00 00 00
00 88 00 00 00 00 88 00 00 C8 C2 88 00 00 A0 41
88 00 00 70 C2 88 00 00 80 3F 88 00 00 00 00 88
00 00 00 00 88 00 00 00 00 88 00 00 A0 40 88 00
[22:14:58.037] [INFO] [read-only] READ 64 byte(s):
00 80 3F 88 00 00 A0 40 88 00 00 96 43 88 00 00
A0 40 88 33 33 33 3F 88 00 80 3B 44 88 00 00 A0
40 88 00 80 ED 44 88 00 00 80 3F 88 00 00 00 00
88 00 00 A0 40 88 00 00 A0 40 88 00 00 C8 42 88
[22:14:58.040] [INFO] [read-only] READ 64 byte(s):
00 00 80 3F 88 00 00 00 00 88 00 00 C8 41 88 00
00 A0 40 88 00 00 00 00 88 00 00 C0 3F 88 00 00
00 00 88 00 00 80 3F 88 00 00 C0 3F 88 00 00 00
00 88 00 00 00 00 88 00 00 A0 40 88 00 00 A0 40
[22:14:58.042] [INFO] [read-only] READ 64 byte(s):
88 00 00 80 3F 88 00 00 00 00 88 00 00 80 40 88
00 00 A0 40 88 00 00 00 00 88 00 00 00 00 88 00
00 F0 41 88 00 00 A0 40 88 00 00 00 00 88 00 00
00 00 88 00 00 F0 41 88 00 00 A0 40 88 00 00 00
[22:14:58.043] [INFO] [read-only] READ 64 byte(s):
00 88 00 00 00 00 88 00 00 F0 41 88 00 00 A0 40
88 00 00 00 00 88 00 00 00 00 88 00 00 F0 41 88
00 00 A0 40 88 00 00 00 00 88 00 00 00 00 88 00
00 F0 41 88 00 00 A0 40 88 00 00 00 00 88 00 00
[22:14:58.045] [INFO] [read-only] READ 64 byte(s):
00 00 88 00 00 F0 41 88 00 00 80 3F 88 00 00 00
00 88 00 00 00 00 88 00 00 00 00 88 00 00 70 41
88 00 00 00 3F 88 00 00 48 42 88 00 00 F0 40 88
00 00 00 00 88 00 00 40 40 88 00 00 D0 40 88 00
[22:14:58.047] [INFO] [read-only] READ 64 byte(s):
00 00 00 88 00 00 00 00 88 00 00 C0 40 88 00 00
00 00 88 00 00 70 41 88 00 00 00 3F 88 00 00 48
42 88 00 00 F0 40 88 00 00 00 00 88 00 00 70 41
88 00 00 00 3F 88 00 00 48 42 88 00 00 C8 41 88
[22:14:58.049] [INFO] [read-only] READ 64 byte(s):
00 00 F0 40 88 00 00 00 00 88 00 00 40 40 88 00
00 B4 43 88 00 00 F0 42 88 00 00 48 42 88 00 00
A0 40 88 00 00 80 3F 88 00 00 00 00 88 00 00 00
00 88 00 00 00 00 88 00 00 10 41 88 00 00 AF 43
[22:14:58.052] [INFO] [read-only] READ 64 byte(s):
88 00 00 A0 41 88 00 00 00 00 88 00 00 48 42 88
00 00 00 00 88 00 00 10 41 88 00 00 AF 43 88 00
00 A0 41 88 00 00 00 00 88 00 00 48 42 B9 0D B9
02 BC 21 00 B5 F0 3B B2 C7 FA 3A B8 9E 2C 3C 62
[22:14:58.055] [INFO] [read-only] READ 64 byte(s):
05 98 3C 72 37 F6 3B 36 67 C8 BB 3D 45 8E 3C 70
CB 0D 3C 6A 00 B9 02 BC 0B 32 30 32 35 2D 31 32
2D 30 35 00 0A B9 02 BC 21 43 4C 45 41 4E 00 3E
3B 2E C1 C9 3B 9B A9 BE 3B CF B8 F1 BB 40 A2 66
[22:14:58.057] [INFO] [read-only] READ 64 byte(s):
BB 9E 7A D2 BA B2 55 CD BA 7A 05 B9 02 BC 21 4E
6F 6E 65 00 A2 16 3B 21 EF 42 BB DA 00 84 BB 08
7B 93 3C FF DE C2 3B 6E 2D 27 BC 3B EC 1D 3C 9A
04 B9 02 BC 21 4E 6F 6E 65 00 09 3F 3B 92 9F AF
[22:14:58.060] [INFO] [read-only] READ 64 byte(s):
BB 84 26 F6 BB CD 66 B1 B9 45 87 F7 BA 6F 7C C6
BB 6D 08 74 B9 4E 04 B9 02 BC 21 4E 6F 6E 65 00
D8 92 3A E0 32 1F 3B D4 24 91 BC 6A A2 71 BC 23
91 4F BB 8C 68 0C BC 10 B6 0E BC 29 04 B9 02 BC
[22:14:58.062] [INFO] [read-only] READ 64 byte(s):
21 4E 6F 6E 65 00 58 62 BC 75 A4 1B BB DB 7D 5D
23 BB 9B F1 6D BC 24 AA 63 BC 6E 65 74 BB 48 B5
66 BC 1C 04 B9 02 BC 21 00 05 56 3B AA 40 97 B8
10 68 6D BC 65 30 30 BC 8F EE C1 BB C7 8E 88 BC
[22:14:58.064] [INFO] [read-only] READ 64 byte(s):
56 CA 07 BC 0F 2C 37 3C 5F 00 B9 02 BC 21 00 40
9E 3B F0 08 EF 3B 18 97 CA BB 05 3E B6 37 A4 BC
1A BB A3 71 B9 3A 4B F0 A5 BC 75 1E 03 BC CF 00
B9 02 BC 21 00 9C 77 BC 36 5F 61 3A AD A6 8D 3B
[22:14:58.067] [INFO] [read-only] READ 64 byte(s):
6E 1F 7D 5E BB 9C B9 1F 3B AD 18 9A 3B 3C 44 8E
BB EC 67 DE BC 53 00 B9 02 BC 21 00 93 B6 BC 82
C2 22 BC 38 5D 9B BC 9D 91 A1 BC 10 9A B0 BB B6
03 04 BC A9 5C E0 BC F1 09 C9 BB 8C 00 B9 02 BC
[22:14:58.070] [INFO] [read-only] READ 64 byte(s):
21 00 83 0B 3C 67 48 A8 BC B3 B1 8B BC DC 31 73
3C 36 45 9D BC C2 A5 B0 BC 1A 08 8A 3C FA BC 88
BC 61 00 B9 02 BC 41 00 2E CA BC 9A 5D C3 BB 03
E2 01 BB 46 51 91 BC AC 0C 54 3C 57 45 96 BC B2
[22:14:58.072] [INFO] [read-only] READ 44 byte(s):
DC 8B BC 28 7B 66 BC F5 2B 9F 3B 80 DD B5 3B FD
73 A0 BC 3C 6A 3E BD E3 C3 25 3D 8D 6F FF BD 85
51 A8 BB 80 65 00 00 72 00 E9 3A 7E
[22:14:58.076] [INFO] [read-only] WRITE 21 byte(s):
7E B9 03 81 00 03 82 06 00 80 0B 03 B9 04 0B 01
08 00 08 E9 7E
[22:14:58.080] [INFO] [read-only] READ 64 byte(s):
7E B9 03 81 04 03 81 9D 08 0B B9 03 01 08 B9 04
B9 02 BC 21 36 34 20 4D 69 64 20 47 61 69 6E 20
46 65 65 6C 73 00 00 00 00 00 00 00 00 00 00 00
00 00 00 00 00 11 BA 02 88 00 00 00 00 88 00 00
[22:14:58.083] [INFO] [read-only] READ 64 byte(s):
F0 42 BA 03 BA 6D 88 00 00 00 00 88 00 00 80 3F
88 00 00 68 C2 88 00 00 FA 43 88 00 00 C8 C2 88
00 00 80 3F 88 00 00 80 3F 88 00 00 28 C1 88 00
00 10 C1 88 00 00 40 41 88 00 00 80 3F 88 00 00
[22:14:58.087] [INFO] [read-only] READ 64 byte(s):
00 00 88 00 00 96 43 88 33 33 D3 40 88 33 33 33
3F 88 00 80 3B 44 88 33 33 F3 40 88 00 80 ED 44
88 00 00 80 3F 88 00 00 00 00 88 CD CC 14 41 88
67 66 D6 40 88 00 00 C8 42 88 00 00 80 3F 88 00
[22:14:58.089] [INFO] [read-only] READ 64 byte(s):
00 00 00 88 00 00 C8 41 88 00 00 A0 40 88 00 00
00 00 88 00 00 C0 3F 88 00 00 00 00 88 00 00 80
3F 88 00 00 C0 3F 88 00 00 00 00 88 00 00 00 00
88 00 00 C0 40 88 CD CC BC 40 88 00 00 80 3F 88
[22:14:58.092] [INFO] [read-only] READ 64 byte(s):
00 00 00 00 88 00 00 80 40 88 00 00 A0 40 88 00
00 00 00 88 00 00 00 00 88 00 00 F0 41 88 00 00
A0 40 88 00 00 00 00 88 00 00 00 00 88 00 00 F0
41 88 00 00 A0 40 88 00 00 00 00 88 00 00 00 00
[22:14:58.094] [INFO] [read-only] READ 64 byte(s):
88 00 00 F0 41 88 00 00 A0 40 88 00 00 00 00 88
00 00 00 00 88 00 00 F0 41 88 00 00 A0 40 88 00
00 00 00 88 00 00 00 00 88 00 00 F0 41 88 00 00
A0 40 88 00 00 00 00 88 00 00 00 00 88 00 00 F0
[22:14:58.096] [INFO] [read-only] READ 64 byte(s):
41 88 00 00 80 3F 88 00 00 00 00 88 00 00 00 00
88 00 00 00 00 88 00 00 70 41 88 FF FF FF 3E 88
00 00 48 42 88 00 00 F0 40 88 00 00 00 00 88 00
00 40 40 88 00 00 D0 40 88 00 00 00 00 88 00 00
[22:14:58.098] [INFO] [read-only] READ 64 byte(s):
00 00 88 00 00 C0 40 88 00 00 00 00 88 00 00 70
41 88 FF FF FF 3E 88 00 00 48 42 88 00 00 F0 40
88 00 00 00 00 88 00 00 70 41 88 FF FF FF 3E 88
00 00 48 42 88 00 00 C8 41 88 00 00 F0 40 88 00
[22:14:58.101] [INFO] [read-only] READ 64 byte(s):
00 00 00 88 00 00 40 40 88 00 00 B4 43 88 00 00
F0 42 88 00 00 48 42 88 00 00 A0 40 88 00 00 80
3F 88 00 00 00 00 88 00 00 00 00 88 00 00 00 00
88 00 00 10 41 88 00 00 AF 43 88 00 00 A0 41 88
[22:14:58.104] [INFO] [read-only] READ 64 byte(s):
00 00 00 00 88 00 00 48 42 88 00 00 00 00 88 00
00 10 41 88 00 00 AF 43 88 00 00 A0 41 88 00 00
00 00 88 00 00 48 42 BA 6D 88 00 00 00 00 88 00
00 00 00 88 00 00 C8 C2 88 00 00 A0 41 88 00 00
[22:14:58.107] [INFO] [read-only] READ 64 byte(s):
70 C2 88 00 00 80 3F 88 00 00 00 00 88 00 00 00
00 88 00 00 00 00 88 00 00 A0 40 88 00 00 80 3F
88 00 00 A0 40 88 00 00 96 43 88 00 00 A0 40 88
33 33 33 3F 88 00 80 3B 44 88 00 00 A0 40 88 00
[22:14:58.111] [INFO] [read-only] READ 64 byte(s):
80 ED 44 88 00 00 80 3F 88 00 00 00 00 88 00 00
A0 40 88 00 00 A0 40 88 00 00 C8 42 88 00 00 80
3F 88 00 00 00 00 88 00 00 C8 41 88 00 00 A0 40
88 00 00 00 00 88 00 00 C0 3F 88 00 00 00 00 88
[22:14:58.114] [INFO] [read-only] READ 64 byte(s):
00 00 80 3F 88 00 00 C0 3F 88 00 00 00 00 88 00
00 00 00 88 00 00 A0 40 88 00 00 A0 40 88 00 00
80 3F 88 00 00 00 00 88 00 00 80 40 88 00 00 A0
40 88 00 00 00 00 88 00 00 00 00 88 00 00 F0 41
[22:14:58.116] [INFO] [read-only] READ 64 byte(s):
88 00 00 A0 40 88 00 00 00 00 88 00 00 00 00 88
00 00 F0 41 88 00 00 A0 40 88 00 00 00 00 88 00
00 00 00 88 00 00 F0 41 88 00 00 A0 40 88 00 00
00 00 88 00 00 00 00 88 00 00 F0 41 88 00 00 A0
[22:14:58.120] [INFO] [read-only] READ 64 byte(s):
40 88 00 00 00 00 88 00 00 00 00 88 00 00 F0 41
88 00 00 A0 40 88 00 00 00 00 88 00 00 00 00 88
00 00 F0 41 88 00 00 80 3F 88 00 00 00 00 88 00
00 00 00 88 00 00 00 00 88 00 00 70 41 88 00 00
[22:14:58.123] [INFO] [read-only] READ 64 byte(s):
00 3F 88 00 00 48 42 88 00 00 F0 40 88 00 00 00
00 88 00 00 40 40 88 00 00 D0 40 88 00 00 00 00
88 00 00 00 00 88 00 00 C0 40 88 00 00 00 00 88
00 00 70 41 88 00 00 00 3F 88 00 00 48 42 88 00
[22:14:58.126] [INFO] [read-only] READ 64 byte(s):
00 F0 40 88 00 00 00 00 88 00 00 70 41 88 00 00
00 3F 88 00 00 48 42 88 00 00 C8 41 88 00 00 F0
40 88 00 00 00 00 88 00 00 40 40 88 00 00 B4 43
88 00 00 F0 42 88 00 00 48 42 88 00 00 A0 40 88
[22:14:58.130] [INFO] [read-only] READ 64 byte(s):
00 00 80 3F 88 00 00 00 00 88 00 00 00 00 88 00
00 00 00 88 00 00 10 41 88 00 00 AF 43 88 00 00
A0 41 88 00 00 00 00 88 00 00 48 42 88 00 00 00
00 88 00 00 10 41 88 00 00 AF 43 88 00 00 A0 41
[22:14:58.133] [INFO] [read-only] READ 64 byte(s):
88 00 00 00 00 88 00 00 48 42 BA 6D 88 00 00 00
00 88 00 00 00 00 88 00 00 C8 C2 88 00 00 A0 41
88 00 00 70 C2 88 00 00 80 3F 88 00 00 00 00 88
00 00 00 00 88 00 00 00 00 88 00 00 A0 40 88 00
[22:14:58.139] [INFO] [read-only] READ 64 byte(s):
00 80 3F 88 00 00 A0 40 88 00 00 96 43 88 00 00
A0 40 88 33 33 33 3F 88 00 80 3B 44 88 00 00 A0
40 88 00 80 ED 44 88 00 00 80 3F 88 00 00 00 00
88 00 00 A0 40 88 00 00 A0 40 88 00 00 C8 42 88
[22:14:58.143] [INFO] [read-only] READ 64 byte(s):
00 00 80 3F 88 00 00 00 00 88 00 00 C8 41 88 00
00 A0 40 88 00 00 00 00 88 00 00 C0 3F 88 00 00
00 00 88 00 00 80 3F 88 00 00 C0 3F 88 00 00 00
00 88 00 00 00 00 88 00 00 A0 40 88 00 00 A0 40
[22:14:58.147] [INFO] [read-only] READ 64 byte(s):
88 00 00 80 3F 88 00 00 00 00 88 00 00 80 40 88
00 00 A0 40 88 00 00 00 00 88 00 00 00 00 88 00
00 F0 41 88 00 00 A0 40 88 00 00 00 00 88 00 00
00 00 88 00 00 F0 41 88 00 00 A0 40 88 00 00 00
[22:14:58.151] [INFO] [read-only] READ 64 byte(s):
00 88 00 00 00 00 88 00 00 F0 41 88 00 00 A0 40
88 00 00 00 00 88 00 00 00 00 88 00 00 F0 41 88
00 00 A0 40 88 00 00 00 00 88 00 00 00 00 88 00
00 F0 41 88 00 00 A0 40 88 00 00 00 00 88 00 00
[22:14:58.154] [INFO] [read-only] READ 64 byte(s):
00 00 88 00 00 F0 41 88 00 00 80 3F 88 00 00 00
00 88 00 00 00 00 88 00 00 00 00 88 00 00 70 41
88 00 00 00 3F 88 00 00 48 42 88 00 00 F0 40 88
00 00 00 00 88 00 00 40 40 88 00 00 D0 40 88 00
[22:14:58.160] [INFO] [read-only] READ 64 byte(s):
00 00 00 88 00 00 00 00 88 00 00 C0 40 88 00 00
00 00 88 00 00 70 41 88 00 00 00 3F 88 00 00 48
42 88 00 00 F0 40 88 00 00 00 00 88 00 00 70 41
88 00 00 00 3F 88 00 00 48 42 88 00 00 C8 41 88
[22:14:58.164] [INFO] [read-only] READ 64 byte(s):
00 00 F0 40 88 00 00 00 00 88 00 00 40 40 88 00
00 B4 43 88 00 00 F0 42 88 00 00 48 42 88 00 00
A0 40 88 00 00 80 3F 88 00 00 00 00 88 00 00 00
00 88 00 00 00 00 88 00 00 10 41 88 00 00 AF 43
[22:14:58.168] [INFO] [read-only] READ 64 byte(s):
88 00 00 A0 41 88 00 00 00 00 88 00 00 48 42 88
00 00 00 00 88 00 00 10 41 88 00 00 AF 43 88 00
00 A0 41 88 00 00 00 00 88 00 00 48 42 B9 0D B9
02 BC 21 00 B5 F0 3B B2 C7 FA 3A B8 9E 2C 3C 62
[22:14:58.172] [INFO] [read-only] READ 64 byte(s):
05 98 3C 72 37 F6 3B 36 67 C8 BB 3D 45 8E 3C 70
CB 0D 3C 6A 00 B9 02 BC 0B 32 30 32 35 2D 31 32
2D 30 36 00 0A B9 02 BC 21 44 52 49 56 45 00 3E
3B 2E C1 C9 3B 9B A9 BE 3B CF B8 F1 BB 40 A2 66
[22:14:58.175] [INFO] [read-only] READ 64 byte(s):
BB 9E 7A D2 BA B2 55 CD BA 7A 05 B9 02 BC 21 4E
6F 6E 65 00 A2 16 3B 21 EF 42 BB DA 00 84 BB 08
7B 93 3C FF DE C2 3B 6E 2D 27 BC 3B EC 1D 3C 9A
04 B9 02 BC 21 4E 6F 6E 65 00 09 3F 3B 92 9F AF
[22:14:58.180] [INFO] [read-only] READ 64 byte(s):
BB 84 26 F6 BB CD 66 B1 B9 45 87 F7 BA 6F 7C C6
BB 6D 08 74 B9 4E 04 B9 02 BC 21 4E 6F 6E 65 00
D8 92 3A E0 32 1F 3B D4 24 91 BC 6A A2 71 BC 23
91 4F BB 8C 68 0C BC 10 B6 0E BC 29 04 B9 02 BC
[22:14:58.183] [INFO] [read-only] READ 64 byte(s):
21 4E 6F 6E 65 00 58 62 BC 75 A4 1B BB DB 7D 5D
23 BB 9B F1 6D BC 24 AA 63 BC 6E 65 74 BB 48 B5
66 BC 1C 04 B9 02 BC 21 00 05 56 3B AA 40 97 B8
10 68 6D BC 65 30 30 BC 8F EE C1 BB C7 8E 88 BC
[22:14:58.186] [INFO] [read-only] READ 64 byte(s):
56 CA 07 BC 0F 2C 37 3C 5F 00 B9 02 BC 21 00 40
9E 3B F0 08 EF 3B 18 97 CA BB 05 3E B6 37 A4 BC
1A BB A3 71 B9 3A 4B F0 A5 BC 75 1E 03 BC CF 00
B9 02 BC 21 00 9C 77 BC 36 5F 61 3A AD A6 8D 3B
[22:14:58.191] [INFO] [read-only] READ 64 byte(s):
6E 1F 7D 5E BB 9C B9 1F 3B AD 18 9A 3B 3C 44 8E
BB EC 67 DE BC 53 00 B9 02 BC 21 00 93 B6 BC 82
C2 22 BC 38 5D 9B BC 9D 91 A1 BC 10 9A B0 BB B6
03 04 BC A9 5C E0 BC F1 09 C9 BB 8C 00 B9 02 BC
[22:14:58.194] [INFO] [read-only] READ 64 byte(s):
21 00 83 0B 3C 67 48 A8 BC B3 B1 8B BC DC 31 73
3C 36 45 9D BC C2 A5 B0 BC 1A 08 8A 3C FA BC 88
BC 61 00 B9 02 BC 41 00 2E CA BC 9A 5D C3 BB 03
E2 01 BB 46 51 91 BC AC 0C 54 3C 57 45 96 BC B2
[22:14:58.200] [INFO] [read-only] READ 44 byte(s):
DC 8B BC 28 7B 66 BC F5 2B 9F 3B 80 DD B5 3B FD
73 A0 BC 3C 6A 3E BD E3 C3 25 3D 8D 6F FF BD B0
A2 5C 8B 9A 10 00 00 72 00 B5 BF 7E
[22:14:58.204] [INFO] [read-only] WRITE 21 byte(s):
7E B9 03 81 00 03 82 06 00 80 0B 03 B9 04 0B 01
09 00 D0 F0 7E
[22:14:58.209] [INFO] [read-only] READ 64 byte(s):
7E B9 03 81 04 03 81 9D 08 0B B9 03 01 09 B9 04
B9 02 BC 21 36 36 20 4C 6F 20 47 61 69 6E 20 46
65 65 6C 73 00 00 00 00 00 00 00 00 00 00 00 00
00 00 00 00 00 10 BA 02 88 00 00 00 00 88 00 00
[22:14:58.212] [INFO] [read-only] READ 64 byte(s):
F0 42 BA 03 BA 6D 88 00 00 00 00 88 00 00 00 00
88 00 00 C8 C2 88 00 00 A0 41 88 00 00 70 C2 88
00 00 80 3F 88 00 00 00 00 88 00 00 00 00 88 00
00 00 00 88 00 00 A0 40 88 00 00 80 3F 88 00 00
[22:14:58.214] [INFO] [read-only] READ 64 byte(s):
A0 40 88 00 00 96 43 88 00 00 A0 40 88 33 33 33
3F 88 00 80 3B 44 88 00 00 A0 40 88 00 80 ED 44
88 00 00 80 3F 88 00 00 00 00 88 00 00 A0 40 88
00 00 A0 40 88 00 00 C8 42 88 00 00 80 3F 88 00
[22:14:58.217] [INFO] [read-only] READ 64 byte(s):
00 00 00 88 00 00 C8 41 88 00 00 A0 40 88 00 00
00 00 88 00 00 C0 3F 88 00 00 00 00 88 00 00 80
3F 88 00 00 C0 3F 88 00 00 00 00 88 00 00 00 00
88 00 00 A0 40 88 00 00 A0 40 88 00 00 80 3F 88
[22:14:58.220] [INFO] [read-only] READ 64 byte(s):
00 00 00 00 88 00 00 80 40 88 00 00 A0 40 88 00
00 00 00 88 00 00 00 00 88 00 00 F0 41 88 00 00
A0 40 88 00 00 00 00 88 00 00 00 00 88 00 00 F0
41 88 00 00 A0 40 88 00 00 00 00 88 00 00 00 00
[22:14:58.226] [INFO] [read-only] READ 64 byte(s):
88 00 00 F0 41 88 00 00 A0 40 88 00 00 00 00 88
00 00 00 00 88 00 00 F0 41 88 00 00 A0 40 88 00
00 00 00 88 00 00 00 00 88 00 00 F0 41 88 00 00
A0 40 88 00 00 00 00 88 00 00 00 00 88 00 00 F0
[22:14:58.228] [INFO] [read-only] READ 64 byte(s):
41 88 00 00 80 3F 88 00 00 00 00 88 00 00 00 00
88 00 00 00 00 88 00 00 70 41 88 00 00 00 3F 88
00 00 48 42 88 00 00 F0 40 88 00 00 00 00 88 00
00 40 40 88 00 00 D0 40 88 00 00 00 00 88 00 00
[22:14:58.231] [INFO] [read-only] READ 64 byte(s):
00 00 88 00 00 C0 40 88 00 00 00 00 88 00 00 70
41 88 00 00 00 3F 88 00 00 48 42 88 00 00 F0 40
88 00 00 00 00 88 00 00 70 41 88 00 00 00 3F 88
00 00 48 42 88 00 00 C8 41 88 00 00 F0 40 88 00
[22:14:58.238] [INFO] [read-only] READ 64 byte(s):
00 00 00 88 00 00 40 40 88 00 00 B4 43 88 00 00
F0 42 88 00 00 48 42 88 00 00 A0 40 88 00 00 80
3F 88 00 00 00 00 88 00 00 00 00 88 00 00 00 00
88 00 00 10 41 88 00 00 AF 43 88 00 00 A0 41 88
[22:14:58.241] [INFO] [read-only] READ 64 byte(s):
00 00 00 00 88 00 00 48 42 88 00 00 00 00 88 00
00 10 41 88 00 00 AF 43 88 00 00 A0 41 88 00 00
00 00 88 00 00 48 42 BA 6D 88 00 00 00 00 88 00
00 00 00 88 00 00 C8 C2 88 00 00 A0 41 88 00 00
[22:14:58.247] [INFO] [read-only] READ 64 byte(s):
70 C2 88 00 00 80 3F 88 00 00 00 00 88 00 00 00
00 88 00 00 00 00 88 00 00 A0 40 88 00 00 80 3F
88 00 00 A0 40 88 00 00 96 43 88 00 00 A0 40 88
33 33 33 3F 88 00 80 3B 44 88 00 00 A0 40 88 00
[22:14:58.252] [INFO] [read-only] READ 64 byte(s):
80 ED 44 88 00 00 80 3F 88 00 00 00 00 88 00 00
A0 40 88 00 00 A0 40 88 00 00 C8 42 88 00 00 80
3F 88 00 00 00 00 88 00 00 C8 41 88 00 00 A0 40
88 00 00 00 00 88 00 00 C0 3F 88 00 00 00 00 88
[22:14:58.256] [INFO] [read-only] READ 64 byte(s):
00 00 80 3F 88 00 00 C0 3F 88 00 00 00 00 88 00
00 00 00 88 00 00 A0 40 88 00 00 A0 40 88 00 00
80 3F 88 00 00 00 00 88 00 00 80 40 88 00 00 A0
40 88 00 00 00 00 88 00 00 00 00 88 00 00 F0 41
[22:14:58.262] [INFO] [read-only] READ 64 byte(s):
88 00 00 A0 40 88 00 00 00 00 88 00 00 00 00 88
00 00 F0 41 88 00 00 A0 40 88 00 00 00 00 88 00
00 00 00 88 00 00 F0 41 88 00 00 A0 40 88 00 00
00 00 88 00 00 00 00 88 00 00 F0 41 88 00 00 A0
[22:14:58.265] [INFO] [read-only] READ 64 byte(s):
40 88 00 00 00 00 88 00 00 00 00 88 00 00 F0 41
88 00 00 A0 40 88 00 00 00 00 88 00 00 00 00 88
00 00 F0 41 88 00 00 80 3F 88 00 00 00 00 88 00
00 00 00 88 00 00 00 00 88 00 00 70 41 88 00 00
[22:14:58.268] [INFO] [read-only] READ 64 byte(s):
00 3F 88 00 00 48 42 88 00 00 F0 40 88 00 00 00
00 88 00 00 40 40 88 00 00 D0 40 88 00 00 00 00
88 00 00 00 00 88 00 00 C0 40 88 00 00 00 00 88
00 00 70 41 88 00 00 00 3F 88 00 00 48 42 88 00
[22:14:58.273] [INFO] [read-only] READ 64 byte(s):
00 F0 40 88 00 00 00 00 88 00 00 70 41 88 00 00
00 3F 88 00 00 48 42 88 00 00 C8 41 88 00 00 F0
40 88 00 00 00 00 88 00 00 40 40 88 00 00 B4 43
88 00 00 F0 42 88 00 00 48 42 88 00 00 A0 40 88
[22:14:58.277] [INFO] [read-only] READ 64 byte(s):
00 00 80 3F 88 00 00 00 00 88 00 00 00 00 88 00
00 00 00 88 00 00 10 41 88 00 00 AF 43 88 00 00
A0 41 88 00 00 00 00 88 00 00 48 42 88 00 00 00
00 88 00 00 10 41 88 00 00 AF 43 88 00 00 A0 41
[22:14:58.280] [INFO] [read-only] READ 64 byte(s):
88 00 00 00 00 88 00 00 48 42 BA 6D 88 00 00 00
00 88 00 00 00 00 88 00 00 C8 C2 88 00 00 A0 41
88 00 00 70 C2 88 00 00 80 3F 88 00 00 00 00 88
00 00 00 00 88 00 00 00 00 88 00 00 A0 40 88 00
[22:14:58.284] [INFO] [read-only] READ 64 byte(s):
00 80 3F 88 00 00 A0 40 88 00 00 96 43 88 00 00
A0 40 88 33 33 33 3F 88 00 80 3B 44 88 00 00 A0
40 88 00 80 ED 44 88 00 00 80 3F 88 00 00 00 00
88 00 00 A0 40 88 00 00 A0 40 88 00 00 C8 42 88
[22:14:58.288] [INFO] [read-only] READ 64 byte(s):
00 00 80 3F 88 00 00 00 00 88 00 00 C8 41 88 00
00 A0 40 88 00 00 00 00 88 00 00 C0 3F 88 00 00
00 00 88 00 00 80 3F 88 00 00 C0 3F 88 00 00 00
00 88 00 00 00 00 88 00 00 A0 40 88 00 00 A0 40
[22:14:58.291] [INFO] [read-only] READ 64 byte(s):
88 00 00 80 3F 88 00 00 00 00 88 00 00 80 40 88
00 00 A0 40 88 00 00 00 00 88 00 00 00 00 88 00
00 F0 41 88 00 00 A0 40 88 00 00 00 00 88 00 00
00 00 88 00 00 F0 41 88 00 00 A0 40 88 00 00 00
[22:14:58.293] [INFO] [read-only] READ 64 byte(s):
00 88 00 00 00 00 88 00 00 F0 41 88 00 00 A0 40
88 00 00 00 00 88 00 00 00 00 88 00 00 F0 41 88
00 00 A0 40 88 00 00 00 00 88 00 00 00 00 88 00
00 F0 41 88 00 00 A0 40 88 00 00 00 00 88 00 00
[22:14:58.297] [INFO] [read-only] READ 64 byte(s):
00 00 88 00 00 F0 41 88 00 00 80 3F 88 00 00 00
00 88 00 00 00 00 88 00 00 00 00 88 00 00 70 41
88 00 00 00 3F 88 00 00 48 42 88 00 00 F0 40 88
00 00 00 00 88 00 00 40 40 88 00 00 D0 40 88 00
[22:14:58.300] [INFO] [read-only] READ 64 byte(s):
00 00 00 88 00 00 00 00 88 00 00 C0 40 88 00 00
00 00 88 00 00 70 41 88 00 00 00 3F 88 00 00 48
42 88 00 00 F0 40 88 00 00 00 00 88 00 00 70 41
88 00 00 00 3F 88 00 00 48 42 88 00 00 C8 41 88
[22:14:58.303] [INFO] [read-only] READ 64 byte(s):
00 00 F0 40 88 00 00 00 00 88 00 00 40 40 88 00
00 B4 43 88 00 00 F0 42 88 00 00 48 42 88 00 00
A0 40 88 00 00 80 3F 88 00 00 00 00 88 00 00 00
00 88 00 00 00 00 88 00 00 10 41 88 00 00 AF 43
[22:14:58.306] [INFO] [read-only] READ 64 byte(s):
88 00 00 A0 41 88 00 00 00 00 88 00 00 48 42 88
00 00 00 00 88 00 00 10 41 88 00 00 AF 43 88 00
00 A0 41 88 00 00 00 00 88 00 00 48 42 B9 0D B9
02 BC 21 00 4C 53 3C 83 3A A9 3C 45 04 57 3C 90
[22:14:58.310] [INFO] [read-only] READ 64 byte(s):
66 83 3C C1 1C BA 3C 82 B7 43 3C 7D 5D C1 92 3C
87 38 2D 3C 3B 00 B9 02 BC 0B 32 30 32 35 2D 31
32 2D 30 35 00 0A B9 02 BC 21 43 4C 45 41 4E 00
AA 3C E7 B0 52 3C 0E 61 C5 3A 8D 4C 0A BB 04 7C
[22:14:58.314] [INFO] [read-only] READ 64 byte(s):
89 3C 0A F7 01 BB E8 2F 74 BA 19 05 B9 02 BC 21
4E 6F 6E 65 00 CA DA 3A 41 57 42 3C A4 34 EF 3A
C1 57 DE 3B E8 5C 85 3B EB 4A 18 3C 28 9C 60 3C
5D 04 B9 02 BC 21 4E 6F 6E 65 00 02 33 3B 10 70
[22:14:58.317] [INFO] [read-only] READ 64 byte(s):
00 BC A4 B9 E1 BA 8C 43 8F 3B C8 BA 71 3A 86 09
ED 3A CF 40 A4 3B E3 04 B9 02 BC 21 4E 6F 6E 65
00 E0 09 BC 0F 66 6D BB 63 B6 1C BC 7C A2 10 BC
98 01 26 BB FB 33 6E BC BE 12 A5 BB 45 04 B9 02
[22:14:58.321] [INFO] [read-only] READ 64 byte(s):
BC 21 4E 6F 6E 65 00 05 0E 3B B5 FA 3A BB 8B E0
BF BB 21 72 BE BB B9 79 09 BC 3C 8E 10 B7 A6 69
1D BC E8 04 B9 02 BC 21 00 01 2C BA E7 EA 03 BC
D8 05 0C BC 6A 73 01 BB 2E 3E 31 BC 87 EC 5B BB
[22:14:58.330] [INFO] [read-only] READ 64 byte(s):
3E 92 9F BB 6B 33 75 BB F5 00 B9 02 BC 21 00 6A
F4 3B 4E E5 2F 3B F6 3C 6B 3B 80 C6 00 3C 2D F2
22 BC 34 7B 28 BC E6 0A A6 BB 80 C3 71 BC 5E 00
B9 02 BC 21 00 C3 76 BB 10 09 C1 3B AF 46 82 3B
[22:14:58.334] [INFO] [read-only] READ 64 byte(s):
F8 AA 6E 3B 7D 5E 05 10 3C 6E 5A EC 39 A2 0D 14
3B A9 DD 0C BC 50 00 B9 02 BC 21 00 03 A7 BB 9B
1D 3B BC 63 C0 6D BB 60 0E F9 BB 13 7D 5E 6C BC
63 FA CD BB 18 74 37 BC A1 28 34 BC 38 00 B9 02
[22:14:58.337] [INFO] [read-only] READ 64 byte(s):
BC 21 00 36 F5 BB 46 A0 D0 BB 4B 25 A0 3B A2 09
BC BA DE 03 08 BB F0 BF 02 BB C7 84 34 BB 6D C3
A9 B8 A5 00 B9 02 BC 41 00 13 60 BC E1 E8 E4 BB
D0 0D 96 BB 88 F9 B0 BC 8C E3 C2 3B CD 5D 4A 3C
[22:14:58.341] [INFO] [read-only] READ 45 byte(s):
7F 5E BD BB 90 37 92 BC 14 66 A5 3C D0 AB B3 3C
0A 9B 22 BD B6 37 32 BD 3C 7C E9 3D FA 30 29 BE
85 51 A8 BB 80 65 00 00 72 00 87 32 7E
[22:14:58.347] [INFO] [read-only] WRITE 21 byte(s):
7E B9 03 81 00 03 82 06 00 80 0B 03 B9 04 0B 01
0A 00 B8 DA 7E
[22:14:58.354] [INFO] [read-only] READ 64 byte(s):
7E B9 03 81 04 03 81 9D 08 0B B9 03 01 0A B9 04
B9 02 BC 21 54 72 61 64 69 74 69 6F 6E 61 6C 20
4C 6F 47 61 69 6E 00 00 00 00 00 00 00 00 00 00
00 00 00 00 00 12 BA 02 88 00 00 00 00 88 00 00
[22:14:58.358] [INFO] [read-only] READ 64 byte(s):
F0 42 BA 03 BA 6D 88 00 00 00 00 88 00 00 00 00
88 00 00 C8 C2 88 00 00 A0 41 88 00 00 70 C2 88
00 00 80 3F 88 00 00 00 00 88 00 00 00 00 88 00
00 00 00 88 00 00 A0 40 88 00 00 80 3F 88 67 66
[22:14:58.362] [INFO] [read-only] READ 64 byte(s):
46 40 88 00 00 96 43 88 00 00 A0 40 88 33 33 33
3F 88 00 80 3B 44 88 00 00 A0 40 88 00 80 ED 44
88 00 00 80 3F 88 00 00 00 00 88 CD CC AC 40 88
9A 99 09 41 88 00 00 C8 42 88 00 00 80 3F 88 00
[22:14:58.365] [INFO] [read-only] READ 64 byte(s):
00 00 00 88 00 00 C8 41 88 00 00 A0 40 88 00 00
00 00 88 00 00 C0 3F 88 00 00 00 00 88 00 00 80
3F 88 00 00 C0 3F 88 00 00 00 00 88 00 00 00 00
88 00 00 A0 40 88 00 00 A0 40 88 00 00 80 3F 88
[22:14:58.368] [INFO] [read-only] READ 64 byte(s):
00 00 00 00 88 00 00 80 40 88 00 00 A0 40 88 00
00 00 00 88 00 00 00 00 88 00 00 F0 41 88 00 00
A0 40 88 00 00 00 00 88 00 00 00 00 88 00 00 F0
41 88 00 00 A0 40 88 00 00 00 00 88 00 00 00 00
[22:14:58.369] [INFO] [read-only] READ 64 byte(s):
88 00 00 F0 41 88 00 00 A0 40 88 00 00 00 00 88
00 00 00 00 88 00 00 F0 41 88 00 00 A0 40 88 00
00 00 00 88 00 00 00 00 88 00 00 F0 41 88 00 00
A0 40 88 00 00 00 00 88 00 00 00 00 88 00 00 F0
[22:14:58.372] [INFO] [read-only] READ 64 byte(s):
41 88 00 00 80 3F 88 00 00 00 00 88 00 00 00 00
88 00 00 00 00 88 00 00 70 41 88 00 00 00 3F 88
00 00 48 42 88 00 00 F0 40 88 00 00 00 00 88 00
00 40 40 88 00 00 D0 40 88 00 00 00 00 88 00 00
[22:14:58.375] [INFO] [read-only] READ 64 byte(s):
00 00 88 00 00 C0 40 88 00 00 00 00 88 00 00 70
41 88 00 00 00 3F 88 00 00 48 42 88 00 00 F0 40
88 00 00 00 00 88 00 00 70 41 88 00 00 00 3F 88
00 00 48 42 88 00 00 C8 41 88 00 00 F0 40 88 00
[22:14:58.377] [INFO] [read-only] READ 64 byte(s):
00 00 00 88 00 00 40 40 88 00 00 B4 43 88 00 00
F0 42 88 00 00 48 42 88 00 00 A0 40 88 00 00 80
3F 88 00 00 00 00 88 00 00 00 00 88 00 00 00 00
88 00 00 10 41 88 00 00 AF 43 88 00 00 A0 41 88
[22:14:58.379] [INFO] [read-only] READ 64 byte(s):
00 00 00 00 88 00 00 48 42 88 00 00 00 00 88 00
00 10 41 88 00 00 AF 43 88 00 00 A0 41 88 00 00
00 00 88 00 00 48 42 BA 6D 88 00 00 00 00 88 00
00 00 00 88 00 00 C8 C2 88 00 00 A0 41 88 00 00
[22:14:58.381] [INFO] [read-only] READ 64 byte(s):
70 C2 88 00 00 80 3F 88 00 00 00 00 88 00 00 00
00 88 00 00 00 00 88 00 00 A0 40 88 00 00 80 3F
88 00 00 A0 40 88 00 00 96 43 88 00 00 A0 40 88
33 33 33 3F 88 00 80 3B 44 88 00 00 A0 40 88 00
[22:14:58.384] [INFO] [read-only] READ 64 byte(s):
80 ED 44 88 00 00 80 3F 88 00 00 00 00 88 00 00
A0 40 88 00 00 A0 40 88 00 00 C8 42 88 00 00 80
3F 88 00 00 00 00 88 00 00 C8 41 88 00 00 A0 40
88 00 00 00 00 88 00 00 C0 3F 88 00 00 00 00 88
[22:14:58.387] [INFO] [read-only] READ 64 byte(s):
00 00 80 3F 88 00 00 C0 3F 88 00 00 00 00 88 00
00 00 00 88 00 00 A0 40 88 00 00 A0 40 88 00 00
80 3F 88 00 00 00 00 88 00 00 80 40 88 00 00 A0
40 88 00 00 00 00 88 00 00 00 00 88 00 00 F0 41
[22:14:58.388] [INFO] [read-only] READ 64 byte(s):
88 00 00 A0 40 88 00 00 00 00 88 00 00 00 00 88
00 00 F0 41 88 00 00 A0 40 88 00 00 00 00 88 00
00 00 00 88 00 00 F0 41 88 00 00 A0 40 88 00 00
00 00 88 00 00 00 00 88 00 00 F0 41 88 00 00 A0
[22:14:58.393] [INFO] [read-only] READ 64 byte(s):
40 88 00 00 00 00 88 00 00 00 00 88 00 00 F0 41
88 00 00 A0 40 88 00 00 00 00 88 00 00 00 00 88
00 00 F0 41 88 00 00 80 3F 88 00 00 00 00 88 00
00 00 00 88 00 00 00 00 88 00 00 70 41 88 00 00
[22:14:58.395] [INFO] [read-only] READ 64 byte(s):
00 3F 88 00 00 48 42 88 00 00 F0 40 88 00 00 00
00 88 00 00 40 40 88 00 00 D0 40 88 00 00 00 00
88 00 00 00 00 88 00 00 C0 40 88 00 00 00 00 88
00 00 70 41 88 00 00 00 3F 88 00 00 48 42 88 00
[22:14:58.397] [INFO] [read-only] READ 64 byte(s):
00 F0 40 88 00 00 00 00 88 00 00 70 41 88 00 00
00 3F 88 00 00 48 42 88 00 00 C8 41 88 00 00 F0
40 88 00 00 00 00 88 00 00 40 40 88 00 00 B4 43
88 00 00 F0 42 88 00 00 48 42 88 00 00 A0 40 88
[22:14:58.401] [INFO] [read-only] READ 64 byte(s):
00 00 80 3F 88 00 00 00 00 88 00 00 00 00 88 00
00 00 00 88 00 00 10 41 88 00 00 AF 43 88 00 00
A0 41 88 00 00 00 00 88 00 00 48 42 88 00 00 00
00 88 00 00 10 41 88 00 00 AF 43 88 00 00 A0 41
[22:14:58.404] [INFO] [read-only] READ 64 byte(s):
88 00 00 00 00 88 00 00 48 42 BA 6D 88 00 00 00
00 88 00 00 00 00 88 00 00 C8 C2 88 00 00 A0 41
88 00 00 70 C2 88 00 00 80 3F 88 00 00 00 00 88
00 00 00 00 88 00 00 00 00 88 00 00 A0 40 88 00
[22:14:58.407] [INFO] [read-only] READ 64 byte(s):
00 80 3F 88 00 00 A0 40 88 00 00 96 43 88 00 00
A0 40 88 33 33 33 3F 88 00 80 3B 44 88 00 00 A0
40 88 00 80 ED 44 88 00 00 80 3F 88 00 00 00 00
88 00 00 A0 40 88 00 00 A0 40 88 00 00 C8 42 88
[22:14:58.410] [INFO] [read-only] READ 64 byte(s):
00 00 80 3F 88 00 00 00 00 88 00 00 C8 41 88 00
00 A0 40 88 00 00 00 00 88 00 00 C0 3F 88 00 00
00 00 88 00 00 80 3F 88 00 00 C0 3F 88 00 00 00
00 88 00 00 00 00 88 00 00 A0 40 88 00 00 A0 40
[22:14:58.412] [INFO] [read-only] READ 64 byte(s):
88 00 00 80 3F 88 00 00 00 00 88 00 00 80 40 88
00 00 A0 40 88 00 00 00 00 88 00 00 00 00 88 00
00 F0 41 88 00 00 A0 40 88 00 00 00 00 88 00 00
00 00 88 00 00 F0 41 88 00 00 A0 40 88 00 00 00
[22:14:58.414] [INFO] [read-only] READ 64 byte(s):
00 88 00 00 00 00 88 00 00 F0 41 88 00 00 A0 40
88 00 00 00 00 88 00 00 00 00 88 00 00 F0 41 88
00 00 A0 40 88 00 00 00 00 88 00 00 00 00 88 00
00 F0 41 88 00 00 A0 40 88 00 00 00 00 88 00 00
[22:14:58.416] [INFO] [read-only] READ 64 byte(s):
00 00 88 00 00 F0 41 88 00 00 80 3F 88 00 00 00
00 88 00 00 00 00 88 00 00 00 00 88 00 00 70 41
88 00 00 00 3F 88 00 00 48 42 88 00 00 F0 40 88
00 00 00 00 88 00 00 40 40 88 00 00 D0 40 88 00
[22:14:58.418] [INFO] [read-only] READ 64 byte(s):
00 00 00 88 00 00 00 00 88 00 00 C0 40 88 00 00
00 00 88 00 00 70 41 88 00 00 00 3F 88 00 00 48
42 88 00 00 F0 40 88 00 00 00 00 88 00 00 70 41
88 00 00 00 3F 88 00 00 48 42 88 00 00 C8 41 88
[22:14:58.421] [INFO] [read-only] READ 64 byte(s):
00 00 F0 40 88 00 00 00 00 88 00 00 40 40 88 00
00 B4 43 88 00 00 F0 42 88 00 00 48 42 88 00 00
A0 40 88 00 00 80 3F 88 00 00 00 00 88 00 00 00
00 88 00 00 00 00 88 00 00 10 41 88 00 00 AF 43
[22:14:58.423] [INFO] [read-only] READ 64 byte(s):
88 00 00 A0 41 88 00 00 00 00 88 00 00 48 42 88
00 00 00 00 88 00 00 10 41 88 00 00 AF 43 88 00
00 A0 41 88 00 00 00 00 88 00 00 48 42 B9 0D B9
02 BC 21 00 49 DB 3A C0 05 C3 3B C0 40 9C 3C 6F
[22:14:58.425] [INFO] [read-only] READ 64 byte(s):
3B 5F 3C 6C 1A B5 3C EB 26 79 3C A0 D4 35 3C CF
72 D4 3C A1 00 B9 02 BC 0B 32 30 32 35 2D 31 32
2D 30 35 00 0A B9 02 BC 21 43 4C 45 41 4E 00 AD
BB B9 FA CA 3A F5 AA 7F 3B F7 A7 EA 3B A6 63 AA
[22:14:58.427] [INFO] [read-only] READ 64 byte(s):
39 23 0D 43 3C 37 FA E8 3B 71 05 B9 02 BC 21 4E
6F 6E 65 00 F3 01 BB 7D 5D 6E 80 3B 18 3E D2 3B
72 35 5F 3C 15 46 9E 3B AB D1 89 BA 4B FF 08 BA
D7 04 B9 02 BC 21 4E 6F 6E 65 00 97 86 3B 12 38
[22:14:58.430] [INFO] [read-only] READ 64 byte(s):
E1 3B CD DF F4 3C AC B7 A5 3C BD 00 E0 3B 1D 80
96 BB C0 C9 0F BB 12 04 B9 02 BC 21 4E 6F 6E 65
00 F8 69 3C 79 A9 20 3C 49 09 E3 3B F7 28 25 3B
84 3D 0E BC 1A 92 FD BA 60 B4 04 3C 55 04 B9 02
[22:14:58.432] [INFO] [read-only] READ 64 byte(s):
BC 21 4E 6F 6E 65 00 44 09 BC 2C 0F 55 BC 44 7A
5B BC E9 5D 5E 3B 3E 38 F1 BB 0A 61 4C 3B CC 6C
4D 3C 7B 04 B9 02 BC 21 00 02 0E BC 63 F9 94 BA
DC 5B AA BA CB 76 0D B9 59 9F D9 B8 F6 96 00 3B
[22:14:58.434] [INFO] [read-only] READ 64 byte(s):
32 9F 0D 3C 7D 5E ED 35 3A 55 00 B9 02 BC 21 00
D8 29 BC 9C E8 8E BB 30 87 C0 BB 8A 06 37 3B A8
17 80 BB 9D 4A 01 BC 17 7F 21 3B EB 29 AB BB 8C
00 B9 02 BC 21 00 F4 5C 3C 8B 8E 92 3C F0 26 B9
[22:14:58.436] [INFO] [read-only] READ 64 byte(s):
3B B2 AA 66 3C FE 95 75 3B 3C A9 A3 BB 13 0E C9
3B FD 5E 03 BA D3 00 B9 02 BC 21 00 88 25 3C F8
35 50 3A BE F5 49 BB 75 E5 B3 3B 37 8E 65 3B A0
55 F7 3B 21 44 77 BB 2C A8 45 BB B1 00 B9 02 BC
[22:14:58.438] [INFO] [read-only] READ 64 byte(s):
21 00 5F 74 3C 8B 29 53 38 F9 AC 70 3B B1 45 1D
3C C5 44 94 3C 7F 87 13 3C 7B 57 9A 3C 6D 75 1F
3C A7 00 B9 02 BC 41 00 31 B4 3C C3 26 81 3C 4C
23 15 3C C3 37 1A 3C 8A 52 2C 3B 38 71 6D 3C 20
[22:14:58.439] [INFO] [read-only] READ 45 byte(s):
30 D6 3C 65 24 41 37 3C E0 C7 3C 79 A5 EB 3C 53
D8 5A 3C 7A DB 84 3D F6 68 7D 5D BD DB 9D EA 3D
85 51 A8 BB 80 65 00 00 72 00 A4 E3 7E
[22:14:58.443] [INFO] [read-only] WRITE 21 byte(s):
7E B9 03 81 00 03 82 06 00 80 0B 03 B9 04 0B 01
0B 00 60 C3 7E
[22:14:58.447] [INFO] [read-only] READ 64 byte(s):
7E B9 03 81 04 03 81 9D 08 0B B9 03 01 0B B9 04
B9 02 BC 21 43 72 75 6E 63 68 79 20 52 69 67 68
74 20 42 61 73 73 00 00 00 00 00 00 00 00 00 00
00 00 00 00 00 12 BA 02 88 00 00 00 00 88 00 00
[22:14:58.450] [INFO] [read-only] READ 64 byte(s):
F0 42 BA 03 BA 6D 88 00 00 00 00 88 00 00 80 3F
88 00 00 7C C2 88 00 00 A0 41 88 00 00 70 C2 88
00 00 80 3F 88 00 00 80 3F 88 00 00 B4 C1 88 00
00 00 00 88 00 00 A0 40 88 00 00 80 3F 88 67 66
[22:14:58.453] [INFO] [read-only] READ 64 byte(s):
D6 40 88 00 00 96 43 88 CD CC 4C 40 88 33 33 33
3F 88 00 80 3B 44 88 67 66 C6 40 88 00 80 ED 44
88 00 00 80 3F 88 00 00 00 00 88 9A 99 11 41 88
33 33 0B 41 88 00 00 C8 42 88 00 00 80 3F 88 00
[22:14:58.455] [INFO] [read-only] READ 64 byte(s):
00 00 00 88 00 00 C8 41 88 00 00 A0 40 88 00 00
00 00 88 00 00 C0 3F 88 00 00 00 00 88 00 00 80
3F 88 00 00 C0 3F 88 00 00 00 00 88 00 00 00 00
88 00 00 A0 40 88 00 00 A0 40 88 00 00 80 3F 88
[22:14:58.459] [INFO] [read-only] READ 64 byte(s):
00 00 80 3F 88 00 00 80 40 88 00 00 A0 40 88 00
00 00 00 88 00 00 00 00 88 00 00 F0 41 88 00 00
A0 40 88 00 00 00 00 88 00 00 00 00 88 00 00 F0
41 88 00 00 A0 40 88 00 00 00 00 88 00 00 00 00
[22:14:58.462] [INFO] [read-only] READ 64 byte(s):
88 00 00 F0 41 88 00 00 A0 40 88 00 00 00 00 88
00 00 00 00 88 00 00 F0 41 88 00 00 A0 40 88 00
00 00 00 88 00 00 00 00 88 00 00 00 00 88 00 00
A0 40 88 00 00 00 00 88 00 00 00 00 88 00 00 F0
[22:14:58.467] [INFO] [read-only] READ 64 byte(s):
41 88 00 00 80 3F 88 00 00 00 00 88 00 00 00 00
88 00 00 00 00 88 00 00 70 41 88 00 00 00 3F 88
00 00 48 42 88 00 00 F0 40 88 00 00 00 00 88 00
00 40 40 88 00 00 D0 40 88 00 00 00 00 88 00 00
[22:14:58.471] [INFO] [read-only] READ 64 byte(s):
00 00 88 00 00 C0 40 88 00 00 00 00 88 00 00 70
41 88 00 00 00 3F 88 00 00 48 42 88 00 00 F0 40
88 00 00 00 00 88 00 00 70 41 88 00 00 00 3F 88
00 00 48 42 88 00 00 C8 41 88 00 00 F0 40 88 00
[22:14:58.473] [INFO] [read-only] READ 64 byte(s):
00 00 00 88 00 00 40 40 88 00 00 B4 43 88 00 00
F0 42 88 00 00 48 42 88 00 00 A0 40 88 00 00 80
3F 88 00 00 00 00 88 00 00 00 00 88 00 00 00 00
88 00 00 10 41 88 00 00 AF 43 88 00 00 A0 41 88
[22:14:58.475] [INFO] [read-only] READ 64 byte(s):
00 00 00 00 88 00 00 48 42 88 00 00 00 00 88 00
00 10 41 88 00 00 AF 43 88 00 00 A0 41 88 00 00
00 00 88 00 00 48 42 BA 6D 88 00 00 00 00 88 00
00 00 00 88 00 00 C8 C2 88 00 00 A0 41 88 00 00
[22:14:58.478] [INFO] [read-only] READ 64 byte(s):
70 C2 88 00 00 80 3F 88 00 00 00 00 88 00 00 00
00 88 00 00 00 00 88 00 00 A0 40 88 00 00 80 3F
88 00 00 A0 40 88 00 00 96 43 88 00 00 A0 40 88
33 33 33 3F 88 00 80 3B 44 88 00 00 A0 40 88 00
[22:14:58.480] [INFO] [read-only] READ 64 byte(s):
80 ED 44 88 00 00 80 3F 88 00 00 00 00 88 00 00
A0 40 88 00 00 A0 40 88 00 00 C8 42 88 00 00 80
3F 88 00 00 00 00 88 00 00 C8 41 88 00 00 A0 40
88 00 00 00 00 88 00 00 C0 3F 88 00 00 00 00 88
[22:14:58.483] [INFO] [read-only] READ 64 byte(s):
00 00 80 3F 88 00 00 C0 3F 88 00 00 00 00 88 00
00 00 00 88 00 00 A0 40 88 00 00 A0 40 88 00 00
80 3F 88 00 00 00 00 88 00 00 80 40 88 00 00 A0
40 88 00 00 00 00 88 00 00 00 00 88 00 00 F0 41
[22:14:58.485] [INFO] [read-only] READ 64 byte(s):
88 00 00 A0 40 88 00 00 00 00 88 00 00 00 00 88
00 00 F0 41 88 00 00 A0 40 88 00 00 00 00 88 00
00 00 00 88 00 00 F0 41 88 00 00 A0 40 88 00 00
00 00 88 00 00 00 00 88 00 00 F0 41 88 00 00 A0
[22:14:58.489] [INFO] [read-only] READ 64 byte(s):
40 88 00 00 00 00 88 00 00 00 00 88 00 00 F0 41
88 00 00 A0 40 88 00 00 00 00 88 00 00 00 00 88
00 00 F0 41 88 00 00 80 3F 88 00 00 00 00 88 00
00 00 00 88 00 00 00 00 88 00 00 70 41 88 00 00
[22:14:58.492] [INFO] [read-only] READ 64 byte(s):
00 3F 88 00 00 48 42 88 00 00 F0 40 88 00 00 00
00 88 00 00 40 40 88 00 00 D0 40 88 00 00 00 00
88 00 00 00 00 88 00 00 C0 40 88 00 00 00 00 88
00 00 70 41 88 00 00 00 3F 88 00 00 48 42 88 00
[22:14:58.495] [INFO] [read-only] READ 64 byte(s):
00 F0 40 88 00 00 00 00 88 00 00 70 41 88 00 00
00 3F 88 00 00 48 42 88 00 00 C8 41 88 00 00 F0
40 88 00 00 00 00 88 00 00 40 40 88 00 00 B4 43
88 00 00 F0 42 88 00 00 48 42 88 00 00 A0 40 88
[22:14:58.498] [INFO] [read-only] READ 64 byte(s):
00 00 80 3F 88 00 00 00 00 88 00 00 00 00 88 00
00 00 00 88 00 00 10 41 88 00 00 AF 43 88 00 00
A0 41 88 00 00 00 00 88 00 00 48 42 88 00 00 00
00 88 00 00 10 41 88 00 00 AF 43 88 00 00 A0 41
[22:14:58.503] [INFO] [read-only] READ 64 byte(s):
88 00 00 00 00 88 00 00 48 42 BA 6D 88 00 00 00
00 88 00 00 00 00 88 00 00 C8 C2 88 00 00 A0 41
88 00 00 70 C2 88 00 00 80 3F 88 00 00 00 00 88
00 00 00 00 88 00 00 00 00 88 00 00 A0 40 88 00
[22:14:58.506] [INFO] [read-only] READ 64 byte(s):
00 80 3F 88 00 00 A0 40 88 00 00 96 43 88 00 00
A0 40 88 33 33 33 3F 88 00 80 3B 44 88 00 00 A0
40 88 00 80 ED 44 88 00 00 80 3F 88 00 00 00 00
88 00 00 A0 40 88 00 00 A0 40 88 00 00 C8 42 88
[22:14:58.509] [INFO] [read-only] READ 64 byte(s):
00 00 80 3F 88 00 00 00 00 88 00 00 C8 41 88 00
00 A0 40 88 00 00 00 00 88 00 00 C0 3F 88 00 00
00 00 88 00 00 80 3F 88 00 00 C0 3F 88 00 00 00
00 88 00 00 00 00 88 00 00 A0 40 88 00 00 A0 40
[22:14:58.512] [INFO] [read-only] READ 64 byte(s):
88 00 00 80 3F 88 00 00 00 00 88 00 00 80 40 88
00 00 A0 40 88 00 00 00 00 88 00 00 00 00 88 00
00 F0 41 88 00 00 A0 40 88 00 00 00 00 88 00 00
00 00 88 00 00 F0 41 88 00 00 A0 40 88 00 00 00
[22:14:58.515] [INFO] [read-only] READ 64 byte(s):
00 88 00 00 00 00 88 00 00 F0 41 88 00 00 A0 40
88 00 00 00 00 88 00 00 00 00 88 00 00 F0 41 88
00 00 A0 40 88 00 00 00 00 88 00 00 00 00 88 00
00 F0 41 88 00 00 A0 40 88 00 00 00 00 88 00 00
[22:14:58.518] [INFO] [read-only] READ 64 byte(s):
00 00 88 00 00 F0 41 88 00 00 80 3F 88 00 00 00
00 88 00 00 00 00 88 00 00 00 00 88 00 00 70 41
88 00 00 00 3F 88 00 00 48 42 88 00 00 F0 40 88
00 00 00 00 88 00 00 40 40 88 00 00 D0 40 88 00
[22:14:58.522] [INFO] [read-only] READ 64 byte(s):
00 00 00 88 00 00 00 00 88 00 00 C0 40 88 00 00
00 00 88 00 00 70 41 88 00 00 00 3F 88 00 00 48
42 88 00 00 F0 40 88 00 00 00 00 88 00 00 70 41
88 00 00 00 3F 88 00 00 48 42 88 00 00 C8 41 88
[22:14:58.524] [INFO] [read-only] READ 64 byte(s):
00 00 F0 40 88 00 00 00 00 88 00 00 40 40 88 00
00 B4 43 88 00 00 F0 42 88 00 00 48 42 88 00 00
A0 40 88 00 00 80 3F 88 00 00 00 00 88 00 00 00
00 88 00 00 00 00 88 00 00 10 41 88 00 00 AF 43
[22:14:58.526] [INFO] [read-only] READ 64 byte(s):
88 00 00 A0 41 88 00 00 00 00 88 00 00 48 42 88
00 00 00 00 88 00 00 10 41 88 00 00 AF 43 88 00
00 A0 41 88 00 00 00 00 88 00 00 48 42 B9 0D B9
02 BC 21 00 46 95 3B A0 04 01 3C F7 07 1C 3C 4C
[22:14:58.530] [INFO] [read-only] READ 64 byte(s):
27 83 3C 97 45 FE 3B 1E AD EF 3C 06 B9 30 3A 15
7A FC 3B AB 00 B9 02 BC 0B 32 30 32 35 2D 31 32
2D 30 35 00 0A B9 02 BC 21 44 52 49 56 45 00 13
3C 9A 4B B2 3C 87 90 DC 3B 4D 57 A4 3C 5F 2D 0A
[22:14:58.533] [INFO] [read-only] READ 64 byte(s):
3C 0D 5E 5F 3C 13 6A 42 3B EB 05 B9 02 BC 21 4E
6F 6E 65 00 D4 D6 BB F4 FF 6F 3C 7F FD 55 BB 22
22 19 3C 91 F4 08 3C 4E 3A B2 3B 3D 80 58 3C E9
04 B9 02 BC 21 4E 6F 6E 65 00 BD 0F 3C 97 0D 02
[22:14:58.536] [INFO] [read-only] READ 64 byte(s):
BB A6 58 23 3C 78 E7 98 BB E5 D1 E1 3B 4D D4 FC
BB 14 F2 4B 3C 23 04 B9 02 BC 21 4E 6F 6E 65 00
E1 B0 3A BC C2 2A BA 79 5D C5 3B 98 2A 4B 3C C2
CE EF 3B 63 4F 89 3B 40 6A 91 3B BB 04 B9 02 BC
[22:14:58.540] [INFO] [read-only] READ 64 byte(s):
21 4E 6F 6E 65 00 7D 5E F5 3B FF FF 5C 3C A7 EB
66 3B A6 C1 8E 3B 4C D4 89 3B 0A C8 E2 39 4C E0
65 BB 5F 04 B9 02 BC 21 00 42 C8 BB 02 6C D9 BA
81 71 FF BB 18 22 BC BB C1 BC 34 BC 7D 5E 32 44
[22:14:58.545] [INFO] [read-only] READ 64 byte(s):
BC E5 AB C9 BB A3 E0 3F BC 81 00 B9 02 BC 21 00
F6 D7 BB 24 39 71 3B 20 52 40 3B 93 8F 52 3B CE
40 20 BC 52 D8 E4 3A A1 38 84 3B CB 4A 12 3C 52
00 B9 02 BC 21 00 10 04 3D 40 B8 BE 3C 9C B2 D8
[22:14:58.548] [INFO] [read-only] READ 64 byte(s):
3C 17 BA C5 3C DA 7F 88 3C A5 03 93 3C 75 E8 5B
3C 73 85 7A 3C D8 00 B9 02 BC 21 00 B4 54 BC 1C
88 7D 5D BC CD D1 BD BC 8B DE A4 BC DB 40 14 BC
7F A8 44 BC 50 0E B4 3B 38 FE 21 BC 1A 00 B9 02
[22:14:58.551] [INFO] [read-only] READ 64 byte(s):
BC 21 00 B0 0C 3C F2 33 5A BB D6 6E E9 3A 72 0C
D6 3B 6B 85 48 3C 46 83 D7 3B 98 5E 4C 3B BE 8E
30 3C AE 00 B9 02 BC 41 00 0C F3 3B B4 A8 22 3C
50 49 86 3C C4 4A 8A 3C E4 AF 90 3C 65 B0 BE 3C
[22:14:58.553] [INFO] [read-only] READ 46 byte(s):
73 75 0B 3C 7D 5E 25 FD 3B 28 04 DF 3A 54 29 DF
3C 1A 86 26 BC 29 C8 19 3D FC 9F 43 BC 66 00 66
3D 85 51 A8 BB 80 65 00 00 72 00 70 94 7E
[22:14:58.559] [INFO] [read-only] WRITE 21 byte(s):
7E B9 03 81 00 03 82 06 00 80 0B 03 B9 04 0B 01
0C 00 68 8E 7E
[22:14:58.575] [INFO] [read-only] READ 64 byte(s):
7E B9 03 81 04 03 81 9D 08 0B B9 03 01 0C B9 04
B9 02 BC 21 49 6E 73 74 61 6E 74 20 50 69 63 6B
20 56 32 00 00 00 00 00 00 00 00 00 00 00 00 00
00 00 00 00 00 0F BA 02 88 00 00 00 00 88 00 00
[22:14:58.580] [INFO] [read-only] READ 64 byte(s):
F0 42 BA 03 BA 6D 88 00 00 80 3F 88 00 00 80 3F
88 00 00 38 C2 88 00 00 82 43 88 00 00 B4 C2 88
00 00 80 3F 88 00 00 80 3F 88 00 00 BC C1 88 00
00 00 00 88 00 00 D0 41 88 00 00 80 3F 88 00 00
[22:14:58.582] [INFO] [read-only] READ 64 byte(s):
A0 40 88 00 00 96 43 88 00 00 A0 40 88 33 33 33
3F 88 00 80 3B 44 88 00 00 A0 40 88 00 80 ED 44
88 00 00 80 3F 88 00 00 00 00 88 9A 99 D9 40 88
33 33 33 40 88 00 00 94 42 88 00 00 80 3F 88 00
[22:14:58.590] [INFO] [read-only] READ 64 byte(s):
00 00 40 88 00 00 C8 41 88 00 00 A0 40 88 00 00
00 00 88 00 00 C0 3F 88 00 00 00 00 88 00 00 80
3F 88 00 00 C0 3F 88 00 00 00 00 88 00 00 00 00
88 00 00 A0 40 88 00 00 A0 40 88 00 00 80 3F 88
[22:14:58.593] [INFO] [read-only] READ 64 byte(s):
00 00 00 00 88 00 00 80 40 88 00 00 A0 40 88 00
00 00 00 88 00 00 00 00 88 00 00 F0 41 88 00 00
A0 40 88 00 00 00 00 88 00 00 00 00 88 00 00 F0
41 88 00 00 A0 40 88 00 00 00 00 88 00 00 00 00
[22:14:58.601] [INFO] [read-only] READ 64 byte(s):
88 00 00 F0 41 88 00 00 A0 40 88 00 00 00 00 88
00 00 00 00 88 00 00 F0 41 88 00 00 80 40 88 00
00 00 00 88 00 00 00 00 88 00 00 F0 41 88 00 00
A0 40 88 00 00 00 00 88 00 00 00 00 88 00 00 F0
[22:14:58.607] [INFO] [read-only] READ 64 byte(s):
41 88 00 00 80 3F 88 00 00 00 00 88 00 00 00 00
88 00 00 00 00 88 00 00 70 41 88 00 00 00 3F 88
00 00 48 42 88 00 00 F0 40 88 00 00 00 00 88 00
00 40 40 88 00 00 D0 40 88 00 00 00 00 88 00 00
[22:14:58.611] [INFO] [read-only] READ 64 byte(s):
00 00 88 00 00 C0 40 88 00 00 00 00 88 00 00 70
41 88 00 00 00 3F 88 00 00 48 42 88 00 00 F0 40
88 00 00 00 00 88 00 00 70 41 88 00 00 00 3F 88
00 00 48 42 88 00 00 C8 41 88 00 00 F0 40 88 00
[22:14:58.614] [INFO] [read-only] READ 64 byte(s):
00 00 00 88 00 00 40 40 88 00 00 B4 43 88 00 00
F0 42 88 00 00 48 42 88 00 00 A0 40 88 00 00 80
3F 88 00 00 80 3F 88 00 00 80 3F 88 00 00 00 00
88 00 00 10 41 88 00 00 AF 43 88 00 00 A0 41 88
[22:14:58.620] [INFO] [read-only] READ 64 byte(s):
00 00 00 00 88 00 00 48 42 88 00 00 80 3F 88 00
00 40 40 88 00 80 0E 44 88 00 00 28 42 88 00 00
00 00 88 00 00 48 42 BA 6D 88 00 00 00 00 88 00
00 00 00 88 00 00 C8 C2 88 00 00 A0 41 88 00 00
[22:14:58.622] [INFO] [read-only] READ 64 byte(s):
70 C2 88 00 00 80 3F 88 00 00 00 00 88 00 00 00
00 88 00 00 00 00 88 00 00 A0 40 88 00 00 80 3F
88 00 00 A0 40 88 00 00 96 43 88 00 00 A0 40 88
33 33 33 3F 88 00 80 3B 44 88 00 00 A0 40 88 00
[22:14:58.625] [INFO] [read-only] READ 64 byte(s):
80 ED 44 88 00 00 80 3F 88 00 00 00 00 88 00 00
A0 40 88 00 00 A0 40 88 00 00 C8 42 88 00 00 80
3F 88 00 00 00 00 88 00 00 C8 41 88 00 00 A0 40
88 00 00 00 00 88 00 00 C0 3F 88 00 00 00 00 88
[22:14:58.627] [INFO] [read-only] READ 64 byte(s):
00 00 80 3F 88 00 00 C0 3F 88 00 00 00 00 88 00
00 00 00 88 00 00 A0 40 88 00 00 A0 40 88 00 00
80 3F 88 00 00 00 00 88 00 00 80 40 88 00 00 A0
40 88 00 00 00 00 88 00 00 00 00 88 00 00 F0 41
[22:14:58.629] [INFO] [read-only] READ 64 byte(s):
88 00 00 A0 40 88 00 00 00 00 88 00 00 00 00 88
00 00 F0 41 88 00 00 A0 40 88 00 00 00 00 88 00
00 00 00 88 00 00 F0 41 88 00 00 A0 40 88 00 00
00 00 88 00 00 00 00 88 00 00 F0 41 88 00 00 A0
[22:14:58.631] [INFO] [read-only] READ 64 byte(s):
40 88 00 00 00 00 88 00 00 00 00 88 00 00 F0 41
88 00 00 A0 40 88 00 00 00 00 88 00 00 00 00 88
00 00 F0 41 88 00 00 80 3F 88 00 00 00 00 88 00
00 00 00 88 00 00 00 00 88 00 00 70 41 88 00 00
[22:14:58.635] [INFO] [read-only] READ 64 byte(s):
00 3F 88 00 00 48 42 88 00 00 F0 40 88 00 00 00
00 88 00 00 40 40 88 00 00 D0 40 88 00 00 00 00
88 00 00 00 00 88 00 00 C0 40 88 00 00 00 00 88
00 00 70 41 88 00 00 00 3F 88 00 00 48 42 88 00
[22:14:58.639] [INFO] [read-only] READ 64 byte(s):
00 F0 40 88 00 00 00 00 88 00 00 70 41 88 00 00
00 3F 88 00 00 48 42 88 00 00 C8 41 88 00 00 F0
40 88 00 00 00 00 88 00 00 40 40 88 00 00 B4 43
88 00 00 F0 42 88 00 00 48 42 88 00 00 A0 40 88
[22:14:58.641] [INFO] [read-only] READ 64 byte(s):
00 00 80 3F 88 00 00 00 00 88 00 00 00 00 88 00
00 00 00 88 00 00 10 41 88 00 00 AF 43 88 00 00
A0 41 88 00 00 00 00 88 00 00 48 42 88 00 00 00
00 88 00 00 10 41 88 00 00 AF 43 88 00 00 A0 41
[22:14:58.643] [INFO] [read-only] READ 64 byte(s):
88 00 00 00 00 88 00 00 48 42 BA 6D 88 00 00 00
00 88 00 00 00 00 88 00 00 C8 C2 88 00 00 A0 41
88 00 00 70 C2 88 00 00 80 3F 88 00 00 00 00 88
00 00 00 00 88 00 00 00 00 88 00 00 A0 40 88 00
[22:14:58.646] [INFO] [read-only] READ 64 byte(s):
00 80 3F 88 00 00 A0 40 88 00 00 96 43 88 00 00
A0 40 88 33 33 33 3F 88 00 80 3B 44 88 00 00 A0
40 88 00 80 ED 44 88 00 00 80 3F 88 00 00 00 00
88 00 00 A0 40 88 00 00 A0 40 88 00 00 C8 42 88
[22:14:58.648] [INFO] [read-only] READ 64 byte(s):
00 00 80 3F 88 00 00 00 00 88 00 00 C8 41 88 00
00 A0 40 88 00 00 00 00 88 00 00 C0 3F 88 00 00
00 00 88 00 00 80 3F 88 00 00 C0 3F 88 00 00 00
00 88 00 00 00 00 88 00 00 A0 40 88 00 00 A0 40
[22:14:58.653] [INFO] [read-only] READ 64 byte(s):
88 00 00 80 3F 88 00 00 00 00 88 00 00 80 40 88
00 00 A0 40 88 00 00 00 00 88 00 00 00 00 88 00
00 F0 41 88 00 00 A0 40 88 00 00 00 00 88 00 00
00 00 88 00 00 F0 41 88 00 00 A0 40 88 00 00 00
[22:14:58.657] [INFO] [read-only] READ 64 byte(s):
00 88 00 00 00 00 88 00 00 F0 41 88 00 00 A0 40
88 00 00 00 00 88 00 00 00 00 88 00 00 F0 41 88
00 00 A0 40 88 00 00 00 00 88 00 00 00 00 88 00
00 F0 41 88 00 00 A0 40 88 00 00 00 00 88 00 00
[22:14:58.661] [INFO] [read-only] READ 64 byte(s):
00 00 88 00 00 F0 41 88 00 00 80 3F 88 00 00 00
00 88 00 00 00 00 88 00 00 00 00 88 00 00 70 41
88 00 00 00 3F 88 00 00 48 42 88 00 00 F0 40 88
00 00 00 00 88 00 00 40 40 88 00 00 D0 40 88 00
[22:14:58.664] [INFO] [read-only] READ 64 byte(s):
00 00 00 88 00 00 00 00 88 00 00 C0 40 88 00 00
00 00 88 00 00 70 41 88 00 00 00 3F 88 00 00 48
42 88 00 00 F0 40 88 00 00 00 00 88 00 00 70 41
88 00 00 00 3F 88 00 00 48 42 88 00 00 C8 41 88
[22:14:58.668] [INFO] [read-only] READ 64 byte(s):
00 00 F0 40 88 00 00 00 00 88 00 00 40 40 88 00
00 B4 43 88 00 00 F0 42 88 00 00 48 42 88 00 00
A0 40 88 00 00 80 3F 88 00 00 00 00 88 00 00 00
00 88 00 00 00 00 88 00 00 10 41 88 00 00 AF 43
[22:14:58.671] [INFO] [read-only] READ 64 byte(s):
88 00 00 A0 41 88 00 00 00 00 88 00 00 48 42 88
00 00 00 00 88 00 00 10 41 88 00 00 AF 43 88 00
00 A0 41 88 00 00 00 00 88 00 00 48 42 B9 0D B9
02 BC 21 00 6D 9D BA 37 7A 9F BA 2F CF BC BB F5
[22:14:58.674] [INFO] [read-only] READ 64 byte(s):
D2 C7 39 7B 2A 0E 3C 35 27 EA 3B 29 88 22 3C 43
5F F5 BA 61 00 B9 02 BC 0B 32 30 32 35 2D 31 31
2D 32 38 00 0A B9 02 BC 21 44 52 49 56 45 00 25
BB D6 38 D5 BB 01 55 34 BB E8 6B CF 3B 24 AB D7
[22:14:58.677] [INFO] [read-only] READ 64 byte(s):
3B 9E B9 31 3C 94 37 40 3B DA 05 B9 02 BC 21 4E
6F 6E 65 00 DC 79 3B 47 F4 8D 3B 34 E8 CB 3B FB
88 F8 BA 0F 4F 6E 3A D4 D7 A1 BA 5C DA 16 BB BA
04 B9 02 BC 21 4E 6F 6E 65 00 89 6B 3B 0B 6D 21
[22:14:58.681] [INFO] [read-only] READ 64 byte(s):
3C 7C 99 BE 3B BD 8C FD 3B E2 A7 B2 3B 58 DE 10
BB 45 3B DE 3A FE 04 B9 02 BC 21 4E 6F 6E 65 00
5A AD B9 6D B8 7D 5D 3A 52 D8 09 BB F9 F7 15 3B
0F F4 14 BA CC 2A E1 3B 1E D7 69 3B 41 04 B9 02
[22:14:58.686] [INFO] [read-only] READ 64 byte(s):
BC 21 4E 6F 6E 65 00 1A A1 3B CD 1F DC B9 39 24
3A 3B C5 84 EB 3A 6E 78 3A 3B 6F 7C 17 3B 4F 6F
96 BB 9B 04 B9 02 BC 21 00 D7 72 3B 24 16 20 3B
0E 55 32 39 91 7B A3 3A F2 D5 8F BA 0B F9 B8 3B
[22:14:58.690] [INFO] [read-only] READ 64 byte(s):
DC BE 4D 3B A7 9E A5 3B DF 00 B9 02 BC 21 00 31
11 BA AF 1C FD 39 B8 5C F1 3B 3A 88 C5 3B 40 6A
D8 3B 65 DD D8 3A 64 D2 31 BB 49 49 21 BB 00 00
B9 02 BC 21 00 68 6A B9 9C 60 75 3B F2 D4 8B 3A
[22:14:58.693] [INFO] [read-only] READ 64 byte(s):
41 B9 38 BA 4C 89 C1 3A D9 79 B1 BA D0 2C 33 3B
A5 A4 2C BB D5 00 B9 02 BC 21 00 2A FB 3B 7D 5E
37 10 3C D0 46 66 3B 6F 17 E3 3B DE 88 A7 3A 0B
F0 88 3B D7 F4 83 3B C3 26 67 3B EF 00 B9 02 BC
[22:14:58.697] [INFO] [read-only] READ 64 byte(s):
21 00 1A 62 BA 50 51 E8 BB D8 4A 6F BB A6 37 BD
BB 97 86 B7 3A C4 4F 12 3C D6 00 92 3B 8B 79 68
3B 02 00 B9 02 BC 41 00 82 36 BB A1 38 A0 BA 17
B2 A3 3B 06 A1 FB 3A F2 A3 83 3B 69 24 B5 BB 0E
[22:14:58.700] [INFO] [read-only] READ 45 byte(s):
AE 6A BB 28 22 E9 BB A0 E4 92 BB 7D 5D 6E 9F BA
C1 D7 D1 BB 4F 8B 6E 3B 5C CA AA BA 7A 5D 35 BC
18 13 C4 98 9F 08 00 00 72 00 E4 78 7E
[22:14:58.711] [INFO] [read-only] WRITE 21 byte(s):
7E B9 03 81 00 03 82 06 00 80 0B 03 B9 04 0B 01
0D 00 B0 97 7E
[22:14:58.717] [INFO] [read-only] READ 64 byte(s):
7E B9 03 81 04 03 81 9D 08 0B B9 03 01 0D B9 04
B9 02 BC 21 42 53 20 38 30 30 52 42 00 00 00 00
00 00 00 00 00 00 00 00 00 00 00 00 00 00 00 00
00 00 00 00 00 08 BA 02 88 00 00 00 00 88 00 00
[22:14:58.720] [INFO] [read-only] READ 64 byte(s):
F0 42 BA 03 BA 6D 88 00 00 80 3F 88 00 00 80 3F
88 00 00 44 C2 88 00 00 91 43 88 00 00 96 C2 88
00 00 80 3F 88 00 00 80 3F 88 00 00 EC C1 88 00
00 00 00 88 00 00 C0 41 88 00 00 80 3F 88 CD CC
[22:14:58.722] [INFO] [read-only] READ 64 byte(s):
DC 40 88 00 00 96 43 88 00 00 00 00 88 33 33 33
3F 88 00 80 3B 44 88 9A 99 79 40 88 00 80 ED 44
88 00 00 80 3F 88 00 00 00 00 88 9A 99 99 40 88
CD CC 8C 3F 88 00 00 C8 42 88 00 00 80 3F 88 00
[22:14:58.725] [INFO] [read-only] READ 64 byte(s):
00 00 00 88 00 00 10 42 88 9A 99 A9 40 88 00 00
00 00 88 00 00 C0 3F 88 00 00 00 00 88 00 00 80
3F 88 00 00 00 40 88 00 00 00 00 88 00 00 00 00
88 00 00 A0 40 88 00 00 A0 40 88 00 00 80 3F 88
[22:14:58.728] [INFO] [read-only] READ 64 byte(s):
00 00 00 00 88 00 00 A0 40 88 00 00 A0 40 88 00
00 00 00 88 00 00 00 00 88 00 00 F0 41 88 00 00
A0 40 88 00 00 00 00 88 00 00 00 00 88 00 00 F0
41 88 00 00 A0 40 88 00 00 00 00 88 00 00 00 00
[22:14:58.731] [INFO] [read-only] READ 64 byte(s):
88 00 00 F0 41 88 00 00 A0 40 88 00 00 00 00 88
00 00 00 00 88 00 00 F0 41 88 00 00 A0 40 88 00
00 A0 41 88 00 00 00 00 88 00 00 00 00 88 00 00
20 40 88 00 00 DC 42 88 00 00 20 41 88 00 00 B8
[22:14:58.734] [INFO] [read-only] READ 64 byte(s):
42 88 00 00 80 3F 88 00 00 00 00 88 00 00 00 00
88 00 00 00 00 88 00 00 70 41 88 FF FF FF 3E 88
00 00 48 42 88 00 00 F0 40 88 00 00 00 00 88 00
00 40 40 88 00 00 D0 40 88 00 00 00 00 88 00 00
[22:14:58.737] [INFO] [read-only] READ 64 byte(s):
00 00 88 00 00 C0 40 88 00 00 00 00 88 00 00 70
41 88 FF FF FF 3E 88 00 00 48 42 88 00 00 F0 40
88 00 00 00 00 88 00 00 70 41 88 FF FF FF 3E 88
00 00 48 42 88 00 00 C8 41 88 00 00 F0 40 88 00
[22:14:58.742] [INFO] [read-only] READ 64 byte(s):
00 00 00 88 00 00 40 40 88 00 00 B4 43 88 00 00
F0 42 88 00 00 48 42 88 00 00 A0 40 88 00 00 80
3F 88 00 00 00 00 88 00 00 00 00 88 00 00 00 00
88 00 00 10 41 88 00 00 AF 43 88 00 00 A0 41 88
[22:14:58.746] [INFO] [read-only] READ 64 byte(s):
00 00 00 00 88 00 00 48 42 88 00 00 00 00 88 00
00 10 41 88 00 00 AF 43 88 00 00 A0 41 88 00 00
00 00 88 00 00 48 42 BA 6D 88 00 00 00 00 88 00
00 00 00 88 00 00 C8 C2 88 00 00 A0 41 88 00 00
[22:14:58.749] [INFO] [read-only] READ 64 byte(s):
70 C2 88 00 00 80 3F 88 00 00 00 00 88 00 00 00
00 88 00 00 00 00 88 00 00 A0 40 88 00 00 80 3F
88 00 00 A0 40 88 00 00 96 43 88 00 00 A0 40 88
33 33 33 3F 88 00 80 3B 44 88 00 00 A0 40 88 00
[22:14:58.754] [INFO] [read-only] READ 64 byte(s):
80 ED 44 88 00 00 80 3F 88 00 00 00 00 88 00 00
A0 40 88 00 00 A0 40 88 00 00 C8 42 88 00 00 80
3F 88 00 00 00 00 88 00 00 C8 41 88 00 00 A0 40
88 00 00 00 00 88 00 00 C0 3F 88 00 00 00 00 88
[22:14:58.757] [INFO] [read-only] READ 64 byte(s):
00 00 80 3F 88 00 00 C0 3F 88 00 00 00 00 88 00
00 00 00 88 00 00 A0 40 88 00 00 A0 40 88 00 00
80 3F 88 00 00 00 00 88 00 00 80 40 88 00 00 A0
40 88 00 00 00 00 88 00 00 00 00 88 00 00 F0 41
[22:14:58.760] [INFO] [read-only] READ 64 byte(s):
88 00 00 A0 40 88 00 00 00 00 88 00 00 00 00 88
00 00 F0 41 88 00 00 A0 40 88 00 00 00 00 88 00
00 00 00 88 00 00 F0 41 88 00 00 A0 40 88 00 00
00 00 88 00 00 00 00 88 00 00 F0 41 88 00 00 A0
[22:14:58.764] [INFO] [read-only] READ 64 byte(s):
40 88 00 00 00 00 88 00 00 00 00 88 00 00 F0 41
88 00 00 A0 40 88 00 00 00 00 88 00 00 00 00 88
00 00 F0 41 88 00 00 80 3F 88 00 00 00 00 88 00
00 00 00 88 00 00 00 00 88 00 00 70 41 88 00 00
[22:14:58.767] [INFO] [read-only] READ 64 byte(s):
00 3F 88 00 00 48 42 88 00 00 F0 40 88 00 00 00
00 88 00 00 40 40 88 00 00 D0 40 88 00 00 00 00
88 00 00 00 00 88 00 00 C0 40 88 00 00 00 00 88
00 00 70 41 88 00 00 00 3F 88 00 00 48 42 88 00
[22:14:58.771] [INFO] [read-only] READ 64 byte(s):
00 F0 40 88 00 00 00 00 88 00 00 70 41 88 00 00
00 3F 88 00 00 48 42 88 00 00 C8 41 88 00 00 F0
40 88 00 00 00 00 88 00 00 40 40 88 00 00 B4 43
88 00 00 F0 42 88 00 00 48 42 88 00 00 A0 40 88
[22:14:58.776] [INFO] [read-only] READ 64 byte(s):
00 00 80 3F 88 00 00 00 00 88 00 00 00 00 88 00
00 00 00 88 00 00 10 41 88 00 00 AF 43 88 00 00
A0 41 88 00 00 00 00 88 00 00 48 42 88 00 00 00
00 88 00 00 10 41 88 00 00 AF 43 88 00 00 A0 41
[22:14:58.780] [INFO] [read-only] READ 64 byte(s):
88 00 00 00 00 88 00 00 48 42 BA 6D 88 00 00 00
00 88 00 00 00 00 88 00 00 C8 C2 88 00 00 A0 41
88 00 00 70 C2 88 00 00 80 3F 88 00 00 00 00 88
00 00 00 00 88 00 00 00 00 88 00 00 A0 40 88 00
[22:14:58.784] [INFO] [read-only] READ 64 byte(s):
00 80 3F 88 00 00 A0 40 88 00 00 96 43 88 00 00
A0 40 88 33 33 33 3F 88 00 80 3B 44 88 00 00 A0
40 88 00 80 ED 44 88 00 00 80 3F 88 00 00 00 00
88 00 00 A0 40 88 00 00 A0 40 88 00 00 C8 42 88
[22:14:58.789] [INFO] [read-only] READ 64 byte(s):
00 00 80 3F 88 00 00 00 00 88 00 00 C8 41 88 00
00 A0 40 88 00 00 00 00 88 00 00 C0 3F 88 00 00
00 00 88 00 00 80 3F 88 00 00 C0 3F 88 00 00 00
00 88 00 00 00 00 88 00 00 A0 40 88 00 00 A0 40
[22:14:58.793] [INFO] [read-only] READ 64 byte(s):
88 00 00 80 3F 88 00 00 00 00 88 00 00 80 40 88
00 00 A0 40 88 00 00 00 00 88 00 00 00 00 88 00
00 F0 41 88 00 00 A0 40 88 00 00 00 00 88 00 00
00 00 88 00 00 F0 41 88 00 00 A0 40 88 00 00 00
[22:14:58.798] [INFO] [read-only] READ 64 byte(s):
00 88 00 00 00 00 88 00 00 F0 41 88 00 00 A0 40
88 00 00 00 00 88 00 00 00 00 88 00 00 F0 41 88
00 00 A0 40 88 00 00 00 00 88 00 00 00 00 88 00
00 F0 41 88 00 00 A0 40 88 00 00 00 00 88 00 00
[22:14:58.801] [INFO] [read-only] READ 64 byte(s):
00 00 88 00 00 F0 41 88 00 00 80 3F 88 00 00 00
00 88 00 00 00 00 88 00 00 00 00 88 00 00 70 41
88 00 00 00 3F 88 00 00 48 42 88 00 00 F0 40 88
00 00 00 00 88 00 00 40 40 88 00 00 D0 40 88 00
[22:14:58.804] [INFO] [read-only] READ 64 byte(s):
00 00 00 88 00 00 00 00 88 00 00 C0 40 88 00 00
00 00 88 00 00 70 41 88 00 00 00 3F 88 00 00 48
42 88 00 00 F0 40 88 00 00 00 00 88 00 00 70 41
88 00 00 00 3F 88 00 00 48 42 88 00 00 C8 41 88
[22:14:58.807] [INFO] [read-only] READ 64 byte(s):
00 00 F0 40 88 00 00 00 00 88 00 00 40 40 88 00
00 B4 43 88 00 00 F0 42 88 00 00 48 42 88 00 00
A0 40 88 00 00 80 3F 88 00 00 00 00 88 00 00 00
00 88 00 00 00 00 88 00 00 10 41 88 00 00 AF 43
[22:14:58.810] [INFO] [read-only] READ 64 byte(s):
88 00 00 A0 41 88 00 00 00 00 88 00 00 48 42 88
00 00 00 00 88 00 00 10 41 88 00 00 AF 43 88 00
00 A0 41 88 00 00 00 00 88 00 00 48 42 B9 0D B9
02 BC 21 00 81 C9 BB CA 19 4A BC 87 8E FA BB 9F
[22:14:58.812] [INFO] [read-only] READ 64 byte(s):
B7 9E BB 61 83 54 BC 51 63 0A BC A2 09 6E BC 31
AA 20 BC 57 00 B9 02 BC 0B 32 30 32 35 2D 31 31
2D 32 38 00 0A B9 02 BC 21 44 52 49 56 45 00 7D
5D BB 5E AF 85 BB 30 B9 27 BC D9 37 0A BC CF A5
[22:14:58.815] [INFO] [read-only] READ 64 byte(s):
21 BC 51 4E BC BB 61 B7 C8 BB 7D 5E 05 B9 02 BC
21 45 6C 65 63 74 72 69 63 20 42 61 73 73 00 7F
BB 33 3A AB BB 28 C0 B4 BB C6 E0 D3 BB 8B B3 EA
BB C6 0D B9 02 BC 21 4E 6F 6E 65 00 42 0E BC D3
[22:14:58.817] [INFO] [read-only] READ 64 byte(s):
A6 55 BC 1A 41 46 BC 92 D3 FA BB DE C3 33 BC 77
8D 9C BB 04 18 F7 BB FC 04 B9 02 BC 21 4E 6F 6E
65 00 FB 01 BB 6B 5D 11 BC B5 E0 14 BB 52 DB 23
BC F3 54 CC BB 12 A4 F3 3A 9B 4F 16 BC 54 04 B9
[22:14:58.820] [INFO] [read-only] READ 64 byte(s):
02 BC 21 4E 6F 6E 65 00 CF 93 BB F6 31 03 BC 6B
F1 6F BB 6F 2E 9B BB E1 2F 78 BB 00 AF 93 BA 08
D6 9B BB 78 04 B9 02 BC 21 00 67 C4 BB 4D 4E DE
BB 18 D6 8F BB 87 C5 DE BB AC BE D8 BB 9A 76 05
[22:14:58.822] [INFO] [read-only] READ 64 byte(s):
BC 50 DE 29 BC 48 C8 AD BB A3 00 B9 02 BC 21 00
4A 00 BC 11 47 01 BC 0C A4 62 BB 36 5A 02 BC 81
1F CA BB E8 95 D6 BB D2 B5 4C BB D9 CD 5C BB 88
00 B9 02 BC 21 00 EC 9F BB E3 80 87 BB 50 F2 77
[22:14:58.825] [INFO] [read-only] READ 64 byte(s):
BB 53 9F E0 BB 62 CC 3E BB F6 B2 99 BA A3 4A C7
BB 27 F9 1E BB AC 00 B9 02 BC 21 4E 6F 6E 65 00
B2 99 BB 5A 52 52 3B F4 F7 8B BA 7A D7 D5 3A 02
DC DE B9 32 56 2F BB 46 DC 8A 39 AA 04 B9 02 BC
[22:14:58.827] [INFO] [read-only] READ 64 byte(s):
21 4E 6F 6E 65 00 88 53 BB 22 60 C7 BB 00 E9 27
BB 68 B1 8D BB 98 E0 8F BB 2B 6C DA BB EC 68 D7
BB 4E 04 B9 02 BC 41 49 4B 20 4D 75 6C 74 69 6D
65 64 69 61 20 50 72 65 6D 69 75 6D 20 50 72 65
[22:14:58.829] [INFO] [read-only] READ 44 byte(s):
73 65 74 00 34 AD BB A9 AF 59 BC 63 AC 01 BC EC
4C A7 BB 3B 76 E5 BC B4 2E D2 3C 87 58 27 BD 18
D4 CB 98 9F 08 00 00 72 1C 36 32 7E
[22:14:58.832] [INFO] [read-only] WRITE 21 byte(s):
7E B9 03 81 00 03 82 06 00 80 0B 03 B9 04 0B 01
0E 00 D8 BD 7E
[22:14:58.839] [INFO] [read-only] READ 64 byte(s):
7E B9 03 81 04 03 81 9D 08 0B B9 03 01 0E B9 04
B9 02 BC 21 4D 65 64 69 75 6D 20 43 6C 61 73 73
00 00 00 00 00 00 00 00 00 00 00 00 00 00 00 00
00 00 00 00 00 0C BA 02 88 00 00 00 00 88 00 00
[22:14:58.844] [INFO] [read-only] READ 64 byte(s):
F0 42 BA 03 BA 6D 88 00 00 00 00 88 00 00 80 3F
88 00 00 48 C2 88 00 00 FA 43 88 00 00 C8 C2 88
00 00 00 00 88 00 00 80 3F 88 00 00 48 C1 88 00
00 80 3F 88 00 00 A8 41 88 00 00 80 3F 88 00 00
[22:14:58.854] [INFO] [read-only] READ 64 byte(s):
A0 40 88 00 00 96 43 88 00 00 A0 40 88 33 33 33
3F 88 00 80 3B 44 88 00 00 A0 40 88 00 80 ED 44
88 00 00 80 3F 88 00 00 00 00 88 CD CC 14 41 88
CD CC EC 40 88 00 00 96 42 88 00 00 80 3F 88 00
[22:14:58.864] [INFO] [read-only] READ 64 byte(s):
00 00 00 88 00 00 18 42 88 00 00 A0 40 88 00 00
00 00 88 00 00 C0 3F 88 00 00 00 00 88 00 00 80
3F 88 00 00 C0 3F 88 00 00 00 00 88 00 00 00 00
88 00 00 A0 40 88 00 00 A0 40 88 00 00 80 3F 88
[22:14:58.868] [INFO] [read-only] READ 64 byte(s):
00 00 00 00 88 00 00 80 40 88 00 00 A0 40 88 00
00 00 00 88 00 00 00 00 88 00 00 F0 41 88 00 00
A0 40 88 00 00 00 00 88 00 00 00 00 88 00 00 F0
41 88 00 00 A0 40 88 00 00 00 00 88 00 00 00 00
[22:14:58.871] [INFO] [read-only] READ 64 byte(s):
88 00 00 F0 41 88 00 00 A0 40 88 00 00 00 00 88
00 00 00 00 88 00 00 F0 41 88 00 00 A0 40 88 00
00 00 00 88 00 00 00 00 88 00 00 F0 41 88 00 00
A0 40 88 00 00 00 00 88 00 00 00 00 88 00 00 F0
[22:14:58.876] [INFO] [read-only] READ 64 byte(s):
41 88 00 00 80 3F 88 00 00 00 00 88 00 00 00 00
88 00 00 00 00 88 00 00 70 41 88 FF FF FF 3E 88
00 00 48 42 88 00 00 F0 40 88 00 00 00 00 88 00
00 40 40 88 00 00 D0 40 88 00 00 00 00 88 00 00
[22:14:58.880] [INFO] [read-only] READ 64 byte(s):
00 00 88 00 00 C0 40 88 00 00 00 00 88 00 00 70
41 88 FF FF FF 3E 88 00 00 48 42 88 00 00 F0 40
88 00 00 00 00 88 00 00 70 41 88 FF FF FF 3E 88
00 00 48 42 88 00 00 C8 41 88 00 00 F0 40 88 00
[22:14:58.882] [INFO] [read-only] READ 64 byte(s):
00 00 00 88 00 00 40 40 88 00 00 B4 43 88 00 00
F0 42 88 00 00 48 42 88 00 00 A0 40 88 00 00 80
3F 88 00 00 00 00 88 00 00 80 3F 88 00 00 00 00
88 00 00 10 41 88 00 00 AF 43 88 00 00 A0 41 88
[22:14:58.886] [INFO] [read-only] READ 64 byte(s):
00 00 00 00 88 00 00 48 42 88 00 00 00 00 88 00
00 10 41 88 00 00 A0 41 88 00 00 F0 41 88 00 00
00 00 88 00 00 48 42 BA 6D 88 00 00 00 00 88 00
00 00 00 88 00 00 C8 C2 88 00 00 A0 41 88 00 00
[22:14:58.889] [INFO] [read-only] READ 64 byte(s):
70 C2 88 00 00 80 3F 88 00 00 00 00 88 00 00 00
00 88 00 00 00 00 88 00 00 A0 40 88 00 00 80 3F
88 00 00 A0 40 88 00 00 96 43 88 00 00 A0 40 88
33 33 33 3F 88 00 80 3B 44 88 00 00 A0 40 88 00
[22:14:58.891] [INFO] [read-only] READ 64 byte(s):
80 ED 44 88 00 00 80 3F 88 00 00 00 00 88 00 00
A0 40 88 00 00 A0 40 88 00 00 C8 42 88 00 00 80
3F 88 00 00 00 00 88 00 00 C8 41 88 00 00 A0 40
88 00 00 00 00 88 00 00 C0 3F 88 00 00 00 00 88
[22:14:58.893] [INFO] [read-only] READ 64 byte(s):
00 00 80 3F 88 00 00 C0 3F 88 00 00 00 00 88 00
00 00 00 88 00 00 A0 40 88 00 00 A0 40 88 00 00
80 3F 88 00 00 00 00 88 00 00 80 40 88 00 00 A0
40 88 00 00 00 00 88 00 00 00 00 88 00 00 F0 41
[22:14:58.894] [INFO] [read-only] READ 64 byte(s):
88 00 00 A0 40 88 00 00 00 00 88 00 00 00 00 88
00 00 F0 41 88 00 00 A0 40 88 00 00 00 00 88 00
00 00 00 88 00 00 F0 41 88 00 00 A0 40 88 00 00
00 00 88 00 00 00 00 88 00 00 F0 41 88 00 00 A0
[22:14:58.895] [INFO] [read-only] READ 64 byte(s):
40 88 00 00 00 00 88 00 00 00 00 88 00 00 F0 41
88 00 00 A0 40 88 00 00 00 00 88 00 00 00 00 88
00 00 F0 41 88 00 00 80 3F 88 00 00 00 00 88 00
00 00 00 88 00 00 00 00 88 00 00 70 41 88 00 00
[22:14:58.896] [INFO] [read-only] READ 64 byte(s):
00 3F 88 00 00 48 42 88 00 00 F0 40 88 00 00 00
00 88 00 00 40 40 88 00 00 D0 40 88 00 00 00 00
88 00 00 00 00 88 00 00 C0 40 88 00 00 00 00 88
00 00 70 41 88 00 00 00 3F 88 00 00 48 42 88 00
[22:14:58.897] [INFO] [read-only] READ 64 byte(s):
00 F0 40 88 00 00 00 00 88 00 00 70 41 88 00 00
00 3F 88 00 00 48 42 88 00 00 C8 41 88 00 00 F0
40 88 00 00 00 00 88 00 00 40 40 88 00 00 B4 43
88 00 00 F0 42 88 00 00 48 42 88 00 00 A0 40 88
[22:14:58.902] [INFO] [read-only] READ 64 byte(s):
00 00 80 3F 88 00 00 00 00 88 00 00 00 00 88 00
00 00 00 88 00 00 10 41 88 00 00 AF 43 88 00 00
A0 41 88 00 00 00 00 88 00 00 48 42 88 00 00 00
00 88 00 00 10 41 88 00 00 AF 43 88 00 00 A0 41
[22:14:58.907] [INFO] [read-only] READ 64 byte(s):
88 00 00 00 00 88 00 00 48 42 BA 6D 88 00 00 00
00 88 00 00 00 00 88 00 00 C8 C2 88 00 00 A0 41
88 00 00 70 C2 88 00 00 80 3F 88 00 00 00 00 88
00 00 00 00 88 00 00 00 00 88 00 00 A0 40 88 00
[22:14:58.908] [INFO] [read-only] READ 64 byte(s):
00 80 3F 88 00 00 A0 40 88 00 00 96 43 88 00 00
A0 40 88 33 33 33 3F 88 00 80 3B 44 88 00 00 A0
40 88 00 80 ED 44 88 00 00 80 3F 88 00 00 00 00
88 00 00 A0 40 88 00 00 A0 40 88 00 00 C8 42 88
[22:14:58.910] [INFO] [read-only] READ 64 byte(s):
00 00 80 3F 88 00 00 00 00 88 00 00 C8 41 88 00
00 A0 40 88 00 00 00 00 88 00 00 C0 3F 88 00 00
00 00 88 00 00 80 3F 88 00 00 C0 3F 88 00 00 00
00 88 00 00 00 00 88 00 00 A0 40 88 00 00 A0 40
[22:14:58.912] [INFO] [read-only] READ 64 byte(s):
88 00 00 80 3F 88 00 00 00 00 88 00 00 80 40 88
00 00 A0 40 88 00 00 00 00 88 00 00 00 00 88 00
00 F0 41 88 00 00 A0 40 88 00 00 00 00 88 00 00
00 00 88 00 00 F0 41 88 00 00 A0 40 88 00 00 00
[22:14:58.913] [INFO] [read-only] READ 64 byte(s):
00 88 00 00 00 00 88 00 00 F0 41 88 00 00 A0 40
88 00 00 00 00 88 00 00 00 00 88 00 00 F0 41 88
00 00 A0 40 88 00 00 00 00 88 00 00 00 00 88 00
00 F0 41 88 00 00 A0 40 88 00 00 00 00 88 00 00
[22:14:58.915] [INFO] [read-only] READ 64 byte(s):
00 00 88 00 00 F0 41 88 00 00 80 3F 88 00 00 00
00 88 00 00 00 00 88 00 00 00 00 88 00 00 70 41
88 00 00 00 3F 88 00 00 48 42 88 00 00 F0 40 88
00 00 00 00 88 00 00 40 40 88 00 00 D0 40 88 00
[22:14:58.916] [INFO] [read-only] READ 64 byte(s):
00 00 00 88 00 00 00 00 88 00 00 C0 40 88 00 00
00 00 88 00 00 70 41 88 00 00 00 3F 88 00 00 48
42 88 00 00 F0 40 88 00 00 00 00 88 00 00 70 41
88 00 00 00 3F 88 00 00 48 42 88 00 00 C8 41 88
[22:14:58.921] [INFO] [read-only] READ 64 byte(s):
00 00 F0 40 88 00 00 00 00 88 00 00 40 40 88 00
00 B4 43 88 00 00 F0 42 88 00 00 48 42 88 00 00
A0 40 88 00 00 80 3F 88 00 00 00 00 88 00 00 00
00 88 00 00 00 00 88 00 00 10 41 88 00 00 AF 43
[22:14:58.925] [INFO] [read-only] READ 64 byte(s):
88 00 00 A0 41 88 00 00 00 00 88 00 00 48 42 88
00 00 00 00 88 00 00 10 41 88 00 00 AF 43 88 00
00 A0 41 88 00 00 00 00 88 00 00 48 42 B9 0D B9
02 BC 21 00 45 F2 3B 92 C8 62 3B 99 86 A5 38 5B
[22:14:58.927] [INFO] [read-only] READ 64 byte(s):
27 F2 39 CE C2 C5 3B CC 17 0F 3C 40 3A 13 3C 54
DD 99 3B AB 00 B9 02 BC 0B 32 30 32 35 2D 31 32
2D 30 36 00 0A B9 02 BC 21 44 52 49 56 45 00 04
3C F3 04 E6 3B E6 2F 4D 3B 77 51 68 3B 2A 33 9C
[22:14:58.929] [INFO] [read-only] READ 64 byte(s):
3B 26 4D F1 3B 2B 61 F1 3B 74 05 B9 02 BC 21 4E
6F 6E 65 00 B4 FD 3A 61 71 A2 3A B3 9B 2A 3B 30
2A 8E 3B DF 80 C2 3B 1A B3 C7 3B A8 FA B1 3B FB
04 B9 02 BC 21 4E 6F 6E 65 00 16 19 3C CE 6C FB
[22:14:58.931] [INFO] [read-only] READ 64 byte(s):
3B 68 39 8A 3B 04 FF 81 3B 0C 10 6B 3A 14 34 15
BB B5 93 E3 BA 0C 04 B9 02 BC 21 4E 6F 6E 65 00
CD D2 3B 5D D0 22 3C 9C 32 5A 3C 1C 88 35 3C 24
6A 79 3B A8 08 03 BB 45 7A 97 BB A7 04 B9 02 BC
[22:14:58.933] [INFO] [read-only] READ 64 byte(s):
21 4E 6F 6E 65 00 9B 81 3C 04 90 98 3C E5 CD 68
3C 0F 10 DB 3B C8 86 81 3B 33 12 93 3B 5C 73 E1
3B BA 04 B9 02 BC 21 00 26 6F 3C 56 87 38 3C F6
A3 AF 3B 10 18 DD 3A EF 1F 6D 3B EC 51 22 3C D9
[22:14:58.946] [INFO] [read-only] READ 64 byte(s):
FF 50 3C FC CB 80 3C D6 00 B9 02 BC 21 00 05 C1
3A 4C 77 24 3B 34 06 2F 3B AE DB 6F 3B 5E 65 B9
3B 2E 84 CA 3B AD 34 68 3B 7C 14 80 3B 7A 00 B9
02 BC 21 00 4F E6 3B 44 75 4D 3C 93 ED 66 3C 03
[22:14:58.948] [INFO] [read-only] READ 64 byte(s):
9A 70 3C 7F 98 69 3C C7 A4 E8 3B FB E8 63 3B 68
5A C7 39 3A 00 B9 02 BC 21 00 5A 35 3C B1 D7 B8
3C E4 65 D9 3C 08 CF F9 3C 8D 6E D1 3C 82 46 8E
3C 98 DD 77 3C CC 60 98 3C F2 00 B9 02 BC 21 00
[22:14:58.951] [INFO] [read-only] READ 64 byte(s):
EF 35 3C 03 36 CF 3B 68 80 08 3C 63 2D 17 3C 98
F2 37 3C 1D A4 4A 3C 8E D0 82 3C 49 B7 91 3C 47
00 B9 02 BC 41 00 A2 92 3C CC 8D A3 3C 71 E2 86
3C 9C F2 7D 5D 3C 70 D1 44 3C A7 E7 8D 3C C4 12
[22:14:58.953] [INFO] [read-only] READ 43 byte(s):
6B 3C A7 21 18 3C D1 C2 A6 3B EB 9A 4C BB 94 A2
04 BC 5A 30 C1 BB 85 9C 4A 3B 5E C1 D2 3B 0D 6A
5C 75 46 94 00 00 72 00 37 89 7E
[22:14:58.957] [INFO] [read-only] WRITE 21 byte(s):
7E B9 03 81 00 03 82 06 00 80 0B 03 B9 04 0B 01
0F 00 00 A4 7E
[22:14:58.962] [INFO] [read-only] READ 64 byte(s):
7E B9 03 81 04 03 81 9D 08 0B B9 03 01 0F B9 04
B9 02 BC 21 44 72 69 76 65 6E 20 42 61 73 73 20
34 30 30 2B 2C 20 6E 6F 20 63 61 62 00 00 00 00
00 00 00 00 00 18 BA 02 88 00 00 00 00 88 00 00
[22:14:58.964] [INFO] [read-only] READ 64 byte(s):
F0 42 BA 03 BA 6D 88 00 00 00 00 88 00 00 00 00
88 00 00 C8 C2 88 00 00 A0 41 88 00 00 70 C2 88
00 00 80 3F 88 00 00 00 00 88 00 00 00 00 88 00
00 00 00 88 00 00 A0 40 88 00 00 80 3F 88 00 00
[22:14:58.967] [INFO] [read-only] READ 64 byte(s):
A0 40 88 00 00 96 43 88 00 00 A0 40 88 33 33 33
3F 88 00 80 3B 44 88 00 00 A0 40 88 00 80 ED 44
88 00 00 80 3F 88 00 00 80 3F 88 00 00 A0 40 88
00 00 A0 40 88 00 00 C8 42 88 00 00 80 3F 88 00
[22:14:58.973] [INFO] [read-only] READ 64 byte(s):
00 00 40 88 00 00 C8 41 88 00 00 A0 40 88 00 00
00 00 88 00 00 C0 3F 88 00 00 00 00 88 00 00 80
3F 88 00 00 C0 3F 88 00 00 00 00 88 00 00 00 00
88 00 00 A0 40 88 00 00 A0 40 88 00 00 80 3F 88
[22:14:58.977] [INFO] [read-only] READ 64 byte(s):
00 00 00 00 88 00 00 80 40 88 00 00 A0 40 88 00
00 00 00 88 00 00 00 00 88 00 00 F0 41 88 00 00
A0 40 88 00 00 00 00 88 00 00 00 00 88 00 00 F0
41 88 00 00 A0 40 88 00 00 00 00 88 00 00 00 00
[22:14:58.979] [INFO] [read-only] READ 64 byte(s):
88 00 00 F0 41 88 00 00 A0 40 88 00 00 00 00 88
00 00 00 00 88 00 00 F0 41 88 00 00 A0 40 88 00
00 00 00 88 00 00 00 00 88 00 00 F0 41 88 00 00
A0 40 88 00 00 00 00 88 00 00 00 00 88 00 00 F0
[22:14:58.981] [INFO] [read-only] READ 64 byte(s):
41 88 00 00 80 3F 88 00 00 00 00 88 00 00 00 00
88 00 00 00 00 88 00 00 70 41 88 00 00 00 3F 88
00 00 48 42 88 00 00 F0 40 88 00 00 00 00 88 00
00 40 40 88 00 00 D0 40 88 00 00 00 00 88 00 00
[22:14:58.986] [INFO] [read-only] READ 64 byte(s):
00 00 88 00 00 C0 40 88 00 00 00 00 88 00 00 70
41 88 00 00 00 3F 88 00 00 48 42 88 00 00 F0 40
88 00 00 00 00 88 00 00 70 41 88 00 00 00 3F 88
00 00 48 42 88 00 00 C8 41 88 00 00 F0 40 88 00
[22:14:58.989] [INFO] [read-only] READ 64 byte(s):
00 00 00 88 00 00 40 40 88 00 00 B4 43 88 00 00
F0 42 88 00 00 48 42 88 00 00 A0 40 88 00 00 80
3F 88 00 00 00 00 88 00 00 00 00 88 00 00 00 00
88 00 00 10 41 88 00 00 AF 43 88 00 00 A0 41 88
[22:14:58.994] [INFO] [read-only] READ 64 byte(s):
00 00 00 00 88 00 00 48 42 88 00 00 00 00 88 00
00 10 41 88 00 00 AF 43 88 00 00 A0 41 88 00 00
00 00 88 00 00 48 42 BA 6D 88 00 00 00 00 88 00
00 00 00 88 00 00 C8 C2 88 00 00 A0 41 88 00 00
[22:14:58.998] [INFO] [read-only] READ 64 byte(s):
70 C2 88 00 00 80 3F 88 00 00 00 00 88 00 00 00
00 88 00 00 00 00 88 00 00 A0 40 88 00 00 80 3F
88 00 00 A0 40 88 00 00 96 43 88 00 00 A0 40 88
33 33 33 3F 88 00 80 3B 44 88 00 00 A0 40 88 00
[22:14:59.003] [INFO] [read-only] READ 64 byte(s):
80 ED 44 88 00 00 80 3F 88 00 00 80 3F 88 00 00
A0 40 88 00 00 A0 40 88 00 00 C8 42 88 00 00 80
3F 88 00 00 00 00 88 00 00 C8 41 88 00 00 A0 40
88 00 00 00 00 88 00 00 C0 3F 88 00 00 00 00 88
[22:14:59.005] [INFO] [read-only] READ 64 byte(s):
00 00 80 3F 88 00 00 C0 3F 88 00 00 00 00 88 00
00 00 00 88 00 00 A0 40 88 00 00 A0 40 88 00 00
80 3F 88 00 00 00 00 88 00 00 80 40 88 00 00 A0
40 88 00 00 00 00 88 00 00 00 00 88 00 00 F0 41
[22:14:59.009] [INFO] [read-only] READ 64 byte(s):
88 00 00 A0 40 88 00 00 00 00 88 00 00 00 00 88
00 00 F0 41 88 00 00 A0 40 88 00 00 00 00 88 00
00 00 00 88 00 00 F0 41 88 00 00 A0 40 88 00 00
00 00 88 00 00 00 00 88 00 00 F0 41 88 00 00 A0
[22:14:59.014] [INFO] [read-only] READ 64 byte(s):
40 88 00 00 00 00 88 00 00 00 00 88 00 00 F0 41
88 00 00 A0 40 88 00 00 00 00 88 00 00 00 00 88
00 00 F0 41 88 00 00 80 3F 88 00 00 00 00 88 00
00 00 00 88 00 00 00 00 88 00 00 70 41 88 00 00
[22:14:59.016] [INFO] [read-only] READ 64 byte(s):
00 3F 88 00 00 48 42 88 00 00 F0 40 88 00 00 00
00 88 00 00 40 40 88 00 00 D0 40 88 00 00 00 00
88 00 00 00 00 88 00 00 C0 40 88 00 00 00 00 88
00 00 70 41 88 00 00 00 3F 88 00 00 48 42 88 00
[22:14:59.018] [INFO] [read-only] READ 64 byte(s):
00 F0 40 88 00 00 00 00 88 00 00 70 41 88 00 00
00 3F 88 00 00 48 42 88 00 00 C8 41 88 00 00 F0
40 88 00 00 00 00 88 00 00 40 40 88 00 00 B4 43
88 00 00 F0 42 88 00 00 48 42 88 00 00 A0 40 88
[22:14:59.020] [INFO] [read-only] READ 64 byte(s):
00 00 80 3F 88 00 00 00 00 88 00 00 00 00 88 00
00 00 00 88 00 00 10 41 88 00 00 AF 43 88 00 00
A0 41 88 00 00 00 00 88 00 00 48 42 88 00 00 00
00 88 00 00 10 41 88 00 00 AF 43 88 00 00 A0 41
[22:14:59.023] [INFO] [read-only] READ 64 byte(s):
88 00 00 00 00 88 00 00 48 42 BA 6D 88 00 00 00
00 88 00 00 00 00 88 00 00 C8 C2 88 00 00 A0 41
88 00 00 70 C2 88 00 00 80 3F 88 00 00 00 00 88
00 00 00 00 88 00 00 00 00 88 00 00 A0 40 88 00
[22:14:59.025] [INFO] [read-only] READ 64 byte(s):
00 80 3F 88 00 00 A0 40 88 00 00 96 43 88 00 00
A0 40 88 33 33 33 3F 88 00 80 3B 44 88 00 00 A0
40 88 00 80 ED 44 88 00 00 80 3F 88 00 00 80 3F
88 00 00 A0 40 88 00 00 A0 40 88 00 00 C8 42 88
[22:14:59.027] [INFO] [read-only] READ 64 byte(s):
00 00 80 3F 88 00 00 00 00 88 00 00 C8 41 88 00
00 A0 40 88 00 00 00 00 88 00 00 C0 3F 88 00 00
00 00 88 00 00 80 3F 88 00 00 C0 3F 88 00 00 00
00 88 00 00 00 00 88 00 00 A0 40 88 00 00 A0 40
[22:14:59.030] [INFO] [read-only] READ 64 byte(s):
88 00 00 80 3F 88 00 00 00 00 88 00 00 80 40 88
00 00 A0 40 88 00 00 00 00 88 00 00 00 00 88 00
00 F0 41 88 00 00 A0 40 88 00 00 00 00 88 00 00
00 00 88 00 00 F0 41 88 00 00 A0 40 88 00 00 00
[22:14:59.034] [INFO] [read-only] READ 64 byte(s):
00 88 00 00 00 00 88 00 00 F0 41 88 00 00 A0 40
88 00 00 00 00 88 00 00 00 00 88 00 00 F0 41 88
00 00 A0 40 88 00 00 00 00 88 00 00 00 00 88 00
00 F0 41 88 00 00 A0 40 88 00 00 00 00 88 00 00
[22:14:59.038] [INFO] [read-only] READ 64 byte(s):
00 00 88 00 00 F0 41 88 00 00 80 3F 88 00 00 00
00 88 00 00 00 00 88 00 00 00 00 88 00 00 70 41
88 00 00 00 3F 88 00 00 48 42 88 00 00 F0 40 88
00 00 00 00 88 00 00 40 40 88 00 00 D0 40 88 00
[22:14:59.041] [INFO] [read-only] READ 64 byte(s):
00 00 00 88 00 00 00 00 88 00 00 C0 40 88 00 00
00 00 88 00 00 70 41 88 00 00 00 3F 88 00 00 48
42 88 00 00 F0 40 88 00 00 00 00 88 00 00 70 41
88 00 00 00 3F 88 00 00 48 42 88 00 00 C8 41 88
[22:14:59.043] [INFO] [read-only] READ 64 byte(s):
00 00 F0 40 88 00 00 00 00 88 00 00 40 40 88 00
00 B4 43 88 00 00 F0 42 88 00 00 48 42 88 00 00
A0 40 88 00 00 80 3F 88 00 00 00 00 88 00 00 00
00 88 00 00 00 00 88 00 00 10 41 88 00 00 AF 43
[22:14:59.045] [INFO] [read-only] READ 64 byte(s):
88 00 00 A0 41 88 00 00 00 00 88 00 00 48 42 88
00 00 00 00 88 00 00 10 41 88 00 00 AF 43 88 00
00 A0 41 88 00 00 00 00 88 00 00 48 42 B9 0D B9
02 BC 21 00 A1 82 BC 07 FC 3C BB B3 8F 64 3A DF
[22:14:59.047] [INFO] [read-only] READ 64 byte(s):
A4 0D 3B 13 49 51 BC 30 78 84 BC 23 0C EA 39 24
2A 66 3C 90 00 B9 02 BC 0B 32 30 32 35 2D 31 32
2D 31 30 00 0A B9 02 BC 21 44 52 49 56 45 00 62
BC 75 92 13 BC 17 47 DF BB 4E 2F F4 BB 12 22 A4
[22:14:59.049] [INFO] [read-only] READ 64 byte(s):
BB C0 B4 7C BB E0 C5 B3 38 0A 05 B9 02 BC 21 4E
6F 6E 65 00 DC 11 BC 2D 07 C7 BC 4E A9 AA BC 01
1D 8F BC 62 58 54 BC 4C 0F 7C 3A 2D F7 1F 3B 4D
04 B9 02 BC 21 4E 6F 6E 65 00 74 57 BB 6D 33 44
[22:14:59.052] [INFO] [read-only] READ 64 byte(s):
3C E1 33 68 3C EB 69 57 3C 8F 98 2C 3B 73 B5 62
BA 2C FE A6 BB 28 04 B9 02 BC 21 4E 6F 6E 65 00
A2 2E BC 90 63 50 BC D9 FE AC BB 0D 7A 5E BB 9B
48 5F BB 29 02 10 BC 0D 7B 59 BB 94 04 B9 02 BC
[22:14:59.054] [INFO] [read-only] READ 64 byte(s):
21 4E 6F 6E 65 00 C3 8E BB B6 5E 05 BC EA 71 FB
39 67 82 89 BC 6E C2 22 BC B3 06 9F BB C0 4B F7
36 8E 04 B9 02 BC 21 00 DD 40 BC 4D 78 1A BC 46
67 D9 BA F3 22 CB 3B 6F 4A 57 3C E3 37 54 3C E1
[22:14:59.056] [INFO] [read-only] READ 64 byte(s):
7A 0D BA 67 DC F4 BB 65 00 B9 02 BC 21 00 EA 0C
3A 87 66 97 3B 32 46 5B BB 95 91 63 3B B4 57 E2
3A A9 16 97 3C 37 DE 97 3B B0 88 14 BB 4C 00 B9
02 BC 21 00 43 1D 3C 0D A5 04 BB 4D 40 3E 3C F6
[22:14:59.058] [INFO] [read-only] READ 64 byte(s):
C0 82 BC 72 DD 13 BC 81 F9 97 BA 5F 1B 28 3C 7C
2E CE B9 D0 00 B9 02 BC 21 00 59 7D 5E 3C 52 0F
AC 3B 39 0D 33 BC 22 52 08 BB 4F A0 00 3C B6 07
F7 3B D2 5F FB 3A A6 C5 2C BA 63 00 B9 02 BC 21
[22:14:59.061] [INFO] [read-only] READ 64 byte(s):
00 7F 84 3B 76 A4 25 BC 2D B3 51 3A 93 5D B3 BB
4C 44 AD BA 4E 10 38 BA 7A 13 1D 3B A3 07 9C BC
74 00 B9 02 BC 41 00 D9 04 BA 78 2D 1E 3B 26 BB
DE BB 86 8B 6A 3C E1 6D DF 3C 64 08 32 3C D8 C5
[22:14:59.063] [INFO] [read-only] READ 44 byte(s):
AC BB 6A 07 AB BC 4D 6E 9E BB A9 C7 E2 3B 09 3B
43 3C C7 02 10 3C 06 C2 F7 3C B1 1C 12 3D 7A 38
F5 50 61 7D 5D 00 00 72 00 B3 0E 7E
[22:14:59.068] [INFO] [read-only] WRITE 21 byte(s):
7E B9 03 81 00 03 82 06 00 80 0B 03 B9 04 0B 01
10 00 59 B2 7E
[22:14:59.074] [INFO] [read-only] READ 64 byte(s):
7E B9 03 81 04 03 81 9D 08 0B B9 03 01 10 B9 04
B9 02 BC 21 42 6F 6F 67 69 65 20 34 30 30 20 32
00 00 00 00 00 00 00 00 00 00 00 00 00 00 00 00
00 00 00 00 00 0C BA 02 88 00 00 00 00 88 00 00
[22:14:59.077] [INFO] [read-only] READ 64 byte(s):
F0 42 BA 03 BA 6D 88 00 00 00 00 88 00 00 80 3F
88 00 00 98 C2 88 00 00 FA 43 88 00 00 AA C2 88
00 00 80 3F 88 00 00 80 3F 88 00 00 EC C1 88 00
00 80 40 88 00 00 A0 41 88 00 00 80 3F 88 00 00
[22:14:59.080] [INFO] [read-only] READ 64 byte(s):
A0 40 88 00 00 96 43 88 9A 99 B9 40 88 33 33 33
3F 88 00 80 3B 44 88 00 00 A0 40 88 00 80 ED 44
88 00 00 80 3F 88 00 00 80 3F 88 00 00 20 41 88
00 00 A0 40 88 00 00 A0 42 88 00 00 80 3F 88 00
[22:14:59.082] [INFO] [read-only] READ 64 byte(s):
00 80 3F 88 00 00 10 42 88 00 00 A0 40 88 00 00
00 00 88 00 00 00 00 88 00 00 20 41 88 00 00 80
3F 88 00 00 00 00 88 00 00 00 00 88 00 00 00 00
88 00 00 20 41 88 00 00 A0 40 88 00 00 80 3F 88
[22:14:59.085] [INFO] [read-only] READ 64 byte(s):
00 00 00 00 88 00 00 80 40 88 00 00 A0 40 88 00
00 00 00 88 00 00 00 00 88 00 00 F0 41 88 00 00
A0 40 88 00 00 00 00 88 00 00 00 00 88 00 00 F0
41 88 00 00 A0 40 88 00 00 00 00 88 00 00 00 00
[22:14:59.089] [INFO] [read-only] READ 64 byte(s):
88 00 00 F0 41 88 00 00 A0 40 88 00 00 00 00 88
00 00 00 00 88 00 00 F0 41 88 00 00 A0 40 88 00
00 00 00 88 00 00 00 00 88 00 00 B8 41 88 00 00
A0 40 88 00 00 00 00 88 00 00 00 00 88 00 00 F0
[22:14:59.092] [INFO] [read-only] READ 64 byte(s):
41 88 00 00 80 3F 88 00 00 00 00 88 00 00 00 00
88 00 00 00 00 88 00 00 70 41 88 00 00 00 3F 88
00 00 48 42 88 00 00 F0 40 88 00 00 00 00 88 00
00 40 40 88 00 00 D0 40 88 00 00 00 00 88 00 00
[22:14:59.095] [INFO] [read-only] READ 64 byte(s):
00 00 88 00 00 C0 40 88 00 00 00 00 88 00 00 70
41 88 00 00 00 3F 88 00 00 48 42 88 00 00 F0 40
88 00 00 00 00 88 00 00 70 41 88 00 00 00 3F 88
00 00 48 42 88 00 00 C8 41 88 00 00 F0 40 88 00
[22:14:59.098] [INFO] [read-only] READ 64 byte(s):
00 00 00 88 00 00 40 40 88 00 00 B4 43 88 00 00
F0 42 88 00 00 48 42 88 00 00 A0 40 88 00 00 80
3F 88 00 00 00 00 88 00 00 00 00 88 00 00 00 00
88 00 00 10 41 88 00 00 AF 43 88 00 00 A0 41 88
[22:14:59.100] [INFO] [read-only] READ 64 byte(s):
00 00 00 00 88 00 00 48 42 88 00 00 00 00 88 00
00 10 41 88 00 00 AF 43 88 00 00 A0 41 88 00 00
00 00 88 00 00 48 42 BA 6D 88 00 00 00 00 88 00
00 00 00 88 00 00 C8 C2 88 00 00 A0 41 88 00 00
[22:14:59.104] [INFO] [read-only] READ 64 byte(s):
70 C2 88 00 00 80 3F 88 00 00 00 00 88 00 00 00
00 88 00 00 00 00 88 00 00 A0 40 88 00 00 80 3F
88 00 00 A0 40 88 00 00 96 43 88 00 00 A0 40 88
33 33 33 3F 88 00 80 3B 44 88 00 00 A0 40 88 00
[22:14:59.107] [INFO] [read-only] READ 64 byte(s):
80 ED 44 88 00 00 80 3F 88 00 00 80 3F 88 00 00
A0 40 88 00 00 A0 40 88 00 00 C8 42 88 00 00 80
3F 88 00 00 00 00 88 00 00 C8 41 88 00 00 A0 40
88 00 00 00 00 88 00 00 C0 3F 88 00 00 00 00 88
[22:14:59.109] [INFO] [read-only] READ 64 byte(s):
00 00 80 3F 88 00 00 C0 3F 88 00 00 00 00 88 00
00 00 00 88 00 00 A0 40 88 00 00 A0 40 88 00 00
80 3F 88 00 00 00 00 88 00 00 80 40 88 00 00 A0
40 88 00 00 00 00 88 00 00 00 00 88 00 00 F0 41
[22:14:59.111] [INFO] [read-only] READ 64 byte(s):
88 00 00 A0 40 88 00 00 00 00 88 00 00 00 00 88
00 00 F0 41 88 00 00 A0 40 88 00 00 00 00 88 00
00 00 00 88 00 00 F0 41 88 00 00 A0 40 88 00 00
00 00 88 00 00 00 00 88 00 00 F0 41 88 00 00 A0
[22:14:59.116] [INFO] [read-only] READ 64 byte(s):
40 88 00 00 00 00 88 00 00 00 00 88 00 00 F0 41
88 00 00 A0 40 88 00 00 00 00 88 00 00 00 00 88
00 00 F0 41 88 00 00 80 3F 88 00 00 00 00 88 00
00 00 00 88 00 00 00 00 88 00 00 70 41 88 00 00
[22:14:59.118] [INFO] [read-only] READ 64 byte(s):
00 3F 88 00 00 48 42 88 00 00 F0 40 88 00 00 00
00 88 00 00 40 40 88 00 00 D0 40 88 00 00 00 00
88 00 00 00 00 88 00 00 C0 40 88 00 00 00 00 88
00 00 70 41 88 00 00 00 3F 88 00 00 48 42 88 00
[22:14:59.121] [INFO] [read-only] READ 64 byte(s):
00 F0 40 88 00 00 00 00 88 00 00 70 41 88 00 00
00 3F 88 00 00 48 42 88 00 00 C8 41 88 00 00 F0
40 88 00 00 00 00 88 00 00 40 40 88 00 00 B4 43
88 00 00 F0 42 88 00 00 48 42 88 00 00 A0 40 88
[22:14:59.124] [INFO] [read-only] READ 64 byte(s):
00 00 80 3F 88 00 00 00 00 88 00 00 00 00 88 00
00 00 00 88 00 00 10 41 88 00 00 AF 43 88 00 00
A0 41 88 00 00 00 00 88 00 00 48 42 88 00 00 00
00 88 00 00 10 41 88 00 00 AF 43 88 00 00 A0 41
[22:14:59.126] [INFO] [read-only] READ 64 byte(s):
88 00 00 00 00 88 00 00 48 42 BA 6D 88 00 00 00
00 88 00 00 00 00 88 00 00 C8 C2 88 00 00 A0 41
88 00 00 70 C2 88 00 00 80 3F 88 00 00 00 00 88
00 00 00 00 88 00 00 00 00 88 00 00 A0 40 88 00
[22:14:59.130] [INFO] [read-only] READ 64 byte(s):
00 80 3F 88 00 00 A0 40 88 00 00 96 43 88 00 00
A0 40 88 33 33 33 3F 88 00 80 3B 44 88 00 00 A0
40 88 00 80 ED 44 88 00 00 80 3F 88 00 00 80 3F
88 00 00 A0 40 88 00 00 A0 40 88 00 00 C8 42 88
[22:14:59.133] [INFO] [read-only] READ 64 byte(s):
00 00 80 3F 88 00 00 00 00 88 00 00 C8 41 88 00
00 A0 40 88 00 00 00 00 88 00 00 C0 3F 88 00 00
00 00 88 00 00 80 3F 88 00 00 C0 3F 88 00 00 00
00 88 00 00 00 00 88 00 00 A0 40 88 00 00 A0 40
[22:14:59.136] [INFO] [read-only] READ 64 byte(s):
88 00 00 80 3F 88 00 00 00 00 88 00 00 80 40 88
00 00 A0 40 88 00 00 00 00 88 00 00 00 00 88 00
00 F0 41 88 00 00 A0 40 88 00 00 00 00 88 00 00
00 00 88 00 00 F0 41 88 00 00 A0 40 88 00 00 00
[22:14:59.140] [INFO] [read-only] READ 64 byte(s):
00 88 00 00 00 00 88 00 00 F0 41 88 00 00 A0 40
88 00 00 00 00 88 00 00 00 00 88 00 00 F0 41 88
00 00 A0 40 88 00 00 00 00 88 00 00 00 00 88 00
00 F0 41 88 00 00 A0 40 88 00 00 00 00 88 00 00
[22:14:59.142] [INFO] [read-only] READ 64 byte(s):
00 00 88 00 00 F0 41 88 00 00 80 3F 88 00 00 00
00 88 00 00 00 00 88 00 00 00 00 88 00 00 70 41
88 00 00 00 3F 88 00 00 48 42 88 00 00 F0 40 88
00 00 00 00 88 00 00 40 40 88 00 00 D0 40 88 00
[22:14:59.145] [INFO] [read-only] READ 64 byte(s):
00 00 00 88 00 00 00 00 88 00 00 C0 40 88 00 00
00 00 88 00 00 70 41 88 00 00 00 3F 88 00 00 48
42 88 00 00 F0 40 88 00 00 00 00 88 00 00 70 41
88 00 00 00 3F 88 00 00 48 42 88 00 00 C8 41 88
[22:14:59.148] [INFO] [read-only] READ 64 byte(s):
00 00 F0 40 88 00 00 00 00 88 00 00 40 40 88 00
00 B4 43 88 00 00 F0 42 88 00 00 48 42 88 00 00
A0 40 88 00 00 80 3F 88 00 00 00 00 88 00 00 00
00 88 00 00 00 00 88 00 00 10 41 88 00 00 AF 43
[22:14:59.151] [INFO] [read-only] READ 64 byte(s):
88 00 00 A0 41 88 00 00 00 00 88 00 00 48 42 88
00 00 00 00 88 00 00 10 41 88 00 00 AF 43 88 00
00 A0 41 88 00 00 00 00 88 00 00 48 42 B9 0D B9
02 BC 21 00 EE 04 3B F5 2C 07 3C 93 91 A8 3B 7D
[22:14:59.155] [INFO] [read-only] READ 64 byte(s):
5D 1A C8 3B AC 7D 5D 08 3C CA A5 1C 3B 3B EC FD
3A 25 36 76 3B 85 00 B9 02 BC 0B 32 30 32 35 2D
31 32 2D 31 30 00 0A B9 02 BC 21 44 52 49 56 45
00 DD 3B 99 B6 00 3C 40 03 FB 3A 4A F0 58 39 93
[22:14:59.158] [INFO] [read-only] READ 64 byte(s):
7A 80 3B 34 D4 59 3C D7 E6 C1 3B 47 05 B9 02 BC
21 4E 6F 6E 65 00 82 A5 3B 9E 0C BA 3B 19 6A 62
3B 72 68 DA 3B F3 06 57 3B 93 68 1C 3C 73 6F 10
3C F6 04 B9 02 BC 21 4E 6F 6E 65 00 94 E9 BA E5
[22:14:59.161] [INFO] [read-only] READ 64 byte(s):
44 B1 3B 02 B2 2E 3C FC 05 2F 3C F2 50 92 3B EB
E5 06 BA 23 34 01 3C 47 04 B9 02 BC 21 4E 6F 6E
65 00 E4 F4 3B 0A 28 A6 3B 43 50 A9 3B B3 54 CA
3B 46 7D 5E 39 3B 9C 4D E5 B9 E2 EA 34 3B EC 04
[22:14:59.164] [INFO] [read-only] READ 64 byte(s):
B9 02 BC 21 4E 6F 6E 65 00 1B FD 3B 4A CD 8C 3B
29 3D 74 39 B3 AA 29 BA ED 30 B2 3B 12 15 1B 3C
C5 A2 6A 3B 22 04 B9 02 BC 21 00 1F 55 3C 2D 0A
2F 3C 98 4C 23 3B 76 6A CB BB 92 DD 19 39 2D 82
[22:14:59.166] [INFO] [read-only] READ 64 byte(s):
DD 3B F4 90 CB 3B 91 6E F9 3A D0 00 B9 02 BC 21
00 82 83 3B 00 E2 2A BB 15 89 79 3B 9C 74 1A 3C
6C 97 F4 3B 35 DC 45 BB 8C 5C B0 37 CE 48 23 3B
4F 00 B9 02 BC 21 00 8F 87 3B 2C 86 88 3B 2F 9E
[22:14:59.169] [INFO] [read-only] READ 64 byte(s):
A5 3B 43 EE B5 3B 85 C4 15 3B 79 E9 34 3B F0 65
92 BA C7 1F 8F 3B 26 00 B9 02 BC 21 00 88 93 3B
EE 63 6F 3B 0E B5 7C 37 68 AB 81 3B 84 76 A2 3B
A2 41 B6 3B 1B FB 2E 3B 67 72 72 3A 0B 00 B9 02
[22:14:59.173] [INFO] [read-only] READ 64 byte(s):
BC 21 00 DF 81 3B F2 CA FA 3B 6C 38 98 3B 87 FC
64 3A DF 7C 69 3A B7 91 49 3B B1 9B 93 3B 90 1A
B8 3B 9D 00 B9 02 BC 41 00 3A 32 3A 5C C7 80 3B
D6 32 A4 3B 39 7B 64 3B 98 A2 9E BA 19 14 B6 3A
[22:14:59.177] [INFO] [read-only] READ 46 byte(s):
CF 24 A2 3B AD 35 80 3B 50 C0 8A 3B 75 BF 4B 3B
98 6A 32 BA AD CE 03 3B 1B 9B E8 3B 91 AA 78 3C
0A F2 F4 50 61 7D 5D 00 00 72 00 D7 64 7E
[22:14:59.182] [INFO] [read-only] WRITE 21 byte(s):
7E B9 03 81 00 03 82 06 00 80 0B 03 B9 04 0B 01
11 00 81 AB 7E
[22:14:59.189] [INFO] [read-only] READ 64 byte(s):
7E B9 03 81 04 03 81 9D 08 0B B9 03 01 11 B9 04
B9 02 BC 21 73 75 62 77 61 79 20 63 6C 65 61 6E
00 00 00 00 00 00 00 00 00 00 00 00 00 00 00 00
00 00 00 00 00 0C BA 02 88 00 00 00 00 88 00 00
[22:14:59.192] [INFO] [read-only] READ 64 byte(s):
F0 42 BA 03 BA 6D 88 00 00 00 00 88 00 00 00 00
88 00 00 C8 C2 88 00 00 A0 41 88 00 00 70 C2 88
00 00 80 3F 88 00 00 00 00 88 00 00 00 00 88 00
00 00 00 88 00 00 A0 40 88 00 00 80 3F 88 00 00
[22:14:59.196] [INFO] [read-only] READ 64 byte(s):
A0 40 88 00 00 96 43 88 00 00 A0 40 88 33 33 33
3F 88 00 80 3B 44 88 00 00 A0 40 88 00 80 ED 44
88 00 00 80 3F 88 00 00 80 3F 88 00 00 A0 40 88
00 00 A0 40 88 00 00 C8 42 88 00 00 80 3F 88 00
[22:14:59.200] [INFO] [read-only] READ 64 byte(s):
00 00 40 88 00 00 C8 41 88 00 00 A0 40 88 00 00
00 00 88 00 00 C0 3F 88 00 00 00 00 88 00 00 80
3F 88 00 00 C0 3F 88 00 00 00 00 88 00 00 00 00
88 00 00 A0 40 88 00 00 A0 40 88 00 00 80 3F 88
[22:14:59.203] [INFO] [read-only] READ 64 byte(s):
00 00 00 00 88 00 00 80 40 88 00 00 A0 40 88 00
00 00 00 88 00 00 00 00 88 00 00 F0 41 88 00 00
A0 40 88 00 00 00 00 88 00 00 00 00 88 00 00 F0
41 88 00 00 A0 40 88 00 00 00 00 88 00 00 00 00
[22:14:59.206] [INFO] [read-only] READ 64 byte(s):
88 00 00 F0 41 88 00 00 A0 40 88 00 00 00 00 88
00 00 00 00 88 00 00 F0 41 88 00 00 A0 40 88 00
00 00 00 88 00 00 00 00 88 00 00 F0 41 88 00 00
A0 40 88 00 00 00 00 88 00 00 00 00 88 00 00 F0
[22:14:59.209] [INFO] [read-only] READ 64 byte(s):
41 88 00 00 80 3F 88 00 00 00 00 88 00 00 00 00
88 00 00 00 00 88 00 00 70 41 88 00 00 00 3F 88
00 00 48 42 88 00 00 F0 40 88 00 00 00 00 88 00
00 40 40 88 00 00 D0 40 88 00 00 00 00 88 00 00
[22:14:59.212] [INFO] [read-only] READ 64 byte(s):
00 00 88 00 00 C0 40 88 00 00 00 00 88 00 00 70
41 88 00 00 00 3F 88 00 00 48 42 88 00 00 F0 40
88 00 00 00 00 88 00 00 70 41 88 00 00 00 3F 88
00 00 48 42 88 00 00 C8 41 88 00 00 F0 40 88 00
[22:14:59.214] [INFO] [read-only] READ 64 byte(s):
00 00 00 88 00 00 40 40 88 00 00 B4 43 88 00 00
F0 42 88 00 00 48 42 88 00 00 A0 40 88 00 00 80
3F 88 00 00 00 00 88 00 00 00 00 88 00 00 00 00
88 00 00 10 41 88 00 00 AF 43 88 00 00 A0 41 88
[22:14:59.216] [INFO] [read-only] READ 64 byte(s):
00 00 00 00 88 00 00 48 42 88 00 00 00 00 88 00
00 10 41 88 00 00 AF 43 88 00 00 A0 41 88 00 00
00 00 88 00 00 48 42 BA 6D 88 00 00 00 00 88 00
00 00 00 88 00 00 C8 C2 88 00 00 A0 41 88 00 00
[22:14:59.221] [INFO] [read-only] READ 64 byte(s):
70 C2 88 00 00 80 3F 88 00 00 00 00 88 00 00 00
00 88 00 00 00 00 88 00 00 A0 40 88 00 00 80 3F
88 00 00 A0 40 88 00 00 96 43 88 00 00 A0 40 88
33 33 33 3F 88 00 80 3B 44 88 00 00 A0 40 88 00
[22:14:59.225] [INFO] [read-only] READ 64 byte(s):
80 ED 44 88 00 00 80 3F 88 00 00 80 3F 88 00 00
A0 40 88 00 00 A0 40 88 00 00 C8 42 88 00 00 80
3F 88 00 00 00 00 88 00 00 C8 41 88 00 00 A0 40
88 00 00 00 00 88 00 00 C0 3F 88 00 00 00 00 88
[22:14:59.228] [INFO] [read-only] READ 64 byte(s):
00 00 80 3F 88 00 00 C0 3F 88 00 00 00 00 88 00
00 00 00 88 00 00 A0 40 88 00 00 A0 40 88 00 00
80 3F 88 00 00 00 00 88 00 00 80 40 88 00 00 A0
40 88 00 00 00 00 88 00 00 00 00 88 00 00 F0 41
[22:14:59.231] [INFO] [read-only] READ 64 byte(s):
88 00 00 A0 40 88 00 00 00 00 88 00 00 00 00 88
00 00 F0 41 88 00 00 A0 40 88 00 00 00 00 88 00
00 00 00 88 00 00 F0 41 88 00 00 A0 40 88 00 00
00 00 88 00 00 00 00 88 00 00 F0 41 88 00 00 A0
[22:14:59.235] [INFO] [read-only] READ 64 byte(s):
40 88 00 00 00 00 88 00 00 00 00 88 00 00 F0 41
88 00 00 A0 40 88 00 00 00 00 88 00 00 00 00 88
00 00 F0 41 88 00 00 80 3F 88 00 00 00 00 88 00
00 00 00 88 00 00 00 00 88 00 00 70 41 88 00 00
[22:14:59.239] [INFO] [read-only] READ 64 byte(s):
00 3F 88 00 00 48 42 88 00 00 F0 40 88 00 00 00
00 88 00 00 40 40 88 00 00 D0 40 88 00 00 00 00
88 00 00 00 00 88 00 00 C0 40 88 00 00 00 00 88
00 00 70 41 88 00 00 00 3F 88 00 00 48 42 88 00
[22:14:59.242] [INFO] [read-only] READ 64 byte(s):
00 F0 40 88 00 00 00 00 88 00 00 70 41 88 00 00
00 3F 88 00 00 48 42 88 00 00 C8 41 88 00 00 F0
40 88 00 00 00 00 88 00 00 40 40 88 00 00 B4 43
88 00 00 F0 42 88 00 00 48 42 88 00 00 A0 40 88
[22:14:59.245] [INFO] [read-only] READ 64 byte(s):
00 00 80 3F 88 00 00 00 00 88 00 00 00 00 88 00
00 00 00 88 00 00 10 41 88 00 00 AF 43 88 00 00
A0 41 88 00 00 00 00 88 00 00 48 42 88 00 00 00
00 88 00 00 10 41 88 00 00 AF 43 88 00 00 A0 41
[22:14:59.248] [INFO] [read-only] READ 64 byte(s):
88 00 00 00 00 88 00 00 48 42 BA 6D 88 00 00 00
00 88 00 00 00 00 88 00 00 C8 C2 88 00 00 A0 41
88 00 00 70 C2 88 00 00 80 3F 88 00 00 00 00 88
00 00 00 00 88 00 00 00 00 88 00 00 A0 40 88 00
[22:14:59.252] [INFO] [read-only] READ 64 byte(s):
00 80 3F 88 00 00 A0 40 88 00 00 96 43 88 00 00
A0 40 88 33 33 33 3F 88 00 80 3B 44 88 00 00 A0
40 88 00 80 ED 44 88 00 00 80 3F 88 00 00 80 3F
88 00 00 A0 40 88 00 00 A0 40 88 00 00 C8 42 88
[22:14:59.254] [INFO] [read-only] READ 64 byte(s):
00 00 80 3F 88 00 00 00 00 88 00 00 C8 41 88 00
00 A0 40 88 00 00 00 00 88 00 00 C0 3F 88 00 00
00 00 88 00 00 80 3F 88 00 00 C0 3F 88 00 00 00
00 88 00 00 00 00 88 00 00 A0 40 88 00 00 A0 40
[22:14:59.259] [INFO] [read-only] READ 64 byte(s):
88 00 00 80 3F 88 00 00 00 00 88 00 00 80 40 88
00 00 A0 40 88 00 00 00 00 88 00 00 00 00 88 00
00 F0 41 88 00 00 A0 40 88 00 00 00 00 88 00 00
00 00 88 00 00 F0 41 88 00 00 A0 40 88 00 00 00
[22:14:59.262] [INFO] [read-only] READ 64 byte(s):
00 88 00 00 00 00 88 00 00 F0 41 88 00 00 A0 40
88 00 00 00 00 88 00 00 00 00 88 00 00 F0 41 88
00 00 A0 40 88 00 00 00 00 88 00 00 00 00 88 00
00 F0 41 88 00 00 A0 40 88 00 00 00 00 88 00 00
[22:14:59.266] [INFO] [read-only] READ 64 byte(s):
00 00 88 00 00 F0 41 88 00 00 80 3F 88 00 00 00
00 88 00 00 00 00 88 00 00 00 00 88 00 00 70 41
88 00 00 00 3F 88 00 00 48 42 88 00 00 F0 40 88
00 00 00 00 88 00 00 40 40 88 00 00 D0 40 88 00
[22:14:59.269] [INFO] [read-only] READ 64 byte(s):
00 00 00 88 00 00 00 00 88 00 00 C0 40 88 00 00
00 00 88 00 00 70 41 88 00 00 00 3F 88 00 00 48
42 88 00 00 F0 40 88 00 00 00 00 88 00 00 70 41
88 00 00 00 3F 88 00 00 48 42 88 00 00 C8 41 88
[22:14:59.272] [INFO] [read-only] READ 64 byte(s):
00 00 F0 40 88 00 00 00 00 88 00 00 40 40 88 00
00 B4 43 88 00 00 F0 42 88 00 00 48 42 88 00 00
A0 40 88 00 00 80 3F 88 00 00 00 00 88 00 00 00
00 88 00 00 00 00 88 00 00 10 41 88 00 00 AF 43
[22:14:59.279] [INFO] [read-only] READ 64 byte(s):
88 00 00 A0 41 88 00 00 00 00 88 00 00 48 42 88
00 00 00 00 88 00 00 10 41 88 00 00 AF 43 88 00
00 A0 41 88 00 00 00 00 88 00 00 48 42 B9 0D B9
02 BC 21 00 20 C1 B8 32 94 F7 3A B6 BF 45 3A 3E
[22:14:59.282] [INFO] [read-only] READ 64 byte(s):
9B 81 3A A1 10 42 3B 80 CC B4 37 3D 13 85 BB AF
12 44 BB 99 00 B9 02 BC 0B 32 30 32 35 2D 31 32
2D 31 30 00 0A B9 02 BC 21 43 4C 45 41 4E 00 0B
3A 62 6B 47 3A 8C B3 D6 3A F2 10 08 3B 9D FB 7C
[22:14:59.284] [INFO] [read-only] READ 64 byte(s):
BA AB E3 7A 3B 60 90 35 37 34 05 B9 02 BC 21 4E
6F 6E 65 00 FC 3C BB 30 C2 8A 38 50 81 FA 38 0C
D7 CB BA C2 FA 16 3A B9 A0 33 BB 30 98 37 BA F8
04 B9 02 BC 21 4E 6F 6E 65 00 52 D8 37 36 DD 23
[22:14:59.285] [INFO] [read-only] READ 64 byte(s):
BA 2A 82 3F 3A 02 66 D5 3A 8C C9 8C B9 36 20 32
BB 42 01 4F BB 7D 5E 04 B9 02 BC 21 4E 6F 6E 65
00 57 13 BA 4C 8F 54 3A 0F 98 0D 3B 78 5C 0F 3B
11 D8 C0 3A 8C 36 21 3B 50 1A 65 3B BD 04 B9 02
[22:14:59.294] [INFO] [read-only] READ 64 byte(s):
BC 21 4E 6F 6E 65 00 DA 0C BB 1C 6C 4D 39 7B 77
43 3A 3F 25 27 BB 8F 22 A9 B9 9A FB 8E B8 2E 68
2A BB 14 04 B9 02 BC 21 00 E3 23 BB 9B 4A BD 3A
2C 50 78 BA C4 9F 8D BA AB 3A E4 BA FE F3 A4 BA
[22:14:59.298] [INFO] [read-only] READ 64 byte(s):
4A 1E 4B 3A 26 8A 8B 3A 80 00 B9 02 BC 21 00 6A
22 BA 24 FC 8A BB 18 AC 4B BA C3 D0 B6 3A 2C 07
36 3A F8 49 3C B9 5A D3 00 3B 01 48 A6 3A 24 00
B9 02 BC 21 00 55 7C 3B 49 CD 33 3B 64 EF A4 39
[22:14:59.303] [INFO] [read-only] READ 64 byte(s):
B4 89 76 B9 19 26 EE 3A F7 CD 2E 3B E9 DF 09 3B
9F FD 40 BA B8 00 B9 02 BC 21 00 59 DB BB 7A 76
C4 BB 90 3D 18 BC FC A5 10 BC A4 28 08 BC C6 29
4E BC BC 84 62 BC B0 DF 72 BC 8C 00 B9 02 BC 21
[22:14:59.310] [INFO] [read-only] READ 64 byte(s):
00 F5 70 BC 39 17 47 BC C6 CB B9 BB 76 64 04 3B
BA 79 9E 3B 20 63 B4 3B 82 C1 6E 3B 7C 7D 5D 04
3B 68 00 B9 02 BC 41 00 85 BA BB D1 3D 26 BB 75
4E 1C 3B EB 67 AC 3B 50 CC 82 3B 18 9E 7C 3B A9
[22:14:59.312] [INFO] [read-only] READ 45 byte(s):
38 46 BA 72 53 FF BA 99 73 0C 3B 52 0A FE 3B 75
6B FB 3B 1A CE 53 3A 93 51 54 BC B0 2A CE 38 7A
38 F5 50 61 7D 5D 00 00 72 00 9F AB 7E
[22:14:59.316] [INFO] [read-only] WRITE 21 byte(s):
7E B9 03 81 00 03 82 06 00 80 0B 03 B9 04 0B 01
12 00 E9 81 7E
[22:14:59.320] [INFO] [read-only] READ 64 byte(s):
7E B9 03 81 04 03 81 9D 08 0B B9 03 01 12 B9 04
B9 02 BC 21 48 55 47 45 20 4D 55 46 46 00 00 00
00 00 00 00 00 00 00 00 00 00 00 00 00 00 00 00
00 00 00 00 00 09 BA 02 88 00 00 00 00 88 00 00
[22:14:59.322] [INFO] [read-only] READ 64 byte(s):
F0 42 BA 03 BA 6D 88 00 00 00 00 88 00 00 80 3F
88 00 00 84 C2 88 00 00 A0 41 88 00 00 20 C2 88
00 00 80 3F 88 00 00 80 3F 88 00 00 80 C0 88 00
00 40 C0 88 00 00 A0 40 88 00 00 80 3F 88 00 00
[22:14:59.325] [INFO] [read-only] READ 64 byte(s):
A0 40 88 00 00 96 43 88 00 00 A0 40 88 33 33 33
3F 88 00 80 3B 44 88 00 00 A0 40 88 00 00 FA 44
88 00 00 80 3F 88 00 00 80 3F 88 67 66 A6 40 88
00 00 A0 40 88 00 00 C8 42 88 00 00 80 3F 88 00
[22:14:59.328] [INFO] [read-only] READ 64 byte(s):
00 00 40 88 00 00 C8 41 88 00 00 A0 40 88 00 00
00 00 88 00 00 C0 3F 88 00 00 00 00 88 00 00 80
3F 88 00 00 C0 3F 88 00 00 00 00 88 00 00 00 00
88 00 00 A0 40 88 00 00 A0 40 88 00 00 80 3F 88
[22:14:59.330] [INFO] [read-only] READ 64 byte(s):
00 00 80 3F 88 00 00 80 40 88 00 00 A0 40 88 00
00 00 00 88 00 00 00 00 88 00 00 00 00 88 00 00
A0 40 88 00 00 00 00 88 00 00 00 00 88 00 00 00
00 88 00 00 A0 40 88 00 00 00 00 88 00 00 00 00
[22:14:59.334] [INFO] [read-only] READ 64 byte(s):
88 00 00 00 00 88 00 00 A0 40 88 00 00 00 00 88
00 00 00 00 88 00 00 00 00 88 00 00 A0 40 88 00
00 00 00 88 00 00 00 00 88 00 00 00 00 88 00 00
A0 40 88 00 00 00 00 88 00 00 00 00 88 00 00 00
[22:14:59.337] [INFO] [read-only] READ 64 byte(s):
00 88 00 00 80 3F 88 00 00 00 00 88 00 00 00 00
88 00 00 00 00 88 00 00 70 41 88 00 00 00 3F 88
00 00 48 42 88 00 00 F0 40 88 00 00 00 00 88 00
00 40 40 88 00 00 D0 40 88 00 00 00 00 88 00 00
[22:14:59.342] [INFO] [read-only] READ 64 byte(s):
00 00 88 00 00 C0 40 88 00 00 00 00 88 00 00 70
41 88 00 00 00 3F 88 00 00 48 42 88 00 00 F0 40
88 00 00 00 00 88 00 00 70 41 88 00 00 00 3F 88
00 00 48 42 88 00 00 C8 41 88 00 00 F0 40 88 00
[22:14:59.348] [INFO] [read-only] READ 64 byte(s):
00 00 00 88 00 00 40 40 88 00 00 B4 43 88 00 00
F0 42 88 00 00 48 42 88 00 00 A0 40 88 00 00 80
3F 88 00 00 00 00 88 00 00 00 00 88 00 00 00 00
88 00 00 10 41 88 00 00 AF 43 88 00 00 A0 41 88
[22:14:59.351] [INFO] [read-only] READ 64 byte(s):
00 00 00 00 88 00 00 48 42 88 00 00 00 00 88 00
00 10 41 88 00 00 AF 43 88 00 00 A0 41 88 00 00
00 00 88 00 00 48 42 BA 6D 88 00 00 00 00 88 00
00 00 00 88 00 00 C8 C2 88 00 00 A0 41 88 00 00
[22:14:59.355] [INFO] [read-only] READ 64 byte(s):
70 C2 88 00 00 80 3F 88 00 00 00 00 88 00 00 00
00 88 00 00 00 00 88 00 00 A0 40 88 00 00 80 3F
88 00 00 A0 40 88 00 00 96 43 88 00 00 A0 40 88
33 33 33 3F 88 00 80 3B 44 88 00 00 A0 40 88 00
[22:14:59.359] [INFO] [read-only] READ 64 byte(s):
80 ED 44 88 00 00 80 3F 88 00 00 80 3F 88 00 00
A0 40 88 00 00 A0 40 88 00 00 C8 42 88 00 00 80
3F 88 00 00 00 00 88 00 00 C8 41 88 00 00 A0 40
88 00 00 00 00 88 00 00 C0 3F 88 00 00 00 00 88
[22:14:59.362] [INFO] [read-only] READ 64 byte(s):
00 00 80 3F 88 00 00 C0 3F 88 00 00 00 00 88 00
00 00 00 88 00 00 A0 40 88 00 00 A0 40 88 00 00
80 3F 88 00 00 00 00 88 00 00 80 40 88 00 00 A0
40 88 00 00 00 00 88 00 00 00 00 88 00 00 00 00
[22:14:59.366] [INFO] [read-only] READ 64 byte(s):
88 00 00 A0 40 88 00 00 00 00 88 00 00 00 00 88
00 00 00 00 88 00 00 A0 40 88 00 00 00 00 88 00
00 00 00 88 00 00 00 00 88 00 00 A0 40 88 00 00
00 00 88 00 00 00 00 88 00 00 00 00 88 00 00 A0
[22:14:59.369] [INFO] [read-only] READ 64 byte(s):
40 88 00 00 00 00 88 00 00 00 00 88 00 00 00 00
88 00 00 A0 40 88 00 00 00 00 88 00 00 00 00 88
00 00 00 00 88 00 00 80 3F 88 00 00 00 00 88 00
00 00 00 88 00 00 00 00 88 00 00 70 41 88 00 00
[22:14:59.372] [INFO] [read-only] READ 64 byte(s):
00 3F 88 00 00 48 42 88 00 00 F0 40 88 00 00 00
00 88 00 00 40 40 88 00 00 D0 40 88 00 00 00 00
88 00 00 00 00 88 00 00 C0 40 88 00 00 00 00 88
00 00 70 41 88 00 00 00 3F 88 00 00 48 42 88 00
[22:14:59.376] [INFO] [read-only] READ 64 byte(s):
00 F0 40 88 00 00 00 00 88 00 00 70 41 88 00 00
00 3F 88 00 00 48 42 88 00 00 C8 41 88 00 00 F0
40 88 00 00 00 00 88 00 00 40 40 88 00 00 B4 43
88 00 00 F0 42 88 00 00 48 42 88 00 00 A0 40 88
[22:14:59.380] [INFO] [read-only] READ 64 byte(s):
00 00 80 3F 88 00 00 00 00 88 00 00 00 00 88 00
00 00 00 88 00 00 10 41 88 00 00 AF 43 88 00 00
A0 41 88 00 00 00 00 88 00 00 48 42 88 00 00 00
00 88 00 00 10 41 88 00 00 AF 43 88 00 00 A0 41
[22:14:59.383] [INFO] [read-only] READ 64 byte(s):
88 00 00 00 00 88 00 00 48 42 BA 6D 88 00 00 00
00 88 00 00 00 00 88 00 00 C8 C2 88 00 00 A0 41
88 00 00 70 C2 88 00 00 80 3F 88 00 00 00 00 88
00 00 00 00 88 00 00 00 00 88 00 00 A0 40 88 00
[22:14:59.386] [INFO] [read-only] READ 64 byte(s):
00 80 3F 88 00 00 A0 40 88 00 00 96 43 88 00 00
A0 40 88 33 33 33 3F 88 00 80 3B 44 88 00 00 A0
40 88 00 80 ED 44 88 00 00 80 3F 88 00 00 80 3F
88 00 00 A0 40 88 00 00 A0 40 88 00 00 C8 42 88
[22:14:59.391] [INFO] [read-only] READ 64 byte(s):
00 00 80 3F 88 00 00 00 00 88 00 00 C8 41 88 00
00 A0 40 88 00 00 00 00 88 00 00 C0 3F 88 00 00
00 00 88 00 00 80 3F 88 00 00 C0 3F 88 00 00 00
00 88 00 00 00 00 88 00 00 A0 40 88 00 00 A0 40
[22:14:59.394] [INFO] [read-only] READ 64 byte(s):
88 00 00 80 3F 88 00 00 00 00 88 00 00 80 40 88
00 00 A0 40 88 00 00 00 00 88 00 00 00 00 88 00
00 00 00 88 00 00 A0 40 88 00 00 00 00 88 00 00
00 00 88 00 00 00 00 88 00 00 A0 40 88 00 00 00
[22:14:59.397] [INFO] [read-only] READ 64 byte(s):
00 88 00 00 00 00 88 00 00 00 00 88 00 00 A0 40
88 00 00 00 00 88 00 00 00 00 88 00 00 00 00 88
00 00 A0 40 88 00 00 00 00 88 00 00 00 00 88 00
00 00 00 88 00 00 A0 40 88 00 00 00 00 88 00 00
[22:14:59.400] [INFO] [read-only] READ 64 byte(s):
00 00 88 00 00 00 00 88 00 00 80 3F 88 00 00 00
00 88 00 00 00 00 88 00 00 00 00 88 00 00 70 41
88 00 00 00 3F 88 00 00 48 42 88 00 00 F0 40 88
00 00 00 00 88 00 00 40 40 88 00 00 D0 40 88 00
[22:14:59.404] [INFO] [read-only] READ 64 byte(s):
00 00 00 88 00 00 00 00 88 00 00 C0 40 88 00 00
00 00 88 00 00 70 41 88 00 00 00 3F 88 00 00 48
42 88 00 00 F0 40 88 00 00 00 00 88 00 00 70 41
88 00 00 00 3F 88 00 00 48 42 88 00 00 C8 41 88
[22:14:59.407] [INFO] [read-only] READ 64 byte(s):
00 00 F0 40 88 00 00 00 00 88 00 00 40 40 88 00
00 B4 43 88 00 00 F0 42 88 00 00 48 42 88 00 00
A0 40 88 00 00 80 3F 88 00 00 00 00 88 00 00 00
00 88 00 00 00 00 88 00 00 10 41 88 00 00 AF 43
[22:14:59.410] [INFO] [read-only] READ 64 byte(s):
88 00 00 A0 41 88 00 00 00 00 88 00 00 48 42 88
00 00 00 00 88 00 00 10 41 88 00 00 AF 43 88 00
00 A0 41 88 00 00 00 00 88 00 00 48 42 B9 0D B9
02 BC 21 00 36 C2 3B 5F CB A0 3A B0 B4 87 BA E0
[22:14:59.413] [INFO] [read-only] READ 64 byte(s):
38 42 3C F2 9A 19 3C 89 37 BA 3B DC F4 91 BA D6
E1 0B BB E3 00 B9 02 BC 0B 32 30 32 34 2D 30 33
2D 32 32 00 0A B9 02 BC 21 53 54 4F 4D 50 20 2D
20 46 55 5A 5A 00 A1 37 3C 3E B2 D6 3A E2 58 A8
[22:14:59.416] [INFO] [read-only] READ 64 byte(s):
3B 67 FA 89 BB B8 78 06 BB E0 0C B9 02 BC 21 45
6C 65 63 74 72 69 63 20 47 75 69 74 61 72 00 CB
1D 49 3B FC 17 10 3B 08 61 19 3B 18 3A 2E BA F2
0F B9 02 BC 21 53 6F 6C 69 64 20 42 6F 64 79 00
[22:14:59.418] [INFO] [read-only] READ 64 byte(s):
3A 65 9E 9A 3B B8 2C B2 BA A7 B8 60 3B E0 31 84
BB 28 0E C0 BA 54 0A B9 02 BC 21 00 1A DE BA 88
E6 C2 BA 44 EB F1 BB 8E 8B 69 BA 5F 50 EC 3B 61
63 A7 BA A7 94 4A 3B 73 79 2E 3A 0C 00 B9 02 BC
[22:14:59.421] [INFO] [read-only] READ 64 byte(s):
21 00 A7 2C BC DC A6 17 BC A4 A4 F5 3B 70 1C 9E
3B 0E 8C C4 3B 74 40 09 3B D4 AF 8D BC 50 B9 6C
BB F9 00 B9 02 BC 21 00 8B D2 BB 7A 5C 62 BC 71
B6 3F BC 56 4E 29 3C 51 12 B2 3B 2D 18 D6 BB C7
[22:14:59.425] [INFO] [read-only] READ 64 byte(s):
6E A5 3B 2E 2A 1E BC D6 00 B9 02 BC 21 00 A3 0A
BC 2E 81 24 39 17 12 BC 3B F9 02 C1 BB 9D D9 84
3B 02 F9 B0 3B A8 DA 04 BC 67 60 98 BC 05 00 B9
02 BC 21 00 18 90 3B 7F 6D A7 3C 4B F3 73 BB 6F
[22:14:59.428] [INFO] [read-only] READ 64 byte(s):
12 E7 3B EC 96 1A BC F3 05 1D BC F6 95 5C 3B DD
41 94 BA 91 00 B9 02 BC 21 00 78 F8 3B 93 64 2C
BC 76 69 23 3B C0 7A BD BB 5A F5 F1 39 7B 61 8D
3B FE 8A B6 BC 77 F8 6A BC 97 00 B9 02 BC 21 00
[22:14:59.431] [INFO] [read-only] READ 64 byte(s):
3D C9 3B C8 2A 0C BC 09 60 47 BC B5 82 0F 3C 20
EF 0F BB 4C 9C 6E BC E8 EC 1C BB 48 9E 11 BC 84
00 B9 02 BC 41 49 4B 20 4D 75 6C 74 69 6D 65 64
69 61 20 50 72 65 6D 69 75 6D 20 50 72 65 73 65
[22:14:59.435] [INFO] [read-only] READ 42 byte(s):
74 00 BC B1 BC 3F 40 3B 3B 58 CD 88 BC AC 62 05
BC 7C 14 28 BC E0 E4 2F E3 0B 00 00 00 12 00 00
00 00 00 00 00 10 1C C9 8D 7E
[22:14:59.439] [INFO] [read-only] WRITE 21 byte(s):
7E B9 03 81 00 03 82 06 00 80 0B 03 B9 04 0B 01
13 00 31 98 7E
[22:14:59.447] [INFO] [read-only] READ 64 byte(s):
7E B9 03 81 04 03 81 9D 08 0B B9 03 01 13 B9 04
B9 02 BC 21 41 6C 6C 20 41 72 6F 75 6E 64 20 44
72 69 76 65 00 00 00 00 00 00 00 00 00 00 00 00
00 00 00 00 00 10 BA 02 88 00 00 00 00 88 00 00
[22:14:59.454] [INFO] [read-only] READ 64 byte(s):
F0 42 BA 03 BA 6D 88 00 00 00 00 88 00 00 80 3F
88 00 00 C8 C2 88 00 00 A0 41 88 00 00 70 C2 88
00 00 80 3F 88 00 00 80 3F 88 00 00 98 C1 88 00
00 80 3F 88 00 00 A0 40 88 00 00 80 3F 88 00 00
[22:14:59.457] [INFO] [read-only] READ 64 byte(s):
A0 40 88 00 00 96 43 88 00 00 A0 40 88 33 33 33
3F 88 00 80 3B 44 88 00 00 A0 40 88 00 80 ED 44
88 00 00 80 3F 88 00 00 00 00 88 67 66 D6 40 88
00 00 A0 40 88 00 00 C8 42 88 00 00 80 3F 88 00
[22:14:59.459] [INFO] [read-only] READ 64 byte(s):
00 00 00 88 00 00 C8 41 88 00 00 A0 40 88 00 00
00 00 88 00 00 C0 3F 88 00 00 00 00 88 00 00 80
3F 88 00 00 C0 3F 88 00 00 00 00 88 00 00 00 00
88 00 00 A0 40 88 00 00 A0 40 88 00 00 80 3F 88
[22:14:59.461] [INFO] [read-only] READ 64 byte(s):
00 00 80 3F 88 00 00 80 40 88 00 00 A0 40 88 00
00 00 00 88 00 00 00 00 88 00 00 F0 41 88 00 00
A0 40 88 00 00 00 00 88 00 00 00 00 88 00 00 F0
41 88 00 00 A0 40 88 00 00 00 00 88 00 00 00 00
[22:14:59.465] [INFO] [read-only] READ 64 byte(s):
88 00 00 F0 41 88 00 00 A0 40 88 00 00 00 00 88
00 00 00 00 88 00 00 F0 41 88 00 00 A0 40 88 00
00 00 00 88 00 00 00 00 88 00 00 00 00 88 00 00
A0 40 88 00 00 00 00 88 00 00 00 00 88 00 00 F0
[22:14:59.468] [INFO] [read-only] READ 64 byte(s):
41 88 00 00 80 3F 88 00 00 00 00 88 00 00 00 00
88 00 00 00 00 88 00 00 70 41 88 00 00 00 3F 88
00 00 48 42 88 00 00 F0 40 88 00 00 00 00 88 00
00 40 40 88 00 00 D0 40 88 00 00 00 00 88 00 00
[22:14:59.472] [INFO] [read-only] READ 64 byte(s):
00 00 88 00 00 C0 40 88 00 00 00 00 88 00 00 70
41 88 00 00 00 3F 88 00 00 48 42 88 00 00 F0 40
88 00 00 00 00 88 00 00 70 41 88 00 00 00 3F 88
00 00 48 42 88 00 00 C8 41 88 00 00 F0 40 88 00
[22:14:59.478] [INFO] [read-only] READ 64 byte(s):
00 00 00 88 00 00 40 40 88 00 00 B4 43 88 00 00
F0 42 88 00 00 48 42 88 00 00 A0 40 88 00 00 80
3F 88 00 00 00 00 88 00 00 00 00 88 00 00 00 00
88 00 00 10 41 88 00 00 AF 43 88 00 00 A0 41 88
[22:14:59.482] [INFO] [read-only] READ 64 byte(s):
00 00 00 00 88 00 00 48 42 88 00 00 00 00 88 00
00 10 41 88 00 00 AF 43 88 00 00 A0 41 88 00 00
00 00 88 00 00 48 42 BA 6D 88 00 00 00 00 88 00
00 00 00 88 00 00 C8 C2 88 00 00 A0 41 88 00 00
[22:14:59.487] [INFO] [read-only] READ 64 byte(s):
70 C2 88 00 00 80 3F 88 00 00 00 00 88 00 00 00
00 88 00 00 00 00 88 00 00 A0 40 88 00 00 80 3F
88 00 00 A0 40 88 00 00 96 43 88 00 00 A0 40 88
33 33 33 3F 88 00 80 3B 44 88 00 00 A0 40 88 00
[22:14:59.492] [INFO] [read-only] READ 64 byte(s):
80 ED 44 88 00 00 80 3F 88 00 00 00 00 88 00 00
A0 40 88 00 00 A0 40 88 00 00 C8 42 88 00 00 80
3F 88 00 00 00 00 88 00 00 C8 41 88 00 00 A0 40
88 00 00 00 00 88 00 00 C0 3F 88 00 00 00 00 88
[22:14:59.496] [INFO] [read-only] READ 64 byte(s):
00 00 80 3F 88 00 00 C0 3F 88 00 00 00 00 88 00
00 00 00 88 00 00 A0 40 88 00 00 A0 40 88 00 00
80 3F 88 00 00 00 00 88 00 00 80 40 88 00 00 A0
40 88 00 00 00 00 88 00 00 00 00 88 00 00 F0 41
[22:14:59.499] [INFO] [read-only] READ 64 byte(s):
88 00 00 A0 40 88 00 00 00 00 88 00 00 00 00 88
00 00 F0 41 88 00 00 A0 40 88 00 00 00 00 88 00
00 00 00 88 00 00 F0 41 88 00 00 A0 40 88 00 00
00 00 88 00 00 00 00 88 00 00 F0 41 88 00 00 A0
[22:14:59.502] [INFO] [read-only] READ 64 byte(s):
40 88 00 00 00 00 88 00 00 00 00 88 00 00 F0 41
88 00 00 A0 40 88 00 00 00 00 88 00 00 00 00 88
00 00 F0 41 88 00 00 80 3F 88 00 00 00 00 88 00
00 00 00 88 00 00 00 00 88 00 00 70 41 88 00 00
[22:14:59.507] [INFO] [read-only] READ 64 byte(s):
00 3F 88 00 00 48 42 88 00 00 F0 40 88 00 00 00
00 88 00 00 40 40 88 00 00 D0 40 88 00 00 00 00
88 00 00 00 00 88 00 00 C0 40 88 00 00 00 00 88
00 00 70 41 88 00 00 00 3F 88 00 00 48 42 88 00
[22:14:59.511] [INFO] [read-only] READ 64 byte(s):
00 F0 40 88 00 00 00 00 88 00 00 70 41 88 00 00
00 3F 88 00 00 48 42 88 00 00 C8 41 88 00 00 F0
40 88 00 00 00 00 88 00 00 40 40 88 00 00 B4 43
88 00 00 F0 42 88 00 00 48 42 88 00 00 A0 40 88
[22:14:59.515] [INFO] [read-only] READ 64 byte(s):
00 00 80 3F 88 00 00 00 00 88 00 00 00 00 88 00
00 00 00 88 00 00 10 41 88 00 00 AF 43 88 00 00
A0 41 88 00 00 00 00 88 00 00 48 42 88 00 00 00
00 88 00 00 10 41 88 00 00 AF 43 88 00 00 A0 41
[22:14:59.520] [INFO] [read-only] READ 64 byte(s):
88 00 00 00 00 88 00 00 48 42 BA 6D 88 00 00 00
00 88 00 00 00 00 88 00 00 C8 C2 88 00 00 A0 41
88 00 00 70 C2 88 00 00 80 3F 88 00 00 00 00 88
00 00 00 00 88 00 00 00 00 88 00 00 A0 40 88 00
[22:14:59.525] [INFO] [read-only] READ 64 byte(s):
00 80 3F 88 00 00 A0 40 88 00 00 96 43 88 00 00
A0 40 88 33 33 33 3F 88 00 80 3B 44 88 00 00 A0
40 88 00 80 ED 44 88 00 00 80 3F 88 00 00 00 00
88 00 00 A0 40 88 00 00 A0 40 88 00 00 C8 42 88
[22:14:59.528] [INFO] [read-only] READ 64 byte(s):
00 00 80 3F 88 00 00 00 00 88 00 00 C8 41 88 00
00 A0 40 88 00 00 00 00 88 00 00 C0 3F 88 00 00
00 00 88 00 00 80 3F 88 00 00 C0 3F 88 00 00 00
00 88 00 00 00 00 88 00 00 A0 40 88 00 00 A0 40
[22:14:59.531] [INFO] [read-only] READ 64 byte(s):
88 00 00 80 3F 88 00 00 00 00 88 00 00 80 40 88
00 00 A0 40 88 00 00 00 00 88 00 00 00 00 88 00
00 F0 41 88 00 00 A0 40 88 00 00 00 00 88 00 00
00 00 88 00 00 F0 41 88 00 00 A0 40 88 00 00 00
[22:14:59.534] [INFO] [read-only] READ 64 byte(s):
00 88 00 00 00 00 88 00 00 F0 41 88 00 00 A0 40
88 00 00 00 00 88 00 00 00 00 88 00 00 F0 41 88
00 00 A0 40 88 00 00 00 00 88 00 00 00 00 88 00
00 F0 41 88 00 00 A0 40 88 00 00 00 00 88 00 00
[22:14:59.538] [INFO] [read-only] READ 64 byte(s):
00 00 88 00 00 F0 41 88 00 00 80 3F 88 00 00 00
00 88 00 00 00 00 88 00 00 00 00 88 00 00 70 41
88 00 00 00 3F 88 00 00 48 42 88 00 00 F0 40 88
00 00 00 00 88 00 00 40 40 88 00 00 D0 40 88 00
[22:14:59.541] [INFO] [read-only] READ 64 byte(s):
00 00 00 88 00 00 00 00 88 00 00 C0 40 88 00 00
00 00 88 00 00 70 41 88 00 00 00 3F 88 00 00 48
42 88 00 00 F0 40 88 00 00 00 00 88 00 00 70 41
88 00 00 00 3F 88 00 00 48 42 88 00 00 C8 41 88
[22:14:59.544] [INFO] [read-only] READ 64 byte(s):
00 00 F0 40 88 00 00 00 00 88 00 00 40 40 88 00
00 B4 43 88 00 00 F0 42 88 00 00 48 42 88 00 00
A0 40 88 00 00 80 3F 88 00 00 00 00 88 00 00 00
00 88 00 00 00 00 88 00 00 10 41 88 00 00 AF 43
[22:14:59.551] [INFO] [read-only] READ 64 byte(s):
88 00 00 A0 41 88 00 00 00 00 88 00 00 48 42 88
00 00 00 00 88 00 00 10 41 88 00 00 AF 43 88 00
00 A0 41 88 00 00 00 00 88 00 00 48 42 B9 0D B9
02 BC 21 00 E7 74 BA B4 6C 0B 3B B2 E9 95 BC 65
[22:14:59.556] [INFO] [read-only] READ 64 byte(s):
22 01 BD 06 44 B4 BC 03 F2 B4 BC 58 DC EA 3A F5
D1 6A 3B 1F 00 B9 02 BC 0B 32 30 32 36 2D 30 31
2D 30 34 00 0A B9 02 BC 21 44 52 49 56 45 00 B4
BC FA 91 D5 BC 16 9F AD BC 32 FF 1F BC B7 FC 30
[22:14:59.560] [INFO] [read-only] READ 64 byte(s):
BA 02 5D AB BC 66 38 52 BD 6E 05 B9 02 BC 21 4E
6F 6E 65 00 9D B0 BC 60 23 EA BC 30 A0 4E BD 84
43 48 BD 32 D7 4E BD F9 5E 22 BD 13 AE BB BC CF
04 B9 02 BC 21 4E 6F 6E 65 00 79 42 BD 80 1F 25
[22:14:59.565] [INFO] [read-only] READ 64 byte(s):
BD A5 9A AA B9 1D 55 F4 3B 1A BE 82 BC 97 3A 25
BD 36 19 EC BC FF 04 B9 02 BC 21 4E 6F 6E 65 00
C1 FD BB B4 6F 1E 3C D7 5E 22 BA E8 89 0A BC E7
84 9D BA 01 A4 48 3C 07 7F F4 3C CA 04 B9 02 BC
[22:14:59.569] [INFO] [read-only] READ 64 byte(s):
21 4E 6F 6E 65 00 DD DC BB FF 64 55 3C 66 55 82
BB 61 38 B7 BC 7A 4D 90 BC 21 68 73 BB E9 CA 0A
BC A6 04 B9 02 BC 21 00 52 89 BC 28 5D A0 BB B5
2A 7D 5D BC 58 8F 39 BC A5 6F D0 B7 D9 12 AC B9
[22:14:59.576] [INFO] [read-only] READ 64 byte(s):
91 48 41 BC AF 82 02 BD 50 00 B9 02 BC 21 00 3E
6C BC 86 03 17 BD F0 DE 13 BD 13 2E 26 BC 9D 9A
C6 BB 75 50 32 BC 49 5E 00 BD 88 42 FC BC CF 00
B9 02 BC 21 00 4E 92 BC E4 9F 1A BB 96 01 5A 3C
[22:14:59.581] [INFO] [read-only] READ 64 byte(s):
B1 BC 00 BC 4E E8 CA BC EA ED 21 BD 9A 34 73 BC
77 CE 01 3C 4C 00 B9 02 BC 21 00 E3 81 BC 9D 44
2C 3C CE 21 19 3C F8 B9 01 3C 0E 2A A4 BB F1 EB
AB BB 9C 13 EE 3B 09 5E 88 3C A6 00 B9 02 BC 21
[22:14:59.589] [INFO] [read-only] READ 64 byte(s):
00 B9 92 3C 85 D0 67 BB 81 8C 0A BC F3 0F AB 3C
27 23 54 3D E5 33 81 3D 55 C5 05 3D 88 1C 4A 3C
0B 00 B9 02 BC 41 00 BF B1 3D DC C1 7A 3D 77 F9
C6 3C 84 38 C4 3C 6B 81 25 3D 82 71 46 3D ED 63
[22:14:59.595] [INFO] [read-only] READ 43 byte(s):
A0 3D 17 38 DA 3D C2 5D BC 3D 65 D0 31 3D 4D 48
14 3C C6 DE 71 BD 01 1C 80 BD 90 E5 01 3F 51 BE
63 B5 7A 25 00 00 72 00 5E 91 7E
[22:14:59.600] [INFO] [read-only] WRITE 21 byte(s):
7E B9 03 81 00 03 82 06 00 80 0B 03 B9 04 0B 01
00 00 C8 27 7E
[22:14:59.606] [INFO] [read-only] READ 64 byte(s):
7E B9 03 81 04 03 81 9D 08 0B B9 03 01 00 B9 04
B9 02 BC 21 4D 6F 64 65 72 6E 20 54 72 69 70 6C
65 00 00 00 00 00 00 00 00 00 00 00 00 00 00 00
00 00 00 00 00 0D BA 02 88 00 00 00 00 88 00 00
[22:14:59.612] [INFO] [read-only] READ 64 byte(s):
F0 42 BA 03 BA 6D 88 00 00 00 00 88 00 00 00 00
88 00 00 C8 C2 88 00 00 A0 41 88 00 00 70 C2 88
00 00 80 3F 88 00 00 00 00 88 00 00 00 00 88 00
00 00 00 88 00 00 A0 40 88 00 00 80 3F 88 00 00
[22:14:59.616] [INFO] [read-only] READ 64 byte(s):
20 41 88 00 00 96 43 88 00 00 20 41 88 33 33 33
3F 88 00 80 3B 44 88 00 00 20 41 88 00 80 ED 44
88 00 00 80 3F 88 00 00 00 00 88 CD CC AC 40 88
00 00 E0 40 88 00 00 C8 42 88 00 00 80 3F 88 00
[22:14:59.618] [INFO] [read-only] READ 64 byte(s):
00 00 00 88 00 00 C8 41 88 00 00 A0 40 88 00 00
00 00 88 00 00 C0 3F 88 00 00 00 00 88 00 00 80
3F 88 00 00 C0 3F 88 00 00 00 00 88 00 00 00 00
88 00 00 A0 40 88 00 00 A0 40 88 00 00 80 3F 88
[22:14:59.621] [INFO] [read-only] READ 64 byte(s):
00 00 00 00 88 00 00 80 40 88 00 00 A0 40 88 00
00 00 00 88 00 00 00 00 88 00 00 F0 41 88 00 00
A0 40 88 00 00 00 00 88 00 00 00 00 88 00 00 F0
41 88 00 00 A0 40 88 00 00 00 00 88 00 00 00 00
[22:14:59.622] [INFO] [read-only] READ 64 byte(s):
88 00 00 F0 41 88 00 00 A0 40 88 00 00 00 00 88
00 00 00 00 88 00 00 F0 41 88 00 00 A0 40 88 00
00 00 00 88 00 00 00 00 88 00 00 F0 41 88 00 00
A0 40 88 00 00 00 00 88 00 00 00 00 88 00 00 F0
[22:14:59.624] [INFO] [read-only] READ 64 byte(s):
41 88 00 00 80 3F 88 00 00 00 00 88 00 00 00 00
88 00 00 00 00 88 00 00 70 41 88 00 00 00 3F 88
00 00 48 42 88 00 00 F0 40 88 00 00 00 00 88 00
00 40 40 88 00 00 D0 40 88 00 00 00 00 88 00 00
[22:14:59.629] [INFO] [read-only] READ 64 byte(s):
00 00 88 00 00 C0 40 88 00 00 00 00 88 00 00 70
41 88 00 00 00 3F 88 00 00 48 42 88 00 00 F0 40
88 00 00 00 00 88 00 00 70 41 88 00 00 00 3F 88
00 00 48 42 88 00 00 C8 41 88 00 00 F0 40 88 00
[22:14:59.634] [INFO] [read-only] READ 64 byte(s):
00 00 00 88 00 00 40 40 88 00 00 B4 43 88 00 00
F0 42 88 00 00 48 42 88 00 00 A0 40 88 00 00 80
3F 88 00 00 00 00 88 00 00 00 00 88 00 00 00 00
88 00 00 10 41 88 00 00 AF 43 88 00 00 A0 41 88
[22:14:59.637] [INFO] [read-only] READ 64 byte(s):
00 00 00 00 88 00 00 48 42 88 00 00 00 00 88 00
00 10 41 88 00 00 AF 43 88 00 00 A0 41 88 00 00
00 00 88 00 00 48 42 BA 6D 88 00 00 00 00 88 00
00 00 00 88 00 00 C8 C2 88 00 00 A0 41 88 00 00
[22:14:59.642] [INFO] [read-only] READ 64 byte(s):
70 C2 88 00 00 80 3F 88 00 00 00 00 88 00 00 00
00 88 00 00 00 00 88 00 00 A0 40 88 00 00 80 3F
88 00 00 A0 40 88 00 00 96 43 88 00 00 A0 40 88
33 33 33 3F 88 00 80 3B 44 88 00 00 A0 40 88 00
[22:14:59.646] [INFO] [read-only] READ 64 byte(s):
80 ED 44 88 00 00 80 3F 88 00 00 00 00 88 00 00
A0 40 88 00 00 A0 40 88 00 00 C8 42 88 00 00 80
3F 88 00 00 00 00 88 00 00 C8 41 88 00 00 A0 40
88 00 00 00 00 88 00 00 C0 3F 88 00 00 00 00 88
[22:14:59.651] [INFO] [read-only] READ 64 byte(s):
00 00 80 3F 88 00 00 C0 3F 88 00 00 00 00 88 00
00 00 00 88 00 00 A0 40 88 00 00 A0 40 88 00 00
80 3F 88 00 00 00 00 88 00 00 80 40 88 00 00 A0
40 88 00 00 00 00 88 00 00 00 00 88 00 00 F0 41
[22:14:59.654] [INFO] [read-only] READ 64 byte(s):
88 00 00 A0 40 88 00 00 00 00 88 00 00 00 00 88
00 00 F0 41 88 00 00 A0 40 88 00 00 00 00 88 00
00 00 00 88 00 00 F0 41 88 00 00 A0 40 88 00 00
00 00 88 00 00 00 00 88 00 00 F0 41 88 00 00 A0
[22:14:59.656] [INFO] [read-only] READ 64 byte(s):
40 88 00 00 00 00 88 00 00 00 00 88 00 00 F0 41
88 00 00 A0 40 88 00 00 00 00 88 00 00 00 00 88
00 00 F0 41 88 00 00 80 3F 88 00 00 00 00 88 00
00 00 00 88 00 00 00 00 88 00 00 70 41 88 00 00
[22:14:59.659] [INFO] [read-only] READ 64 byte(s):
00 3F 88 00 00 48 42 88 00 00 F0 40 88 00 00 00
00 88 00 00 40 40 88 00 00 D0 40 88 00 00 00 00
88 00 00 00 00 88 00 00 C0 40 88 00 00 00 00 88
00 00 70 41 88 00 00 00 3F 88 00 00 48 42 88 00
[22:14:59.661] [INFO] [read-only] READ 64 byte(s):
00 F0 40 88 00 00 00 00 88 00 00 70 41 88 00 00
00 3F 88 00 00 48 42 88 00 00 C8 41 88 00 00 F0
40 88 00 00 00 00 88 00 00 40 40 88 00 00 B4 43
88 00 00 F0 42 88 00 00 48 42 88 00 00 A0 40 88
[22:14:59.664] [INFO] [read-only] READ 64 byte(s):
00 00 80 3F 88 00 00 00 00 88 00 00 00 00 88 00
00 00 00 88 00 00 10 41 88 00 00 AF 43 88 00 00
A0 41 88 00 00 00 00 88 00 00 48 42 88 00 00 00
00 88 00 00 10 41 88 00 00 AF 43 88 00 00 A0 41
[22:14:59.667] [INFO] [read-only] READ 64 byte(s):
88 00 00 00 00 88 00 00 48 42 BA 6D 88 00 00 00
00 88 00 00 00 00 88 00 00 C8 C2 88 00 00 A0 41
88 00 00 70 C2 88 00 00 80 3F 88 00 00 00 00 88
00 00 00 00 88 00 00 00 00 88 00 00 A0 40 88 00
[22:14:59.669] [INFO] [read-only] READ 64 byte(s):
00 80 3F 88 00 00 A0 40 88 00 00 96 43 88 00 00
A0 40 88 33 33 33 3F 88 00 80 3B 44 88 00 00 A0
40 88 00 80 ED 44 88 00 00 80 3F 88 00 00 00 00
88 00 00 A0 40 88 00 00 A0 40 88 00 00 C8 42 88
[22:14:59.671] [INFO] [read-only] READ 64 byte(s):
00 00 80 3F 88 00 00 00 00 88 00 00 C8 41 88 00
00 A0 40 88 00 00 00 00 88 00 00 C0 3F 88 00 00
00 00 88 00 00 80 3F 88 00 00 C0 3F 88 00 00 00
00 88 00 00 00 00 88 00 00 A0 40 88 00 00 A0 40
[22:14:59.673] [INFO] [read-only] READ 64 byte(s):
88 00 00 80 3F 88 00 00 00 00 88 00 00 80 40 88
00 00 A0 40 88 00 00 00 00 88 00 00 00 00 88 00
00 F0 41 88 00 00 A0 40 88 00 00 00 00 88 00 00
00 00 88 00 00 F0 41 88 00 00 A0 40 88 00 00 00
[22:14:59.675] [INFO] [read-only] READ 64 byte(s):
00 88 00 00 00 00 88 00 00 F0 41 88 00 00 A0 40
88 00 00 00 00 88 00 00 00 00 88 00 00 F0 41 88
00 00 A0 40 88 00 00 00 00 88 00 00 00 00 88 00
00 F0 41 88 00 00 A0 40 88 00 00 00 00 88 00 00
[22:14:59.678] [INFO] [read-only] READ 64 byte(s):
00 00 88 00 00 F0 41 88 00 00 80 3F 88 00 00 00
00 88 00 00 00 00 88 00 00 00 00 88 00 00 70 41
88 00 00 00 3F 88 00 00 48 42 88 00 00 F0 40 88
00 00 00 00 88 00 00 40 40 88 00 00 D0 40 88 00
[22:14:59.684] [INFO] [read-only] READ 64 byte(s):
00 00 00 88 00 00 00 00 88 00 00 C0 40 88 00 00
00 00 88 00 00 70 41 88 00 00 00 3F 88 00 00 48
42 88 00 00 F0 40 88 00 00 00 00 88 00 00 70 41
88 00 00 00 3F 88 00 00 48 42 88 00 00 C8 41 88
[22:14:59.686] [INFO] [read-only] READ 64 byte(s):
00 00 F0 40 88 00 00 00 00 88 00 00 40 40 88 00
00 B4 43 88 00 00 F0 42 88 00 00 48 42 88 00 00
A0 40 88 00 00 80 3F 88 00 00 00 00 88 00 00 00
00 88 00 00 00 00 88 00 00 10 41 88 00 00 AF 43
[22:14:59.689] [INFO] [read-only] READ 64 byte(s):
88 00 00 A0 41 88 00 00 00 00 88 00 00 48 42 88
00 00 00 00 88 00 00 10 41 88 00 00 AF 43 88 00
00 A0 41 88 00 00 00 00 88 00 00 48 42 B9 0D B9
02 BC 21 00 6B 01 BC DE C0 C7 BA 72 C3 F8 BA B6
[22:14:59.692] [INFO] [read-only] READ 64 byte(s):
3B D5 BB F8 23 DF BB E4 BE 15 BC 1B 94 32 BC B2
3B 1C BC 83 00 B9 02 BC 0B 32 30 32 36 2D 30 32
2D 31 34 00 0A B9 02 BC 21 48 49 2D 47 41 49 4E
00 8A 8B 74 BB 19 F5 72 3B 33 6A A2 BB 70 BA 7D
[22:14:59.694] [INFO] [read-only] READ 64 byte(s):
5E BC 7F 46 4F BC 1A 89 24 BC 3F 07 B9 02 BC 21
4E 6F 6E 65 00 25 77 3B 3B 80 28 3C D6 D7 6F BA
68 80 CA BB A4 E0 C3 B9 95 0D 92 3B 39 B4 95 BB
DA 04 B9 02 BC 21 4E 6F 6E 65 00 8E 3B BA E0 F1
[22:14:59.696] [INFO] [read-only] READ 64 byte(s):
00 BB 16 33 24 BA FD 13 07 BB E5 23 28 BC 94 CD
18 BC AE D2 76 BB 07 04 B9 02 BC 21 4E 6F 6E 65
00 AB 34 BB 6E 56 B8 BA B4 66 AF B9 BB D3 2A 3C
8D EB 01 3C CC 1B 16 BB 72 9C 2D BB FC 04 B9 02
[22:14:59.699] [INFO] [read-only] READ 64 byte(s):
BC 21 4E 6F 6E 65 00 4C 62 BB CC 71 79 BC F5 13
00 BC F8 41 15 3C C8 A3 23 3C 62 37 FC 3B 4D 46
C1 3B 24 04 B9 02 BC 21 00 29 45 BC 3C 2B 32 BC
90 40 67 B9 CA EB F2 3B 48 4C 80 3A D3 16 3E 3C
[22:14:59.703] [INFO] [read-only] READ 64 byte(s):
75 CC 53 3C CB 67 10 BC 8E 00 B9 02 BC 21 00 C9
B8 BB A4 03 37 3C CF 5F CA 3C 90 EC 8C 3C 78 96
59 3C E8 47 4B 3B B9 CA 30 BB D2 B5 11 BC 60 00
B9 02 BC 21 00 5D 04 3C D6 60 33 3C EB 46 2C 3C
[22:14:59.706] [INFO] [read-only] READ 64 byte(s):
3F BF 1F 3C 38 37 23 B9 7C 60 16 3C 92 C6 60 3B
82 C0 CD 3B 7D 5E 00 B9 02 BC 21 00 18 0F 3C DC
40 3F 3C 3B 93 59 3C 43 BC D3 3B FC F6 C9 3B A1
78 25 BC 4B 6D CB 3B 63 D5 08 3C 0E 00 B9 02 BC
[22:14:59.710] [INFO] [read-only] READ 64 byte(s):
21 00 57 91 BC ED 04 58 BC CC AA 6E BB 91 67 1C
BC B5 53 17 BC D2 12 9F 3C 93 4D C0 3B EA 28 5D
BB 94 00 B9 02 BC 41 00 77 0D 3D 41 4E 1D 3D AE
E8 3F BC E0 AA 19 3D 28 89 CB 3C B1 9F 71 BB F7
[22:14:59.713] [INFO] [read-only] READ 44 byte(s):
66 2C BD 80 30 0D BC 96 1B A0 BC 97 66 D3 BC 8E
A2 74 3B 15 61 88 BC 0B F2 99 BC AB 90 17 BC 5E
DF 9A 8B 12 99 00 00 72 00 A2 15 7E
[22:14:59.719] [INFO] connect() reached Ready — handshake, state-blob read, and preset-name harvest all succeeded.
[22:14:59.723] [FINDING] Firmware version: :protocol does not parse or expose a firmware-version field from any known pedal message (TonexMessage.Hello's payload is documented as carrying nothing further extractable, and no other catalogued message carries a version string). No firmware version could be recorded automatically this run. If the IK ToneX Editor / companion app shows a firmware version for this pedal, please note it manually as a comment on issue #25 — S8's offset table is currently only pinned to an upstream source commit as a proxy, not a real observed firmware version.
[22:14:59.726] [FINDING] request_preset_details (SUMMARY, wire type 0x0300 / response 0x0304): CONFIRMED WORKING — 20/20 preset names harvested successfully during connect().
[22:14:59.727] [FINDING] State blob (GetState, wire type 0x0306) was read and parsed by StateBlobReader without error — implies this firmware's state-blob size/shape is at least structurally compatible with the offsets StateBlobOffsets currently pins. This is NOT a full byte-level confirmation of every S8 offset; that needs a hand-checked comparison against a real captured blob, which this harness does not attempt.
[22:14:59.730] [INFO] Active preset: slot 0
[22:14:59.735] [INFO]   preset 0: "Modern Triple"
[22:14:59.737] [INFO]   preset 1: "Pushed Triple"
[22:14:59.739] [INFO]   preset 2: "Dark & Driven"
[22:14:59.742] [INFO]   preset 3: "Super Shredding"
[22:14:59.744] [INFO]   preset 4: "Toronto's Beast"
[22:14:59.746] [INFO]   preset 5: "Driven Bass Melter"
[22:14:59.747] [INFO]   preset 6: "Lower Bass Melter"
[22:14:59.749] [INFO]   preset 7: "64 Lo Gain Feels"
[22:14:59.752] [INFO]   preset 8: "64 Mid Gain Feels"
[22:14:59.756] [INFO]   preset 9: "66 Lo Gain Feels"
[22:14:59.757] [INFO]   preset 10: "Traditional LoGain"
[22:14:59.759] [INFO]   preset 11: "Crunchy Right Bass"
[22:14:59.761] [INFO]   preset 12: "Instant Pick V2"
[22:14:59.763] [INFO]   preset 13: "BS 800RB"
[22:14:59.764] [INFO]   preset 14: "Medium Class"
[22:14:59.767] [INFO]   preset 15: "Driven Bass 400+, no cab"
[22:14:59.768] [INFO]   preset 16: "Boogie 400 2"
[22:14:59.770] [INFO]   preset 17: "subway clean"
[22:14:59.772] [INFO]   preset 18: "HUGE MUFF"
[22:14:59.773] [INFO]   preset 19: "All Around Drive"
[22:14:59.774] [FINDING] parameterValues after connect(): 109 entries known (expected up to 109 preset-scoped + up to 7 global, minus master volume since capabilities.supportsSingleParameterWrite=false was used for this read-only pass).
[22:14:59.776] [FINDING] CABINET_TYPE (index 24) current value on this preset: 0.0 (registered range 0.0..2.0). Cross-check against what the pedal's own front panel or the IK editor currently shows for this preset's setting, and note the correspondence as a comment on issue #25 — a single read confirms the value is in-range but does not by itself resolve the max/ordering question; a value found OUTSIDE the registered range would, however, immediately disprove the current registry entry.
[22:14:59.777] [FINDING] VIR_MIC_2_X (index 31) current value on this preset: 1.5 (registered range 0.0..2.0). Cross-check against what the pedal's own front panel or the IK editor currently shows for this preset's setting, and note the correspondence as a comment on issue #25 — a single read confirms the value is in-range but does not by itself resolve the max/ordering question; a value found OUTSIDE the registered range would, however, immediately disprove the current registry entry.
[22:15:00.147] [INFO] === Read-only diagnostic pass complete; disconnected ===
[22:15:02.625] [WARN] === Latency measurements starting (transport=bulkTransfer; this WILL write to the pedal) ===
[22:15:02.634] [INFO] [latency] WRITE 17 byte(s):
7E B9 03 00 82 04 00 80 0B 01 B9 02 02 0B 17 8C
7E
[22:15:02.640] [INFO] [latency] READ 52 byte(s):
7E B9 03 02 2B 0B B9 07 00 80 C7 B9 03 02 01 00
B9 03 01 03 0F BC 14 6B 8D C2 72 D6 FA 9B 73 06
A3 3D D9 08 13 CD 0E FD 09 78 36 82 1B 45 0F 00
00 F0 F3 7E
[22:15:02.643] [INFO] [latency] WRITE 19 byte(s):
7E B9 03 00 82 06 00 80 0B 03 B9 02 81 06 03 0B
44 66 7E
[22:15:02.647] [INFO] [latency] READ 64 byte(s):
7E B9 03 81 06 03 80 A0 0B B9 01 B9 0E 82 4C 42
4C 47 B9 03 00 04 00 88 00 00 20 40 00 00 01 BA
14 B9 03 00 80 FF 00 B9 03 00 00 80 FF B9 03 80
FF 00 00 B9 03 80 FF 00 00 B9 03 00 00 80 FF B9
[22:15:02.650] [INFO] [latency] READ 64 byte(s):
03 80 FF 00 00 B9 03 80 BF 80 BF 80 BF B9 03 0F
80 FF 2F B9 03 80 FF 00 00 B9 03 2F 00 80 FF B9
03 11 11 00 B9 03 00 00 80 FF B9 03 05 00 11 B9
03 80 FF 00 00 B9 03 80 FF 00 00 B9 03 11 00 00
[22:15:02.652] [INFO] [latency] READ 44 byte(s):
B9 03 00 80 FF 00 B9 03 0B 0B 0B B9 03 11 22 00
B9 03 00 19 19 BC 06 00 00 0A 00 03 00 00 00 81
B8 01 01 00 88 00 00 70 43 AC 11 7E
[22:15:02.656] [INFO] [latency] WRITE 21 byte(s):
7E B9 03 81 00 03 82 06 00 80 0B 03 B9 04 0B 01
00 00 C8 27 7E
[22:15:02.662] [INFO] [latency] READ 64 byte(s):
7E B9 03 81 04 03 81 9D 08 0B B9 03 01 00 B9 04
B9 02 BC 21 4D 6F 64 65 72 6E 20 54 72 69 70 6C
65 00 00 00 00 00 00 00 00 00 00 00 00 00 00 00
00 00 00 00 00 0D BA 02 88 00 00 00 00 88 00 00
[22:15:02.667] [INFO] [latency] READ 64 byte(s):
F0 42 BA 03 BA 6D 88 00 00 00 00 88 00 00 00 00
88 00 00 C8 C2 88 00 00 A0 41 88 00 00 70 C2 88
00 00 80 3F 88 00 00 00 00 88 00 00 00 00 88 00
00 00 00 88 00 00 A0 40 88 00 00 80 3F 88 00 00
[22:15:02.678] [INFO] [latency] READ 64 byte(s):
20 41 88 00 00 96 43 88 00 00 20 41 88 33 33 33
3F 88 00 80 3B 44 88 00 00 20 41 88 00 80 ED 44
88 00 00 80 3F 88 00 00 00 00 88 CD CC AC 40 88
00 00 E0 40 88 00 00 C8 42 88 00 00 80 3F 88 00
[22:15:02.688] [INFO] [latency] READ 64 byte(s):
00 00 00 88 00 00 C8 41 88 00 00 A0 40 88 00 00
00 00 88 00 00 C0 3F 88 00 00 00 00 88 00 00 80
3F 88 00 00 C0 3F 88 00 00 00 00 88 00 00 00 00
88 00 00 A0 40 88 00 00 A0 40 88 00 00 80 3F 88
[22:15:02.698] [INFO] [latency] READ 64 byte(s):
00 00 00 00 88 00 00 80 40 88 00 00 A0 40 88 00
00 00 00 88 00 00 00 00 88 00 00 F0 41 88 00 00
A0 40 88 00 00 00 00 88 00 00 00 00 88 00 00 F0
41 88 00 00 A0 40 88 00 00 00 00 88 00 00 00 00
[22:15:02.706] [INFO] [latency] READ 64 byte(s):
88 00 00 F0 41 88 00 00 A0 40 88 00 00 00 00 88
00 00 00 00 88 00 00 F0 41 88 00 00 A0 40 88 00
00 00 00 88 00 00 00 00 88 00 00 F0 41 88 00 00
A0 40 88 00 00 00 00 88 00 00 00 00 88 00 00 F0
[22:15:02.708] [INFO] [latency] READ 64 byte(s):
41 88 00 00 80 3F 88 00 00 00 00 88 00 00 00 00
88 00 00 00 00 88 00 00 70 41 88 00 00 00 3F 88
00 00 48 42 88 00 00 F0 40 88 00 00 00 00 88 00
00 40 40 88 00 00 D0 40 88 00 00 00 00 88 00 00
[22:15:02.711] [INFO] [latency] READ 64 byte(s):
00 00 88 00 00 C0 40 88 00 00 00 00 88 00 00 70
41 88 00 00 00 3F 88 00 00 48 42 88 00 00 F0 40
88 00 00 00 00 88 00 00 70 41 88 00 00 00 3F 88
00 00 48 42 88 00 00 C8 41 88 00 00 F0 40 88 00
[22:15:02.713] [INFO] [latency] READ 64 byte(s):
00 00 00 88 00 00 40 40 88 00 00 B4 43 88 00 00
F0 42 88 00 00 48 42 88 00 00 A0 40 88 00 00 80
3F 88 00 00 00 00 88 00 00 00 00 88 00 00 00 00
88 00 00 10 41 88 00 00 AF 43 88 00 00 A0 41 88
[22:15:02.718] [INFO] [latency] READ 64 byte(s):
00 00 00 00 88 00 00 48 42 88 00 00 00 00 88 00
00 10 41 88 00 00 AF 43 88 00 00 A0 41 88 00 00
00 00 88 00 00 48 42 BA 6D 88 00 00 00 00 88 00
00 00 00 88 00 00 C8 C2 88 00 00 A0 41 88 00 00
[22:15:02.722] [INFO] [latency] READ 64 byte(s):
70 C2 88 00 00 80 3F 88 00 00 00 00 88 00 00 00
00 88 00 00 00 00 88 00 00 A0 40 88 00 00 80 3F
88 00 00 A0 40 88 00 00 96 43 88 00 00 A0 40 88
33 33 33 3F 88 00 80 3B 44 88 00 00 A0 40 88 00
[22:15:02.724] [INFO] [latency] READ 64 byte(s):
80 ED 44 88 00 00 80 3F 88 00 00 00 00 88 00 00
A0 40 88 00 00 A0 40 88 00 00 C8 42 88 00 00 80
3F 88 00 00 00 00 88 00 00 C8 41 88 00 00 A0 40
88 00 00 00 00 88 00 00 C0 3F 88 00 00 00 00 88
[22:15:02.726] [INFO] [latency] READ 64 byte(s):
00 00 80 3F 88 00 00 C0 3F 88 00 00 00 00 88 00
00 00 00 88 00 00 A0 40 88 00 00 A0 40 88 00 00
80 3F 88 00 00 00 00 88 00 00 80 40 88 00 00 A0
40 88 00 00 00 00 88 00 00 00 00 88 00 00 F0 41
[22:15:02.728] [INFO] [latency] READ 64 byte(s):
88 00 00 A0 40 88 00 00 00 00 88 00 00 00 00 88
00 00 F0 41 88 00 00 A0 40 88 00 00 00 00 88 00
00 00 00 88 00 00 F0 41 88 00 00 A0 40 88 00 00
00 00 88 00 00 00 00 88 00 00 F0 41 88 00 00 A0
[22:15:02.730] [INFO] [latency] READ 64 byte(s):
40 88 00 00 00 00 88 00 00 00 00 88 00 00 F0 41
88 00 00 A0 40 88 00 00 00 00 88 00 00 00 00 88
00 00 F0 41 88 00 00 80 3F 88 00 00 00 00 88 00
00 00 00 88 00 00 00 00 88 00 00 70 41 88 00 00
[22:15:02.731] [INFO] [latency] READ 64 byte(s):
00 3F 88 00 00 48 42 88 00 00 F0 40 88 00 00 00
00 88 00 00 40 40 88 00 00 D0 40 88 00 00 00 00
88 00 00 00 00 88 00 00 C0 40 88 00 00 00 00 88
00 00 70 41 88 00 00 00 3F 88 00 00 48 42 88 00
[22:15:02.733] [INFO] [latency] READ 64 byte(s):
00 F0 40 88 00 00 00 00 88 00 00 70 41 88 00 00
00 3F 88 00 00 48 42 88 00 00 C8 41 88 00 00 F0
40 88 00 00 00 00 88 00 00 40 40 88 00 00 B4 43
88 00 00 F0 42 88 00 00 48 42 88 00 00 A0 40 88
[22:15:02.735] [INFO] [latency] READ 64 byte(s):
00 00 80 3F 88 00 00 00 00 88 00 00 00 00 88 00
00 00 00 88 00 00 10 41 88 00 00 AF 43 88 00 00
A0 41 88 00 00 00 00 88 00 00 48 42 88 00 00 00
00 88 00 00 10 41 88 00 00 AF 43 88 00 00 A0 41
[22:15:02.737] [INFO] [latency] READ 64 byte(s):
88 00 00 00 00 88 00 00 48 42 BA 6D 88 00 00 00
00 88 00 00 00 00 88 00 00 C8 C2 88 00 00 A0 41
88 00 00 70 C2 88 00 00 80 3F 88 00 00 00 00 88
00 00 00 00 88 00 00 00 00 88 00 00 A0 40 88 00
[22:15:02.739] [INFO] [latency] READ 64 byte(s):
00 80 3F 88 00 00 A0 40 88 00 00 96 43 88 00 00
A0 40 88 33 33 33 3F 88 00 80 3B 44 88 00 00 A0
40 88 00 80 ED 44 88 00 00 80 3F 88 00 00 00 00
88 00 00 A0 40 88 00 00 A0 40 88 00 00 C8 42 88
[22:15:02.741] [INFO] [latency] READ 64 byte(s):
00 00 80 3F 88 00 00 00 00 88 00 00 C8 41 88 00
00 A0 40 88 00 00 00 00 88 00 00 C0 3F 88 00 00
00 00 88 00 00 80 3F 88 00 00 C0 3F 88 00 00 00
00 88 00 00 00 00 88 00 00 A0 40 88 00 00 A0 40
[22:15:02.743] [INFO] [latency] READ 64 byte(s):
88 00 00 80 3F 88 00 00 00 00 88 00 00 80 40 88
00 00 A0 40 88 00 00 00 00 88 00 00 00 00 88 00
00 F0 41 88 00 00 A0 40 88 00 00 00 00 88 00 00
00 00 88 00 00 F0 41 88 00 00 A0 40 88 00 00 00
[22:15:02.745] [INFO] [latency] READ 64 byte(s):
00 88 00 00 00 00 88 00 00 F0 41 88 00 00 A0 40
88 00 00 00 00 88 00 00 00 00 88 00 00 F0 41 88
00 00 A0 40 88 00 00 00 00 88 00 00 00 00 88 00
00 F0 41 88 00 00 A0 40 88 00 00 00 00 88 00 00
[22:15:02.747] [INFO] [latency] READ 64 byte(s):
00 00 88 00 00 F0 41 88 00 00 80 3F 88 00 00 00
00 88 00 00 00 00 88 00 00 00 00 88 00 00 70 41
88 00 00 00 3F 88 00 00 48 42 88 00 00 F0 40 88
00 00 00 00 88 00 00 40 40 88 00 00 D0 40 88 00
[22:15:02.748] [INFO] [latency] READ 64 byte(s):
00 00 00 88 00 00 00 00 88 00 00 C0 40 88 00 00
00 00 88 00 00 70 41 88 00 00 00 3F 88 00 00 48
42 88 00 00 F0 40 88 00 00 00 00 88 00 00 70 41
88 00 00 00 3F 88 00 00 48 42 88 00 00 C8 41 88
[22:15:02.750] [INFO] [latency] READ 64 byte(s):
00 00 F0 40 88 00 00 00 00 88 00 00 40 40 88 00
00 B4 43 88 00 00 F0 42 88 00 00 48 42 88 00 00
A0 40 88 00 00 80 3F 88 00 00 00 00 88 00 00 00
00 88 00 00 00 00 88 00 00 10 41 88 00 00 AF 43
[22:15:02.752] [INFO] [latency] READ 64 byte(s):
88 00 00 A0 41 88 00 00 00 00 88 00 00 48 42 88
00 00 00 00 88 00 00 10 41 88 00 00 AF 43 88 00
00 A0 41 88 00 00 00 00 88 00 00 48 42 B9 0D B9
02 BC 21 00 6B 01 BC DE C0 C7 BA 72 C3 F8 BA B6
[22:15:02.754] [INFO] [latency] READ 64 byte(s):
3B D5 BB F8 23 DF BB E4 BE 15 BC 1B 94 32 BC B2
3B 1C BC 83 00 B9 02 BC 0B 32 30 32 36 2D 30 32
2D 31 34 00 0A B9 02 BC 21 48 49 2D 47 41 49 4E
00 8A 8B 74 BB 19 F5 72 3B 33 6A A2 BB 70 BA 7D
[22:15:02.758] [INFO] [latency] READ 64 byte(s):
5E BC 7F 46 4F BC 1A 89 24 BC 3F 07 B9 02 BC 21
4E 6F 6E 65 00 25 77 3B 3B 80 28 3C D6 D7 6F BA
68 80 CA BB A4 E0 C3 B9 95 0D 92 3B 39 B4 95 BB
DA 04 B9 02 BC 21 4E 6F 6E 65 00 8E 3B BA E0 F1
[22:15:02.760] [INFO] [latency] READ 64 byte(s):
00 BB 16 33 24 BA FD 13 07 BB E5 23 28 BC 94 CD
18 BC AE D2 76 BB 07 04 B9 02 BC 21 4E 6F 6E 65
00 AB 34 BB 6E 56 B8 BA B4 66 AF B9 BB D3 2A 3C
8D EB 01 3C CC 1B 16 BB 72 9C 2D BB FC 04 B9 02
[22:15:02.762] [INFO] [latency] READ 64 byte(s):
BC 21 4E 6F 6E 65 00 4C 62 BB CC 71 79 BC F5 13
00 BC F8 41 15 3C C8 A3 23 3C 62 37 FC 3B 4D 46
C1 3B 24 04 B9 02 BC 21 00 29 45 BC 3C 2B 32 BC
90 40 67 B9 CA EB F2 3B 48 4C 80 3A D3 16 3E 3C
[22:15:02.763] [INFO] [latency] READ 64 byte(s):
75 CC 53 3C CB 67 10 BC 8E 00 B9 02 BC 21 00 C9
B8 BB A4 03 37 3C CF 5F CA 3C 90 EC 8C 3C 78 96
59 3C E8 47 4B 3B B9 CA 30 BB D2 B5 11 BC 60 00
B9 02 BC 21 00 5D 04 3C D6 60 33 3C EB 46 2C 3C
[22:15:02.765] [INFO] [latency] READ 64 byte(s):
3F BF 1F 3C 38 37 23 B9 7C 60 16 3C 92 C6 60 3B
82 C0 CD 3B 7D 5E 00 B9 02 BC 21 00 18 0F 3C DC
40 3F 3C 3B 93 59 3C 43 BC D3 3B FC F6 C9 3B A1
78 25 BC 4B 6D CB 3B 63 D5 08 3C 0E 00 B9 02 BC
[22:15:02.767] [INFO] [latency] READ 64 byte(s):
21 00 57 91 BC ED 04 58 BC CC AA 6E BB 91 67 1C
BC B5 53 17 BC D2 12 9F 3C 93 4D C0 3B EA 28 5D
BB 94 00 B9 02 BC 41 00 77 0D 3D 41 4E 1D 3D AE
E8 3F BC E0 AA 19 3D 28 89 CB 3C B1 9F 71 BB F7
[22:15:02.769] [INFO] [latency] READ 44 byte(s):
66 2C BD 80 30 0D BC 96 1B A0 BC 97 66 D3 BC 8E
A2 74 3B 15 61 88 BC 0B F2 99 BC AB 90 17 BC 5E
DF 9A 8B 12 99 00 00 72 00 A2 15 7E
[22:15:02.773] [INFO] [latency] WRITE 21 byte(s):
7E B9 03 81 00 03 82 06 00 80 0B 03 B9 04 0B 01
01 00 10 3E 7E
[22:15:02.776] [INFO] [latency] READ 64 byte(s):
7E B9 03 81 04 03 81 9D 08 0B B9 03 01 01 B9 04
B9 02 BC 21 50 75 73 68 65 64 20 54 72 69 70 6C
65 00 00 00 00 00 00 00 00 00 00 00 00 00 00 00
00 00 00 00 00 0D BA 02 88 00 00 00 00 88 00 00
[22:15:02.782] [INFO] [latency] READ 64 byte(s):
F0 42 BA 03 BA 6D 88 00 00 00 00 88 00 00 00 00
88 00 00 C8 C2 88 00 00 A0 41 88 00 00 70 C2 88
00 00 80 3F 88 00 00 00 00 88 00 00 00 00 88 00
00 00 00 88 00 00 A0 40 88 00 00 80 3F 88 00 00
[22:15:02.789] [INFO] [latency] READ 64 byte(s):
A0 40 88 00 00 96 43 88 00 00 A0 40 88 33 33 33
3F 88 00 80 3B 44 88 00 00 A0 40 88 00 80 ED 44
88 00 00 80 3F 88 00 00 00 00 88 00 00 A0 40 88
CD CC BC 40 88 00 00 C8 42 88 00 00 80 3F 88 00
[22:15:02.791] [INFO] [latency] READ 64 byte(s):
00 00 00 88 00 00 C8 41 88 00 00 A0 40 88 00 00
00 00 88 00 00 C0 3F 88 00 00 00 00 88 00 00 80
3F 88 00 00 C0 3F 88 00 00 00 00 88 00 00 00 00
88 00 00 A0 40 88 00 00 A0 40 88 00 00 80 3F 88
[22:15:02.793] [INFO] [latency] READ 64 byte(s):
00 00 00 00 88 00 00 80 40 88 00 00 A0 40 88 00
00 00 00 88 00 00 00 00 88 00 00 F0 41 88 00 00
A0 40 88 00 00 00 00 88 00 00 00 00 88 00 00 F0
41 88 00 00 A0 40 88 00 00 00 00 88 00 00 00 00
[22:15:02.795] [INFO] [latency] READ 64 byte(s):
88 00 00 F0 41 88 00 00 A0 40 88 00 00 00 00 88
00 00 00 00 88 00 00 F0 41 88 00 00 A0 40 88 00
00 00 00 88 00 00 00 00 88 00 00 F0 41 88 00 00
A0 40 88 00 00 00 00 88 00 00 00 00 88 00 00 F0
[22:15:02.796] [INFO] [latency] READ 64 byte(s):
41 88 00 00 80 3F 88 00 00 00 00 88 00 00 00 00
88 00 00 00 00 88 00 00 70 41 88 00 00 00 3F 88
00 00 48 42 88 00 00 F0 40 88 00 00 00 00 88 00
00 40 40 88 00 00 D0 40 88 00 00 00 00 88 00 00
[22:15:02.799] [INFO] [latency] READ 64 byte(s):
00 00 88 00 00 C0 40 88 00 00 00 00 88 00 00 70
41 88 00 00 00 3F 88 00 00 48 42 88 00 00 F0 40
88 00 00 00 00 88 00 00 70 41 88 00 00 00 3F 88
00 00 48 42 88 00 00 C8 41 88 00 00 F0 40 88 00
[22:15:02.801] [INFO] [latency] READ 64 byte(s):
00 00 00 88 00 00 40 40 88 00 00 B4 43 88 00 00
F0 42 88 00 00 48 42 88 00 00 A0 40 88 00 00 80
3F 88 00 00 00 00 88 00 00 00 00 88 00 00 00 00
88 00 00 10 41 88 00 00 AF 43 88 00 00 A0 41 88
[22:15:02.803] [INFO] [latency] READ 64 byte(s):
00 00 00 00 88 00 00 48 42 88 00 00 00 00 88 00
00 10 41 88 00 00 AF 43 88 00 00 A0 41 88 00 00
00 00 88 00 00 48 42 BA 6D 88 00 00 00 00 88 00
00 00 00 88 00 00 C8 C2 88 00 00 A0 41 88 00 00
[22:15:02.804] [INFO] [latency] READ 64 byte(s):
70 C2 88 00 00 80 3F 88 00 00 00 00 88 00 00 00
00 88 00 00 00 00 88 00 00 A0 40 88 00 00 80 3F
88 00 00 A0 40 88 00 00 96 43 88 00 00 A0 40 88
33 33 33 3F 88 00 80 3B 44 88 00 00 A0 40 88 00
[22:15:02.806] [INFO] [latency] READ 64 byte(s):
80 ED 44 88 00 00 80 3F 88 00 00 00 00 88 00 00
A0 40 88 00 00 A0 40 88 00 00 C8 42 88 00 00 80
3F 88 00 00 00 00 88 00 00 C8 41 88 00 00 A0 40
88 00 00 00 00 88 00 00 C0 3F 88 00 00 00 00 88
[22:15:02.808] [INFO] [latency] READ 64 byte(s):
00 00 80 3F 88 00 00 C0 3F 88 00 00 00 00 88 00
00 00 00 88 00 00 A0 40 88 00 00 A0 40 88 00 00
80 3F 88 00 00 00 00 88 00 00 80 40 88 00 00 A0
40 88 00 00 00 00 88 00 00 00 00 88 00 00 F0 41
[22:15:02.810] [INFO] [latency] READ 64 byte(s):
88 00 00 A0 40 88 00 00 00 00 88 00 00 00 00 88
00 00 F0 41 88 00 00 A0 40 88 00 00 00 00 88 00
00 00 00 88 00 00 F0 41 88 00 00 A0 40 88 00 00
00 00 88 00 00 00 00 88 00 00 F0 41 88 00 00 A0
[22:15:02.817] [INFO] [latency] READ 64 byte(s):
40 88 00 00 00 00 88 00 00 00 00 88 00 00 F0 41
88 00 00 A0 40 88 00 00 00 00 88 00 00 00 00 88
00 00 F0 41 88 00 00 80 3F 88 00 00 00 00 88 00
00 00 00 88 00 00 00 00 88 00 00 70 41 88 00 00
[22:15:02.819] [INFO] [latency] READ 64 byte(s):
00 3F 88 00 00 48 42 88 00 00 F0 40 88 00 00 00
00 88 00 00 40 40 88 00 00 D0 40 88 00 00 00 00
88 00 00 00 00 88 00 00 C0 40 88 00 00 00 00 88
00 00 70 41 88 00 00 00 3F 88 00 00 48 42 88 00
[22:15:02.821] [INFO] [latency] READ 64 byte(s):
00 F0 40 88 00 00 00 00 88 00 00 70 41 88 00 00
00 3F 88 00 00 48 42 88 00 00 C8 41 88 00 00 F0
40 88 00 00 00 00 88 00 00 40 40 88 00 00 B4 43
88 00 00 F0 42 88 00 00 48 42 88 00 00 A0 40 88
[22:15:02.823] [INFO] [latency] READ 64 byte(s):
00 00 80 3F 88 00 00 00 00 88 00 00 00 00 88 00
00 00 00 88 00 00 10 41 88 00 00 AF 43 88 00 00
A0 41 88 00 00 00 00 88 00 00 48 42 88 00 00 00
00 88 00 00 10 41 88 00 00 AF 43 88 00 00 A0 41
[22:15:02.824] [INFO] [latency] READ 64 byte(s):
88 00 00 00 00 88 00 00 48 42 BA 6D 88 00 00 00
00 88 00 00 00 00 88 00 00 C8 C2 88 00 00 A0 41
88 00 00 70 C2 88 00 00 80 3F 88 00 00 00 00 88
00 00 00 00 88 00 00 00 00 88 00 00 A0 40 88 00
[22:15:02.826] [INFO] [latency] READ 64 byte(s):
00 80 3F 88 00 00 A0 40 88 00 00 96 43 88 00 00
A0 40 88 33 33 33 3F 88 00 80 3B 44 88 00 00 A0
40 88 00 80 ED 44 88 00 00 80 3F 88 00 00 00 00
88 00 00 A0 40 88 00 00 A0 40 88 00 00 C8 42 88
[22:15:02.828] [INFO] [latency] READ 64 byte(s):
00 00 80 3F 88 00 00 00 00 88 00 00 C8 41 88 00
00 A0 40 88 00 00 00 00 88 00 00 C0 3F 88 00 00
00 00 88 00 00 80 3F 88 00 00 C0 3F 88 00 00 00
00 88 00 00 00 00 88 00 00 A0 40 88 00 00 A0 40
[22:15:02.831] [INFO] [latency] READ 64 byte(s):
88 00 00 80 3F 88 00 00 00 00 88 00 00 80 40 88
00 00 A0 40 88 00 00 00 00 88 00 00 00 00 88 00
00 F0 41 88 00 00 A0 40 88 00 00 00 00 88 00 00
00 00 88 00 00 F0 41 88 00 00 A0 40 88 00 00 00
[22:15:02.833] [INFO] [latency] READ 64 byte(s):
00 88 00 00 00 00 88 00 00 F0 41 88 00 00 A0 40
88 00 00 00 00 88 00 00 00 00 88 00 00 F0 41 88
00 00 A0 40 88 00 00 00 00 88 00 00 00 00 88 00
00 F0 41 88 00 00 A0 40 88 00 00 00 00 88 00 00
[22:15:02.835] [INFO] [latency] READ 64 byte(s):
00 00 88 00 00 F0 41 88 00 00 80 3F 88 00 00 00
00 88 00 00 00 00 88 00 00 00 00 88 00 00 70 41
88 00 00 00 3F 88 00 00 48 42 88 00 00 F0 40 88
00 00 00 00 88 00 00 40 40 88 00 00 D0 40 88 00
[22:15:02.840] [INFO] [latency] READ 64 byte(s):
00 00 00 88 00 00 00 00 88 00 00 C0 40 88 00 00
00 00 88 00 00 70 41 88 00 00 00 3F 88 00 00 48
42 88 00 00 F0 40 88 00 00 00 00 88 00 00 70 41
88 00 00 00 3F 88 00 00 48 42 88 00 00 C8 41 88
[22:15:02.842] [INFO] [latency] READ 64 byte(s):
00 00 F0 40 88 00 00 00 00 88 00 00 40 40 88 00
00 B4 43 88 00 00 F0 42 88 00 00 48 42 88 00 00
A0 40 88 00 00 80 3F 88 00 00 00 00 88 00 00 00
00 88 00 00 00 00 88 00 00 10 41 88 00 00 AF 43
[22:15:02.844] [INFO] [latency] READ 64 byte(s):
88 00 00 A0 41 88 00 00 00 00 88 00 00 48 42 88
00 00 00 00 88 00 00 10 41 88 00 00 AF 43 88 00
00 A0 41 88 00 00 00 00 88 00 00 48 42 B9 0D B9
02 BC 21 00 44 3B BC 36 C0 77 BA 13 01 09 BB 6B
[22:15:02.847] [INFO] [latency] READ 64 byte(s):
36 38 3C FD A6 65 3C C5 85 15 BB 13 A6 86 BB 94
8D CD BA 90 00 B9 02 BC 0B 32 30 32 36 2D 30 32
2D 31 34 00 0A B9 02 BC 21 44 52 49 56 45 00 2F
3B B4 32 E4 39 67 F4 A3 3A 6E 21 1B 3C 98 30 2F
[22:15:02.849] [INFO] [latency] READ 64 byte(s):
3B 7F A4 8C 39 A4 BA BD BB FD 05 B9 02 BC 21 4E
6F 6E 65 00 1A CF BA DC F9 F4 BB 60 87 D5 39 99
BE D5 3B A7 B3 EB 3B 1A 4B D1 3B 59 54 2C 3B A1
04 B9 02 BC 21 4E 6F 6E 65 00 BD 56 BA 30 08 1B
[22:15:02.850] [INFO] [latency] READ 64 byte(s):
B9 E6 EC 2C BB 08 61 E4 BB F1 4B AC BB 2F 2E E0
3B 55 7D 5D 95 3C 37 04 B9 02 BC 21 4E 6F 6E 65
00 74 46 BA F5 96 96 3B BF F8 11 3C 81 E6 81 3C
E6 78 84 3C 78 B0 9C 39 36 A7 4B BC 15 04 B9 02
[22:15:02.861] [INFO] [latency] READ 64 byte(s):
BC 21 4E 6F 6E 65 00 E5 BA 3B 34 4F EF B9 64 BE
02 BC 06 AA 1B BB 5E E1 94 3B E8 FD 44 3B 6F 90
02 3C F2 04 B9 02 BC 21 00 85 AB 3A C2 56 E4 B9
B8 21 0A 38 44 3B 47 B9 95 99 9D BA FD 5E 90 3B
[22:15:02.864] [INFO] [latency] READ 64 byte(s):
F3 3B 3E 3C E0 4D 01 3C D4 00 B9 02 BC 21 00 B0
A7 3B CD C2 7D 5D 3C A8 A2 D6 3B EE 51 62 3B 20
3C B7 3B 6D D6 24 3C 32 C1 0E 3C 09 69 33 BA 90
00 B9 02 BC 21 00 A4 11 3A 70 A0 9B B9 17 FF F3
[22:15:02.866] [INFO] [latency] READ 64 byte(s):
3B AC 1E A4 3B CB 03 AF 3B 7F 5C 8E 3C 20 7C 8B
3C 23 85 0B 3C 3C 00 B9 02 BC 21 00 12 D0 3B 15
7B 83 BB 56 D5 15 BC DE 03 D1 BB 0C 95 17 3A F1
4E 13 3B 18 09 55 3B 74 D8 32 3A 64 00 B9 02 BC
[22:15:02.868] [INFO] [latency] READ 64 byte(s):
21 00 E5 D8 3B 62 B5 97 BB 1F 6D DE BB FC CE 76
BC CE 47 88 BC FB EC 0C BC CD C0 34 BC 18 16 71
BC 49 00 B9 02 BC 41 00 03 E0 BC EE 6A E4 BC 9D
35 CC BC 54 F5 D5 BC 81 EC 88 BC CA 51 8E BC 4B
[22:15:02.871] [INFO] [latency] READ 44 byte(s):
26 93 BC AE BD 77 BC 12 C7 54 BC EE 4B 0C BB 6C
39 31 3C 5C A6 76 BC AE AA BE BC A3 90 F2 BC 5E
DF 9A 8B 12 99 00 00 72 00 DA 96 7E
[22:15:02.877] [INFO] [latency] WRITE 21 byte(s):
7E B9 03 81 00 03 82 06 00 80 0B 03 B9 04 0B 01
02 00 78 14 7E
[22:15:02.881] [INFO] [latency] READ 64 byte(s):
7E B9 03 81 04 03 81 9D 08 0B B9 03 01 02 B9 04
B9 02 BC 21 44 61 72 6B 20 26 20 44 72 69 76 65
6E 00 00 00 00 00 00 00 00 00 00 00 00 00 00 00
00 00 00 00 00 0D BA 02 88 00 00 00 00 88 00 00
[22:15:02.883] [INFO] [latency] READ 64 byte(s):
F0 42 BA 03 BA 6D 88 00 00 00 00 88 00 00 00 00
88 00 00 C8 C2 88 00 00 A0 41 88 00 00 70 C2 88
00 00 80 3F 88 00 00 00 00 88 00 00 00 00 88 00
00 00 00 88 00 00 A0 40 88 00 00 80 3F 88 CD CC
[22:15:02.886] [INFO] [latency] READ 64 byte(s):
6C 40 88 00 00 96 43 88 00 00 A0 40 88 33 33 33
3F 88 00 80 3B 44 88 00 00 20 41 88 00 80 ED 44
88 00 00 80 3F 88 00 00 00 00 88 00 00 A0 40 88
9A 99 A9 40 88 00 00 C8 42 88 00 00 80 3F 88 00
[22:15:02.888] [INFO] [latency] READ 64 byte(s):
00 00 40 88 00 00 C8 41 88 00 00 A0 40 88 00 00
00 00 88 00 00 C0 3F 88 00 00 00 00 88 00 00 80
3F 88 00 00 C0 3F 88 00 00 00 00 88 00 00 00 00
88 00 00 A0 40 88 9A 99 B9 40 88 00 00 80 3F 88
[22:15:02.891] [INFO] [latency] READ 64 byte(s):
00 00 00 00 88 00 00 80 40 88 00 00 A0 40 88 00
00 00 00 88 00 00 00 00 88 00 00 F0 41 88 00 00
A0 40 88 00 00 00 00 88 00 00 00 00 88 00 00 F0
41 88 00 00 A0 40 88 00 00 00 00 88 00 00 00 00
[22:15:02.892] [INFO] [latency] READ 64 byte(s):
88 00 00 F0 41 88 00 00 A0 40 88 00 00 00 00 88
00 00 00 00 88 00 00 F0 41 88 00 00 A0 40 88 00
00 00 00 88 00 00 00 00 88 00 00 F0 41 88 00 00
A0 40 88 00 00 00 00 88 00 00 00 00 88 00 00 F0
[22:15:02.895] [INFO] [latency] READ 64 byte(s):
41 88 00 00 80 3F 88 00 00 00 00 88 00 00 00 00
88 00 00 00 00 88 00 00 70 41 88 FF FF FF 3E 88
00 00 48 42 88 00 00 F0 40 88 00 00 00 00 88 00
00 40 40 88 00 00 D0 40 88 00 00 00 00 88 00 00
[22:15:02.897] [INFO] [latency] READ 64 byte(s):
00 00 88 00 00 C0 40 88 00 00 00 00 88 00 00 70
41 88 FF FF FF 3E 88 00 00 48 42 88 00 00 F0 40
88 00 00 00 00 88 00 00 70 41 88 FF FF FF 3E 88
00 00 48 42 88 00 00 C8 41 88 00 00 F0 40 88 00
[22:15:02.899] [INFO] [latency] READ 64 byte(s):
00 00 00 88 00 00 40 40 88 00 00 B4 43 88 00 00
F0 42 88 00 00 48 42 88 00 00 A0 40 88 00 00 80
3F 88 00 00 00 00 88 00 00 00 00 88 00 00 00 00
88 00 00 10 41 88 00 00 AF 43 88 00 00 A0 41 88
[22:15:02.902] [INFO] [latency] READ 64 byte(s):
00 00 00 00 88 00 00 48 42 88 00 00 00 00 88 00
00 10 41 88 00 00 AF 43 88 00 00 A0 41 88 00 00
00 00 88 00 00 48 42 BA 6D 88 00 00 00 00 88 00
00 00 00 88 00 00 C8 C2 88 00 00 A0 41 88 00 00
[22:15:02.905] [INFO] [latency] READ 64 byte(s):
70 C2 88 00 00 80 3F 88 00 00 00 00 88 00 00 00
00 88 00 00 00 00 88 00 00 A0 40 88 00 00 80 3F
88 00 00 A0 40 88 00 00 96 43 88 00 00 A0 40 88
33 33 33 3F 88 00 80 3B 44 88 00 00 A0 40 88 00
[22:15:02.906] [INFO] [latency] READ 64 byte(s):
80 ED 44 88 00 00 80 3F 88 00 00 00 00 88 00 00
A0 40 88 00 00 A0 40 88 00 00 C8 42 88 00 00 80
3F 88 00 00 00 00 88 00 00 C8 41 88 00 00 A0 40
88 00 00 00 00 88 00 00 C0 3F 88 00 00 00 00 88
[22:15:02.908] [INFO] [latency] READ 64 byte(s):
00 00 80 3F 88 00 00 C0 3F 88 00 00 00 00 88 00
00 00 00 88 00 00 A0 40 88 00 00 A0 40 88 00 00
80 3F 88 00 00 00 00 88 00 00 80 40 88 00 00 A0
40 88 00 00 00 00 88 00 00 00 00 88 00 00 F0 41
[22:15:02.910] [INFO] [latency] READ 64 byte(s):
88 00 00 A0 40 88 00 00 00 00 88 00 00 00 00 88
00 00 F0 41 88 00 00 A0 40 88 00 00 00 00 88 00
00 00 00 88 00 00 F0 41 88 00 00 A0 40 88 00 00
00 00 88 00 00 00 00 88 00 00 F0 41 88 00 00 A0
[22:15:02.913] [INFO] [latency] READ 64 byte(s):
40 88 00 00 00 00 88 00 00 00 00 88 00 00 F0 41
88 00 00 A0 40 88 00 00 00 00 88 00 00 00 00 88
00 00 F0 41 88 00 00 80 3F 88 00 00 00 00 88 00
00 00 00 88 00 00 00 00 88 00 00 70 41 88 00 00
[22:15:02.916] [INFO] [latency] READ 64 byte(s):
00 3F 88 00 00 48 42 88 00 00 F0 40 88 00 00 00
00 88 00 00 40 40 88 00 00 D0 40 88 00 00 00 00
88 00 00 00 00 88 00 00 C0 40 88 00 00 00 00 88
00 00 70 41 88 00 00 00 3F 88 00 00 48 42 88 00
[22:15:02.917] [INFO] [latency] READ 64 byte(s):
00 F0 40 88 00 00 00 00 88 00 00 70 41 88 00 00
00 3F 88 00 00 48 42 88 00 00 C8 41 88 00 00 F0
40 88 00 00 00 00 88 00 00 40 40 88 00 00 B4 43
88 00 00 F0 42 88 00 00 48 42 88 00 00 A0 40 88
[22:15:02.919] [INFO] [latency] READ 64 byte(s):
00 00 80 3F 88 00 00 00 00 88 00 00 00 00 88 00
00 00 00 88 00 00 10 41 88 00 00 AF 43 88 00 00
A0 41 88 00 00 00 00 88 00 00 48 42 88 00 00 00
00 88 00 00 10 41 88 00 00 AF 43 88 00 00 A0 41
[22:15:02.922] [INFO] [latency] READ 64 byte(s):
88 00 00 00 00 88 00 00 48 42 BA 6D 88 00 00 00
00 88 00 00 00 00 88 00 00 C8 C2 88 00 00 A0 41
88 00 00 70 C2 88 00 00 80 3F 88 00 00 00 00 88
00 00 00 00 88 00 00 00 00 88 00 00 A0 40 88 00
[22:15:02.925] [INFO] [latency] READ 64 byte(s):
00 80 3F 88 00 00 A0 40 88 00 00 96 43 88 00 00
A0 40 88 33 33 33 3F 88 00 80 3B 44 88 00 00 A0
40 88 00 80 ED 44 88 00 00 80 3F 88 00 00 00 00
88 00 00 A0 40 88 00 00 A0 40 88 00 00 C8 42 88
[22:15:02.927] [INFO] [latency] READ 64 byte(s):
00 00 80 3F 88 00 00 00 00 88 00 00 C8 41 88 00
00 A0 40 88 00 00 00 00 88 00 00 C0 3F 88 00 00
00 00 88 00 00 80 3F 88 00 00 C0 3F 88 00 00 00
00 88 00 00 00 00 88 00 00 A0 40 88 00 00 A0 40
[22:15:02.929] [INFO] [latency] READ 64 byte(s):
88 00 00 80 3F 88 00 00 00 00 88 00 00 80 40 88
00 00 A0 40 88 00 00 00 00 88 00 00 00 00 88 00
00 F0 41 88 00 00 A0 40 88 00 00 00 00 88 00 00
00 00 88 00 00 F0 41 88 00 00 A0 40 88 00 00 00
[22:15:02.932] [INFO] [latency] READ 64 byte(s):
00 88 00 00 00 00 88 00 00 F0 41 88 00 00 A0 40
88 00 00 00 00 88 00 00 00 00 88 00 00 F0 41 88
00 00 A0 40 88 00 00 00 00 88 00 00 00 00 88 00
00 F0 41 88 00 00 A0 40 88 00 00 00 00 88 00 00
[22:15:02.934] [INFO] [latency] READ 64 byte(s):
00 00 88 00 00 F0 41 88 00 00 80 3F 88 00 00 00
00 88 00 00 00 00 88 00 00 00 00 88 00 00 70 41
88 00 00 00 3F 88 00 00 48 42 88 00 00 F0 40 88
00 00 00 00 88 00 00 40 40 88 00 00 D0 40 88 00
[22:15:02.938] [INFO] [latency] READ 64 byte(s):
00 00 00 88 00 00 00 00 88 00 00 C0 40 88 00 00
00 00 88 00 00 70 41 88 00 00 00 3F 88 00 00 48
42 88 00 00 F0 40 88 00 00 00 00 88 00 00 70 41
88 00 00 00 3F 88 00 00 48 42 88 00 00 C8 41 88
[22:15:02.942] [INFO] [latency] READ 64 byte(s):
00 00 F0 40 88 00 00 00 00 88 00 00 40 40 88 00
00 B4 43 88 00 00 F0 42 88 00 00 48 42 88 00 00
A0 40 88 00 00 80 3F 88 00 00 00 00 88 00 00 00
00 88 00 00 00 00 88 00 00 10 41 88 00 00 AF 43
[22:15:02.946] [INFO] [latency] READ 64 byte(s):
88 00 00 A0 41 88 00 00 00 00 88 00 00 48 42 88
00 00 00 00 88 00 00 10 41 88 00 00 AF 43 88 00
00 A0 41 88 00 00 00 00 88 00 00 48 42 B9 0D B9
02 BC 21 00 0A F7 3A 94 5B 21 3C 55 FA C5 3B 10
[22:15:02.949] [INFO] [latency] READ 64 byte(s):
41 E0 3B 10 F3 77 BB EC 3E 25 BC 47 DA 2E BC C0
FD BA BB FE 00 B9 02 BC 0B 32 30 32 35 2D 31 31
2D 32 38 00 0A B9 02 BC 21 48 49 2D 47 41 49 4E
00 1B 01 8D 3C 07 57 60 3C A7 CE 54 3C 52 9A 1C
[22:15:02.951] [INFO] [latency] READ 64 byte(s):
3C 64 EA 9D 3A 90 00 46 BA DD 07 B9 02 BC 21 4E
6F 6E 65 00 0C E5 3B 87 4A D2 3C 4B 89 E1 3C EA
24 C3 3C AE 42 18 3C 01 21 11 BB 5D 09 9A BB BE
04 B9 02 BC 21 4E 6F 6E 65 00 79 36 BC DE EE 25
[22:15:02.954] [INFO] [latency] READ 64 byte(s):
BB BE 35 6A BB 8D 61 97 BA 17 2A B6 BB 71 3C 79
BC 94 00 63 BC 33 04 B9 02 BC 21 4E 6F 6E 65 00
CA 88 BC D0 24 73 BC 4C 91 BD BC 4C AF A0 BC 5B
51 9B BC 79 13 5E BC 44 41 5E BC C6 04 B9 02 BC
[22:15:02.957] [INFO] [latency] READ 64 byte(s):
21 4E 6F 6E 65 00 4B 94 BC AC BE 6B BC 2A 61 CE
BC 8D 29 E7 BC 5B D6 16 BD A5 DB 11 BD F9 7B E8
BC A2 04 B9 02 BC 21 00 40 08 BD 45 F5 3B BD F7
C9 30 BD C9 39 3E BD DC 6E 0B BD 87 DC AA BC F5
[22:15:02.960] [INFO] [latency] READ 64 byte(s):
36 93 BC 25 19 BB BC 08 00 B9 02 BC 21 00 5A 13
BD 5D E7 D3 BC 5D 96 62 BC 75 8E 84 BC 87 A4 E7
BC 1B 06 1B BD 93 D2 2B BD 95 7C 2B BD CE 00 B9
02 BC 21 00 5A DF BC 3C FC F0 BC 3B D6 DD BC 14
[22:15:02.962] [INFO] [latency] READ 64 byte(s):
52 D4 BC 77 02 0B BD 2B E2 0E BD CC 1B 21 BD 22
92 11 BD 84 00 B9 02 BC 21 00 CA 00 BD CF D1 B0
BC E7 A0 BF BC D3 C9 F2 BC 08 11 52 BD D0 5B 72
BD 0F 22 77 BD 32 CE 52 BD 31 00 B9 02 BC 21 00
[22:15:02.963] [INFO] [latency] READ 64 byte(s):
C8 BD BC AC 70 D5 BC C8 23 15 BD 61 A7 0C BD 9B
BA 17 BD BF 92 14 BD 8C BD 29 BD CD 4F 44 BD 16
00 B9 02 BC 41 00 3D C3 BC B1 A7 CC BC F1 DE A4
BB BB 46 36 3B 28 15 6E 3C AB 6E 06 3B 5E B6 96
[22:15:02.965] [INFO] [latency] READ 43 byte(s):
3B DC 2A CF BB 48 63 81 3B 9A 46 60 BB 3E EA 0B
3B 08 D6 CA BB 99 72 7D 5E 3B E9 80 F9 BB F5 A3
AB BB 80 65 00 00 72 00 69 A9 7E
[22:15:02.970] [INFO] [latency] WRITE 21 byte(s):
7E B9 03 81 00 03 82 06 00 80 0B 03 B9 04 0B 01
03 00 A0 0D 7E
[22:15:02.975] [INFO] [latency] READ 64 byte(s):
7E B9 03 81 04 03 81 9D 08 0B B9 03 01 03 B9 04
B9 02 BC 21 53 75 70 65 72 20 53 68 72 65 64 64
69 6E 67 00 00 00 00 00 00 00 00 00 00 00 00 00
00 00 00 00 00 0F BA 02 88 00 00 00 00 88 00 00
[22:15:02.979] [INFO] [latency] READ 64 byte(s):
F0 42 BA 03 BA 6D 88 00 00 00 00 88 00 00 80 3F
88 00 00 C8 C2 88 00 00 A0 41 88 00 00 70 C2 88
00 00 80 3F 88 00 00 00 00 88 00 00 00 00 88 00
00 00 00 88 00 00 A0 40 88 00 00 80 3F 88 00 00
[22:15:02.982] [INFO] [latency] READ 64 byte(s):
A0 40 88 00 00 96 43 88 9A 99 99 40 88 33 33 33
3F 88 00 80 3B 44 88 9A 99 A9 40 88 00 80 ED 44
88 00 00 80 3F 88 00 00 00 00 88 00 00 A0 40 88
00 00 20 41 88 00 00 C8 42 88 00 00 80 3F 88 00
[22:15:02.985] [INFO] [latency] READ 64 byte(s):
00 00 00 88 00 00 C8 41 88 00 00 A0 40 88 00 00
00 00 88 00 00 C0 3F 88 00 00 00 00 88 00 00 80
3F 88 00 00 C0 3F 88 00 00 00 00 88 00 00 00 00
88 00 00 A0 40 88 00 00 A0 40 88 00 00 80 3F 88
[22:15:02.992] [INFO] [latency] READ 64 byte(s):
00 00 00 00 88 00 00 80 40 88 00 00 A0 40 88 00
00 00 00 88 00 00 00 00 88 00 00 F0 41 88 00 00
A0 40 88 00 00 00 00 88 00 00 00 00 88 00 00 F0
41 88 00 00 A0 40 88 00 00 00 00 88 00 00 00 00
[22:15:02.996] [INFO] [latency] READ 64 byte(s):
88 00 00 F0 41 88 00 00 A0 40 88 00 00 00 00 88
00 00 00 00 88 00 00 F0 41 88 00 00 A0 40 88 00
00 00 00 88 00 00 00 00 88 00 00 F0 41 88 00 00
A0 40 88 00 00 00 00 88 00 00 00 00 88 00 00 F0
[22:15:03.000] [INFO] [latency] READ 64 byte(s):
41 88 00 00 80 3F 88 00 00 00 00 88 00 00 00 00
88 00 00 00 00 88 00 00 70 41 88 00 00 00 3F 88
00 00 48 42 88 00 00 F0 40 88 00 00 00 00 88 00
00 40 40 88 00 00 D0 40 88 00 00 00 00 88 00 00
[22:15:03.004] [INFO] [latency] READ 64 byte(s):
00 00 88 00 00 C0 40 88 00 00 00 00 88 00 00 70
41 88 00 00 00 3F 88 00 00 48 42 88 00 00 F0 40
88 00 00 00 00 88 00 00 70 41 88 00 00 00 3F 88
00 00 48 42 88 00 00 C8 41 88 00 00 F0 40 88 00
[22:15:03.010] [INFO] [latency] READ 64 byte(s):
00 00 00 88 00 00 40 40 88 00 00 B4 43 88 00 00
F0 42 88 00 00 48 42 88 00 00 A0 40 88 00 00 80
3F 88 00 00 00 00 88 00 00 00 00 88 00 00 00 00
88 00 00 10 41 88 00 00 AF 43 88 00 00 A0 41 88
[22:15:03.013] [INFO] [latency] READ 64 byte(s):
00 00 00 00 88 00 00 48 42 88 00 00 00 00 88 00
00 10 41 88 00 00 AF 43 88 00 00 A0 41 88 00 00
00 00 88 00 00 48 42 BA 6D 88 00 00 00 00 88 00
00 00 00 88 00 00 C8 C2 88 00 00 A0 41 88 00 00
[22:15:03.017] [INFO] [latency] READ 64 byte(s):
70 C2 88 00 00 80 3F 88 00 00 00 00 88 00 00 00
00 88 00 00 00 00 88 00 00 A0 40 88 00 00 80 3F
88 00 00 A0 40 88 00 00 96 43 88 00 00 A0 40 88
33 33 33 3F 88 00 80 3B 44 88 00 00 A0 40 88 00
[22:15:03.020] [INFO] [latency] READ 64 byte(s):
80 ED 44 88 00 00 80 3F 88 00 00 00 00 88 00 00
A0 40 88 00 00 A0 40 88 00 00 C8 42 88 00 00 80
3F 88 00 00 00 00 88 00 00 C8 41 88 00 00 A0 40
88 00 00 00 00 88 00 00 C0 3F 88 00 00 00 00 88
[22:15:03.025] [INFO] [latency] READ 64 byte(s):
00 00 80 3F 88 00 00 C0 3F 88 00 00 00 00 88 00
00 00 00 88 00 00 A0 40 88 00 00 A0 40 88 00 00
80 3F 88 00 00 00 00 88 00 00 80 40 88 00 00 A0
40 88 00 00 00 00 88 00 00 00 00 88 00 00 F0 41
[22:15:03.029] [INFO] [latency] READ 64 byte(s):
88 00 00 A0 40 88 00 00 00 00 88 00 00 00 00 88
00 00 F0 41 88 00 00 A0 40 88 00 00 00 00 88 00
00 00 00 88 00 00 F0 41 88 00 00 A0 40 88 00 00
00 00 88 00 00 00 00 88 00 00 F0 41 88 00 00 A0
[22:15:03.033] [INFO] [latency] READ 64 byte(s):
40 88 00 00 00 00 88 00 00 00 00 88 00 00 F0 41
88 00 00 A0 40 88 00 00 00 00 88 00 00 00 00 88
00 00 F0 41 88 00 00 80 3F 88 00 00 00 00 88 00
00 00 00 88 00 00 00 00 88 00 00 70 41 88 00 00
[22:15:03.038] [INFO] [latency] READ 64 byte(s):
00 3F 88 00 00 48 42 88 00 00 F0 40 88 00 00 00
00 88 00 00 40 40 88 00 00 D0 40 88 00 00 00 00
88 00 00 00 00 88 00 00 C0 40 88 00 00 00 00 88
00 00 70 41 88 00 00 00 3F 88 00 00 48 42 88 00
[22:15:03.043] [INFO] [latency] READ 64 byte(s):
00 F0 40 88 00 00 00 00 88 00 00 70 41 88 00 00
00 3F 88 00 00 48 42 88 00 00 C8 41 88 00 00 F0
40 88 00 00 00 00 88 00 00 40 40 88 00 00 B4 43
88 00 00 F0 42 88 00 00 48 42 88 00 00 A0 40 88
[22:15:03.046] [INFO] [latency] READ 64 byte(s):
00 00 80 3F 88 00 00 00 00 88 00 00 00 00 88 00
00 00 00 88 00 00 10 41 88 00 00 AF 43 88 00 00
A0 41 88 00 00 00 00 88 00 00 48 42 88 00 00 00
00 88 00 00 10 41 88 00 00 AF 43 88 00 00 A0 41
[22:15:03.051] [INFO] [latency] READ 64 byte(s):
88 00 00 00 00 88 00 00 48 42 BA 6D 88 00 00 00
00 88 00 00 00 00 88 00 00 C8 C2 88 00 00 A0 41
88 00 00 70 C2 88 00 00 80 3F 88 00 00 00 00 88
00 00 00 00 88 00 00 00 00 88 00 00 A0 40 88 00
[22:15:03.055] [INFO] [latency] READ 64 byte(s):
00 80 3F 88 00 00 A0 40 88 00 00 96 43 88 00 00
A0 40 88 33 33 33 3F 88 00 80 3B 44 88 00 00 A0
40 88 00 80 ED 44 88 00 00 80 3F 88 00 00 00 00
88 00 00 A0 40 88 00 00 A0 40 88 00 00 C8 42 88
[22:15:03.062] [INFO] [latency] READ 64 byte(s):
00 00 80 3F 88 00 00 00 00 88 00 00 C8 41 88 00
00 A0 40 88 00 00 00 00 88 00 00 C0 3F 88 00 00
00 00 88 00 00 80 3F 88 00 00 C0 3F 88 00 00 00
00 88 00 00 00 00 88 00 00 A0 40 88 00 00 A0 40
[22:15:03.067] [INFO] [latency] READ 64 byte(s):
88 00 00 80 3F 88 00 00 00 00 88 00 00 80 40 88
00 00 A0 40 88 00 00 00 00 88 00 00 00 00 88 00
00 F0 41 88 00 00 A0 40 88 00 00 00 00 88 00 00
00 00 88 00 00 F0 41 88 00 00 A0 40 88 00 00 00
[22:15:03.072] [INFO] [latency] READ 64 byte(s):
00 88 00 00 00 00 88 00 00 F0 41 88 00 00 A0 40
88 00 00 00 00 88 00 00 00 00 88 00 00 F0 41 88
00 00 A0 40 88 00 00 00 00 88 00 00 00 00 88 00
00 F0 41 88 00 00 A0 40 88 00 00 00 00 88 00 00
[22:15:03.075] [INFO] [latency] READ 64 byte(s):
00 00 88 00 00 F0 41 88 00 00 80 3F 88 00 00 00
00 88 00 00 00 00 88 00 00 00 00 88 00 00 70 41
88 00 00 00 3F 88 00 00 48 42 88 00 00 F0 40 88
00 00 00 00 88 00 00 40 40 88 00 00 D0 40 88 00
[22:15:03.078] [INFO] [latency] READ 64 byte(s):
00 00 00 88 00 00 00 00 88 00 00 C0 40 88 00 00
00 00 88 00 00 70 41 88 00 00 00 3F 88 00 00 48
42 88 00 00 F0 40 88 00 00 00 00 88 00 00 70 41
88 00 00 00 3F 88 00 00 48 42 88 00 00 C8 41 88
[22:15:03.081] [INFO] [latency] READ 64 byte(s):
00 00 F0 40 88 00 00 00 00 88 00 00 40 40 88 00
00 B4 43 88 00 00 F0 42 88 00 00 48 42 88 00 00
A0 40 88 00 00 80 3F 88 00 00 00 00 88 00 00 00
00 88 00 00 00 00 88 00 00 10 41 88 00 00 AF 43
[22:15:03.085] [INFO] [latency] READ 64 byte(s):
88 00 00 A0 41 88 00 00 00 00 88 00 00 48 42 88
00 00 00 00 88 00 00 10 41 88 00 00 AF 43 88 00
00 A0 41 88 00 00 00 00 88 00 00 48 42 B9 0D B9
02 BC 21 00 60 8E BB 70 B9 D8 B9 BB 1C 6C BB 3D
[22:15:03.088] [INFO] [latency] READ 64 byte(s):
CA E7 BB 47 B5 0F BC CE 27 DA BA 78 48 DF 3B 96
8F 84 3C 6D 00 B9 02 BC 0B 32 30 32 36 2D 30 32
2D 31 34 00 0A B9 02 BC 21 48 49 2D 47 41 49 4E
00 FA B2 F9 3B 25 C8 FA 3B AA C3 6D 3C 0A 03 76
[22:15:03.092] [INFO] [latency] READ 64 byte(s):
3C AE 58 91 3B 95 32 1A BB DA 07 B9 02 BC 21 4E
6F 6E 65 00 E6 05 3C 03 79 73 BA 49 11 ED 3A FF
64 75 3C DE 69 18 3C 5E AF 62 B9 B0 03 B5 3A 80
04 B9 02 BC 21 4E 6F 6E 65 00 94 9D 3B EC A1 21
[22:15:03.095] [INFO] [latency] READ 64 byte(s):
3C 1F 96 00 3C 4F 22 2A 3C CA 0D 16 3C 36 1F 1A
3C 3E 10 64 3B BA 04 B9 02 BC 21 4E 6F 6E 65 00
87 4A 3C E2 03 EE 3B C0 15 14 3C E5 26 EC 3B 1A
FF 5B BB 9E 16 FB 3B 8E 85 01 3C 65 04 B9 02 BC
[22:15:03.098] [INFO] [latency] READ 64 byte(s):
21 4E 6F 6E 65 00 16 BB 3B 70 DC F4 BA D7 9B B9
BB A6 87 4B BC 95 19 48 BB 95 74 61 3C 5F 28 8A
3C 82 04 B9 02 BC 21 00 49 B9 3A A4 56 8A BB 33
B5 8E 3B 08 6B 86 3B 84 87 BB 3B 8F 11 3E 3B 58
[22:15:03.101] [INFO] [latency] READ 64 byte(s):
DD EE BB 25 BA D9 BB ED 00 B9 02 BC 21 00 DB D5
BB 0D 00 5E 3B 2A 0A A8 3A 22 78 AC BB E8 76 81
3A E6 36 3D 3C A4 C3 60 BC 4A 21 87 BB 88 00 B9
02 BC 21 00 18 C5 BB 00 EF F5 B7 73 9A A8 3C 7F
[22:15:03.104] [INFO] [latency] READ 64 byte(s):
AB B4 3B 5B C2 AC 3B D8 78 EE 3B 9A BF 90 3C 86
F0 68 3C 1C 00 B9 02 BC 21 00 B1 63 3C 41 B3 D2
BB 74 E0 CB 3A 24 CE 78 3A DE 57 23 3C EC BA 0E
BC 11 AF 65 BA C6 9D 04 BC 12 00 B9 02 BC 21 00
[22:15:03.110] [INFO] [latency] READ 64 byte(s):
07 02 3C AA 1A AE 3B B4 11 56 3A 32 22 FC 3B 26
32 18 3C D5 B3 36 3C 34 3D 2C BC C6 92 0D BD 49
00 B9 02 BC 41 00 E7 43 BB 24 3E 14 BC 32 16 2F
BB 02 B3 2C 3C 48 45 1D BD A3 ED 45 BD 22 F3 EF
[22:15:03.113] [INFO] [latency] READ 42 byte(s):
BC 82 33 1A BD 0C 97 40 BC 38 6B 50 BC CE 27 14
3D B1 DA 80 3D FD 5D 7F 3D 6D C0 29 3B 3D 35 35
21 8A FF 00 00 72 00 3D 87 7E
[22:15:03.119] [INFO] [latency] WRITE 21 byte(s):
7E B9 03 81 00 03 82 06 00 80 0B 03 B9 04 0B 01
04 00 A8 40 7E
[22:15:03.125] [INFO] [latency] READ 64 byte(s):
7E B9 03 81 04 03 81 9D 08 0B B9 03 01 04 B9 04
B9 02 BC 21 54 6F 72 6F 6E 74 6F 27 73 20 42 65
61 73 74 00 00 00 00 00 00 00 00 00 00 00 00 00
00 00 00 00 00 0F BA 02 88 00 00 00 00 88 00 00
[22:15:03.128] [INFO] [latency] READ 64 byte(s):
F0 42 BA 03 BA 6D 88 00 00 00 00 88 00 00 00 00
88 00 00 C8 C2 88 00 00 A0 41 88 00 00 70 C2 88
00 00 80 3F 88 00 00 00 00 88 00 00 00 00 88 00
00 00 00 88 00 00 A0 40 88 00 00 80 3F 88 CD CC
[22:15:03.130] [INFO] [latency] READ 64 byte(s):
DC 40 88 00 00 96 43 88 00 00 A0 40 88 33 33 33
3F 88 00 80 3B 44 88 00 00 A0 40 88 00 80 ED 44
88 00 00 80 3F 88 00 00 80 3F 88 00 00 20 41 88
9A 99 79 40 88 00 00 60 42 88 00 00 80 3F 88 00
[22:15:03.134] [INFO] [latency] READ 64 byte(s):
00 00 40 88 00 00 C8 41 88 00 00 A0 40 88 00 00
00 00 88 00 00 C0 3F 88 00 00 00 00 88 00 00 80
3F 88 00 00 C0 3F 88 00 00 00 00 88 00 00 00 00
88 00 00 A0 40 88 00 00 A0 40 88 00 00 80 3F 88
[22:15:03.138] [INFO] [latency] READ 64 byte(s):
00 00 00 00 88 00 00 80 40 88 00 00 A0 40 88 00
00 00 00 88 00 00 00 00 88 00 00 F0 41 88 00 00
A0 40 88 00 00 00 00 88 00 00 00 00 88 00 00 F0
41 88 00 00 A0 40 88 00 00 00 00 88 00 00 00 00
[22:15:03.140] [INFO] [latency] READ 64 byte(s):
88 00 00 F0 41 88 00 00 A0 40 88 00 00 00 00 88
00 00 00 00 88 00 00 F0 41 88 00 00 A0 40 88 00
00 00 00 88 00 00 00 00 88 00 00 F0 41 88 00 00
A0 40 88 00 00 00 00 88 00 00 00 00 88 00 00 F0
[22:15:03.142] [INFO] [latency] READ 64 byte(s):
41 88 00 00 80 3F 88 00 00 00 00 88 00 00 00 00
88 00 00 00 00 88 00 00 70 41 88 00 00 00 3F 88
00 00 48 42 88 00 00 F0 40 88 00 00 00 00 88 00
00 40 40 88 00 00 D0 40 88 00 00 00 00 88 00 00
[22:15:03.145] [INFO] [latency] READ 64 byte(s):
00 00 88 00 00 C0 40 88 00 00 00 00 88 00 00 70
41 88 00 00 00 3F 88 00 00 48 42 88 00 00 F0 40
88 00 00 00 00 88 00 00 70 41 88 00 00 00 3F 88
00 00 48 42 88 00 00 C8 41 88 00 00 F0 40 88 00
[22:15:03.147] [INFO] [latency] READ 64 byte(s):
00 00 00 88 00 00 40 40 88 00 00 B4 43 88 00 00
F0 42 88 00 00 48 42 88 00 00 A0 40 88 00 00 80
3F 88 00 00 00 00 88 00 00 00 00 88 00 00 00 00
88 00 00 10 41 88 00 00 AF 43 88 00 00 A0 41 88
[22:15:03.151] [INFO] [latency] READ 64 byte(s):
00 00 00 00 88 00 00 48 42 88 00 00 00 00 88 00
00 10 41 88 00 00 AF 43 88 00 00 A0 41 88 00 00
00 00 88 00 00 48 42 BA 6D 88 00 00 00 00 88 00
00 00 00 88 00 00 C8 C2 88 00 00 A0 41 88 00 00
[22:15:03.155] [INFO] [latency] READ 64 byte(s):
70 C2 88 00 00 80 3F 88 00 00 00 00 88 00 00 00
00 88 00 00 00 00 88 00 00 A0 40 88 00 00 80 3F
88 00 00 A0 40 88 00 00 96 43 88 00 00 A0 40 88
33 33 33 3F 88 00 80 3B 44 88 00 00 A0 40 88 00
[22:15:03.159] [INFO] [latency] READ 64 byte(s):
80 ED 44 88 00 00 80 3F 88 00 00 80 3F 88 00 00
A0 40 88 00 00 A0 40 88 00 00 C8 42 88 00 00 80
3F 88 00 00 00 00 88 00 00 C8 41 88 00 00 A0 40
88 00 00 00 00 88 00 00 C0 3F 88 00 00 00 00 88
[22:15:03.163] [INFO] [latency] READ 64 byte(s):
00 00 80 3F 88 00 00 C0 3F 88 00 00 00 00 88 00
00 00 00 88 00 00 A0 40 88 00 00 A0 40 88 00 00
80 3F 88 00 00 00 00 88 00 00 80 40 88 00 00 A0
40 88 00 00 00 00 88 00 00 00 00 88 00 00 F0 41
[22:15:03.166] [INFO] [latency] READ 64 byte(s):
88 00 00 A0 40 88 00 00 00 00 88 00 00 00 00 88
00 00 F0 41 88 00 00 A0 40 88 00 00 00 00 88 00
00 00 00 88 00 00 F0 41 88 00 00 A0 40 88 00 00
00 00 88 00 00 00 00 88 00 00 F0 41 88 00 00 A0
[22:15:03.171] [INFO] [latency] READ 64 byte(s):
40 88 00 00 00 00 88 00 00 00 00 88 00 00 F0 41
88 00 00 A0 40 88 00 00 00 00 88 00 00 00 00 88
00 00 F0 41 88 00 00 80 3F 88 00 00 00 00 88 00
00 00 00 88 00 00 00 00 88 00 00 70 41 88 00 00
[22:15:03.178] [INFO] [latency] READ 64 byte(s):
00 3F 88 00 00 48 42 88 00 00 F0 40 88 00 00 00
00 88 00 00 40 40 88 00 00 D0 40 88 00 00 00 00
88 00 00 00 00 88 00 00 C0 40 88 00 00 00 00 88
00 00 70 41 88 00 00 00 3F 88 00 00 48 42 88 00
[22:15:03.181] [INFO] [latency] READ 64 byte(s):
00 F0 40 88 00 00 00 00 88 00 00 70 41 88 00 00
00 3F 88 00 00 48 42 88 00 00 C8 41 88 00 00 F0
40 88 00 00 00 00 88 00 00 40 40 88 00 00 B4 43
88 00 00 F0 42 88 00 00 48 42 88 00 00 A0 40 88
[22:15:03.183] [INFO] [latency] READ 64 byte(s):
00 00 80 3F 88 00 00 00 00 88 00 00 00 00 88 00
00 00 00 88 00 00 10 41 88 00 00 AF 43 88 00 00
A0 41 88 00 00 00 00 88 00 00 48 42 88 00 00 00
00 88 00 00 10 41 88 00 00 AF 43 88 00 00 A0 41
[22:15:03.187] [INFO] [latency] READ 64 byte(s):
88 00 00 00 00 88 00 00 48 42 BA 6D 88 00 00 00
00 88 00 00 00 00 88 00 00 C8 C2 88 00 00 A0 41
88 00 00 70 C2 88 00 00 80 3F 88 00 00 00 00 88
00 00 00 00 88 00 00 00 00 88 00 00 A0 40 88 00
[22:15:03.193] [INFO] [latency] READ 64 byte(s):
00 80 3F 88 00 00 A0 40 88 00 00 96 43 88 00 00
A0 40 88 33 33 33 3F 88 00 80 3B 44 88 00 00 A0
40 88 00 80 ED 44 88 00 00 80 3F 88 00 00 80 3F
88 00 00 A0 40 88 00 00 A0 40 88 00 00 C8 42 88
[22:15:03.196] [INFO] [latency] READ 64 byte(s):
00 00 80 3F 88 00 00 00 00 88 00 00 C8 41 88 00
00 A0 40 88 00 00 00 00 88 00 00 C0 3F 88 00 00
00 00 88 00 00 80 3F 88 00 00 C0 3F 88 00 00 00
00 88 00 00 00 00 88 00 00 A0 40 88 00 00 A0 40
[22:15:03.200] [INFO] [latency] READ 64 byte(s):
88 00 00 80 3F 88 00 00 00 00 88 00 00 80 40 88
00 00 A0 40 88 00 00 00 00 88 00 00 00 00 88 00
00 F0 41 88 00 00 A0 40 88 00 00 00 00 88 00 00
00 00 88 00 00 F0 41 88 00 00 A0 40 88 00 00 00
[22:15:03.204] [INFO] [latency] READ 64 byte(s):
00 88 00 00 00 00 88 00 00 F0 41 88 00 00 A0 40
88 00 00 00 00 88 00 00 00 00 88 00 00 F0 41 88
00 00 A0 40 88 00 00 00 00 88 00 00 00 00 88 00
00 F0 41 88 00 00 A0 40 88 00 00 00 00 88 00 00
[22:15:03.206] [INFO] [latency] READ 64 byte(s):
00 00 88 00 00 F0 41 88 00 00 80 3F 88 00 00 00
00 88 00 00 00 00 88 00 00 00 00 88 00 00 70 41
88 00 00 00 3F 88 00 00 48 42 88 00 00 F0 40 88
00 00 00 00 88 00 00 40 40 88 00 00 D0 40 88 00
[22:15:03.210] [INFO] [latency] READ 64 byte(s):
00 00 00 88 00 00 00 00 88 00 00 C0 40 88 00 00
00 00 88 00 00 70 41 88 00 00 00 3F 88 00 00 48
42 88 00 00 F0 40 88 00 00 00 00 88 00 00 70 41
88 00 00 00 3F 88 00 00 48 42 88 00 00 C8 41 88
[22:15:03.213] [INFO] [latency] READ 64 byte(s):
00 00 F0 40 88 00 00 00 00 88 00 00 40 40 88 00
00 B4 43 88 00 00 F0 42 88 00 00 48 42 88 00 00
A0 40 88 00 00 80 3F 88 00 00 00 00 88 00 00 00
00 88 00 00 00 00 88 00 00 10 41 88 00 00 AF 43
[22:15:03.216] [INFO] [latency] READ 64 byte(s):
88 00 00 A0 41 88 00 00 00 00 88 00 00 48 42 88
00 00 00 00 88 00 00 10 41 88 00 00 AF 43 88 00
00 A0 41 88 00 00 00 00 88 00 00 48 42 B9 0D B9
02 BC 21 00 66 96 BC 5B BD 4F BC 06 15 60 3B 9F
[22:15:03.220] [INFO] [latency] READ 64 byte(s):
3D EB BC F5 2E CC BB 62 AE C7 BB FA B3 E7 BC 7B
1C 9B 3A 35 00 B9 02 BC 0B 32 30 32 35 2D 31 32
2D 30 35 00 0A B9 02 BC 21 53 54 4F 4D 50 20 2D
20 44 49 53 54 4F 52 54 49 4F 4E 00 BB 94 62 30
[22:15:03.224] [INFO] [latency] READ 64 byte(s):
3A 27 38 D0 BC 06 5D 88 3B 3B 12 B9 02 BC 21 4E
6F 6E 65 00 FF A5 BC 96 C6 D4 BC 39 17 CD 3B 39
1A FE BB 12 F9 49 BC 71 0F AC BB 6A 40 C6 BC 90
04 B9 02 BC 21 4E 6F 6E 65 00 27 B6 BC D2 38 03
[22:15:03.228] [INFO] [latency] READ 64 byte(s):
3A 26 52 7D 5D BC 22 7D 5D B5 BC 34 51 57 3B 28
91 A0 BC AD 1A B8 BC 1F 04 B9 02 BC 21 4E 6F 6E
65 00 24 44 BB 24 21 AA BC E0 F8 E0 BB 8A C2 BF
BC 8B 33 97 BC 31 46 F2 BB 09 9F 94 BC C5 04 B9
[22:15:03.233] [INFO] [latency] READ 64 byte(s):
02 BC 21 4E 6F 6E 65 00 FC 3A BC 34 05 B2 BC 21
28 4D BC FE DB 84 BC F1 BB A4 BC 7C 64 DF BB 73
73 AD BC 96 04 B9 02 BC 21 00 B3 B5 BC F2 E5 4F
BC E6 34 6E BC DF 22 C2 BC 09 36 58 BC ED 12 3C
[22:15:03.240] [INFO] [latency] READ 64 byte(s):
BC 23 B9 06 BC 13 DB C5 BC 56 00 B9 02 BC 21 00
8A 80 BC ED 2C 5D BB 63 35 D9 BC D7 B7 34 BC AA
BF 1D BB 00 CF CD BC CA 8D 2F 3C 9C FC 9B BC 24
00 B9 02 BC 21 00 2D 8F BC 78 5B 98 BC A5 BB 03
[22:15:03.245] [INFO] [latency] READ 64 byte(s):
3C E7 E1 ED BC 47 49 C3 BC 3D BA 4D B9 03 68 9F
BC 97 4F D7 3A 69 00 B9 02 BC 21 00 5B 91 BC E0
99 2B 3C 1E AF E8 BC 43 0A 9D BA 32 4F 53 3A 68
FC CE BC 5C D6 81 3C EF B0 57 BC 0F 00 B9 02 BC
[22:15:03.248] [INFO] [latency] READ 64 byte(s):
21 00 5D EB BC ED E4 A9 3B 44 94 D8 3B D9 54 07
BD 7A 10 94 3B 8B 4A 1E 3C 9D 18 DF BC E2 FE 9C
3B 3D 00 B9 02 BC 41 00 9D 9C 3B 9D 20 1E BB F7
15 D6 BC 1B 44 25 3C 7D 5D 74 62 BC D9 C9 E7 BC
[22:15:03.251] [INFO] [latency] READ 45 byte(s):
68 E3 46 3C 55 52 7B BC BF AA DE BC FF 8B 1D 3D
69 01 33 BD FB 23 70 BB F6 85 D9 3C B4 99 88 BD
55 5E A8 BB 80 65 00 00 72 00 FC 16 7E
[22:15:03.255] [INFO] [latency] WRITE 21 byte(s):
7E B9 03 81 00 03 82 06 00 80 0B 03 B9 04 0B 01
05 00 70 59 7E
[22:15:03.260] [INFO] [latency] READ 64 byte(s):
7E B9 03 81 04 03 81 9D 08 0B B9 03 01 05 B9 04
B9 02 BC 21 44 72 69 76 65 6E 20 42 61 73 73 20
4D 65 6C 74 65 72 00 00 00 00 00 00 00 00 00 00
00 00 00 00 00 12 BA 02 88 00 00 00 00 88 00 00
[22:15:03.268] [INFO] [latency] READ 64 byte(s):
F0 42 BA 03 BA 6D 88 00 00 00 00 88 00 00 00 00
88 00 00 C8 C2 88 00 00 A0 41 88 00 00 70 C2 88
00 00 80 3F 88 00 00 00 00 88 00 00 00 00 88 00
00 00 00 88 00 00 A0 40 88 00 00 80 3F 88 00 00
[22:15:03.276] [INFO] [latency] READ 64 byte(s):
A0 40 88 00 00 96 43 88 00 00 A0 40 88 33 33 33
3F 88 00 80 3B 44 88 00 00 A0 40 88 00 80 ED 44
88 00 00 80 3F 88 00 00 00 00 88 00 00 A0 40 88
00 00 A0 40 88 00 00 C8 42 88 00 00 80 3F 88 00
[22:15:03.283] [INFO] [latency] READ 64 byte(s):
00 00 00 88 00 00 C8 41 88 00 00 A0 40 88 00 00
00 00 88 00 00 C0 3F 88 00 00 00 00 88 00 00 80
3F 88 00 00 C0 3F 88 00 00 00 00 88 00 00 00 00
88 00 00 A0 40 88 00 00 A0 40 88 00 00 80 3F 88
[22:15:03.289] [INFO] [latency] READ 64 byte(s):
00 00 00 00 88 00 00 80 40 88 00 00 A0 40 88 00
00 00 00 88 00 00 00 00 88 00 00 F0 41 88 00 00
A0 40 88 00 00 00 00 88 00 00 00 00 88 00 00 F0
41 88 00 00 A0 40 88 00 00 00 00 88 00 00 00 00
[22:15:03.293] [INFO] [latency] READ 64 byte(s):
88 00 00 F0 41 88 00 00 A0 40 88 00 00 00 00 88
00 00 00 00 88 00 00 F0 41 88 00 00 A0 40 88 00
00 00 00 88 00 00 00 00 88 00 00 F0 41 88 00 00
A0 40 88 00 00 00 00 88 00 00 00 00 88 00 00 F0
[22:15:03.296] [INFO] [latency] READ 64 byte(s):
41 88 00 00 80 3F 88 00 00 00 00 88 00 00 00 00
88 00 00 00 00 88 00 00 70 41 88 FF FF FF 3E 88
00 00 48 42 88 00 00 F0 40 88 00 00 00 00 88 00
00 40 40 88 00 00 D0 40 88 00 00 00 00 88 00 00
[22:15:03.300] [INFO] [latency] READ 64 byte(s):
00 00 88 00 00 C0 40 88 00 00 00 00 88 00 00 70
41 88 FF FF FF 3E 88 00 00 48 42 88 00 00 F0 40
88 00 00 00 00 88 00 00 70 41 88 FF FF FF 3E 88
00 00 48 42 88 00 00 C8 41 88 00 00 F0 40 88 00
[22:15:03.304] [INFO] [latency] READ 64 byte(s):
00 00 00 88 00 00 40 40 88 00 00 B4 43 88 00 00
F0 42 88 00 00 48 42 88 00 00 A0 40 88 00 00 80
3F 88 00 00 00 00 88 00 00 00 00 88 00 00 00 00
88 00 00 10 41 88 00 00 AF 43 88 00 00 A0 41 88
[22:15:03.308] [INFO] [latency] READ 64 byte(s):
00 00 00 00 88 00 00 48 42 88 00 00 00 00 88 00
00 10 41 88 00 00 AF 43 88 00 00 A0 41 88 00 00
00 00 88 00 00 48 42 BA 6D 88 00 00 00 00 88 00
00 00 00 88 00 00 C8 C2 88 00 00 A0 41 88 00 00
[22:15:03.313] [INFO] [latency] READ 64 byte(s):
70 C2 88 00 00 80 3F 88 00 00 00 00 88 00 00 00
00 88 00 00 00 00 88 00 00 A0 40 88 00 00 80 3F
88 00 00 A0 40 88 00 00 96 43 88 00 00 A0 40 88
33 33 33 3F 88 00 80 3B 44 88 00 00 A0 40 88 00
[22:15:03.317] [INFO] [latency] READ 64 byte(s):
80 ED 44 88 00 00 80 3F 88 00 00 00 00 88 00 00
A0 40 88 00 00 A0 40 88 00 00 C8 42 88 00 00 80
3F 88 00 00 00 00 88 00 00 C8 41 88 00 00 A0 40
88 00 00 00 00 88 00 00 C0 3F 88 00 00 00 00 88
[22:15:03.322] [INFO] [latency] READ 64 byte(s):
00 00 80 3F 88 00 00 C0 3F 88 00 00 00 00 88 00
00 00 00 88 00 00 A0 40 88 00 00 A0 40 88 00 00
80 3F 88 00 00 00 00 88 00 00 80 40 88 00 00 A0
40 88 00 00 00 00 88 00 00 00 00 88 00 00 F0 41
[22:15:03.327] [INFO] [latency] READ 64 byte(s):
88 00 00 A0 40 88 00 00 00 00 88 00 00 00 00 88
00 00 F0 41 88 00 00 A0 40 88 00 00 00 00 88 00
00 00 00 88 00 00 F0 41 88 00 00 A0 40 88 00 00
00 00 88 00 00 00 00 88 00 00 F0 41 88 00 00 A0
[22:15:03.331] [INFO] [latency] READ 64 byte(s):
40 88 00 00 00 00 88 00 00 00 00 88 00 00 F0 41
88 00 00 A0 40 88 00 00 00 00 88 00 00 00 00 88
00 00 F0 41 88 00 00 80 3F 88 00 00 00 00 88 00
00 00 00 88 00 00 00 00 88 00 00 70 41 88 00 00
[22:15:03.335] [INFO] [latency] READ 64 byte(s):
00 3F 88 00 00 48 42 88 00 00 F0 40 88 00 00 00
00 88 00 00 40 40 88 00 00 D0 40 88 00 00 00 00
88 00 00 00 00 88 00 00 C0 40 88 00 00 00 00 88
00 00 70 41 88 00 00 00 3F 88 00 00 48 42 88 00
[22:15:03.342] [INFO] [latency] READ 64 byte(s):
00 F0 40 88 00 00 00 00 88 00 00 70 41 88 00 00
00 3F 88 00 00 48 42 88 00 00 C8 41 88 00 00 F0
40 88 00 00 00 00 88 00 00 40 40 88 00 00 B4 43
88 00 00 F0 42 88 00 00 48 42 88 00 00 A0 40 88
[22:15:03.346] [INFO] [latency] READ 64 byte(s):
00 00 80 3F 88 00 00 00 00 88 00 00 00 00 88 00
00 00 00 88 00 00 10 41 88 00 00 AF 43 88 00 00
A0 41 88 00 00 00 00 88 00 00 48 42 88 00 00 00
00 88 00 00 10 41 88 00 00 AF 43 88 00 00 A0 41
[22:15:03.350] [INFO] [latency] READ 64 byte(s):
88 00 00 00 00 88 00 00 48 42 BA 6D 88 00 00 00
00 88 00 00 00 00 88 00 00 C8 C2 88 00 00 A0 41
88 00 00 70 C2 88 00 00 80 3F 88 00 00 00 00 88
00 00 00 00 88 00 00 00 00 88 00 00 A0 40 88 00
[22:15:03.355] [INFO] [latency] READ 64 byte(s):
00 80 3F 88 00 00 A0 40 88 00 00 96 43 88 00 00
A0 40 88 33 33 33 3F 88 00 80 3B 44 88 00 00 A0
40 88 00 80 ED 44 88 00 00 80 3F 88 00 00 00 00
88 00 00 A0 40 88 00 00 A0 40 88 00 00 C8 42 88
[22:15:03.357] [INFO] [latency] READ 64 byte(s):
00 00 80 3F 88 00 00 00 00 88 00 00 C8 41 88 00
00 A0 40 88 00 00 00 00 88 00 00 C0 3F 88 00 00
00 00 88 00 00 80 3F 88 00 00 C0 3F 88 00 00 00
00 88 00 00 00 00 88 00 00 A0 40 88 00 00 A0 40
[22:15:03.362] [INFO] [latency] READ 64 byte(s):
88 00 00 80 3F 88 00 00 00 00 88 00 00 80 40 88
00 00 A0 40 88 00 00 00 00 88 00 00 00 00 88 00
00 F0 41 88 00 00 A0 40 88 00 00 00 00 88 00 00
00 00 88 00 00 F0 41 88 00 00 A0 40 88 00 00 00
[22:15:03.366] [INFO] [latency] READ 64 byte(s):
00 88 00 00 00 00 88 00 00 F0 41 88 00 00 A0 40
88 00 00 00 00 88 00 00 00 00 88 00 00 F0 41 88
00 00 A0 40 88 00 00 00 00 88 00 00 00 00 88 00
00 F0 41 88 00 00 A0 40 88 00 00 00 00 88 00 00
[22:15:03.371] [INFO] [latency] READ 64 byte(s):
00 00 88 00 00 F0 41 88 00 00 80 3F 88 00 00 00
00 88 00 00 00 00 88 00 00 00 00 88 00 00 70 41
88 00 00 00 3F 88 00 00 48 42 88 00 00 F0 40 88
00 00 00 00 88 00 00 40 40 88 00 00 D0 40 88 00
[22:15:03.373] [INFO] [latency] READ 64 byte(s):
00 00 00 88 00 00 00 00 88 00 00 C0 40 88 00 00
00 00 88 00 00 70 41 88 00 00 00 3F 88 00 00 48
42 88 00 00 F0 40 88 00 00 00 00 88 00 00 70 41
88 00 00 00 3F 88 00 00 48 42 88 00 00 C8 41 88
[22:15:03.377] [INFO] [latency] READ 64 byte(s):
00 00 F0 40 88 00 00 00 00 88 00 00 40 40 88 00
00 B4 43 88 00 00 F0 42 88 00 00 48 42 88 00 00
A0 40 88 00 00 80 3F 88 00 00 00 00 88 00 00 00
00 88 00 00 00 00 88 00 00 10 41 88 00 00 AF 43
[22:15:03.380] [INFO] [latency] READ 64 byte(s):
88 00 00 A0 41 88 00 00 00 00 88 00 00 48 42 88
00 00 00 00 88 00 00 10 41 88 00 00 AF 43 88 00
00 A0 41 88 00 00 00 00 88 00 00 48 42 B9 0D B9
02 BC 21 00 29 1C B7 14 AC E7 3C C9 A6 9A 3C 8B
[22:15:03.383] [INFO] [latency] READ 64 byte(s):
DA 94 3C D8 C9 E4 3C C0 86 8B 3C CC 12 0D 3D EB
B9 E1 3C 7A 00 B9 02 BC 0B 32 30 32 35 2D 31 32
2D 30 35 00 0A B9 02 BC 21 44 52 49 56 45 00 AC
3C A5 8D 63 3C 8D 41 2B 3C 70 77 80 3C 1D BB EB
[22:15:03.389] [INFO] [latency] READ 64 byte(s):
3C DB 6E 50 3C 7B E0 05 3D 99 05 B9 02 BC 21 4E
6F 6E 65 00 87 1E 3C D1 04 0C 3C 22 D8 F8 3A 02
A9 77 3B 96 72 14 3C 5B 62 87 BB D5 BE 12 3C 65
04 B9 02 BC 21 4E 6F 6E 65 00 A7 9A BA 6D BD A9
[22:15:03.394] [INFO] [latency] READ 64 byte(s):
3B C6 41 16 3C F0 F0 2E 3C 7D 5E 1C 2A 3C 21 DF
01 3C BC 3C 7D 5D BC 9A 04 B9 02 BC 21 4E 6F 6E
65 00 0D FE BB CE E2 38 3A F5 AA 9A 3C 14 48 AA
3A B0 00 14 3C D3 23 09 BB 42 7F AB 3B C2 04 B9
[22:15:03.397] [INFO] [latency] READ 64 byte(s):
02 BC 21 4E 6F 6E 65 00 C2 AF 3C 67 AF 5E 3C C6
32 C5 3A 9A D0 87 39 C1 97 6A BB B5 EC E0 BB F4
FD D7 39 2D 04 B9 02 BC 21 00 87 12 3C F1 62 14
39 FB 20 1F 3B 3F D0 F1 BB 95 84 20 3B C0 25 08
[22:15:03.401] [INFO] [latency] READ 64 byte(s):
B8 39 A1 1B 3C D5 EA 24 3C 4B 00 B9 02 BC 21 00
1E FF BB 7D 5E C6 9F BB FD EF 85 BC 2E E5 A3 BB
E7 BF 6A BC 09 CD 43 BB FA B6 DC BB 3C 0B 48 3C
07 00 B9 02 BC 21 00 4F 1C 3A 58 4C E7 3B 21 47
[22:15:03.408] [INFO] [latency] READ 64 byte(s):
87 3B 65 44 87 3A B9 F5 11 3C 63 81 0F BC EE BC
F0 BA 43 66 85 BC 9F 00 B9 02 BC 21 00 73 3B BC
34 12 42 3B 7D 5D 73 C9 3C 0D 1B BE 3C 3A D5 A0
3C 66 6B F4 3C FB 55 18 3C 70 B3 60 3C 55 00 B9
[22:15:03.416] [INFO] [latency] READ 64 byte(s):
02 BC 21 00 EF 15 BB 7C F5 15 BC DA 27 D3 3B 8A
15 FC 3A 13 05 69 3C D7 E4 24 3C E5 4F 90 3C 5F
0D 91 3C D8 00 B9 02 BC 41 00 90 1B 3D 9B D2 15
BC 97 E4 07 3C 09 87 B1 3C 52 EE 27 3C 38 DB 15
[22:15:03.420] [INFO] [latency] READ 46 byte(s):
3C C1 38 DE 3C EC 91 8A 3A FA 6C E3 3C 0A 51 6A
3C 51 EA D3 3C 20 D4 31 3D CC 88 1E BD 71 D4 C5
3D 93 4F EE AC 5B 88 00 00 72 00 5C E7 7E
[22:15:03.423] [INFO] [latency] WRITE 21 byte(s):
7E B9 03 81 00 03 82 06 00 80 0B 03 B9 04 0B 01
06 00 18 73 7E
[22:15:03.427] [INFO] [latency] READ 64 byte(s):
7E B9 03 81 04 03 81 9D 08 0B B9 03 01 06 B9 04
B9 02 BC 21 4C 6F 77 65 72 20 42 61 73 73 20 4D
65 6C 74 65 72 00 00 00 00 00 00 00 00 00 00 00
00 00 00 00 00 11 BA 02 88 00 00 00 00 88 00 00
[22:15:03.430] [INFO] [latency] READ 64 byte(s):
F0 42 BA 03 BA 6D 88 00 00 00 00 88 00 00 80 3F
88 00 00 D8 C1 88 00 00 FA 43 88 00 00 70 C2 88
00 00 00 00 88 00 00 80 3F 88 00 00 48 C1 88 00
00 20 41 88 00 00 88 41 88 00 00 80 3F 88 00 00
[22:15:03.432] [INFO] [latency] READ 64 byte(s):
A0 40 88 00 00 96 43 88 00 00 A0 40 88 33 33 33
3F 88 00 80 3B 44 88 00 00 A0 40 88 00 80 ED 44
88 00 00 80 3F 88 00 00 00 00 88 00 00 20 40 88
00 00 40 40 88 00 00 8A 42 88 00 00 80 3F 88 00
[22:15:03.434] [INFO] [latency] READ 64 byte(s):
00 00 00 88 00 00 C8 41 88 00 00 A0 40 88 00 00
00 00 88 00 00 C0 3F 88 00 00 00 00 88 00 00 80
3F 88 00 00 C0 3F 88 00 00 00 00 88 00 00 00 00
88 00 00 20 41 88 00 00 20 41 88 00 00 80 3F 88
[22:15:03.438] [INFO] [latency] READ 64 byte(s):
00 00 80 3F 88 00 00 80 40 88 00 00 A0 40 88 00
00 00 00 88 00 00 00 00 88 00 00 F0 41 88 00 00
A0 40 88 00 00 00 00 88 00 00 00 00 88 00 00 F0
41 88 00 00 A0 40 88 00 00 00 00 88 00 00 00 00
[22:15:03.443] [INFO] [latency] READ 64 byte(s):
88 00 00 F0 41 88 00 00 A0 40 88 00 00 00 00 88
00 00 00 00 88 00 00 F0 41 88 00 00 A0 40 88 00
00 00 00 88 00 00 00 00 88 00 00 00 00 88 00 00
A0 40 88 00 00 00 00 88 00 00 00 00 88 00 00 F0
[22:15:03.446] [INFO] [latency] READ 64 byte(s):
41 88 00 00 80 3F 88 00 00 00 00 88 00 00 00 00
88 00 00 00 00 88 00 00 70 41 88 14 AE 87 3F 88
00 00 98 41 88 00 00 F0 40 88 00 00 00 00 88 00
00 40 40 88 00 00 D0 40 88 00 00 00 00 88 00 00
[22:15:03.448] [INFO] [latency] READ 64 byte(s):
00 00 88 00 00 C0 40 88 00 00 00 00 88 00 00 70
41 88 FF FF FF 3E 88 00 00 48 42 88 00 00 F0 40
88 00 00 00 00 88 00 00 70 41 88 FF FF FF 3E 88
00 00 48 42 88 00 00 C8 41 88 00 00 F0 40 88 00
[22:15:03.451] [INFO] [latency] READ 64 byte(s):
00 00 00 88 00 00 40 40 88 00 00 B4 43 88 00 00
F0 42 88 00 00 48 42 88 00 00 A0 40 88 00 00 80
3F 88 00 00 00 00 88 00 00 00 00 88 00 00 00 00
88 00 00 10 41 88 00 00 AF 43 88 00 00 A0 41 88
[22:15:03.454] [INFO] [latency] READ 64 byte(s):
00 00 00 00 88 00 00 48 42 88 00 00 00 00 88 00
00 10 41 88 00 00 AF 43 88 00 00 A0 41 88 00 00
00 00 88 00 00 48 42 BA 6D 88 00 00 00 00 88 00
00 00 00 88 00 00 C8 C2 88 00 00 A0 41 88 00 00
[22:15:03.465] [INFO] [latency] READ 64 byte(s):
70 C2 88 00 00 80 3F 88 00 00 00 00 88 00 00 00
00 88 00 00 00 00 88 00 00 A0 40 88 00 00 80 3F
88 00 00 A0 40 88 00 00 96 43 88 00 00 A0 40 88
33 33 33 3F 88 00 80 3B 44 88 00 00 A0 40 88 00
[22:15:03.470] [INFO] [latency] READ 64 byte(s):
80 ED 44 88 00 00 80 3F 88 00 00 00 00 88 00 00
A0 40 88 00 00 A0 40 88 00 00 C8 42 88 00 00 80
3F 88 00 00 00 00 88 00 00 C8 41 88 00 00 A0 40
88 00 00 00 00 88 00 00 C0 3F 88 00 00 00 00 88
[22:15:03.473] [INFO] [latency] READ 64 byte(s):
00 00 80 3F 88 00 00 C0 3F 88 00 00 00 00 88 00
00 00 00 88 00 00 A0 40 88 00 00 A0 40 88 00 00
80 3F 88 00 00 00 00 88 00 00 80 40 88 00 00 A0
40 88 00 00 00 00 88 00 00 00 00 88 00 00 F0 41
[22:15:03.476] [INFO] [latency] READ 64 byte(s):
88 00 00 A0 40 88 00 00 00 00 88 00 00 00 00 88
00 00 F0 41 88 00 00 A0 40 88 00 00 00 00 88 00
00 00 00 88 00 00 F0 41 88 00 00 A0 40 88 00 00
00 00 88 00 00 00 00 88 00 00 F0 41 88 00 00 A0
[22:15:03.479] [INFO] [latency] READ 64 byte(s):
40 88 00 00 00 00 88 00 00 00 00 88 00 00 F0 41
88 00 00 A0 40 88 00 00 00 00 88 00 00 00 00 88
00 00 F0 41 88 00 00 80 3F 88 00 00 00 00 88 00
00 00 00 88 00 00 00 00 88 00 00 70 41 88 00 00
[22:15:03.482] [INFO] [latency] READ 64 byte(s):
00 3F 88 00 00 48 42 88 00 00 F0 40 88 00 00 00
00 88 00 00 40 40 88 00 00 D0 40 88 00 00 00 00
88 00 00 00 00 88 00 00 C0 40 88 00 00 00 00 88
00 00 70 41 88 00 00 00 3F 88 00 00 48 42 88 00
[22:15:03.485] [INFO] [latency] READ 64 byte(s):
00 F0 40 88 00 00 00 00 88 00 00 70 41 88 00 00
00 3F 88 00 00 48 42 88 00 00 C8 41 88 00 00 F0
40 88 00 00 00 00 88 00 00 40 40 88 00 00 B4 43
88 00 00 F0 42 88 00 00 48 42 88 00 00 A0 40 88
[22:15:03.488] [INFO] [latency] READ 64 byte(s):
00 00 80 3F 88 00 00 00 00 88 00 00 00 00 88 00
00 00 00 88 00 00 10 41 88 00 00 AF 43 88 00 00
A0 41 88 00 00 00 00 88 00 00 48 42 88 00 00 00
00 88 00 00 10 41 88 00 00 AF 43 88 00 00 A0 41
[22:15:03.493] [INFO] [latency] READ 64 byte(s):
88 00 00 00 00 88 00 00 48 42 BA 6D 88 00 00 00
00 88 00 00 00 00 88 00 00 C8 C2 88 00 00 A0 41
88 00 00 70 C2 88 00 00 80 3F 88 00 00 00 00 88
00 00 00 00 88 00 00 00 00 88 00 00 A0 40 88 00
[22:15:03.497] [INFO] [latency] READ 64 byte(s):
00 80 3F 88 00 00 A0 40 88 00 00 96 43 88 00 00
A0 40 88 33 33 33 3F 88 00 80 3B 44 88 00 00 A0
40 88 00 80 ED 44 88 00 00 80 3F 88 00 00 00 00
88 00 00 A0 40 88 00 00 A0 40 88 00 00 C8 42 88
[22:15:03.501] [INFO] [latency] READ 64 byte(s):
00 00 80 3F 88 00 00 00 00 88 00 00 C8 41 88 00
00 A0 40 88 00 00 00 00 88 00 00 C0 3F 88 00 00
00 00 88 00 00 80 3F 88 00 00 C0 3F 88 00 00 00
00 88 00 00 00 00 88 00 00 A0 40 88 00 00 A0 40
[22:15:03.506] [INFO] [latency] READ 64 byte(s):
88 00 00 80 3F 88 00 00 00 00 88 00 00 80 40 88
00 00 A0 40 88 00 00 00 00 88 00 00 00 00 88 00
00 F0 41 88 00 00 A0 40 88 00 00 00 00 88 00 00
00 00 88 00 00 F0 41 88 00 00 A0 40 88 00 00 00
[22:15:03.510] [INFO] [latency] READ 64 byte(s):
00 88 00 00 00 00 88 00 00 F0 41 88 00 00 A0 40
88 00 00 00 00 88 00 00 00 00 88 00 00 F0 41 88
00 00 A0 40 88 00 00 00 00 88 00 00 00 00 88 00
00 F0 41 88 00 00 A0 40 88 00 00 00 00 88 00 00
[22:15:03.512] [INFO] [latency] READ 64 byte(s):
00 00 88 00 00 F0 41 88 00 00 80 3F 88 00 00 00
00 88 00 00 00 00 88 00 00 00 00 88 00 00 70 41
88 00 00 00 3F 88 00 00 48 42 88 00 00 F0 40 88
00 00 00 00 88 00 00 40 40 88 00 00 D0 40 88 00
[22:15:03.515] [INFO] [latency] READ 64 byte(s):
00 00 00 88 00 00 00 00 88 00 00 C0 40 88 00 00
00 00 88 00 00 70 41 88 00 00 00 3F 88 00 00 48
42 88 00 00 F0 40 88 00 00 00 00 88 00 00 70 41
88 00 00 00 3F 88 00 00 48 42 88 00 00 C8 41 88
[22:15:03.518] [INFO] [latency] READ 64 byte(s):
00 00 F0 40 88 00 00 00 00 88 00 00 40 40 88 00
00 B4 43 88 00 00 F0 42 88 00 00 48 42 88 00 00
A0 40 88 00 00 80 3F 88 00 00 00 00 88 00 00 00
00 88 00 00 00 00 88 00 00 10 41 88 00 00 AF 43
[22:15:03.520] [INFO] [latency] READ 64 byte(s):
88 00 00 A0 41 88 00 00 00 00 88 00 00 48 42 88
00 00 00 00 88 00 00 10 41 88 00 00 AF 43 88 00
00 A0 41 88 00 00 00 00 88 00 00 48 42 B9 0D B9
02 BC 21 00 E8 89 3B DB E8 39 BB B6 EB 53 3B C1
[22:15:03.526] [INFO] [latency] READ 64 byte(s):
F8 44 3C 31 36 81 3C EA 08 8F 3C D1 95 E8 3C 2C
B1 49 3C 4E 00 B9 02 BC 0B 32 30 32 35 2D 31 31
2D 32 38 00 0A B9 02 BC 21 48 49 2D 47 41 49 4E
00 88 86 D8 3A C7 21 F2 BA 54 A1 CE 3B 26 D7 1F
[22:15:03.529] [INFO] [latency] READ 64 byte(s):
3C E7 1B DB BB 88 6B 3A BC 2E 07 B9 02 BC 21 4E
6F 6E 65 00 96 DF 3A 2A 6B 2B BB CA E3 26 BC 1C
72 F3 BB F3 04 2E BC 4C 1F 05 BC 5A 64 99 3B 74
04 B9 02 BC 21 4E 6F 6E 65 00 A3 8B BC DD A5 D3
[22:15:03.532] [INFO] [latency] READ 64 byte(s):
BC 59 84 B5 BC F5 76 B7 BC 78 C5 92 BC 9C CA 9D
BB 84 6E 2E BB 71 04 B9 02 BC 21 4E 6F 6E 65 00
92 42 BC 1B AA 66 BC 53 7C DD BC 4C FE F2 BC 19
34 E9 BC BB D0 C5 BC EE 77 5B BB F5 04 B9 02 BC
[22:15:03.534] [INFO] [latency] READ 64 byte(s):
21 4E 6F 6E 65 00 EB 98 BB 9A F1 14 BB 4C C7 E9
BA DC 7C DC BC 82 EA CC BC 4B 12 0C BC 25 F9 D4
BC E8 04 B9 02 BC 21 00 C1 34 BB CF 09 1A 3B 93
E5 A3 BB ED 7D 5D 73 BC 99 BD D0 BC B3 33 02 BC
[22:15:03.539] [INFO] [latency] READ 64 byte(s):
7D 5D B4 1E BC 3F 49 E1 BC 1C 00 B9 02 BC 21 00
EC B4 BC 0D 17 B4 BC 68 3A 6C BC BC A8 17 3C C4
5A 20 BC 48 5F 40 BC 68 E3 9D BC A6 08 7D 5D BC
87 00 B9 02 BC 21 00 6D 8E BB 9D CF EC 3B AA EA
[22:15:03.542] [INFO] [latency] READ 64 byte(s):
54 BC 0C 54 D7 BC 12 AA A8 BC 52 84 96 BA 66 AF
96 BB 03 95 F6 BC 35 00 B9 02 BC 21 00 2A BF BB
AE 3B 4B BC 0E B3 1A BC 19 62 CE BB B1 07 1A BC
9D 31 71 3C 0A A0 DB B9 C2 78 95 BB 43 00 B9 02
[22:15:03.546] [INFO] [latency] READ 64 byte(s):
BC 21 00 B6 9C BC A9 06 BF BC C0 AE 79 3A 1A 9D
10 3C 9F 7D 5E 94 3B EB B5 0F BB BD 8B 37 BC BB
6C 56 BB E8 00 B9 02 BC 41 00 CB B7 3C 54 DC 06
3D 5D D9 0C 3C F3 6B 1A BC 4F 6F 01 BC FD EA 5D
[22:15:03.549] [INFO] [latency] READ 46 byte(s):
3B ED 4B 4F 3C 4E 49 90 3B 4B BC 80 3C 26 D2 A2
3B C9 AF AC 3B 96 95 75 BB 31 E5 B1 BB 82 E4 43
3D 68 D9 CB 98 9F 08 00 00 72 00 84 E4 7E
[22:15:03.556] [INFO] [latency] WRITE 21 byte(s):
7E B9 03 81 00 03 82 06 00 80 0B 03 B9 04 0B 01
07 00 C0 6A 7E
[22:15:03.562] [INFO] [latency] READ 64 byte(s):
7E B9 03 81 04 03 81 9D 08 0B B9 03 01 07 B9 04
B9 02 BC 21 36 34 20 4C 6F 20 47 61 69 6E 20 46
65 65 6C 73 00 00 00 00 00 00 00 00 00 00 00 00
00 00 00 00 00 10 BA 02 88 00 00 00 00 88 00 00
[22:15:03.565] [INFO] [latency] READ 64 byte(s):
F0 42 BA 03 BA 6D 88 00 00 00 00 88 00 00 00 00
88 00 00 C8 C2 88 00 00 A0 41 88 00 00 70 C2 88
00 00 80 3F 88 00 00 00 00 88 00 00 00 00 88 00
00 00 00 88 00 00 A0 40 88 00 00 80 3F 88 00 00
[22:15:03.567] [INFO] [latency] READ 64 byte(s):
A0 40 88 00 00 96 43 88 00 00 A0 40 88 33 33 33
3F 88 00 80 3B 44 88 00 00 A0 40 88 00 80 ED 44
88 00 00 80 3F 88 00 00 00 00 88 00 00 A0 40 88
00 00 A0 40 88 00 00 C8 42 88 00 00 80 3F 88 00
[22:15:03.583] [INFO] [latency] READ 64 byte(s):
00 00 00 88 00 00 C8 41 88 00 00 A0 40 88 00 00
00 00 88 00 00 C0 3F 88 00 00 00 00 88 00 00 80
3F 88 00 00 C0 3F 88 00 00 00 00 88 00 00 00 00
88 00 00 A0 40 88 00 00 A0 40 88 00 00 80 3F 88
[22:15:03.589] [INFO] [latency] READ 64 byte(s):
00 00 00 00 88 00 00 80 40 88 00 00 A0 40 88 00
00 00 00 88 00 00 00 00 88 00 00 F0 41 88 00 00
A0 40 88 00 00 00 00 88 00 00 00 00 88 00 00 F0
41 88 00 00 A0 40 88 00 00 00 00 88 00 00 00 00
[22:15:03.592] [INFO] [latency] READ 64 byte(s):
88 00 00 F0 41 88 00 00 A0 40 88 00 00 00 00 88
00 00 00 00 88 00 00 F0 41 88 00 00 A0 40 88 00
00 00 00 88 00 00 00 00 88 00 00 F0 41 88 00 00
A0 40 88 00 00 00 00 88 00 00 00 00 88 00 00 F0
[22:15:03.594] [INFO] [latency] READ 64 byte(s):
41 88 00 00 80 3F 88 00 00 00 00 88 00 00 00 00
88 00 00 00 00 88 00 00 70 41 88 00 00 00 3F 88
00 00 48 42 88 00 00 F0 40 88 00 00 00 00 88 00
00 40 40 88 00 00 D0 40 88 00 00 00 00 88 00 00
[22:15:03.596] [INFO] [latency] READ 64 byte(s):
00 00 88 00 00 C0 40 88 00 00 00 00 88 00 00 70
41 88 00 00 00 3F 88 00 00 48 42 88 00 00 F0 40
88 00 00 00 00 88 00 00 70 41 88 00 00 00 3F 88
00 00 48 42 88 00 00 C8 41 88 00 00 F0 40 88 00
[22:15:03.601] [INFO] [latency] READ 64 byte(s):
00 00 00 88 00 00 40 40 88 00 00 B4 43 88 00 00
F0 42 88 00 00 48 42 88 00 00 A0 40 88 00 00 80
3F 88 00 00 00 00 88 00 00 00 00 88 00 00 00 00
88 00 00 10 41 88 00 00 AF 43 88 00 00 A0 41 88
[22:15:03.604] [INFO] [latency] READ 64 byte(s):
00 00 00 00 88 00 00 48 42 88 00 00 00 00 88 00
00 10 41 88 00 00 AF 43 88 00 00 A0 41 88 00 00
00 00 88 00 00 48 42 BA 6D 88 00 00 00 00 88 00
00 00 00 88 00 00 C8 C2 88 00 00 A0 41 88 00 00
[22:15:03.608] [INFO] [latency] READ 64 byte(s):
70 C2 88 00 00 80 3F 88 00 00 00 00 88 00 00 00
00 88 00 00 00 00 88 00 00 A0 40 88 00 00 80 3F
88 00 00 A0 40 88 00 00 96 43 88 00 00 A0 40 88
33 33 33 3F 88 00 80 3B 44 88 00 00 A0 40 88 00
[22:15:03.611] [INFO] [latency] READ 64 byte(s):
80 ED 44 88 00 00 80 3F 88 00 00 00 00 88 00 00
A0 40 88 00 00 A0 40 88 00 00 C8 42 88 00 00 80
3F 88 00 00 00 00 88 00 00 C8 41 88 00 00 A0 40
88 00 00 00 00 88 00 00 C0 3F 88 00 00 00 00 88
[22:15:03.613] [INFO] [latency] READ 64 byte(s):
00 00 80 3F 88 00 00 C0 3F 88 00 00 00 00 88 00
00 00 00 88 00 00 A0 40 88 00 00 A0 40 88 00 00
80 3F 88 00 00 00 00 88 00 00 80 40 88 00 00 A0
40 88 00 00 00 00 88 00 00 00 00 88 00 00 F0 41
[22:15:03.615] [INFO] [latency] READ 64 byte(s):
88 00 00 A0 40 88 00 00 00 00 88 00 00 00 00 88
00 00 F0 41 88 00 00 A0 40 88 00 00 00 00 88 00
00 00 00 88 00 00 F0 41 88 00 00 A0 40 88 00 00
00 00 88 00 00 00 00 88 00 00 F0 41 88 00 00 A0
[22:15:03.617] [INFO] [latency] READ 64 byte(s):
40 88 00 00 00 00 88 00 00 00 00 88 00 00 F0 41
88 00 00 A0 40 88 00 00 00 00 88 00 00 00 00 88
00 00 F0 41 88 00 00 80 3F 88 00 00 00 00 88 00
00 00 00 88 00 00 00 00 88 00 00 70 41 88 00 00
[22:15:03.621] [INFO] [latency] READ 64 byte(s):
00 3F 88 00 00 48 42 88 00 00 F0 40 88 00 00 00
00 88 00 00 40 40 88 00 00 D0 40 88 00 00 00 00
88 00 00 00 00 88 00 00 C0 40 88 00 00 00 00 88
00 00 70 41 88 00 00 00 3F 88 00 00 48 42 88 00
[22:15:03.625] [INFO] [latency] READ 64 byte(s):
00 F0 40 88 00 00 00 00 88 00 00 70 41 88 00 00
00 3F 88 00 00 48 42 88 00 00 C8 41 88 00 00 F0
40 88 00 00 00 00 88 00 00 40 40 88 00 00 B4 43
88 00 00 F0 42 88 00 00 48 42 88 00 00 A0 40 88
[22:15:03.627] [INFO] [latency] READ 64 byte(s):
00 00 80 3F 88 00 00 00 00 88 00 00 00 00 88 00
00 00 00 88 00 00 10 41 88 00 00 AF 43 88 00 00
A0 41 88 00 00 00 00 88 00 00 48 42 88 00 00 00
00 88 00 00 10 41 88 00 00 AF 43 88 00 00 A0 41
[22:15:03.630] [INFO] [latency] READ 64 byte(s):
88 00 00 00 00 88 00 00 48 42 BA 6D 88 00 00 00
00 88 00 00 00 00 88 00 00 C8 C2 88 00 00 A0 41
88 00 00 70 C2 88 00 00 80 3F 88 00 00 00 00 88
00 00 00 00 88 00 00 00 00 88 00 00 A0 40 88 00
[22:15:03.633] [INFO] [latency] READ 64 byte(s):
00 80 3F 88 00 00 A0 40 88 00 00 96 43 88 00 00
A0 40 88 33 33 33 3F 88 00 80 3B 44 88 00 00 A0
40 88 00 80 ED 44 88 00 00 80 3F 88 00 00 00 00
88 00 00 A0 40 88 00 00 A0 40 88 00 00 C8 42 88
[22:15:03.636] [INFO] [latency] READ 64 byte(s):
00 00 80 3F 88 00 00 00 00 88 00 00 C8 41 88 00
00 A0 40 88 00 00 00 00 88 00 00 C0 3F 88 00 00
00 00 88 00 00 80 3F 88 00 00 C0 3F 88 00 00 00
00 88 00 00 00 00 88 00 00 A0 40 88 00 00 A0 40
[22:15:03.638] [INFO] [latency] READ 64 byte(s):
88 00 00 80 3F 88 00 00 00 00 88 00 00 80 40 88
00 00 A0 40 88 00 00 00 00 88 00 00 00 00 88 00
00 F0 41 88 00 00 A0 40 88 00 00 00 00 88 00 00
00 00 88 00 00 F0 41 88 00 00 A0 40 88 00 00 00
[22:15:03.641] [INFO] [latency] READ 64 byte(s):
00 88 00 00 00 00 88 00 00 F0 41 88 00 00 A0 40
88 00 00 00 00 88 00 00 00 00 88 00 00 F0 41 88
00 00 A0 40 88 00 00 00 00 88 00 00 00 00 88 00
00 F0 41 88 00 00 A0 40 88 00 00 00 00 88 00 00
[22:15:03.644] [INFO] [latency] READ 64 byte(s):
00 00 88 00 00 F0 41 88 00 00 80 3F 88 00 00 00
00 88 00 00 00 00 88 00 00 00 00 88 00 00 70 41
88 00 00 00 3F 88 00 00 48 42 88 00 00 F0 40 88
00 00 00 00 88 00 00 40 40 88 00 00 D0 40 88 00
[22:15:03.646] [INFO] [latency] READ 64 byte(s):
00 00 00 88 00 00 00 00 88 00 00 C0 40 88 00 00
00 00 88 00 00 70 41 88 00 00 00 3F 88 00 00 48
42 88 00 00 F0 40 88 00 00 00 00 88 00 00 70 41
88 00 00 00 3F 88 00 00 48 42 88 00 00 C8 41 88
[22:15:03.649] [INFO] [latency] READ 64 byte(s):
00 00 F0 40 88 00 00 00 00 88 00 00 40 40 88 00
00 B4 43 88 00 00 F0 42 88 00 00 48 42 88 00 00
A0 40 88 00 00 80 3F 88 00 00 00 00 88 00 00 00
00 88 00 00 00 00 88 00 00 10 41 88 00 00 AF 43
[22:15:03.651] [INFO] [latency] READ 64 byte(s):
88 00 00 A0 41 88 00 00 00 00 88 00 00 48 42 88
00 00 00 00 88 00 00 10 41 88 00 00 AF 43 88 00
00 A0 41 88 00 00 00 00 88 00 00 48 42 B9 0D B9
02 BC 21 00 B5 F0 3B B2 C7 FA 3A B8 9E 2C 3C 62
[22:15:03.654] [INFO] [latency] READ 64 byte(s):
05 98 3C 72 37 F6 3B 36 67 C8 BB 3D 45 8E 3C 70
CB 0D 3C 6A 00 B9 02 BC 0B 32 30 32 35 2D 31 32
2D 30 35 00 0A B9 02 BC 21 43 4C 45 41 4E 00 3E
3B 2E C1 C9 3B 9B A9 BE 3B CF B8 F1 BB 40 A2 66
[22:15:03.658] [INFO] [latency] READ 64 byte(s):
BB 9E 7A D2 BA B2 55 CD BA 7A 05 B9 02 BC 21 4E
6F 6E 65 00 A2 16 3B 21 EF 42 BB DA 00 84 BB 08
7B 93 3C FF DE C2 3B 6E 2D 27 BC 3B EC 1D 3C 9A
04 B9 02 BC 21 4E 6F 6E 65 00 09 3F 3B 92 9F AF
[22:15:03.661] [INFO] [latency] READ 64 byte(s):
BB 84 26 F6 BB CD 66 B1 B9 45 87 F7 BA 6F 7C C6
BB 6D 08 74 B9 4E 04 B9 02 BC 21 4E 6F 6E 65 00
D8 92 3A E0 32 1F 3B D4 24 91 BC 6A A2 71 BC 23
91 4F BB 8C 68 0C BC 10 B6 0E BC 29 04 B9 02 BC
[22:15:03.663] [INFO] [latency] READ 64 byte(s):
21 4E 6F 6E 65 00 58 62 BC 75 A4 1B BB DB 7D 5D
23 BB 9B F1 6D BC 24 AA 63 BC 6E 65 74 BB 48 B5
66 BC 1C 04 B9 02 BC 21 00 05 56 3B AA 40 97 B8
10 68 6D BC 65 30 30 BC 8F EE C1 BB C7 8E 88 BC
[22:15:03.667] [INFO] [latency] READ 64 byte(s):
56 CA 07 BC 0F 2C 37 3C 5F 00 B9 02 BC 21 00 40
9E 3B F0 08 EF 3B 18 97 CA BB 05 3E B6 37 A4 BC
1A BB A3 71 B9 3A 4B F0 A5 BC 75 1E 03 BC CF 00
B9 02 BC 21 00 9C 77 BC 36 5F 61 3A AD A6 8D 3B
[22:15:03.672] [INFO] [latency] READ 64 byte(s):
6E 1F 7D 5E BB 9C B9 1F 3B AD 18 9A 3B 3C 44 8E
BB EC 67 DE BC 53 00 B9 02 BC 21 00 93 B6 BC 82
C2 22 BC 38 5D 9B BC 9D 91 A1 BC 10 9A B0 BB B6
03 04 BC A9 5C E0 BC F1 09 C9 BB 8C 00 B9 02 BC
[22:15:03.675] [INFO] [latency] READ 64 byte(s):
21 00 83 0B 3C 67 48 A8 BC B3 B1 8B BC DC 31 73
3C 36 45 9D BC C2 A5 B0 BC 1A 08 8A 3C FA BC 88
BC 61 00 B9 02 BC 41 00 2E CA BC 9A 5D C3 BB 03
E2 01 BB 46 51 91 BC AC 0C 54 3C 57 45 96 BC B2
[22:15:03.678] [INFO] [latency] READ 44 byte(s):
DC 8B BC 28 7B 66 BC F5 2B 9F 3B 80 DD B5 3B FD
73 A0 BC 3C 6A 3E BD E3 C3 25 3D 8D 6F FF BD 85
51 A8 BB 80 65 00 00 72 00 E9 3A 7E
[22:15:03.682] [INFO] [latency] WRITE 21 byte(s):
7E B9 03 81 00 03 82 06 00 80 0B 03 B9 04 0B 01
08 00 08 E9 7E
[22:15:03.686] [INFO] [latency] READ 64 byte(s):
7E B9 03 81 04 03 81 9D 08 0B B9 03 01 08 B9 04
B9 02 BC 21 36 34 20 4D 69 64 20 47 61 69 6E 20
46 65 65 6C 73 00 00 00 00 00 00 00 00 00 00 00
00 00 00 00 00 11 BA 02 88 00 00 00 00 88 00 00
[22:15:03.691] [INFO] [latency] READ 64 byte(s):
F0 42 BA 03 BA 6D 88 00 00 00 00 88 00 00 80 3F
88 00 00 68 C2 88 00 00 FA 43 88 00 00 C8 C2 88
00 00 80 3F 88 00 00 80 3F 88 00 00 28 C1 88 00
00 10 C1 88 00 00 40 41 88 00 00 80 3F 88 00 00
[22:15:03.696] [INFO] [latency] READ 64 byte(s):
00 00 88 00 00 96 43 88 33 33 D3 40 88 33 33 33
3F 88 00 80 3B 44 88 33 33 F3 40 88 00 80 ED 44
88 00 00 80 3F 88 00 00 00 00 88 CD CC 14 41 88
67 66 D6 40 88 00 00 C8 42 88 00 00 80 3F 88 00
[22:15:03.700] [INFO] [latency] READ 64 byte(s):
00 00 00 88 00 00 C8 41 88 00 00 A0 40 88 00 00
00 00 88 00 00 C0 3F 88 00 00 00 00 88 00 00 80
3F 88 00 00 C0 3F 88 00 00 00 00 88 00 00 00 00
88 00 00 C0 40 88 CD CC BC 40 88 00 00 80 3F 88
[22:15:03.705] [INFO] [latency] READ 64 byte(s):
00 00 00 00 88 00 00 80 40 88 00 00 A0 40 88 00
00 00 00 88 00 00 00 00 88 00 00 F0 41 88 00 00
A0 40 88 00 00 00 00 88 00 00 00 00 88 00 00 F0
41 88 00 00 A0 40 88 00 00 00 00 88 00 00 00 00
[22:15:03.710] [INFO] [latency] READ 64 byte(s):
88 00 00 F0 41 88 00 00 A0 40 88 00 00 00 00 88
00 00 00 00 88 00 00 F0 41 88 00 00 A0 40 88 00
00 00 00 88 00 00 00 00 88 00 00 F0 41 88 00 00
A0 40 88 00 00 00 00 88 00 00 00 00 88 00 00 F0
[22:15:03.713] [INFO] [latency] READ 64 byte(s):
41 88 00 00 80 3F 88 00 00 00 00 88 00 00 00 00
88 00 00 00 00 88 00 00 70 41 88 FF FF FF 3E 88
00 00 48 42 88 00 00 F0 40 88 00 00 00 00 88 00
00 40 40 88 00 00 D0 40 88 00 00 00 00 88 00 00
[22:15:03.716] [INFO] [latency] READ 64 byte(s):
00 00 88 00 00 C0 40 88 00 00 00 00 88 00 00 70
41 88 FF FF FF 3E 88 00 00 48 42 88 00 00 F0 40
88 00 00 00 00 88 00 00 70 41 88 FF FF FF 3E 88
00 00 48 42 88 00 00 C8 41 88 00 00 F0 40 88 00
[22:15:03.718] [INFO] [latency] READ 64 byte(s):
00 00 00 88 00 00 40 40 88 00 00 B4 43 88 00 00
F0 42 88 00 00 48 42 88 00 00 A0 40 88 00 00 80
3F 88 00 00 00 00 88 00 00 00 00 88 00 00 00 00
88 00 00 10 41 88 00 00 AF 43 88 00 00 A0 41 88
[22:15:03.722] [INFO] [latency] READ 64 byte(s):
00 00 00 00 88 00 00 48 42 88 00 00 00 00 88 00
00 10 41 88 00 00 AF 43 88 00 00 A0 41 88 00 00
00 00 88 00 00 48 42 BA 6D 88 00 00 00 00 88 00
00 00 00 88 00 00 C8 C2 88 00 00 A0 41 88 00 00
[22:15:03.725] [INFO] [latency] READ 64 byte(s):
70 C2 88 00 00 80 3F 88 00 00 00 00 88 00 00 00
00 88 00 00 00 00 88 00 00 A0 40 88 00 00 80 3F
88 00 00 A0 40 88 00 00 96 43 88 00 00 A0 40 88
33 33 33 3F 88 00 80 3B 44 88 00 00 A0 40 88 00
[22:15:03.728] [INFO] [latency] READ 64 byte(s):
80 ED 44 88 00 00 80 3F 88 00 00 00 00 88 00 00
A0 40 88 00 00 A0 40 88 00 00 C8 42 88 00 00 80
3F 88 00 00 00 00 88 00 00 C8 41 88 00 00 A0 40
88 00 00 00 00 88 00 00 C0 3F 88 00 00 00 00 88
[22:15:03.730] [INFO] [latency] READ 64 byte(s):
00 00 80 3F 88 00 00 C0 3F 88 00 00 00 00 88 00
00 00 00 88 00 00 A0 40 88 00 00 A0 40 88 00 00
80 3F 88 00 00 00 00 88 00 00 80 40 88 00 00 A0
40 88 00 00 00 00 88 00 00 00 00 88 00 00 F0 41
[22:15:03.732] [INFO] [latency] READ 64 byte(s):
88 00 00 A0 40 88 00 00 00 00 88 00 00 00 00 88
00 00 F0 41 88 00 00 A0 40 88 00 00 00 00 88 00
00 00 00 88 00 00 F0 41 88 00 00 A0 40 88 00 00
00 00 88 00 00 00 00 88 00 00 F0 41 88 00 00 A0
[22:15:03.735] [INFO] [latency] READ 64 byte(s):
40 88 00 00 00 00 88 00 00 00 00 88 00 00 F0 41
88 00 00 A0 40 88 00 00 00 00 88 00 00 00 00 88
00 00 F0 41 88 00 00 80 3F 88 00 00 00 00 88 00
00 00 00 88 00 00 00 00 88 00 00 70 41 88 00 00
[22:15:03.740] [INFO] [latency] READ 64 byte(s):
00 3F 88 00 00 48 42 88 00 00 F0 40 88 00 00 00
00 88 00 00 40 40 88 00 00 D0 40 88 00 00 00 00
88 00 00 00 00 88 00 00 C0 40 88 00 00 00 00 88
00 00 70 41 88 00 00 00 3F 88 00 00 48 42 88 00
[22:15:03.745] [INFO] [latency] READ 64 byte(s):
00 F0 40 88 00 00 00 00 88 00 00 70 41 88 00 00
00 3F 88 00 00 48 42 88 00 00 C8 41 88 00 00 F0
40 88 00 00 00 00 88 00 00 40 40 88 00 00 B4 43
88 00 00 F0 42 88 00 00 48 42 88 00 00 A0 40 88
[22:15:03.748] [INFO] [latency] READ 64 byte(s):
00 00 80 3F 88 00 00 00 00 88 00 00 00 00 88 00
00 00 00 88 00 00 10 41 88 00 00 AF 43 88 00 00
A0 41 88 00 00 00 00 88 00 00 48 42 88 00 00 00
00 88 00 00 10 41 88 00 00 AF 43 88 00 00 A0 41
[22:15:03.752] [INFO] [latency] READ 64 byte(s):
88 00 00 00 00 88 00 00 48 42 BA 6D 88 00 00 00
00 88 00 00 00 00 88 00 00 C8 C2 88 00 00 A0 41
88 00 00 70 C2 88 00 00 80 3F 88 00 00 00 00 88
00 00 00 00 88 00 00 00 00 88 00 00 A0 40 88 00
[22:15:03.756] [INFO] [latency] READ 64 byte(s):
00 80 3F 88 00 00 A0 40 88 00 00 96 43 88 00 00
A0 40 88 33 33 33 3F 88 00 80 3B 44 88 00 00 A0
40 88 00 80 ED 44 88 00 00 80 3F 88 00 00 00 00
88 00 00 A0 40 88 00 00 A0 40 88 00 00 C8 42 88
[22:15:03.758] [INFO] [latency] READ 64 byte(s):
00 00 80 3F 88 00 00 00 00 88 00 00 C8 41 88 00
00 A0 40 88 00 00 00 00 88 00 00 C0 3F 88 00 00
00 00 88 00 00 80 3F 88 00 00 C0 3F 88 00 00 00
00 88 00 00 00 00 88 00 00 A0 40 88 00 00 A0 40
[22:15:03.761] [INFO] [latency] READ 64 byte(s):
88 00 00 80 3F 88 00 00 00 00 88 00 00 80 40 88
00 00 A0 40 88 00 00 00 00 88 00 00 00 00 88 00
00 F0 41 88 00 00 A0 40 88 00 00 00 00 88 00 00
00 00 88 00 00 F0 41 88 00 00 A0 40 88 00 00 00
[22:15:03.763] [INFO] [latency] READ 64 byte(s):
00 88 00 00 00 00 88 00 00 F0 41 88 00 00 A0 40
88 00 00 00 00 88 00 00 00 00 88 00 00 F0 41 88
00 00 A0 40 88 00 00 00 00 88 00 00 00 00 88 00
00 F0 41 88 00 00 A0 40 88 00 00 00 00 88 00 00
[22:15:03.767] [INFO] [latency] READ 64 byte(s):
00 00 88 00 00 F0 41 88 00 00 80 3F 88 00 00 00
00 88 00 00 00 00 88 00 00 00 00 88 00 00 70 41
88 00 00 00 3F 88 00 00 48 42 88 00 00 F0 40 88
00 00 00 00 88 00 00 40 40 88 00 00 D0 40 88 00
[22:15:03.769] [INFO] [latency] READ 64 byte(s):
00 00 00 88 00 00 00 00 88 00 00 C0 40 88 00 00
00 00 88 00 00 70 41 88 00 00 00 3F 88 00 00 48
42 88 00 00 F0 40 88 00 00 00 00 88 00 00 70 41
88 00 00 00 3F 88 00 00 48 42 88 00 00 C8 41 88
[22:15:03.772] [INFO] [latency] READ 64 byte(s):
00 00 F0 40 88 00 00 00 00 88 00 00 40 40 88 00
00 B4 43 88 00 00 F0 42 88 00 00 48 42 88 00 00
A0 40 88 00 00 80 3F 88 00 00 00 00 88 00 00 00
00 88 00 00 00 00 88 00 00 10 41 88 00 00 AF 43
[22:15:03.774] [INFO] [latency] READ 64 byte(s):
88 00 00 A0 41 88 00 00 00 00 88 00 00 48 42 88
00 00 00 00 88 00 00 10 41 88 00 00 AF 43 88 00
00 A0 41 88 00 00 00 00 88 00 00 48 42 B9 0D B9
02 BC 21 00 B5 F0 3B B2 C7 FA 3A B8 9E 2C 3C 62
[22:15:03.777] [INFO] [latency] READ 64 byte(s):
05 98 3C 72 37 F6 3B 36 67 C8 BB 3D 45 8E 3C 70
CB 0D 3C 6A 00 B9 02 BC 0B 32 30 32 35 2D 31 32
2D 30 36 00 0A B9 02 BC 21 44 52 49 56 45 00 3E
3B 2E C1 C9 3B 9B A9 BE 3B CF B8 F1 BB 40 A2 66
[22:15:03.779] [INFO] [latency] READ 64 byte(s):
BB 9E 7A D2 BA B2 55 CD BA 7A 05 B9 02 BC 21 4E
6F 6E 65 00 A2 16 3B 21 EF 42 BB DA 00 84 BB 08
7B 93 3C FF DE C2 3B 6E 2D 27 BC 3B EC 1D 3C 9A
04 B9 02 BC 21 4E 6F 6E 65 00 09 3F 3B 92 9F AF
[22:15:03.782] [INFO] [latency] READ 64 byte(s):
BB 84 26 F6 BB CD 66 B1 B9 45 87 F7 BA 6F 7C C6
BB 6D 08 74 B9 4E 04 B9 02 BC 21 4E 6F 6E 65 00
D8 92 3A E0 32 1F 3B D4 24 91 BC 6A A2 71 BC 23
91 4F BB 8C 68 0C BC 10 B6 0E BC 29 04 B9 02 BC
[22:15:03.786] [INFO] [latency] READ 64 byte(s):
21 4E 6F 6E 65 00 58 62 BC 75 A4 1B BB DB 7D 5D
23 BB 9B F1 6D BC 24 AA 63 BC 6E 65 74 BB 48 B5
66 BC 1C 04 B9 02 BC 21 00 05 56 3B AA 40 97 B8
10 68 6D BC 65 30 30 BC 8F EE C1 BB C7 8E 88 BC
[22:15:03.789] [INFO] [latency] READ 64 byte(s):
56 CA 07 BC 0F 2C 37 3C 5F 00 B9 02 BC 21 00 40
9E 3B F0 08 EF 3B 18 97 CA BB 05 3E B6 37 A4 BC
1A BB A3 71 B9 3A 4B F0 A5 BC 75 1E 03 BC CF 00
B9 02 BC 21 00 9C 77 BC 36 5F 61 3A AD A6 8D 3B
[22:15:03.792] [INFO] [latency] READ 64 byte(s):
6E 1F 7D 5E BB 9C B9 1F 3B AD 18 9A 3B 3C 44 8E
BB EC 67 DE BC 53 00 B9 02 BC 21 00 93 B6 BC 82
C2 22 BC 38 5D 9B BC 9D 91 A1 BC 10 9A B0 BB B6
03 04 BC A9 5C E0 BC F1 09 C9 BB 8C 00 B9 02 BC
[22:15:03.796] [INFO] [latency] READ 64 byte(s):
21 00 83 0B 3C 67 48 A8 BC B3 B1 8B BC DC 31 73
3C 36 45 9D BC C2 A5 B0 BC 1A 08 8A 3C FA BC 88
BC 61 00 B9 02 BC 41 00 2E CA BC 9A 5D C3 BB 03
E2 01 BB 46 51 91 BC AC 0C 54 3C 57 45 96 BC B2
[22:15:03.797] [INFO] [latency] READ 44 byte(s):
DC 8B BC 28 7B 66 BC F5 2B 9F 3B 80 DD B5 3B FD
73 A0 BC 3C 6A 3E BD E3 C3 25 3D 8D 6F FF BD B0
A2 5C 8B 9A 10 00 00 72 00 B5 BF 7E
[22:15:03.800] [INFO] [latency] WRITE 21 byte(s):
7E B9 03 81 00 03 82 06 00 80 0B 03 B9 04 0B 01
09 00 D0 F0 7E
[22:15:03.814] [INFO] [latency] READ 64 byte(s):
7E B9 03 81 04 03 81 9D 08 0B B9 03 01 09 B9 04
B9 02 BC 21 36 36 20 4C 6F 20 47 61 69 6E 20 46
65 65 6C 73 00 00 00 00 00 00 00 00 00 00 00 00
00 00 00 00 00 10 BA 02 88 00 00 00 00 88 00 00
[22:15:03.824] [INFO] [latency] READ 64 byte(s):
F0 42 BA 03 BA 6D 88 00 00 00 00 88 00 00 00 00
88 00 00 C8 C2 88 00 00 A0 41 88 00 00 70 C2 88
00 00 80 3F 88 00 00 00 00 88 00 00 00 00 88 00
00 00 00 88 00 00 A0 40 88 00 00 80 3F 88 00 00
[22:15:03.828] [INFO] [latency] READ 64 byte(s):
A0 40 88 00 00 96 43 88 00 00 A0 40 88 33 33 33
3F 88 00 80 3B 44 88 00 00 A0 40 88 00 80 ED 44
88 00 00 80 3F 88 00 00 00 00 88 00 00 A0 40 88
00 00 A0 40 88 00 00 C8 42 88 00 00 80 3F 88 00
[22:15:03.830] [INFO] [latency] READ 64 byte(s):
00 00 00 88 00 00 C8 41 88 00 00 A0 40 88 00 00
00 00 88 00 00 C0 3F 88 00 00 00 00 88 00 00 80
3F 88 00 00 C0 3F 88 00 00 00 00 88 00 00 00 00
88 00 00 A0 40 88 00 00 A0 40 88 00 00 80 3F 88
[22:15:03.833] [INFO] [latency] READ 64 byte(s):
00 00 00 00 88 00 00 80 40 88 00 00 A0 40 88 00
00 00 00 88 00 00 00 00 88 00 00 F0 41 88 00 00
A0 40 88 00 00 00 00 88 00 00 00 00 88 00 00 F0
41 88 00 00 A0 40 88 00 00 00 00 88 00 00 00 00
[22:15:03.836] [INFO] [latency] READ 64 byte(s):
88 00 00 F0 41 88 00 00 A0 40 88 00 00 00 00 88
00 00 00 00 88 00 00 F0 41 88 00 00 A0 40 88 00
00 00 00 88 00 00 00 00 88 00 00 F0 41 88 00 00
A0 40 88 00 00 00 00 88 00 00 00 00 88 00 00 F0
[22:15:03.839] [INFO] [latency] READ 64 byte(s):
41 88 00 00 80 3F 88 00 00 00 00 88 00 00 00 00
88 00 00 00 00 88 00 00 70 41 88 00 00 00 3F 88
00 00 48 42 88 00 00 F0 40 88 00 00 00 00 88 00
00 40 40 88 00 00 D0 40 88 00 00 00 00 88 00 00
[22:15:03.842] [INFO] [latency] READ 64 byte(s):
00 00 88 00 00 C0 40 88 00 00 00 00 88 00 00 70
41 88 00 00 00 3F 88 00 00 48 42 88 00 00 F0 40
88 00 00 00 00 88 00 00 70 41 88 00 00 00 3F 88
00 00 48 42 88 00 00 C8 41 88 00 00 F0 40 88 00
[22:15:03.844] [INFO] [latency] READ 64 byte(s):
00 00 00 88 00 00 40 40 88 00 00 B4 43 88 00 00
F0 42 88 00 00 48 42 88 00 00 A0 40 88 00 00 80
3F 88 00 00 00 00 88 00 00 00 00 88 00 00 00 00
88 00 00 10 41 88 00 00 AF 43 88 00 00 A0 41 88
[22:15:03.847] [INFO] [latency] READ 64 byte(s):
00 00 00 00 88 00 00 48 42 88 00 00 00 00 88 00
00 10 41 88 00 00 AF 43 88 00 00 A0 41 88 00 00
00 00 88 00 00 48 42 BA 6D 88 00 00 00 00 88 00
00 00 00 88 00 00 C8 C2 88 00 00 A0 41 88 00 00
[22:15:03.849] [INFO] [latency] READ 64 byte(s):
70 C2 88 00 00 80 3F 88 00 00 00 00 88 00 00 00
00 88 00 00 00 00 88 00 00 A0 40 88 00 00 80 3F
88 00 00 A0 40 88 00 00 96 43 88 00 00 A0 40 88
33 33 33 3F 88 00 80 3B 44 88 00 00 A0 40 88 00
[22:15:03.852] [INFO] [latency] READ 64 byte(s):
80 ED 44 88 00 00 80 3F 88 00 00 00 00 88 00 00
A0 40 88 00 00 A0 40 88 00 00 C8 42 88 00 00 80
3F 88 00 00 00 00 88 00 00 C8 41 88 00 00 A0 40
88 00 00 00 00 88 00 00 C0 3F 88 00 00 00 00 88
[22:15:03.854] [INFO] [latency] READ 64 byte(s):
00 00 80 3F 88 00 00 C0 3F 88 00 00 00 00 88 00
00 00 00 88 00 00 A0 40 88 00 00 A0 40 88 00 00
80 3F 88 00 00 00 00 88 00 00 80 40 88 00 00 A0
40 88 00 00 00 00 88 00 00 00 00 88 00 00 F0 41
[22:15:03.857] [INFO] [latency] READ 64 byte(s):
88 00 00 A0 40 88 00 00 00 00 88 00 00 00 00 88
00 00 F0 41 88 00 00 A0 40 88 00 00 00 00 88 00
00 00 00 88 00 00 F0 41 88 00 00 A0 40 88 00 00
00 00 88 00 00 00 00 88 00 00 F0 41 88 00 00 A0
[22:15:03.861] [INFO] [latency] READ 64 byte(s):
40 88 00 00 00 00 88 00 00 00 00 88 00 00 F0 41
88 00 00 A0 40 88 00 00 00 00 88 00 00 00 00 88
00 00 F0 41 88 00 00 80 3F 88 00 00 00 00 88 00
00 00 00 88 00 00 00 00 88 00 00 70 41 88 00 00
[22:15:03.864] [INFO] [latency] READ 64 byte(s):
00 3F 88 00 00 48 42 88 00 00 F0 40 88 00 00 00
00 88 00 00 40 40 88 00 00 D0 40 88 00 00 00 00
88 00 00 00 00 88 00 00 C0 40 88 00 00 00 00 88
00 00 70 41 88 00 00 00 3F 88 00 00 48 42 88 00
[22:15:03.866] [INFO] [latency] READ 64 byte(s):
00 F0 40 88 00 00 00 00 88 00 00 70 41 88 00 00
00 3F 88 00 00 48 42 88 00 00 C8 41 88 00 00 F0
40 88 00 00 00 00 88 00 00 40 40 88 00 00 B4 43
88 00 00 F0 42 88 00 00 48 42 88 00 00 A0 40 88
[22:15:03.870] [INFO] [latency] READ 64 byte(s):
00 00 80 3F 88 00 00 00 00 88 00 00 00 00 88 00
00 00 00 88 00 00 10 41 88 00 00 AF 43 88 00 00
A0 41 88 00 00 00 00 88 00 00 48 42 88 00 00 00
00 88 00 00 10 41 88 00 00 AF 43 88 00 00 A0 41
[22:15:03.872] [INFO] [latency] READ 64 byte(s):
88 00 00 00 00 88 00 00 48 42 BA 6D 88 00 00 00
00 88 00 00 00 00 88 00 00 C8 C2 88 00 00 A0 41
88 00 00 70 C2 88 00 00 80 3F 88 00 00 00 00 88
00 00 00 00 88 00 00 00 00 88 00 00 A0 40 88 00
[22:15:03.880] [INFO] [latency] READ 64 byte(s):
00 80 3F 88 00 00 A0 40 88 00 00 96 43 88 00 00
A0 40 88 33 33 33 3F 88 00 80 3B 44 88 00 00 A0
40 88 00 80 ED 44 88 00 00 80 3F 88 00 00 00 00
88 00 00 A0 40 88 00 00 A0 40 88 00 00 C8 42 88
[22:15:03.884] [INFO] [latency] READ 64 byte(s):
00 00 80 3F 88 00 00 00 00 88 00 00 C8 41 88 00
00 A0 40 88 00 00 00 00 88 00 00 C0 3F 88 00 00
00 00 88 00 00 80 3F 88 00 00 C0 3F 88 00 00 00
00 88 00 00 00 00 88 00 00 A0 40 88 00 00 A0 40
[22:15:03.886] [INFO] [latency] READ 64 byte(s):
88 00 00 80 3F 88 00 00 00 00 88 00 00 80 40 88
00 00 A0 40 88 00 00 00 00 88 00 00 00 00 88 00
00 F0 41 88 00 00 A0 40 88 00 00 00 00 88 00 00
00 00 88 00 00 F0 41 88 00 00 A0 40 88 00 00 00
[22:15:03.889] [INFO] [latency] READ 64 byte(s):
00 88 00 00 00 00 88 00 00 F0 41 88 00 00 A0 40
88 00 00 00 00 88 00 00 00 00 88 00 00 F0 41 88
00 00 A0 40 88 00 00 00 00 88 00 00 00 00 88 00
00 F0 41 88 00 00 A0 40 88 00 00 00 00 88 00 00
[22:15:03.892] [INFO] [latency] READ 64 byte(s):
00 00 88 00 00 F0 41 88 00 00 80 3F 88 00 00 00
00 88 00 00 00 00 88 00 00 00 00 88 00 00 70 41
88 00 00 00 3F 88 00 00 48 42 88 00 00 F0 40 88
00 00 00 00 88 00 00 40 40 88 00 00 D0 40 88 00
[22:15:03.897] [INFO] [latency] READ 64 byte(s):
00 00 00 88 00 00 00 00 88 00 00 C0 40 88 00 00
00 00 88 00 00 70 41 88 00 00 00 3F 88 00 00 48
42 88 00 00 F0 40 88 00 00 00 00 88 00 00 70 41
88 00 00 00 3F 88 00 00 48 42 88 00 00 C8 41 88
[22:15:03.900] [INFO] [latency] READ 64 byte(s):
00 00 F0 40 88 00 00 00 00 88 00 00 40 40 88 00
00 B4 43 88 00 00 F0 42 88 00 00 48 42 88 00 00
A0 40 88 00 00 80 3F 88 00 00 00 00 88 00 00 00
00 88 00 00 00 00 88 00 00 10 41 88 00 00 AF 43
[22:15:03.902] [INFO] [latency] READ 64 byte(s):
88 00 00 A0 41 88 00 00 00 00 88 00 00 48 42 88
00 00 00 00 88 00 00 10 41 88 00 00 AF 43 88 00
00 A0 41 88 00 00 00 00 88 00 00 48 42 B9 0D B9
02 BC 21 00 4C 53 3C 83 3A A9 3C 45 04 57 3C 90
[22:15:03.906] [INFO] [latency] READ 64 byte(s):
66 83 3C C1 1C BA 3C 82 B7 43 3C 7D 5D C1 92 3C
87 38 2D 3C 3B 00 B9 02 BC 0B 32 30 32 35 2D 31
32 2D 30 35 00 0A B9 02 BC 21 43 4C 45 41 4E 00
AA 3C E7 B0 52 3C 0E 61 C5 3A 8D 4C 0A BB 04 7C
[22:15:03.908] [INFO] [latency] READ 64 byte(s):
89 3C 0A F7 01 BB E8 2F 74 BA 19 05 B9 02 BC 21
4E 6F 6E 65 00 CA DA 3A 41 57 42 3C A4 34 EF 3A
C1 57 DE 3B E8 5C 85 3B EB 4A 18 3C 28 9C 60 3C
5D 04 B9 02 BC 21 4E 6F 6E 65 00 02 33 3B 10 70
[22:15:03.910] [INFO] [latency] READ 64 byte(s):
00 BC A4 B9 E1 BA 8C 43 8F 3B C8 BA 71 3A 86 09
ED 3A CF 40 A4 3B E3 04 B9 02 BC 21 4E 6F 6E 65
00 E0 09 BC 0F 66 6D BB 63 B6 1C BC 7C A2 10 BC
98 01 26 BB FB 33 6E BC BE 12 A5 BB 45 04 B9 02
[22:15:03.912] [INFO] [latency] READ 64 byte(s):
BC 21 4E 6F 6E 65 00 05 0E 3B B5 FA 3A BB 8B E0
BF BB 21 72 BE BB B9 79 09 BC 3C 8E 10 B7 A6 69
1D BC E8 04 B9 02 BC 21 00 01 2C BA E7 EA 03 BC
D8 05 0C BC 6A 73 01 BB 2E 3E 31 BC 87 EC 5B BB
[22:15:03.915] [INFO] [latency] READ 64 byte(s):
3E 92 9F BB 6B 33 75 BB F5 00 B9 02 BC 21 00 6A
F4 3B 4E E5 2F 3B F6 3C 6B 3B 80 C6 00 3C 2D F2
22 BC 34 7B 28 BC E6 0A A6 BB 80 C3 71 BC 5E 00
B9 02 BC 21 00 C3 76 BB 10 09 C1 3B AF 46 82 3B
[22:15:03.917] [INFO] [latency] READ 64 byte(s):
F8 AA 6E 3B 7D 5E 05 10 3C 6E 5A EC 39 A2 0D 14
3B A9 DD 0C BC 50 00 B9 02 BC 21 00 03 A7 BB 9B
1D 3B BC 63 C0 6D BB 60 0E F9 BB 13 7D 5E 6C BC
63 FA CD BB 18 74 37 BC A1 28 34 BC 38 00 B9 02
[22:15:03.921] [INFO] [latency] READ 64 byte(s):
BC 21 00 36 F5 BB 46 A0 D0 BB 4B 25 A0 3B A2 09
BC BA DE 03 08 BB F0 BF 02 BB C7 84 34 BB 6D C3
A9 B8 A5 00 B9 02 BC 41 00 13 60 BC E1 E8 E4 BB
D0 0D 96 BB 88 F9 B0 BC 8C E3 C2 3B CD 5D 4A 3C
[22:15:03.925] [INFO] [latency] READ 45 byte(s):
7F 5E BD BB 90 37 92 BC 14 66 A5 3C D0 AB B3 3C
0A 9B 22 BD B6 37 32 BD 3C 7C E9 3D FA 30 29 BE
85 51 A8 BB 80 65 00 00 72 00 87 32 7E
[22:15:03.929] [INFO] [latency] WRITE 21 byte(s):
7E B9 03 81 00 03 82 06 00 80 0B 03 B9 04 0B 01
0A 00 B8 DA 7E
[22:15:03.932] [INFO] [latency] READ 64 byte(s):
7E B9 03 81 04 03 81 9D 08 0B B9 03 01 0A B9 04
B9 02 BC 21 54 72 61 64 69 74 69 6F 6E 61 6C 20
4C 6F 47 61 69 6E 00 00 00 00 00 00 00 00 00 00
00 00 00 00 00 12 BA 02 88 00 00 00 00 88 00 00
[22:15:03.935] [INFO] [latency] READ 64 byte(s):
F0 42 BA 03 BA 6D 88 00 00 00 00 88 00 00 00 00
88 00 00 C8 C2 88 00 00 A0 41 88 00 00 70 C2 88
00 00 80 3F 88 00 00 00 00 88 00 00 00 00 88 00
00 00 00 88 00 00 A0 40 88 00 00 80 3F 88 67 66
[22:15:03.938] [INFO] [latency] READ 64 byte(s):
46 40 88 00 00 96 43 88 00 00 A0 40 88 33 33 33
3F 88 00 80 3B 44 88 00 00 A0 40 88 00 80 ED 44
88 00 00 80 3F 88 00 00 00 00 88 CD CC AC 40 88
9A 99 09 41 88 00 00 C8 42 88 00 00 80 3F 88 00
[22:15:03.944] [INFO] [latency] READ 64 byte(s):
00 00 00 88 00 00 C8 41 88 00 00 A0 40 88 00 00
00 00 88 00 00 C0 3F 88 00 00 00 00 88 00 00 80
3F 88 00 00 C0 3F 88 00 00 00 00 88 00 00 00 00
88 00 00 A0 40 88 00 00 A0 40 88 00 00 80 3F 88
[22:15:03.950] [INFO] [latency] READ 64 byte(s):
00 00 00 00 88 00 00 80 40 88 00 00 A0 40 88 00
00 00 00 88 00 00 00 00 88 00 00 F0 41 88 00 00
A0 40 88 00 00 00 00 88 00 00 00 00 88 00 00 F0
41 88 00 00 A0 40 88 00 00 00 00 88 00 00 00 00
[22:15:03.953] [INFO] [latency] READ 64 byte(s):
88 00 00 F0 41 88 00 00 A0 40 88 00 00 00 00 88
00 00 00 00 88 00 00 F0 41 88 00 00 A0 40 88 00
00 00 00 88 00 00 00 00 88 00 00 F0 41 88 00 00
A0 40 88 00 00 00 00 88 00 00 00 00 88 00 00 F0
[22:15:03.958] [INFO] [latency] READ 64 byte(s):
41 88 00 00 80 3F 88 00 00 00 00 88 00 00 00 00
88 00 00 00 00 88 00 00 70 41 88 00 00 00 3F 88
00 00 48 42 88 00 00 F0 40 88 00 00 00 00 88 00
00 40 40 88 00 00 D0 40 88 00 00 00 00 88 00 00
[22:15:03.961] [INFO] [latency] READ 64 byte(s):
00 00 88 00 00 C0 40 88 00 00 00 00 88 00 00 70
41 88 00 00 00 3F 88 00 00 48 42 88 00 00 F0 40
88 00 00 00 00 88 00 00 70 41 88 00 00 00 3F 88
00 00 48 42 88 00 00 C8 41 88 00 00 F0 40 88 00
[22:15:03.963] [INFO] [latency] READ 64 byte(s):
00 00 00 88 00 00 40 40 88 00 00 B4 43 88 00 00
F0 42 88 00 00 48 42 88 00 00 A0 40 88 00 00 80
3F 88 00 00 00 00 88 00 00 00 00 88 00 00 00 00
88 00 00 10 41 88 00 00 AF 43 88 00 00 A0 41 88
[22:15:03.966] [INFO] [latency] READ 64 byte(s):
00 00 00 00 88 00 00 48 42 88 00 00 00 00 88 00
00 10 41 88 00 00 AF 43 88 00 00 A0 41 88 00 00
00 00 88 00 00 48 42 BA 6D 88 00 00 00 00 88 00
00 00 00 88 00 00 C8 C2 88 00 00 A0 41 88 00 00
[22:15:03.968] [INFO] [latency] READ 64 byte(s):
70 C2 88 00 00 80 3F 88 00 00 00 00 88 00 00 00
00 88 00 00 00 00 88 00 00 A0 40 88 00 00 80 3F
88 00 00 A0 40 88 00 00 96 43 88 00 00 A0 40 88
33 33 33 3F 88 00 80 3B 44 88 00 00 A0 40 88 00
[22:15:03.972] [INFO] [latency] READ 64 byte(s):
80 ED 44 88 00 00 80 3F 88 00 00 00 00 88 00 00
A0 40 88 00 00 A0 40 88 00 00 C8 42 88 00 00 80
3F 88 00 00 00 00 88 00 00 C8 41 88 00 00 A0 40
88 00 00 00 00 88 00 00 C0 3F 88 00 00 00 00 88
[22:15:03.977] [INFO] [latency] READ 64 byte(s):
00 00 80 3F 88 00 00 C0 3F 88 00 00 00 00 88 00
00 00 00 88 00 00 A0 40 88 00 00 A0 40 88 00 00
80 3F 88 00 00 00 00 88 00 00 80 40 88 00 00 A0
40 88 00 00 00 00 88 00 00 00 00 88 00 00 F0 41
[22:15:03.981] [INFO] [latency] READ 64 byte(s):
88 00 00 A0 40 88 00 00 00 00 88 00 00 00 00 88
00 00 F0 41 88 00 00 A0 40 88 00 00 00 00 88 00
00 00 00 88 00 00 F0 41 88 00 00 A0 40 88 00 00
00 00 88 00 00 00 00 88 00 00 F0 41 88 00 00 A0
[22:15:03.983] [INFO] [latency] READ 64 byte(s):
40 88 00 00 00 00 88 00 00 00 00 88 00 00 F0 41
88 00 00 A0 40 88 00 00 00 00 88 00 00 00 00 88
00 00 F0 41 88 00 00 80 3F 88 00 00 00 00 88 00
00 00 00 88 00 00 00 00 88 00 00 70 41 88 00 00
[22:15:03.984] [INFO] [latency] READ 64 byte(s):
00 3F 88 00 00 48 42 88 00 00 F0 40 88 00 00 00
00 88 00 00 40 40 88 00 00 D0 40 88 00 00 00 00
88 00 00 00 00 88 00 00 C0 40 88 00 00 00 00 88
00 00 70 41 88 00 00 00 3F 88 00 00 48 42 88 00
[22:15:03.987] [INFO] [latency] READ 64 byte(s):
00 F0 40 88 00 00 00 00 88 00 00 70 41 88 00 00
00 3F 88 00 00 48 42 88 00 00 C8 41 88 00 00 F0
40 88 00 00 00 00 88 00 00 40 40 88 00 00 B4 43
88 00 00 F0 42 88 00 00 48 42 88 00 00 A0 40 88
[22:15:03.989] [INFO] [latency] READ 64 byte(s):
00 00 80 3F 88 00 00 00 00 88 00 00 00 00 88 00
00 00 00 88 00 00 10 41 88 00 00 AF 43 88 00 00
A0 41 88 00 00 00 00 88 00 00 48 42 88 00 00 00
00 88 00 00 10 41 88 00 00 AF 43 88 00 00 A0 41
[22:15:03.991] [INFO] [latency] READ 64 byte(s):
88 00 00 00 00 88 00 00 48 42 BA 6D 88 00 00 00
00 88 00 00 00 00 88 00 00 C8 C2 88 00 00 A0 41
88 00 00 70 C2 88 00 00 80 3F 88 00 00 00 00 88
00 00 00 00 88 00 00 00 00 88 00 00 A0 40 88 00
[22:15:03.994] [INFO] [latency] READ 64 byte(s):
00 80 3F 88 00 00 A0 40 88 00 00 96 43 88 00 00
A0 40 88 33 33 33 3F 88 00 80 3B 44 88 00 00 A0
40 88 00 80 ED 44 88 00 00 80 3F 88 00 00 00 00
88 00 00 A0 40 88 00 00 A0 40 88 00 00 C8 42 88
[22:15:03.996] [INFO] [latency] READ 64 byte(s):
00 00 80 3F 88 00 00 00 00 88 00 00 C8 41 88 00
00 A0 40 88 00 00 00 00 88 00 00 C0 3F 88 00 00
00 00 88 00 00 80 3F 88 00 00 C0 3F 88 00 00 00
00 88 00 00 00 00 88 00 00 A0 40 88 00 00 A0 40
[22:15:03.999] [INFO] [latency] READ 64 byte(s):
88 00 00 80 3F 88 00 00 00 00 88 00 00 80 40 88
00 00 A0 40 88 00 00 00 00 88 00 00 00 00 88 00
00 F0 41 88 00 00 A0 40 88 00 00 00 00 88 00 00
00 00 88 00 00 F0 41 88 00 00 A0 40 88 00 00 00
[22:15:04.001] [INFO] [latency] READ 64 byte(s):
00 88 00 00 00 00 88 00 00 F0 41 88 00 00 A0 40
88 00 00 00 00 88 00 00 00 00 88 00 00 F0 41 88
00 00 A0 40 88 00 00 00 00 88 00 00 00 00 88 00
00 F0 41 88 00 00 A0 40 88 00 00 00 00 88 00 00
[22:15:04.004] [INFO] [latency] READ 64 byte(s):
00 00 88 00 00 F0 41 88 00 00 80 3F 88 00 00 00
00 88 00 00 00 00 88 00 00 00 00 88 00 00 70 41
88 00 00 00 3F 88 00 00 48 42 88 00 00 F0 40 88
00 00 00 00 88 00 00 40 40 88 00 00 D0 40 88 00
[22:15:04.006] [INFO] [latency] READ 64 byte(s):
00 00 00 88 00 00 00 00 88 00 00 C0 40 88 00 00
00 00 88 00 00 70 41 88 00 00 00 3F 88 00 00 48
42 88 00 00 F0 40 88 00 00 00 00 88 00 00 70 41
88 00 00 00 3F 88 00 00 48 42 88 00 00 C8 41 88
[22:15:04.011] [INFO] [latency] READ 64 byte(s):
00 00 F0 40 88 00 00 00 00 88 00 00 40 40 88 00
00 B4 43 88 00 00 F0 42 88 00 00 48 42 88 00 00
A0 40 88 00 00 80 3F 88 00 00 00 00 88 00 00 00
00 88 00 00 00 00 88 00 00 10 41 88 00 00 AF 43
[22:15:04.013] [INFO] [latency] READ 64 byte(s):
88 00 00 A0 41 88 00 00 00 00 88 00 00 48 42 88
00 00 00 00 88 00 00 10 41 88 00 00 AF 43 88 00
00 A0 41 88 00 00 00 00 88 00 00 48 42 B9 0D B9
02 BC 21 00 49 DB 3A C0 05 C3 3B C0 40 9C 3C 6F
[22:15:04.015] [INFO] [latency] READ 64 byte(s):
3B 5F 3C 6C 1A B5 3C EB 26 79 3C A0 D4 35 3C CF
72 D4 3C A1 00 B9 02 BC 0B 32 30 32 35 2D 31 32
2D 30 35 00 0A B9 02 BC 21 43 4C 45 41 4E 00 AD
BB B9 FA CA 3A F5 AA 7F 3B F7 A7 EA 3B A6 63 AA
[22:15:04.019] [INFO] [latency] READ 64 byte(s):
39 23 0D 43 3C 37 FA E8 3B 71 05 B9 02 BC 21 4E
6F 6E 65 00 F3 01 BB 7D 5D 6E 80 3B 18 3E D2 3B
72 35 5F 3C 15 46 9E 3B AB D1 89 BA 4B FF 08 BA
D7 04 B9 02 BC 21 4E 6F 6E 65 00 97 86 3B 12 38
[22:15:04.022] [INFO] [latency] READ 64 byte(s):
E1 3B CD DF F4 3C AC B7 A5 3C BD 00 E0 3B 1D 80
96 BB C0 C9 0F BB 12 04 B9 02 BC 21 4E 6F 6E 65
00 F8 69 3C 79 A9 20 3C 49 09 E3 3B F7 28 25 3B
84 3D 0E BC 1A 92 FD BA 60 B4 04 3C 55 04 B9 02
[22:15:04.028] [INFO] [latency] READ 64 byte(s):
BC 21 4E 6F 6E 65 00 44 09 BC 2C 0F 55 BC 44 7A
5B BC E9 5D 5E 3B 3E 38 F1 BB 0A 61 4C 3B CC 6C
4D 3C 7B 04 B9 02 BC 21 00 02 0E BC 63 F9 94 BA
DC 5B AA BA CB 76 0D B9 59 9F D9 B8 F6 96 00 3B
[22:15:04.030] [INFO] [latency] READ 64 byte(s):
32 9F 0D 3C 7D 5E ED 35 3A 55 00 B9 02 BC 21 00
D8 29 BC 9C E8 8E BB 30 87 C0 BB 8A 06 37 3B A8
17 80 BB 9D 4A 01 BC 17 7F 21 3B EB 29 AB BB 8C
00 B9 02 BC 21 00 F4 5C 3C 8B 8E 92 3C F0 26 B9
[22:15:04.034] [INFO] [latency] READ 64 byte(s):
3B B2 AA 66 3C FE 95 75 3B 3C A9 A3 BB 13 0E C9
3B FD 5E 03 BA D3 00 B9 02 BC 21 00 88 25 3C F8
35 50 3A BE F5 49 BB 75 E5 B3 3B 37 8E 65 3B A0
55 F7 3B 21 44 77 BB 2C A8 45 BB B1 00 B9 02 BC
[22:15:04.037] [INFO] [latency] READ 64 byte(s):
21 00 5F 74 3C 8B 29 53 38 F9 AC 70 3B B1 45 1D
3C C5 44 94 3C 7F 87 13 3C 7B 57 9A 3C 6D 75 1F
3C A7 00 B9 02 BC 41 00 31 B4 3C C3 26 81 3C 4C
23 15 3C C3 37 1A 3C 8A 52 2C 3B 38 71 6D 3C 20
[22:15:04.041] [INFO] [latency] READ 45 byte(s):
30 D6 3C 65 24 41 37 3C E0 C7 3C 79 A5 EB 3C 53
D8 5A 3C 7A DB 84 3D F6 68 7D 5D BD DB 9D EA 3D
85 51 A8 BB 80 65 00 00 72 00 A4 E3 7E
[22:15:04.045] [INFO] [latency] WRITE 21 byte(s):
7E B9 03 81 00 03 82 06 00 80 0B 03 B9 04 0B 01
0B 00 60 C3 7E
[22:15:04.048] [INFO] [latency] READ 64 byte(s):
7E B9 03 81 04 03 81 9D 08 0B B9 03 01 0B B9 04
B9 02 BC 21 43 72 75 6E 63 68 79 20 52 69 67 68
74 20 42 61 73 73 00 00 00 00 00 00 00 00 00 00
00 00 00 00 00 12 BA 02 88 00 00 00 00 88 00 00
[22:15:04.050] [INFO] [latency] READ 64 byte(s):
F0 42 BA 03 BA 6D 88 00 00 00 00 88 00 00 80 3F
88 00 00 7C C2 88 00 00 A0 41 88 00 00 70 C2 88
00 00 80 3F 88 00 00 80 3F 88 00 00 B4 C1 88 00
00 00 00 88 00 00 A0 40 88 00 00 80 3F 88 67 66
[22:15:04.055] [INFO] [latency] READ 64 byte(s):
D6 40 88 00 00 96 43 88 CD CC 4C 40 88 33 33 33
3F 88 00 80 3B 44 88 67 66 C6 40 88 00 80 ED 44
88 00 00 80 3F 88 00 00 00 00 88 9A 99 11 41 88
33 33 0B 41 88 00 00 C8 42 88 00 00 80 3F 88 00
[22:15:04.058] [INFO] [latency] READ 64 byte(s):
00 00 00 88 00 00 C8 41 88 00 00 A0 40 88 00 00
00 00 88 00 00 C0 3F 88 00 00 00 00 88 00 00 80
3F 88 00 00 C0 3F 88 00 00 00 00 88 00 00 00 00
88 00 00 A0 40 88 00 00 A0 40 88 00 00 80 3F 88
[22:15:04.061] [INFO] [latency] READ 64 byte(s):
00 00 80 3F 88 00 00 80 40 88 00 00 A0 40 88 00
00 00 00 88 00 00 00 00 88 00 00 F0 41 88 00 00
A0 40 88 00 00 00 00 88 00 00 00 00 88 00 00 F0
41 88 00 00 A0 40 88 00 00 00 00 88 00 00 00 00
[22:15:04.063] [INFO] [latency] READ 64 byte(s):
88 00 00 F0 41 88 00 00 A0 40 88 00 00 00 00 88
00 00 00 00 88 00 00 F0 41 88 00 00 A0 40 88 00
00 00 00 88 00 00 00 00 88 00 00 00 00 88 00 00
A0 40 88 00 00 00 00 88 00 00 00 00 88 00 00 F0
[22:15:04.065] [INFO] [latency] READ 64 byte(s):
41 88 00 00 80 3F 88 00 00 00 00 88 00 00 00 00
88 00 00 00 00 88 00 00 70 41 88 00 00 00 3F 88
00 00 48 42 88 00 00 F0 40 88 00 00 00 00 88 00
00 40 40 88 00 00 D0 40 88 00 00 00 00 88 00 00
[22:15:04.067] [INFO] [latency] READ 64 byte(s):
00 00 88 00 00 C0 40 88 00 00 00 00 88 00 00 70
41 88 00 00 00 3F 88 00 00 48 42 88 00 00 F0 40
88 00 00 00 00 88 00 00 70 41 88 00 00 00 3F 88
00 00 48 42 88 00 00 C8 41 88 00 00 F0 40 88 00
[22:15:04.070] [INFO] [latency] READ 64 byte(s):
00 00 00 88 00 00 40 40 88 00 00 B4 43 88 00 00
F0 42 88 00 00 48 42 88 00 00 A0 40 88 00 00 80
3F 88 00 00 00 00 88 00 00 00 00 88 00 00 00 00
88 00 00 10 41 88 00 00 AF 43 88 00 00 A0 41 88
[22:15:04.073] [INFO] [latency] READ 64 byte(s):
00 00 00 00 88 00 00 48 42 88 00 00 00 00 88 00
00 10 41 88 00 00 AF 43 88 00 00 A0 41 88 00 00
00 00 88 00 00 48 42 BA 6D 88 00 00 00 00 88 00
00 00 00 88 00 00 C8 C2 88 00 00 A0 41 88 00 00
[22:15:04.076] [INFO] [latency] READ 64 byte(s):
70 C2 88 00 00 80 3F 88 00 00 00 00 88 00 00 00
00 88 00 00 00 00 88 00 00 A0 40 88 00 00 80 3F
88 00 00 A0 40 88 00 00 96 43 88 00 00 A0 40 88
33 33 33 3F 88 00 80 3B 44 88 00 00 A0 40 88 00
[22:15:04.079] [INFO] [latency] READ 64 byte(s):
80 ED 44 88 00 00 80 3F 88 00 00 00 00 88 00 00
A0 40 88 00 00 A0 40 88 00 00 C8 42 88 00 00 80
3F 88 00 00 00 00 88 00 00 C8 41 88 00 00 A0 40
88 00 00 00 00 88 00 00 C0 3F 88 00 00 00 00 88
[22:15:04.082] [INFO] [latency] READ 64 byte(s):
00 00 80 3F 88 00 00 C0 3F 88 00 00 00 00 88 00
00 00 00 88 00 00 A0 40 88 00 00 A0 40 88 00 00
80 3F 88 00 00 00 00 88 00 00 80 40 88 00 00 A0
40 88 00 00 00 00 88 00 00 00 00 88 00 00 F0 41
[22:15:04.086] [INFO] [latency] READ 64 byte(s):
88 00 00 A0 40 88 00 00 00 00 88 00 00 00 00 88
00 00 F0 41 88 00 00 A0 40 88 00 00 00 00 88 00
00 00 00 88 00 00 F0 41 88 00 00 A0 40 88 00 00
00 00 88 00 00 00 00 88 00 00 F0 41 88 00 00 A0
[22:15:04.088] [INFO] [latency] READ 64 byte(s):
40 88 00 00 00 00 88 00 00 00 00 88 00 00 F0 41
88 00 00 A0 40 88 00 00 00 00 88 00 00 00 00 88
00 00 F0 41 88 00 00 80 3F 88 00 00 00 00 88 00
00 00 00 88 00 00 00 00 88 00 00 70 41 88 00 00
[22:15:04.092] [INFO] [latency] READ 64 byte(s):
00 3F 88 00 00 48 42 88 00 00 F0 40 88 00 00 00
00 88 00 00 40 40 88 00 00 D0 40 88 00 00 00 00
88 00 00 00 00 88 00 00 C0 40 88 00 00 00 00 88
00 00 70 41 88 00 00 00 3F 88 00 00 48 42 88 00
[22:15:04.094] [INFO] [latency] READ 64 byte(s):
00 F0 40 88 00 00 00 00 88 00 00 70 41 88 00 00
00 3F 88 00 00 48 42 88 00 00 C8 41 88 00 00 F0
40 88 00 00 00 00 88 00 00 40 40 88 00 00 B4 43
88 00 00 F0 42 88 00 00 48 42 88 00 00 A0 40 88
[22:15:04.096] [INFO] [latency] READ 64 byte(s):
00 00 80 3F 88 00 00 00 00 88 00 00 00 00 88 00
00 00 00 88 00 00 10 41 88 00 00 AF 43 88 00 00
A0 41 88 00 00 00 00 88 00 00 48 42 88 00 00 00
00 88 00 00 10 41 88 00 00 AF 43 88 00 00 A0 41
[22:15:04.097] [INFO] [latency] READ 64 byte(s):
88 00 00 00 00 88 00 00 48 42 BA 6D 88 00 00 00
00 88 00 00 00 00 88 00 00 C8 C2 88 00 00 A0 41
88 00 00 70 C2 88 00 00 80 3F 88 00 00 00 00 88
00 00 00 00 88 00 00 00 00 88 00 00 A0 40 88 00
[22:15:04.099] [INFO] [latency] READ 64 byte(s):
00 80 3F 88 00 00 A0 40 88 00 00 96 43 88 00 00
A0 40 88 33 33 33 3F 88 00 80 3B 44 88 00 00 A0
40 88 00 80 ED 44 88 00 00 80 3F 88 00 00 00 00
88 00 00 A0 40 88 00 00 A0 40 88 00 00 C8 42 88
[22:15:04.100] [INFO] [latency] READ 64 byte(s):
00 00 80 3F 88 00 00 00 00 88 00 00 C8 41 88 00
00 A0 40 88 00 00 00 00 88 00 00 C0 3F 88 00 00
00 00 88 00 00 80 3F 88 00 00 C0 3F 88 00 00 00
00 88 00 00 00 00 88 00 00 A0 40 88 00 00 A0 40
[22:15:04.104] [INFO] [latency] READ 64 byte(s):
88 00 00 80 3F 88 00 00 00 00 88 00 00 80 40 88
00 00 A0 40 88 00 00 00 00 88 00 00 00 00 88 00
00 F0 41 88 00 00 A0 40 88 00 00 00 00 88 00 00
00 00 88 00 00 F0 41 88 00 00 A0 40 88 00 00 00
[22:15:04.108] [INFO] [latency] READ 64 byte(s):
00 88 00 00 00 00 88 00 00 F0 41 88 00 00 A0 40
88 00 00 00 00 88 00 00 00 00 88 00 00 F0 41 88
00 00 A0 40 88 00 00 00 00 88 00 00 00 00 88 00
00 F0 41 88 00 00 A0 40 88 00 00 00 00 88 00 00
[22:15:04.111] [INFO] [latency] READ 64 byte(s):
00 00 88 00 00 F0 41 88 00 00 80 3F 88 00 00 00
00 88 00 00 00 00 88 00 00 00 00 88 00 00 70 41
88 00 00 00 3F 88 00 00 48 42 88 00 00 F0 40 88
00 00 00 00 88 00 00 40 40 88 00 00 D0 40 88 00
[22:15:04.113] [INFO] [latency] READ 64 byte(s):
00 00 00 88 00 00 00 00 88 00 00 C0 40 88 00 00
00 00 88 00 00 70 41 88 00 00 00 3F 88 00 00 48
42 88 00 00 F0 40 88 00 00 00 00 88 00 00 70 41
88 00 00 00 3F 88 00 00 48 42 88 00 00 C8 41 88
[22:15:04.116] [INFO] [latency] READ 64 byte(s):
00 00 F0 40 88 00 00 00 00 88 00 00 40 40 88 00
00 B4 43 88 00 00 F0 42 88 00 00 48 42 88 00 00
A0 40 88 00 00 80 3F 88 00 00 00 00 88 00 00 00
00 88 00 00 00 00 88 00 00 10 41 88 00 00 AF 43
[22:15:04.119] [INFO] [latency] READ 64 byte(s):
88 00 00 A0 41 88 00 00 00 00 88 00 00 48 42 88
00 00 00 00 88 00 00 10 41 88 00 00 AF 43 88 00
00 A0 41 88 00 00 00 00 88 00 00 48 42 B9 0D B9
02 BC 21 00 46 95 3B A0 04 01 3C F7 07 1C 3C 4C
[22:15:04.121] [INFO] [latency] READ 64 byte(s):
27 83 3C 97 45 FE 3B 1E AD EF 3C 06 B9 30 3A 15
7A FC 3B AB 00 B9 02 BC 0B 32 30 32 35 2D 31 32
2D 30 35 00 0A B9 02 BC 21 44 52 49 56 45 00 13
3C 9A 4B B2 3C 87 90 DC 3B 4D 57 A4 3C 5F 2D 0A
[22:15:04.123] [INFO] [latency] READ 64 byte(s):
3C 0D 5E 5F 3C 13 6A 42 3B EB 05 B9 02 BC 21 4E
6F 6E 65 00 D4 D6 BB F4 FF 6F 3C 7F FD 55 BB 22
22 19 3C 91 F4 08 3C 4E 3A B2 3B 3D 80 58 3C E9
04 B9 02 BC 21 4E 6F 6E 65 00 BD 0F 3C 97 0D 02
[22:15:04.126] [INFO] [latency] READ 64 byte(s):
BB A6 58 23 3C 78 E7 98 BB E5 D1 E1 3B 4D D4 FC
BB 14 F2 4B 3C 23 04 B9 02 BC 21 4E 6F 6E 65 00
E1 B0 3A BC C2 2A BA 79 5D C5 3B 98 2A 4B 3C C2
CE EF 3B 63 4F 89 3B 40 6A 91 3B BB 04 B9 02 BC
[22:15:04.128] [INFO] [latency] READ 64 byte(s):
21 4E 6F 6E 65 00 7D 5E F5 3B FF FF 5C 3C A7 EB
66 3B A6 C1 8E 3B 4C D4 89 3B 0A C8 E2 39 4C E0
65 BB 5F 04 B9 02 BC 21 00 42 C8 BB 02 6C D9 BA
81 71 FF BB 18 22 BC BB C1 BC 34 BC 7D 5E 32 44
[22:15:04.130] [INFO] [latency] READ 64 byte(s):
BC E5 AB C9 BB A3 E0 3F BC 81 00 B9 02 BC 21 00
F6 D7 BB 24 39 71 3B 20 52 40 3B 93 8F 52 3B CE
40 20 BC 52 D8 E4 3A A1 38 84 3B CB 4A 12 3C 52
00 B9 02 BC 21 00 10 04 3D 40 B8 BE 3C 9C B2 D8
[22:15:04.133] [INFO] [latency] READ 64 byte(s):
3C 17 BA C5 3C DA 7F 88 3C A5 03 93 3C 75 E8 5B
3C 73 85 7A 3C D8 00 B9 02 BC 21 00 B4 54 BC 1C
88 7D 5D BC CD D1 BD BC 8B DE A4 BC DB 40 14 BC
7F A8 44 BC 50 0E B4 3B 38 FE 21 BC 1A 00 B9 02
[22:15:04.136] [INFO] [latency] READ 64 byte(s):
BC 21 00 B0 0C 3C F2 33 5A BB D6 6E E9 3A 72 0C
D6 3B 6B 85 48 3C 46 83 D7 3B 98 5E 4C 3B BE 8E
30 3C AE 00 B9 02 BC 41 00 0C F3 3B B4 A8 22 3C
50 49 86 3C C4 4A 8A 3C E4 AF 90 3C 65 B0 BE 3C
[22:15:04.139] [INFO] [latency] READ 46 byte(s):
73 75 0B 3C 7D 5E 25 FD 3B 28 04 DF 3A 54 29 DF
3C 1A 86 26 BC 29 C8 19 3D FC 9F 43 BC 66 00 66
3D 85 51 A8 BB 80 65 00 00 72 00 70 94 7E
[22:15:04.145] [INFO] [latency] WRITE 21 byte(s):
7E B9 03 81 00 03 82 06 00 80 0B 03 B9 04 0B 01
0C 00 68 8E 7E
[22:15:04.148] [INFO] [latency] READ 64 byte(s):
7E B9 03 81 04 03 81 9D 08 0B B9 03 01 0C B9 04
B9 02 BC 21 49 6E 73 74 61 6E 74 20 50 69 63 6B
20 56 32 00 00 00 00 00 00 00 00 00 00 00 00 00
00 00 00 00 00 0F BA 02 88 00 00 00 00 88 00 00
[22:15:04.151] [INFO] [latency] READ 64 byte(s):
F0 42 BA 03 BA 6D 88 00 00 80 3F 88 00 00 80 3F
88 00 00 38 C2 88 00 00 82 43 88 00 00 B4 C2 88
00 00 80 3F 88 00 00 80 3F 88 00 00 BC C1 88 00
00 00 00 88 00 00 D0 41 88 00 00 80 3F 88 00 00
[22:15:04.154] [INFO] [latency] READ 64 byte(s):
A0 40 88 00 00 96 43 88 00 00 A0 40 88 33 33 33
3F 88 00 80 3B 44 88 00 00 A0 40 88 00 80 ED 44
88 00 00 80 3F 88 00 00 00 00 88 9A 99 D9 40 88
33 33 33 40 88 00 00 94 42 88 00 00 80 3F 88 00
[22:15:04.157] [INFO] [latency] READ 64 byte(s):
00 00 40 88 00 00 C8 41 88 00 00 A0 40 88 00 00
00 00 88 00 00 C0 3F 88 00 00 00 00 88 00 00 80
3F 88 00 00 C0 3F 88 00 00 00 00 88 00 00 00 00
88 00 00 A0 40 88 00 00 A0 40 88 00 00 80 3F 88
[22:15:04.161] [INFO] [latency] READ 64 byte(s):
00 00 00 00 88 00 00 80 40 88 00 00 A0 40 88 00
00 00 00 88 00 00 00 00 88 00 00 F0 41 88 00 00
A0 40 88 00 00 00 00 88 00 00 00 00 88 00 00 F0
41 88 00 00 A0 40 88 00 00 00 00 88 00 00 00 00
[22:15:04.164] [INFO] [latency] READ 64 byte(s):
88 00 00 F0 41 88 00 00 A0 40 88 00 00 00 00 88
00 00 00 00 88 00 00 F0 41 88 00 00 80 40 88 00
00 00 00 88 00 00 00 00 88 00 00 F0 41 88 00 00
A0 40 88 00 00 00 00 88 00 00 00 00 88 00 00 F0
[22:15:04.166] [INFO] [latency] READ 64 byte(s):
41 88 00 00 80 3F 88 00 00 00 00 88 00 00 00 00
88 00 00 00 00 88 00 00 70 41 88 00 00 00 3F 88
00 00 48 42 88 00 00 F0 40 88 00 00 00 00 88 00
00 40 40 88 00 00 D0 40 88 00 00 00 00 88 00 00
[22:15:04.169] [INFO] [latency] READ 64 byte(s):
00 00 88 00 00 C0 40 88 00 00 00 00 88 00 00 70
41 88 00 00 00 3F 88 00 00 48 42 88 00 00 F0 40
88 00 00 00 00 88 00 00 70 41 88 00 00 00 3F 88
00 00 48 42 88 00 00 C8 41 88 00 00 F0 40 88 00
[22:15:04.172] [INFO] [latency] READ 64 byte(s):
00 00 00 88 00 00 40 40 88 00 00 B4 43 88 00 00
F0 42 88 00 00 48 42 88 00 00 A0 40 88 00 00 80
3F 88 00 00 80 3F 88 00 00 80 3F 88 00 00 00 00
88 00 00 10 41 88 00 00 AF 43 88 00 00 A0 41 88
[22:15:04.177] [INFO] [latency] READ 64 byte(s):
00 00 00 00 88 00 00 48 42 88 00 00 80 3F 88 00
00 40 40 88 00 80 0E 44 88 00 00 28 42 88 00 00
00 00 88 00 00 48 42 BA 6D 88 00 00 00 00 88 00
00 00 00 88 00 00 C8 C2 88 00 00 A0 41 88 00 00
[22:15:04.180] [INFO] [latency] READ 64 byte(s):
70 C2 88 00 00 80 3F 88 00 00 00 00 88 00 00 00
00 88 00 00 00 00 88 00 00 A0 40 88 00 00 80 3F
88 00 00 A0 40 88 00 00 96 43 88 00 00 A0 40 88
33 33 33 3F 88 00 80 3B 44 88 00 00 A0 40 88 00
[22:15:04.185] [INFO] [latency] READ 64 byte(s):
80 ED 44 88 00 00 80 3F 88 00 00 00 00 88 00 00
A0 40 88 00 00 A0 40 88 00 00 C8 42 88 00 00 80
3F 88 00 00 00 00 88 00 00 C8 41 88 00 00 A0 40
88 00 00 00 00 88 00 00 C0 3F 88 00 00 00 00 88
[22:15:04.189] [INFO] [latency] READ 64 byte(s):
00 00 80 3F 88 00 00 C0 3F 88 00 00 00 00 88 00
00 00 00 88 00 00 A0 40 88 00 00 A0 40 88 00 00
80 3F 88 00 00 00 00 88 00 00 80 40 88 00 00 A0
40 88 00 00 00 00 88 00 00 00 00 88 00 00 F0 41
[22:15:04.194] [INFO] [latency] READ 64 byte(s):
88 00 00 A0 40 88 00 00 00 00 88 00 00 00 00 88
00 00 F0 41 88 00 00 A0 40 88 00 00 00 00 88 00
00 00 00 88 00 00 F0 41 88 00 00 A0 40 88 00 00
00 00 88 00 00 00 00 88 00 00 F0 41 88 00 00 A0
[22:15:04.197] [INFO] [latency] READ 64 byte(s):
40 88 00 00 00 00 88 00 00 00 00 88 00 00 F0 41
88 00 00 A0 40 88 00 00 00 00 88 00 00 00 00 88
00 00 F0 41 88 00 00 80 3F 88 00 00 00 00 88 00
00 00 00 88 00 00 00 00 88 00 00 70 41 88 00 00
[22:15:04.200] [INFO] [latency] READ 64 byte(s):
00 3F 88 00 00 48 42 88 00 00 F0 40 88 00 00 00
00 88 00 00 40 40 88 00 00 D0 40 88 00 00 00 00
88 00 00 00 00 88 00 00 C0 40 88 00 00 00 00 88
00 00 70 41 88 00 00 00 3F 88 00 00 48 42 88 00
[22:15:04.204] [INFO] [latency] READ 64 byte(s):
00 F0 40 88 00 00 00 00 88 00 00 70 41 88 00 00
00 3F 88 00 00 48 42 88 00 00 C8 41 88 00 00 F0
40 88 00 00 00 00 88 00 00 40 40 88 00 00 B4 43
88 00 00 F0 42 88 00 00 48 42 88 00 00 A0 40 88
[22:15:04.208] [INFO] [latency] READ 64 byte(s):
00 00 80 3F 88 00 00 00 00 88 00 00 00 00 88 00
00 00 00 88 00 00 10 41 88 00 00 AF 43 88 00 00
A0 41 88 00 00 00 00 88 00 00 48 42 88 00 00 00
00 88 00 00 10 41 88 00 00 AF 43 88 00 00 A0 41
[22:15:04.211] [INFO] [latency] READ 64 byte(s):
88 00 00 00 00 88 00 00 48 42 BA 6D 88 00 00 00
00 88 00 00 00 00 88 00 00 C8 C2 88 00 00 A0 41
88 00 00 70 C2 88 00 00 80 3F 88 00 00 00 00 88
00 00 00 00 88 00 00 00 00 88 00 00 A0 40 88 00
[22:15:04.214] [INFO] [latency] READ 64 byte(s):
00 80 3F 88 00 00 A0 40 88 00 00 96 43 88 00 00
A0 40 88 33 33 33 3F 88 00 80 3B 44 88 00 00 A0
40 88 00 80 ED 44 88 00 00 80 3F 88 00 00 00 00
88 00 00 A0 40 88 00 00 A0 40 88 00 00 C8 42 88
[22:15:04.217] [INFO] [latency] READ 64 byte(s):
00 00 80 3F 88 00 00 00 00 88 00 00 C8 41 88 00
00 A0 40 88 00 00 00 00 88 00 00 C0 3F 88 00 00
00 00 88 00 00 80 3F 88 00 00 C0 3F 88 00 00 00
00 88 00 00 00 00 88 00 00 A0 40 88 00 00 A0 40
[22:15:04.221] [INFO] [latency] READ 64 byte(s):
88 00 00 80 3F 88 00 00 00 00 88 00 00 80 40 88
00 00 A0 40 88 00 00 00 00 88 00 00 00 00 88 00
00 F0 41 88 00 00 A0 40 88 00 00 00 00 88 00 00
00 00 88 00 00 F0 41 88 00 00 A0 40 88 00 00 00
[22:15:04.223] [INFO] [latency] READ 64 byte(s):
00 88 00 00 00 00 88 00 00 F0 41 88 00 00 A0 40
88 00 00 00 00 88 00 00 00 00 88 00 00 F0 41 88
00 00 A0 40 88 00 00 00 00 88 00 00 00 00 88 00
00 F0 41 88 00 00 A0 40 88 00 00 00 00 88 00 00
[22:15:04.228] [INFO] [latency] READ 64 byte(s):
00 00 88 00 00 F0 41 88 00 00 80 3F 88 00 00 00
00 88 00 00 00 00 88 00 00 00 00 88 00 00 70 41
88 00 00 00 3F 88 00 00 48 42 88 00 00 F0 40 88
00 00 00 00 88 00 00 40 40 88 00 00 D0 40 88 00
[22:15:04.232] [INFO] [latency] READ 64 byte(s):
00 00 00 88 00 00 00 00 88 00 00 C0 40 88 00 00
00 00 88 00 00 70 41 88 00 00 00 3F 88 00 00 48
42 88 00 00 F0 40 88 00 00 00 00 88 00 00 70 41
88 00 00 00 3F 88 00 00 48 42 88 00 00 C8 41 88
[22:15:04.237] [INFO] [latency] READ 64 byte(s):
00 00 F0 40 88 00 00 00 00 88 00 00 40 40 88 00
00 B4 43 88 00 00 F0 42 88 00 00 48 42 88 00 00
A0 40 88 00 00 80 3F 88 00 00 00 00 88 00 00 00
00 88 00 00 00 00 88 00 00 10 41 88 00 00 AF 43
[22:15:04.243] [INFO] [latency] READ 64 byte(s):
88 00 00 A0 41 88 00 00 00 00 88 00 00 48 42 88
00 00 00 00 88 00 00 10 41 88 00 00 AF 43 88 00
00 A0 41 88 00 00 00 00 88 00 00 48 42 B9 0D B9
02 BC 21 00 6D 9D BA 37 7A 9F BA 2F CF BC BB F5
[22:15:04.245] [INFO] [latency] READ 64 byte(s):
D2 C7 39 7B 2A 0E 3C 35 27 EA 3B 29 88 22 3C 43
5F F5 BA 61 00 B9 02 BC 0B 32 30 32 35 2D 31 31
2D 32 38 00 0A B9 02 BC 21 44 52 49 56 45 00 25
BB D6 38 D5 BB 01 55 34 BB E8 6B CF 3B 24 AB D7
[22:15:04.247] [INFO] [latency] READ 64 byte(s):
3B 9E B9 31 3C 94 37 40 3B DA 05 B9 02 BC 21 4E
6F 6E 65 00 DC 79 3B 47 F4 8D 3B 34 E8 CB 3B FB
88 F8 BA 0F 4F 6E 3A D4 D7 A1 BA 5C DA 16 BB BA
04 B9 02 BC 21 4E 6F 6E 65 00 89 6B 3B 0B 6D 21
[22:15:04.249] [INFO] [latency] READ 64 byte(s):
3C 7C 99 BE 3B BD 8C FD 3B E2 A7 B2 3B 58 DE 10
BB 45 3B DE 3A FE 04 B9 02 BC 21 4E 6F 6E 65 00
5A AD B9 6D B8 7D 5D 3A 52 D8 09 BB F9 F7 15 3B
0F F4 14 BA CC 2A E1 3B 1E D7 69 3B 41 04 B9 02
[22:15:04.251] [INFO] [latency] READ 64 byte(s):
BC 21 4E 6F 6E 65 00 1A A1 3B CD 1F DC B9 39 24
3A 3B C5 84 EB 3A 6E 78 3A 3B 6F 7C 17 3B 4F 6F
96 BB 9B 04 B9 02 BC 21 00 D7 72 3B 24 16 20 3B
0E 55 32 39 91 7B A3 3A F2 D5 8F BA 0B F9 B8 3B
[22:15:04.254] [INFO] [latency] READ 64 byte(s):
DC BE 4D 3B A7 9E A5 3B DF 00 B9 02 BC 21 00 31
11 BA AF 1C FD 39 B8 5C F1 3B 3A 88 C5 3B 40 6A
D8 3B 65 DD D8 3A 64 D2 31 BB 49 49 21 BB 00 00
B9 02 BC 21 00 68 6A B9 9C 60 75 3B F2 D4 8B 3A
[22:15:04.257] [INFO] [latency] READ 64 byte(s):
41 B9 38 BA 4C 89 C1 3A D9 79 B1 BA D0 2C 33 3B
A5 A4 2C BB D5 00 B9 02 BC 21 00 2A FB 3B 7D 5E
37 10 3C D0 46 66 3B 6F 17 E3 3B DE 88 A7 3A 0B
F0 88 3B D7 F4 83 3B C3 26 67 3B EF 00 B9 02 BC
[22:15:04.259] [INFO] [latency] READ 64 byte(s):
21 00 1A 62 BA 50 51 E8 BB D8 4A 6F BB A6 37 BD
BB 97 86 B7 3A C4 4F 12 3C D6 00 92 3B 8B 79 68
3B 02 00 B9 02 BC 41 00 82 36 BB A1 38 A0 BA 17
B2 A3 3B 06 A1 FB 3A F2 A3 83 3B 69 24 B5 BB 0E
[22:15:04.261] [INFO] [latency] READ 45 byte(s):
AE 6A BB 28 22 E9 BB A0 E4 92 BB 7D 5D 6E 9F BA
C1 D7 D1 BB 4F 8B 6E 3B 5C CA AA BA 7A 5D 35 BC
18 13 C4 98 9F 08 00 00 72 00 E4 78 7E
[22:15:04.265] [INFO] [latency] WRITE 21 byte(s):
7E B9 03 81 00 03 82 06 00 80 0B 03 B9 04 0B 01
0D 00 B0 97 7E
[22:15:04.268] [INFO] [latency] READ 64 byte(s):
7E B9 03 81 04 03 81 9D 08 0B B9 03 01 0D B9 04
B9 02 BC 21 42 53 20 38 30 30 52 42 00 00 00 00
00 00 00 00 00 00 00 00 00 00 00 00 00 00 00 00
00 00 00 00 00 08 BA 02 88 00 00 00 00 88 00 00
[22:15:04.271] [INFO] [latency] READ 64 byte(s):
F0 42 BA 03 BA 6D 88 00 00 80 3F 88 00 00 80 3F
88 00 00 44 C2 88 00 00 91 43 88 00 00 96 C2 88
00 00 80 3F 88 00 00 80 3F 88 00 00 EC C1 88 00
00 00 00 88 00 00 C0 41 88 00 00 80 3F 88 CD CC
[22:15:04.273] [INFO] [latency] READ 64 byte(s):
DC 40 88 00 00 96 43 88 00 00 00 00 88 33 33 33
3F 88 00 80 3B 44 88 9A 99 79 40 88 00 80 ED 44
88 00 00 80 3F 88 00 00 00 00 88 9A 99 99 40 88
CD CC 8C 3F 88 00 00 C8 42 88 00 00 80 3F 88 00
[22:15:04.281] [INFO] [latency] READ 64 byte(s):
00 00 00 88 00 00 10 42 88 9A 99 A9 40 88 00 00
00 00 88 00 00 C0 3F 88 00 00 00 00 88 00 00 80
3F 88 00 00 00 40 88 00 00 00 00 88 00 00 00 00
88 00 00 A0 40 88 00 00 A0 40 88 00 00 80 3F 88
[22:15:04.293] [INFO] [latency] READ 64 byte(s):
00 00 00 00 88 00 00 A0 40 88 00 00 A0 40 88 00
00 00 00 88 00 00 00 00 88 00 00 F0 41 88 00 00
A0 40 88 00 00 00 00 88 00 00 00 00 88 00 00 F0
41 88 00 00 A0 40 88 00 00 00 00 88 00 00 00 00
[22:15:04.305] [INFO] [latency] READ 64 byte(s):
88 00 00 F0 41 88 00 00 A0 40 88 00 00 00 00 88
00 00 00 00 88 00 00 F0 41 88 00 00 A0 40 88 00
00 A0 41 88 00 00 00 00 88 00 00 00 00 88 00 00
20 40 88 00 00 DC 42 88 00 00 20 41 88 00 00 B8
[22:15:04.315] [INFO] [latency] READ 64 byte(s):
42 88 00 00 80 3F 88 00 00 00 00 88 00 00 00 00
88 00 00 00 00 88 00 00 70 41 88 FF FF FF 3E 88
00 00 48 42 88 00 00 F0 40 88 00 00 00 00 88 00
00 40 40 88 00 00 D0 40 88 00 00 00 00 88 00 00
[22:15:04.320] [INFO] [latency] READ 64 byte(s):
00 00 88 00 00 C0 40 88 00 00 00 00 88 00 00 70
41 88 FF FF FF 3E 88 00 00 48 42 88 00 00 F0 40
88 00 00 00 00 88 00 00 70 41 88 FF FF FF 3E 88
00 00 48 42 88 00 00 C8 41 88 00 00 F0 40 88 00
[22:15:04.325] [INFO] [latency] READ 64 byte(s):
00 00 00 88 00 00 40 40 88 00 00 B4 43 88 00 00
F0 42 88 00 00 48 42 88 00 00 A0 40 88 00 00 80
3F 88 00 00 00 00 88 00 00 00 00 88 00 00 00 00
88 00 00 10 41 88 00 00 AF 43 88 00 00 A0 41 88
[22:15:04.329] [INFO] [latency] READ 64 byte(s):
00 00 00 00 88 00 00 48 42 88 00 00 00 00 88 00
00 10 41 88 00 00 AF 43 88 00 00 A0 41 88 00 00
00 00 88 00 00 48 42 BA 6D 88 00 00 00 00 88 00
00 00 00 88 00 00 C8 C2 88 00 00 A0 41 88 00 00
[22:15:04.334] [INFO] [latency] READ 64 byte(s):
70 C2 88 00 00 80 3F 88 00 00 00 00 88 00 00 00
00 88 00 00 00 00 88 00 00 A0 40 88 00 00 80 3F
88 00 00 A0 40 88 00 00 96 43 88 00 00 A0 40 88
33 33 33 3F 88 00 80 3B 44 88 00 00 A0 40 88 00
[22:15:04.339] [INFO] [latency] READ 64 byte(s):
80 ED 44 88 00 00 80 3F 88 00 00 00 00 88 00 00
A0 40 88 00 00 A0 40 88 00 00 C8 42 88 00 00 80
3F 88 00 00 00 00 88 00 00 C8 41 88 00 00 A0 40
88 00 00 00 00 88 00 00 C0 3F 88 00 00 00 00 88
[22:15:04.340] [INFO] [latency] READ 64 byte(s):
00 00 80 3F 88 00 00 C0 3F 88 00 00 00 00 88 00
00 00 00 88 00 00 A0 40 88 00 00 A0 40 88 00 00
80 3F 88 00 00 00 00 88 00 00 80 40 88 00 00 A0
40 88 00 00 00 00 88 00 00 00 00 88 00 00 F0 41
[22:15:04.345] [INFO] [latency] READ 64 byte(s):
88 00 00 A0 40 88 00 00 00 00 88 00 00 00 00 88
00 00 F0 41 88 00 00 A0 40 88 00 00 00 00 88 00
00 00 00 88 00 00 F0 41 88 00 00 A0 40 88 00 00
00 00 88 00 00 00 00 88 00 00 F0 41 88 00 00 A0
[22:15:04.350] [INFO] [latency] READ 64 byte(s):
40 88 00 00 00 00 88 00 00 00 00 88 00 00 F0 41
88 00 00 A0 40 88 00 00 00 00 88 00 00 00 00 88
00 00 F0 41 88 00 00 80 3F 88 00 00 00 00 88 00
00 00 00 88 00 00 00 00 88 00 00 70 41 88 00 00
[22:15:04.355] [INFO] [latency] READ 64 byte(s):
00 3F 88 00 00 48 42 88 00 00 F0 40 88 00 00 00
00 88 00 00 40 40 88 00 00 D0 40 88 00 00 00 00
88 00 00 00 00 88 00 00 C0 40 88 00 00 00 00 88
00 00 70 41 88 00 00 00 3F 88 00 00 48 42 88 00
[22:15:04.361] [INFO] [latency] READ 64 byte(s):
00 F0 40 88 00 00 00 00 88 00 00 70 41 88 00 00
00 3F 88 00 00 48 42 88 00 00 C8 41 88 00 00 F0
40 88 00 00 00 00 88 00 00 40 40 88 00 00 B4 43
88 00 00 F0 42 88 00 00 48 42 88 00 00 A0 40 88
[22:15:04.363] [INFO] [latency] READ 64 byte(s):
00 00 80 3F 88 00 00 00 00 88 00 00 00 00 88 00
00 00 00 88 00 00 10 41 88 00 00 AF 43 88 00 00
A0 41 88 00 00 00 00 88 00 00 48 42 88 00 00 00
00 88 00 00 10 41 88 00 00 AF 43 88 00 00 A0 41
[22:15:04.365] [INFO] [latency] READ 64 byte(s):
88 00 00 00 00 88 00 00 48 42 BA 6D 88 00 00 00
00 88 00 00 00 00 88 00 00 C8 C2 88 00 00 A0 41
88 00 00 70 C2 88 00 00 80 3F 88 00 00 00 00 88
00 00 00 00 88 00 00 00 00 88 00 00 A0 40 88 00
[22:15:04.367] [INFO] [latency] READ 64 byte(s):
00 80 3F 88 00 00 A0 40 88 00 00 96 43 88 00 00
A0 40 88 33 33 33 3F 88 00 80 3B 44 88 00 00 A0
40 88 00 80 ED 44 88 00 00 80 3F 88 00 00 00 00
88 00 00 A0 40 88 00 00 A0 40 88 00 00 C8 42 88
[22:15:04.370] [INFO] [latency] READ 64 byte(s):
00 00 80 3F 88 00 00 00 00 88 00 00 C8 41 88 00
00 A0 40 88 00 00 00 00 88 00 00 C0 3F 88 00 00
00 00 88 00 00 80 3F 88 00 00 C0 3F 88 00 00 00
00 88 00 00 00 00 88 00 00 A0 40 88 00 00 A0 40
[22:15:04.374] [INFO] [latency] READ 64 byte(s):
88 00 00 80 3F 88 00 00 00 00 88 00 00 80 40 88
00 00 A0 40 88 00 00 00 00 88 00 00 00 00 88 00
00 F0 41 88 00 00 A0 40 88 00 00 00 00 88 00 00
00 00 88 00 00 F0 41 88 00 00 A0 40 88 00 00 00
[22:15:04.379] [INFO] [latency] READ 64 byte(s):
00 88 00 00 00 00 88 00 00 F0 41 88 00 00 A0 40
88 00 00 00 00 88 00 00 00 00 88 00 00 F0 41 88
00 00 A0 40 88 00 00 00 00 88 00 00 00 00 88 00
00 F0 41 88 00 00 A0 40 88 00 00 00 00 88 00 00
[22:15:04.384] [INFO] [latency] READ 64 byte(s):
00 00 88 00 00 F0 41 88 00 00 80 3F 88 00 00 00
00 88 00 00 00 00 88 00 00 00 00 88 00 00 70 41
88 00 00 00 3F 88 00 00 48 42 88 00 00 F0 40 88
00 00 00 00 88 00 00 40 40 88 00 00 D0 40 88 00
[22:15:04.388] [INFO] [latency] READ 64 byte(s):
00 00 00 88 00 00 00 00 88 00 00 C0 40 88 00 00
00 00 88 00 00 70 41 88 00 00 00 3F 88 00 00 48
42 88 00 00 F0 40 88 00 00 00 00 88 00 00 70 41
88 00 00 00 3F 88 00 00 48 42 88 00 00 C8 41 88
[22:15:04.391] [INFO] [latency] READ 64 byte(s):
00 00 F0 40 88 00 00 00 00 88 00 00 40 40 88 00
00 B4 43 88 00 00 F0 42 88 00 00 48 42 88 00 00
A0 40 88 00 00 80 3F 88 00 00 00 00 88 00 00 00
00 88 00 00 00 00 88 00 00 10 41 88 00 00 AF 43
[22:15:04.393] [INFO] [latency] READ 64 byte(s):
88 00 00 A0 41 88 00 00 00 00 88 00 00 48 42 88
00 00 00 00 88 00 00 10 41 88 00 00 AF 43 88 00
00 A0 41 88 00 00 00 00 88 00 00 48 42 B9 0D B9
02 BC 21 00 81 C9 BB CA 19 4A BC 87 8E FA BB 9F
[22:15:04.396] [INFO] [latency] READ 64 byte(s):
B7 9E BB 61 83 54 BC 51 63 0A BC A2 09 6E BC 31
AA 20 BC 57 00 B9 02 BC 0B 32 30 32 35 2D 31 31
2D 32 38 00 0A B9 02 BC 21 44 52 49 56 45 00 7D
5D BB 5E AF 85 BB 30 B9 27 BC D9 37 0A BC CF A5
[22:15:04.401] [INFO] [latency] READ 64 byte(s):
21 BC 51 4E BC BB 61 B7 C8 BB 7D 5E 05 B9 02 BC
21 45 6C 65 63 74 72 69 63 20 42 61 73 73 00 7F
BB 33 3A AB BB 28 C0 B4 BB C6 E0 D3 BB 8B B3 EA
BB C6 0D B9 02 BC 21 4E 6F 6E 65 00 42 0E BC D3
[22:15:04.404] [INFO] [latency] READ 64 byte(s):
A6 55 BC 1A 41 46 BC 92 D3 FA BB DE C3 33 BC 77
8D 9C BB 04 18 F7 BB FC 04 B9 02 BC 21 4E 6F 6E
65 00 FB 01 BB 6B 5D 11 BC B5 E0 14 BB 52 DB 23
BC F3 54 CC BB 12 A4 F3 3A 9B 4F 16 BC 54 04 B9
[22:15:04.407] [INFO] [latency] READ 64 byte(s):
02 BC 21 4E 6F 6E 65 00 CF 93 BB F6 31 03 BC 6B
F1 6F BB 6F 2E 9B BB E1 2F 78 BB 00 AF 93 BA 08
D6 9B BB 78 04 B9 02 BC 21 00 67 C4 BB 4D 4E DE
BB 18 D6 8F BB 87 C5 DE BB AC BE D8 BB 9A 76 05
[22:15:04.409] [INFO] [latency] READ 64 byte(s):
BC 50 DE 29 BC 48 C8 AD BB A3 00 B9 02 BC 21 00
4A 00 BC 11 47 01 BC 0C A4 62 BB 36 5A 02 BC 81
1F CA BB E8 95 D6 BB D2 B5 4C BB D9 CD 5C BB 88
00 B9 02 BC 21 00 EC 9F BB E3 80 87 BB 50 F2 77
[22:15:04.411] [INFO] [latency] READ 64 byte(s):
BB 53 9F E0 BB 62 CC 3E BB F6 B2 99 BA A3 4A C7
BB 27 F9 1E BB AC 00 B9 02 BC 21 4E 6F 6E 65 00
B2 99 BB 5A 52 52 3B F4 F7 8B BA 7A D7 D5 3A 02
DC DE B9 32 56 2F BB 46 DC 8A 39 AA 04 B9 02 BC
[22:15:04.413] [INFO] [latency] READ 64 byte(s):
21 4E 6F 6E 65 00 88 53 BB 22 60 C7 BB 00 E9 27
BB 68 B1 8D BB 98 E0 8F BB 2B 6C DA BB EC 68 D7
BB 4E 04 B9 02 BC 41 49 4B 20 4D 75 6C 74 69 6D
65 64 69 61 20 50 72 65 6D 69 75 6D 20 50 72 65
[22:15:04.415] [INFO] [latency] READ 44 byte(s):
73 65 74 00 34 AD BB A9 AF 59 BC 63 AC 01 BC EC
4C A7 BB 3B 76 E5 BC B4 2E D2 3C 87 58 27 BD 18
D4 CB 98 9F 08 00 00 72 1C 36 32 7E
[22:15:04.418] [INFO] [latency] WRITE 21 byte(s):
7E B9 03 81 00 03 82 06 00 80 0B 03 B9 04 0B 01
0E 00 D8 BD 7E
[22:15:04.425] [INFO] [latency] READ 64 byte(s):
7E B9 03 81 04 03 81 9D 08 0B B9 03 01 0E B9 04
B9 02 BC 21 4D 65 64 69 75 6D 20 43 6C 61 73 73
00 00 00 00 00 00 00 00 00 00 00 00 00 00 00 00
00 00 00 00 00 0C BA 02 88 00 00 00 00 88 00 00
[22:15:04.428] [INFO] [latency] READ 64 byte(s):
F0 42 BA 03 BA 6D 88 00 00 00 00 88 00 00 80 3F
88 00 00 48 C2 88 00 00 FA 43 88 00 00 C8 C2 88
00 00 00 00 88 00 00 80 3F 88 00 00 48 C1 88 00
00 80 3F 88 00 00 A8 41 88 00 00 80 3F 88 00 00
[22:15:04.431] [INFO] [latency] READ 64 byte(s):
A0 40 88 00 00 96 43 88 00 00 A0 40 88 33 33 33
3F 88 00 80 3B 44 88 00 00 A0 40 88 00 80 ED 44
88 00 00 80 3F 88 00 00 00 00 88 CD CC 14 41 88
CD CC EC 40 88 00 00 96 42 88 00 00 80 3F 88 00
[22:15:04.439] [INFO] [latency] READ 64 byte(s):
00 00 00 88 00 00 18 42 88 00 00 A0 40 88 00 00
00 00 88 00 00 C0 3F 88 00 00 00 00 88 00 00 80
3F 88 00 00 C0 3F 88 00 00 00 00 88 00 00 00 00
88 00 00 A0 40 88 00 00 A0 40 88 00 00 80 3F 88
[22:15:04.450] [INFO] [latency] READ 64 byte(s):
00 00 00 00 88 00 00 80 40 88 00 00 A0 40 88 00
00 00 00 88 00 00 00 00 88 00 00 F0 41 88 00 00
A0 40 88 00 00 00 00 88 00 00 00 00 88 00 00 F0
41 88 00 00 A0 40 88 00 00 00 00 88 00 00 00 00
[22:15:04.453] [INFO] [latency] READ 64 byte(s):
88 00 00 F0 41 88 00 00 A0 40 88 00 00 00 00 88
00 00 00 00 88 00 00 F0 41 88 00 00 A0 40 88 00
00 00 00 88 00 00 00 00 88 00 00 F0 41 88 00 00
A0 40 88 00 00 00 00 88 00 00 00 00 88 00 00 F0
[22:15:04.455] [INFO] [latency] READ 64 byte(s):
41 88 00 00 80 3F 88 00 00 00 00 88 00 00 00 00
88 00 00 00 00 88 00 00 70 41 88 FF FF FF 3E 88
00 00 48 42 88 00 00 F0 40 88 00 00 00 00 88 00
00 40 40 88 00 00 D0 40 88 00 00 00 00 88 00 00
[22:15:04.458] [INFO] [latency] READ 64 byte(s):
00 00 88 00 00 C0 40 88 00 00 00 00 88 00 00 70
41 88 FF FF FF 3E 88 00 00 48 42 88 00 00 F0 40
88 00 00 00 00 88 00 00 70 41 88 FF FF FF 3E 88
00 00 48 42 88 00 00 C8 41 88 00 00 F0 40 88 00
[22:15:04.460] [INFO] [latency] READ 64 byte(s):
00 00 00 88 00 00 40 40 88 00 00 B4 43 88 00 00
F0 42 88 00 00 48 42 88 00 00 A0 40 88 00 00 80
3F 88 00 00 00 00 88 00 00 80 3F 88 00 00 00 00
88 00 00 10 41 88 00 00 AF 43 88 00 00 A0 41 88
[22:15:04.462] [INFO] [latency] READ 64 byte(s):
00 00 00 00 88 00 00 48 42 88 00 00 00 00 88 00
00 10 41 88 00 00 A0 41 88 00 00 F0 41 88 00 00
00 00 88 00 00 48 42 BA 6D 88 00 00 00 00 88 00
00 00 00 88 00 00 C8 C2 88 00 00 A0 41 88 00 00
[22:15:04.465] [INFO] [latency] READ 64 byte(s):
70 C2 88 00 00 80 3F 88 00 00 00 00 88 00 00 00
00 88 00 00 00 00 88 00 00 A0 40 88 00 00 80 3F
88 00 00 A0 40 88 00 00 96 43 88 00 00 A0 40 88
33 33 33 3F 88 00 80 3B 44 88 00 00 A0 40 88 00
[22:15:04.467] [INFO] [latency] READ 64 byte(s):
80 ED 44 88 00 00 80 3F 88 00 00 00 00 88 00 00
A0 40 88 00 00 A0 40 88 00 00 C8 42 88 00 00 80
3F 88 00 00 00 00 88 00 00 C8 41 88 00 00 A0 40
88 00 00 00 00 88 00 00 C0 3F 88 00 00 00 00 88
[22:15:04.470] [INFO] [latency] READ 64 byte(s):
00 00 80 3F 88 00 00 C0 3F 88 00 00 00 00 88 00
00 00 00 88 00 00 A0 40 88 00 00 A0 40 88 00 00
80 3F 88 00 00 00 00 88 00 00 80 40 88 00 00 A0
40 88 00 00 00 00 88 00 00 00 00 88 00 00 F0 41
[22:15:04.476] [INFO] [latency] READ 64 byte(s):
88 00 00 A0 40 88 00 00 00 00 88 00 00 00 00 88
00 00 F0 41 88 00 00 A0 40 88 00 00 00 00 88 00
00 00 00 88 00 00 F0 41 88 00 00 A0 40 88 00 00
00 00 88 00 00 00 00 88 00 00 F0 41 88 00 00 A0
[22:15:04.481] [INFO] [latency] READ 64 byte(s):
40 88 00 00 00 00 88 00 00 00 00 88 00 00 F0 41
88 00 00 A0 40 88 00 00 00 00 88 00 00 00 00 88
00 00 F0 41 88 00 00 80 3F 88 00 00 00 00 88 00
00 00 00 88 00 00 00 00 88 00 00 70 41 88 00 00
[22:15:04.485] [INFO] [latency] READ 64 byte(s):
00 3F 88 00 00 48 42 88 00 00 F0 40 88 00 00 00
00 88 00 00 40 40 88 00 00 D0 40 88 00 00 00 00
88 00 00 00 00 88 00 00 C0 40 88 00 00 00 00 88
00 00 70 41 88 00 00 00 3F 88 00 00 48 42 88 00
[22:15:04.490] [INFO] [latency] READ 64 byte(s):
00 F0 40 88 00 00 00 00 88 00 00 70 41 88 00 00
00 3F 88 00 00 48 42 88 00 00 C8 41 88 00 00 F0
40 88 00 00 00 00 88 00 00 40 40 88 00 00 B4 43
88 00 00 F0 42 88 00 00 48 42 88 00 00 A0 40 88
[22:15:04.494] [INFO] [latency] READ 64 byte(s):
00 00 80 3F 88 00 00 00 00 88 00 00 00 00 88 00
00 00 00 88 00 00 10 41 88 00 00 AF 43 88 00 00
A0 41 88 00 00 00 00 88 00 00 48 42 88 00 00 00
00 88 00 00 10 41 88 00 00 AF 43 88 00 00 A0 41
[22:15:04.497] [INFO] [latency] READ 64 byte(s):
88 00 00 00 00 88 00 00 48 42 BA 6D 88 00 00 00
00 88 00 00 00 00 88 00 00 C8 C2 88 00 00 A0 41
88 00 00 70 C2 88 00 00 80 3F 88 00 00 00 00 88
00 00 00 00 88 00 00 00 00 88 00 00 A0 40 88 00
[22:15:04.499] [INFO] [latency] READ 64 byte(s):
00 80 3F 88 00 00 A0 40 88 00 00 96 43 88 00 00
A0 40 88 33 33 33 3F 88 00 80 3B 44 88 00 00 A0
40 88 00 80 ED 44 88 00 00 80 3F 88 00 00 00 00
88 00 00 A0 40 88 00 00 A0 40 88 00 00 C8 42 88
[22:15:04.501] [INFO] [latency] READ 64 byte(s):
00 00 80 3F 88 00 00 00 00 88 00 00 C8 41 88 00
00 A0 40 88 00 00 00 00 88 00 00 C0 3F 88 00 00
00 00 88 00 00 80 3F 88 00 00 C0 3F 88 00 00 00
00 88 00 00 00 00 88 00 00 A0 40 88 00 00 A0 40
[22:15:04.503] [INFO] [latency] READ 64 byte(s):
88 00 00 80 3F 88 00 00 00 00 88 00 00 80 40 88
00 00 A0 40 88 00 00 00 00 88 00 00 00 00 88 00
00 F0 41 88 00 00 A0 40 88 00 00 00 00 88 00 00
00 00 88 00 00 F0 41 88 00 00 A0 40 88 00 00 00
[22:15:04.509] [INFO] [latency] READ 64 byte(s):
00 88 00 00 00 00 88 00 00 F0 41 88 00 00 A0 40
88 00 00 00 00 88 00 00 00 00 88 00 00 F0 41 88
00 00 A0 40 88 00 00 00 00 88 00 00 00 00 88 00
00 F0 41 88 00 00 A0 40 88 00 00 00 00 88 00 00
[22:15:04.512] [INFO] [latency] READ 64 byte(s):
00 00 88 00 00 F0 41 88 00 00 80 3F 88 00 00 00
00 88 00 00 00 00 88 00 00 00 00 88 00 00 70 41
88 00 00 00 3F 88 00 00 48 42 88 00 00 F0 40 88
00 00 00 00 88 00 00 40 40 88 00 00 D0 40 88 00
[22:15:04.514] [INFO] [latency] READ 64 byte(s):
00 00 00 88 00 00 00 00 88 00 00 C0 40 88 00 00
00 00 88 00 00 70 41 88 00 00 00 3F 88 00 00 48
42 88 00 00 F0 40 88 00 00 00 00 88 00 00 70 41
88 00 00 00 3F 88 00 00 48 42 88 00 00 C8 41 88
[22:15:04.516] [INFO] [latency] READ 64 byte(s):
00 00 F0 40 88 00 00 00 00 88 00 00 40 40 88 00
00 B4 43 88 00 00 F0 42 88 00 00 48 42 88 00 00
A0 40 88 00 00 80 3F 88 00 00 00 00 88 00 00 00
00 88 00 00 00 00 88 00 00 10 41 88 00 00 AF 43
[22:15:04.518] [INFO] [latency] READ 64 byte(s):
88 00 00 A0 41 88 00 00 00 00 88 00 00 48 42 88
00 00 00 00 88 00 00 10 41 88 00 00 AF 43 88 00
00 A0 41 88 00 00 00 00 88 00 00 48 42 B9 0D B9
02 BC 21 00 45 F2 3B 92 C8 62 3B 99 86 A5 38 5B
[22:15:04.522] [INFO] [latency] READ 64 byte(s):
27 F2 39 CE C2 C5 3B CC 17 0F 3C 40 3A 13 3C 54
DD 99 3B AB 00 B9 02 BC 0B 32 30 32 35 2D 31 32
2D 30 36 00 0A B9 02 BC 21 44 52 49 56 45 00 04
3C F3 04 E6 3B E6 2F 4D 3B 77 51 68 3B 2A 33 9C
[22:15:04.525] [INFO] [latency] READ 64 byte(s):
3B 26 4D F1 3B 2B 61 F1 3B 74 05 B9 02 BC 21 4E
6F 6E 65 00 B4 FD 3A 61 71 A2 3A B3 9B 2A 3B 30
2A 8E 3B DF 80 C2 3B 1A B3 C7 3B A8 FA B1 3B FB
04 B9 02 BC 21 4E 6F 6E 65 00 16 19 3C CE 6C FB
[22:15:04.526] [INFO] [latency] READ 64 byte(s):
3B 68 39 8A 3B 04 FF 81 3B 0C 10 6B 3A 14 34 15
BB B5 93 E3 BA 0C 04 B9 02 BC 21 4E 6F 6E 65 00
CD D2 3B 5D D0 22 3C 9C 32 5A 3C 1C 88 35 3C 24
6A 79 3B A8 08 03 BB 45 7A 97 BB A7 04 B9 02 BC
[22:15:04.529] [INFO] [latency] READ 64 byte(s):
21 4E 6F 6E 65 00 9B 81 3C 04 90 98 3C E5 CD 68
3C 0F 10 DB 3B C8 86 81 3B 33 12 93 3B 5C 73 E1
3B BA 04 B9 02 BC 21 00 26 6F 3C 56 87 38 3C F6
A3 AF 3B 10 18 DD 3A EF 1F 6D 3B EC 51 22 3C D9
[22:15:04.532] [INFO] [latency] READ 64 byte(s):
FF 50 3C FC CB 80 3C D6 00 B9 02 BC 21 00 05 C1
3A 4C 77 24 3B 34 06 2F 3B AE DB 6F 3B 5E 65 B9
3B 2E 84 CA 3B AD 34 68 3B 7C 14 80 3B 7A 00 B9
02 BC 21 00 4F E6 3B 44 75 4D 3C 93 ED 66 3C 03
[22:15:04.534] [INFO] [latency] READ 64 byte(s):
9A 70 3C 7F 98 69 3C C7 A4 E8 3B FB E8 63 3B 68
5A C7 39 3A 00 B9 02 BC 21 00 5A 35 3C B1 D7 B8
3C E4 65 D9 3C 08 CF F9 3C 8D 6E D1 3C 82 46 8E
3C 98 DD 77 3C CC 60 98 3C F2 00 B9 02 BC 21 00
[22:15:04.541] [INFO] [latency] READ 64 byte(s):
EF 35 3C 03 36 CF 3B 68 80 08 3C 63 2D 17 3C 98
F2 37 3C 1D A4 4A 3C 8E D0 82 3C 49 B7 91 3C 47
00 B9 02 BC 41 00 A2 92 3C CC 8D A3 3C 71 E2 86
3C 9C F2 7D 5D 3C 70 D1 44 3C A7 E7 8D 3C C4 12
[22:15:04.543] [INFO] [latency] READ 43 byte(s):
6B 3C A7 21 18 3C D1 C2 A6 3B EB 9A 4C BB 94 A2
04 BC 5A 30 C1 BB 85 9C 4A 3B 5E C1 D2 3B 0D 6A
5C 75 46 94 00 00 72 00 37 89 7E
[22:15:04.548] [INFO] [latency] WRITE 21 byte(s):
7E B9 03 81 00 03 82 06 00 80 0B 03 B9 04 0B 01
0F 00 00 A4 7E
[22:15:04.550] [INFO] [latency] READ 64 byte(s):
7E B9 03 81 04 03 81 9D 08 0B B9 03 01 0F B9 04
B9 02 BC 21 44 72 69 76 65 6E 20 42 61 73 73 20
34 30 30 2B 2C 20 6E 6F 20 63 61 62 00 00 00 00
00 00 00 00 00 18 BA 02 88 00 00 00 00 88 00 00
[22:15:04.553] [INFO] [latency] READ 64 byte(s):
F0 42 BA 03 BA 6D 88 00 00 00 00 88 00 00 00 00
88 00 00 C8 C2 88 00 00 A0 41 88 00 00 70 C2 88
00 00 80 3F 88 00 00 00 00 88 00 00 00 00 88 00
00 00 00 88 00 00 A0 40 88 00 00 80 3F 88 00 00
[22:15:04.559] [INFO] [latency] READ 64 byte(s):
A0 40 88 00 00 96 43 88 00 00 A0 40 88 33 33 33
3F 88 00 80 3B 44 88 00 00 A0 40 88 00 80 ED 44
88 00 00 80 3F 88 00 00 80 3F 88 00 00 A0 40 88
00 00 A0 40 88 00 00 C8 42 88 00 00 80 3F 88 00
[22:15:04.562] [INFO] [latency] READ 64 byte(s):
00 00 40 88 00 00 C8 41 88 00 00 A0 40 88 00 00
00 00 88 00 00 C0 3F 88 00 00 00 00 88 00 00 80
3F 88 00 00 C0 3F 88 00 00 00 00 88 00 00 00 00
88 00 00 A0 40 88 00 00 A0 40 88 00 00 80 3F 88
[22:15:04.568] [INFO] [latency] READ 64 byte(s):
00 00 00 00 88 00 00 80 40 88 00 00 A0 40 88 00
00 00 00 88 00 00 00 00 88 00 00 F0 41 88 00 00
A0 40 88 00 00 00 00 88 00 00 00 00 88 00 00 F0
41 88 00 00 A0 40 88 00 00 00 00 88 00 00 00 00
[22:15:04.576] [INFO] [latency] READ 64 byte(s):
88 00 00 F0 41 88 00 00 A0 40 88 00 00 00 00 88
00 00 00 00 88 00 00 F0 41 88 00 00 A0 40 88 00
00 00 00 88 00 00 00 00 88 00 00 F0 41 88 00 00
A0 40 88 00 00 00 00 88 00 00 00 00 88 00 00 F0
[22:15:04.579] [INFO] [latency] READ 64 byte(s):
41 88 00 00 80 3F 88 00 00 00 00 88 00 00 00 00
88 00 00 00 00 88 00 00 70 41 88 00 00 00 3F 88
00 00 48 42 88 00 00 F0 40 88 00 00 00 00 88 00
00 40 40 88 00 00 D0 40 88 00 00 00 00 88 00 00
[22:15:04.582] [INFO] [latency] READ 64 byte(s):
00 00 88 00 00 C0 40 88 00 00 00 00 88 00 00 70
41 88 00 00 00 3F 88 00 00 48 42 88 00 00 F0 40
88 00 00 00 00 88 00 00 70 41 88 00 00 00 3F 88
00 00 48 42 88 00 00 C8 41 88 00 00 F0 40 88 00
[22:15:04.584] [INFO] [latency] READ 64 byte(s):
00 00 00 88 00 00 40 40 88 00 00 B4 43 88 00 00
F0 42 88 00 00 48 42 88 00 00 A0 40 88 00 00 80
3F 88 00 00 00 00 88 00 00 00 00 88 00 00 00 00
88 00 00 10 41 88 00 00 AF 43 88 00 00 A0 41 88
[22:15:04.592] [INFO] [latency] READ 64 byte(s):
00 00 00 00 88 00 00 48 42 88 00 00 00 00 88 00
00 10 41 88 00 00 AF 43 88 00 00 A0 41 88 00 00
00 00 88 00 00 48 42 BA 6D 88 00 00 00 00 88 00
00 00 00 88 00 00 C8 C2 88 00 00 A0 41 88 00 00
[22:15:04.596] [INFO] [latency] READ 64 byte(s):
70 C2 88 00 00 80 3F 88 00 00 00 00 88 00 00 00
00 88 00 00 00 00 88 00 00 A0 40 88 00 00 80 3F
88 00 00 A0 40 88 00 00 96 43 88 00 00 A0 40 88
33 33 33 3F 88 00 80 3B 44 88 00 00 A0 40 88 00
[22:15:04.598] [INFO] [latency] READ 64 byte(s):
80 ED 44 88 00 00 80 3F 88 00 00 80 3F 88 00 00
A0 40 88 00 00 A0 40 88 00 00 C8 42 88 00 00 80
3F 88 00 00 00 00 88 00 00 C8 41 88 00 00 A0 40
88 00 00 00 00 88 00 00 C0 3F 88 00 00 00 00 88
[22:15:04.602] [INFO] [latency] READ 64 byte(s):
00 00 80 3F 88 00 00 C0 3F 88 00 00 00 00 88 00
00 00 00 88 00 00 A0 40 88 00 00 A0 40 88 00 00
80 3F 88 00 00 00 00 88 00 00 80 40 88 00 00 A0
40 88 00 00 00 00 88 00 00 00 00 88 00 00 F0 41
[22:15:04.605] [INFO] [latency] READ 64 byte(s):
88 00 00 A0 40 88 00 00 00 00 88 00 00 00 00 88
00 00 F0 41 88 00 00 A0 40 88 00 00 00 00 88 00
00 00 00 88 00 00 F0 41 88 00 00 A0 40 88 00 00
00 00 88 00 00 00 00 88 00 00 F0 41 88 00 00 A0
[22:15:04.610] [INFO] [latency] READ 64 byte(s):
40 88 00 00 00 00 88 00 00 00 00 88 00 00 F0 41
88 00 00 A0 40 88 00 00 00 00 88 00 00 00 00 88
00 00 F0 41 88 00 00 80 3F 88 00 00 00 00 88 00
00 00 00 88 00 00 00 00 88 00 00 70 41 88 00 00
[22:15:04.613] [INFO] [latency] READ 64 byte(s):
00 3F 88 00 00 48 42 88 00 00 F0 40 88 00 00 00
00 88 00 00 40 40 88 00 00 D0 40 88 00 00 00 00
88 00 00 00 00 88 00 00 C0 40 88 00 00 00 00 88
00 00 70 41 88 00 00 00 3F 88 00 00 48 42 88 00
[22:15:04.615] [INFO] [latency] READ 64 byte(s):
00 F0 40 88 00 00 00 00 88 00 00 70 41 88 00 00
00 3F 88 00 00 48 42 88 00 00 C8 41 88 00 00 F0
40 88 00 00 00 00 88 00 00 40 40 88 00 00 B4 43
88 00 00 F0 42 88 00 00 48 42 88 00 00 A0 40 88
[22:15:04.617] [INFO] [latency] READ 64 byte(s):
00 00 80 3F 88 00 00 00 00 88 00 00 00 00 88 00
00 00 00 88 00 00 10 41 88 00 00 AF 43 88 00 00
A0 41 88 00 00 00 00 88 00 00 48 42 88 00 00 00
00 88 00 00 10 41 88 00 00 AF 43 88 00 00 A0 41
[22:15:04.621] [INFO] [latency] READ 64 byte(s):
88 00 00 00 00 88 00 00 48 42 BA 6D 88 00 00 00
00 88 00 00 00 00 88 00 00 C8 C2 88 00 00 A0 41
88 00 00 70 C2 88 00 00 80 3F 88 00 00 00 00 88
00 00 00 00 88 00 00 00 00 88 00 00 A0 40 88 00
[22:15:04.625] [INFO] [latency] READ 64 byte(s):
00 80 3F 88 00 00 A0 40 88 00 00 96 43 88 00 00
A0 40 88 33 33 33 3F 88 00 80 3B 44 88 00 00 A0
40 88 00 80 ED 44 88 00 00 80 3F 88 00 00 80 3F
88 00 00 A0 40 88 00 00 A0 40 88 00 00 C8 42 88
[22:15:04.628] [INFO] [latency] READ 64 byte(s):
00 00 80 3F 88 00 00 00 00 88 00 00 C8 41 88 00
00 A0 40 88 00 00 00 00 88 00 00 C0 3F 88 00 00
00 00 88 00 00 80 3F 88 00 00 C0 3F 88 00 00 00
00 88 00 00 00 00 88 00 00 A0 40 88 00 00 A0 40
[22:15:04.630] [INFO] [latency] READ 64 byte(s):
88 00 00 80 3F 88 00 00 00 00 88 00 00 80 40 88
00 00 A0 40 88 00 00 00 00 88 00 00 00 00 88 00
00 F0 41 88 00 00 A0 40 88 00 00 00 00 88 00 00
00 00 88 00 00 F0 41 88 00 00 A0 40 88 00 00 00
[22:15:04.634] [INFO] [latency] READ 64 byte(s):
00 88 00 00 00 00 88 00 00 F0 41 88 00 00 A0 40
88 00 00 00 00 88 00 00 00 00 88 00 00 F0 41 88
00 00 A0 40 88 00 00 00 00 88 00 00 00 00 88 00
00 F0 41 88 00 00 A0 40 88 00 00 00 00 88 00 00
[22:15:04.637] [INFO] [latency] READ 64 byte(s):
00 00 88 00 00 F0 41 88 00 00 80 3F 88 00 00 00
00 88 00 00 00 00 88 00 00 00 00 88 00 00 70 41
88 00 00 00 3F 88 00 00 48 42 88 00 00 F0 40 88
00 00 00 00 88 00 00 40 40 88 00 00 D0 40 88 00
[22:15:04.639] [INFO] [latency] READ 64 byte(s):
00 00 00 88 00 00 00 00 88 00 00 C0 40 88 00 00
00 00 88 00 00 70 41 88 00 00 00 3F 88 00 00 48
42 88 00 00 F0 40 88 00 00 00 00 88 00 00 70 41
88 00 00 00 3F 88 00 00 48 42 88 00 00 C8 41 88
[22:15:04.641] [INFO] [latency] READ 64 byte(s):
00 00 F0 40 88 00 00 00 00 88 00 00 40 40 88 00
00 B4 43 88 00 00 F0 42 88 00 00 48 42 88 00 00
A0 40 88 00 00 80 3F 88 00 00 00 00 88 00 00 00
00 88 00 00 00 00 88 00 00 10 41 88 00 00 AF 43
[22:15:04.643] [INFO] [latency] READ 64 byte(s):
88 00 00 A0 41 88 00 00 00 00 88 00 00 48 42 88
00 00 00 00 88 00 00 10 41 88 00 00 AF 43 88 00
00 A0 41 88 00 00 00 00 88 00 00 48 42 B9 0D B9
02 BC 21 00 A1 82 BC 07 FC 3C BB B3 8F 64 3A DF
[22:15:04.646] [INFO] [latency] READ 64 byte(s):
A4 0D 3B 13 49 51 BC 30 78 84 BC 23 0C EA 39 24
2A 66 3C 90 00 B9 02 BC 0B 32 30 32 35 2D 31 32
2D 31 30 00 0A B9 02 BC 21 44 52 49 56 45 00 62
BC 75 92 13 BC 17 47 DF BB 4E 2F F4 BB 12 22 A4
[22:15:04.649] [INFO] [latency] READ 64 byte(s):
BB C0 B4 7C BB E0 C5 B3 38 0A 05 B9 02 BC 21 4E
6F 6E 65 00 DC 11 BC 2D 07 C7 BC 4E A9 AA BC 01
1D 8F BC 62 58 54 BC 4C 0F 7C 3A 2D F7 1F 3B 4D
04 B9 02 BC 21 4E 6F 6E 65 00 74 57 BB 6D 33 44
[22:15:04.651] [INFO] [latency] READ 64 byte(s):
3C E1 33 68 3C EB 69 57 3C 8F 98 2C 3B 73 B5 62
BA 2C FE A6 BB 28 04 B9 02 BC 21 4E 6F 6E 65 00
A2 2E BC 90 63 50 BC D9 FE AC BB 0D 7A 5E BB 9B
48 5F BB 29 02 10 BC 0D 7B 59 BB 94 04 B9 02 BC
[22:15:04.654] [INFO] [latency] READ 64 byte(s):
21 4E 6F 6E 65 00 C3 8E BB B6 5E 05 BC EA 71 FB
39 67 82 89 BC 6E C2 22 BC B3 06 9F BB C0 4B F7
36 8E 04 B9 02 BC 21 00 DD 40 BC 4D 78 1A BC 46
67 D9 BA F3 22 CB 3B 6F 4A 57 3C E3 37 54 3C E1
[22:15:04.656] [INFO] [latency] READ 64 byte(s):
7A 0D BA 67 DC F4 BB 65 00 B9 02 BC 21 00 EA 0C
3A 87 66 97 3B 32 46 5B BB 95 91 63 3B B4 57 E2
3A A9 16 97 3C 37 DE 97 3B B0 88 14 BB 4C 00 B9
02 BC 21 00 43 1D 3C 0D A5 04 BB 4D 40 3E 3C F6
[22:15:04.658] [INFO] [latency] READ 64 byte(s):
C0 82 BC 72 DD 13 BC 81 F9 97 BA 5F 1B 28 3C 7C
2E CE B9 D0 00 B9 02 BC 21 00 59 7D 5E 3C 52 0F
AC 3B 39 0D 33 BC 22 52 08 BB 4F A0 00 3C B6 07
F7 3B D2 5F FB 3A A6 C5 2C BA 63 00 B9 02 BC 21
[22:15:04.662] [INFO] [latency] READ 64 byte(s):
00 7F 84 3B 76 A4 25 BC 2D B3 51 3A 93 5D B3 BB
4C 44 AD BA 4E 10 38 BA 7A 13 1D 3B A3 07 9C BC
74 00 B9 02 BC 41 00 D9 04 BA 78 2D 1E 3B 26 BB
DE BB 86 8B 6A 3C E1 6D DF 3C 64 08 32 3C D8 C5
[22:15:04.665] [INFO] [latency] READ 44 byte(s):
AC BB 6A 07 AB BC 4D 6E 9E BB A9 C7 E2 3B 09 3B
43 3C C7 02 10 3C 06 C2 F7 3C B1 1C 12 3D 7A 38
F5 50 61 7D 5D 00 00 72 00 B3 0E 7E
[22:15:04.671] [INFO] [latency] WRITE 21 byte(s):
7E B9 03 81 00 03 82 06 00 80 0B 03 B9 04 0B 01
10 00 59 B2 7E
[22:15:04.678] [INFO] [latency] READ 64 byte(s):
7E B9 03 81 04 03 81 9D 08 0B B9 03 01 10 B9 04
B9 02 BC 21 42 6F 6F 67 69 65 20 34 30 30 20 32
00 00 00 00 00 00 00 00 00 00 00 00 00 00 00 00
00 00 00 00 00 0C BA 02 88 00 00 00 00 88 00 00
[22:15:04.681] [INFO] [latency] READ 64 byte(s):
F0 42 BA 03 BA 6D 88 00 00 00 00 88 00 00 80 3F
88 00 00 98 C2 88 00 00 FA 43 88 00 00 AA C2 88
00 00 80 3F 88 00 00 80 3F 88 00 00 EC C1 88 00
00 80 40 88 00 00 A0 41 88 00 00 80 3F 88 00 00
[22:15:04.684] [INFO] [latency] READ 64 byte(s):
A0 40 88 00 00 96 43 88 9A 99 B9 40 88 33 33 33
3F 88 00 80 3B 44 88 00 00 A0 40 88 00 80 ED 44
88 00 00 80 3F 88 00 00 80 3F 88 00 00 20 41 88
00 00 A0 40 88 00 00 A0 42 88 00 00 80 3F 88 00
[22:15:04.692] [INFO] [latency] READ 64 byte(s):
00 80 3F 88 00 00 10 42 88 00 00 A0 40 88 00 00
00 00 88 00 00 00 00 88 00 00 20 41 88 00 00 80
3F 88 00 00 00 00 88 00 00 00 00 88 00 00 00 00
88 00 00 20 41 88 00 00 A0 40 88 00 00 80 3F 88
[22:15:04.694] [INFO] [latency] READ 64 byte(s):
00 00 00 00 88 00 00 80 40 88 00 00 A0 40 88 00
00 00 00 88 00 00 00 00 88 00 00 F0 41 88 00 00
A0 40 88 00 00 00 00 88 00 00 00 00 88 00 00 F0
41 88 00 00 A0 40 88 00 00 00 00 88 00 00 00 00
[22:15:04.697] [INFO] [latency] READ 64 byte(s):
88 00 00 F0 41 88 00 00 A0 40 88 00 00 00 00 88
00 00 00 00 88 00 00 F0 41 88 00 00 A0 40 88 00
00 00 00 88 00 00 00 00 88 00 00 B8 41 88 00 00
A0 40 88 00 00 00 00 88 00 00 00 00 88 00 00 F0
[22:15:04.700] [INFO] [latency] READ 64 byte(s):
41 88 00 00 80 3F 88 00 00 00 00 88 00 00 00 00
88 00 00 00 00 88 00 00 70 41 88 00 00 00 3F 88
00 00 48 42 88 00 00 F0 40 88 00 00 00 00 88 00
00 40 40 88 00 00 D0 40 88 00 00 00 00 88 00 00
[22:15:04.702] [INFO] [latency] READ 64 byte(s):
00 00 88 00 00 C0 40 88 00 00 00 00 88 00 00 70
41 88 00 00 00 3F 88 00 00 48 42 88 00 00 F0 40
88 00 00 00 00 88 00 00 70 41 88 00 00 00 3F 88
00 00 48 42 88 00 00 C8 41 88 00 00 F0 40 88 00
[22:15:04.705] [INFO] [latency] READ 64 byte(s):
00 00 00 88 00 00 40 40 88 00 00 B4 43 88 00 00
F0 42 88 00 00 48 42 88 00 00 A0 40 88 00 00 80
3F 88 00 00 00 00 88 00 00 00 00 88 00 00 00 00
88 00 00 10 41 88 00 00 AF 43 88 00 00 A0 41 88
[22:15:04.708] [INFO] [latency] READ 64 byte(s):
00 00 00 00 88 00 00 48 42 88 00 00 00 00 88 00
00 10 41 88 00 00 AF 43 88 00 00 A0 41 88 00 00
00 00 88 00 00 48 42 BA 6D 88 00 00 00 00 88 00
00 00 00 88 00 00 C8 C2 88 00 00 A0 41 88 00 00
[22:15:04.710] [INFO] [latency] READ 64 byte(s):
70 C2 88 00 00 80 3F 88 00 00 00 00 88 00 00 00
00 88 00 00 00 00 88 00 00 A0 40 88 00 00 80 3F
88 00 00 A0 40 88 00 00 96 43 88 00 00 A0 40 88
33 33 33 3F 88 00 80 3B 44 88 00 00 A0 40 88 00
[22:15:04.713] [INFO] [latency] READ 64 byte(s):
80 ED 44 88 00 00 80 3F 88 00 00 80 3F 88 00 00
A0 40 88 00 00 A0 40 88 00 00 C8 42 88 00 00 80
3F 88 00 00 00 00 88 00 00 C8 41 88 00 00 A0 40
88 00 00 00 00 88 00 00 C0 3F 88 00 00 00 00 88
[22:15:04.716] [INFO] [latency] READ 64 byte(s):
00 00 80 3F 88 00 00 C0 3F 88 00 00 00 00 88 00
00 00 00 88 00 00 A0 40 88 00 00 A0 40 88 00 00
80 3F 88 00 00 00 00 88 00 00 80 40 88 00 00 A0
40 88 00 00 00 00 88 00 00 00 00 88 00 00 F0 41
[22:15:04.718] [INFO] [latency] READ 64 byte(s):
88 00 00 A0 40 88 00 00 00 00 88 00 00 00 00 88
00 00 F0 41 88 00 00 A0 40 88 00 00 00 00 88 00
00 00 00 88 00 00 F0 41 88 00 00 A0 40 88 00 00
00 00 88 00 00 00 00 88 00 00 F0 41 88 00 00 A0
[22:15:04.723] [INFO] [latency] READ 64 byte(s):
40 88 00 00 00 00 88 00 00 00 00 88 00 00 F0 41
88 00 00 A0 40 88 00 00 00 00 88 00 00 00 00 88
00 00 F0 41 88 00 00 80 3F 88 00 00 00 00 88 00
00 00 00 88 00 00 00 00 88 00 00 70 41 88 00 00
[22:15:04.726] [INFO] [latency] READ 64 byte(s):
00 3F 88 00 00 48 42 88 00 00 F0 40 88 00 00 00
00 88 00 00 40 40 88 00 00 D0 40 88 00 00 00 00
88 00 00 00 00 88 00 00 C0 40 88 00 00 00 00 88
00 00 70 41 88 00 00 00 3F 88 00 00 48 42 88 00
[22:15:04.730] [INFO] [latency] READ 64 byte(s):
00 F0 40 88 00 00 00 00 88 00 00 70 41 88 00 00
00 3F 88 00 00 48 42 88 00 00 C8 41 88 00 00 F0
40 88 00 00 00 00 88 00 00 40 40 88 00 00 B4 43
88 00 00 F0 42 88 00 00 48 42 88 00 00 A0 40 88
[22:15:04.733] [INFO] [latency] READ 64 byte(s):
00 00 80 3F 88 00 00 00 00 88 00 00 00 00 88 00
00 00 00 88 00 00 10 41 88 00 00 AF 43 88 00 00
A0 41 88 00 00 00 00 88 00 00 48 42 88 00 00 00
00 88 00 00 10 41 88 00 00 AF 43 88 00 00 A0 41
[22:15:04.736] [INFO] [latency] READ 64 byte(s):
88 00 00 00 00 88 00 00 48 42 BA 6D 88 00 00 00
00 88 00 00 00 00 88 00 00 C8 C2 88 00 00 A0 41
88 00 00 70 C2 88 00 00 80 3F 88 00 00 00 00 88
00 00 00 00 88 00 00 00 00 88 00 00 A0 40 88 00
[22:15:04.739] [INFO] [latency] READ 64 byte(s):
00 80 3F 88 00 00 A0 40 88 00 00 96 43 88 00 00
A0 40 88 33 33 33 3F 88 00 80 3B 44 88 00 00 A0
40 88 00 80 ED 44 88 00 00 80 3F 88 00 00 80 3F
88 00 00 A0 40 88 00 00 A0 40 88 00 00 C8 42 88
[22:15:04.744] [INFO] [latency] READ 64 byte(s):
00 00 80 3F 88 00 00 00 00 88 00 00 C8 41 88 00
00 A0 40 88 00 00 00 00 88 00 00 C0 3F 88 00 00
00 00 88 00 00 80 3F 88 00 00 C0 3F 88 00 00 00
00 88 00 00 00 00 88 00 00 A0 40 88 00 00 A0 40
[22:15:04.747] [INFO] [latency] READ 64 byte(s):
88 00 00 80 3F 88 00 00 00 00 88 00 00 80 40 88
00 00 A0 40 88 00 00 00 00 88 00 00 00 00 88 00
00 F0 41 88 00 00 A0 40 88 00 00 00 00 88 00 00
00 00 88 00 00 F0 41 88 00 00 A0 40 88 00 00 00
[22:15:04.750] [INFO] [latency] READ 64 byte(s):
00 88 00 00 00 00 88 00 00 F0 41 88 00 00 A0 40
88 00 00 00 00 88 00 00 00 00 88 00 00 F0 41 88
00 00 A0 40 88 00 00 00 00 88 00 00 00 00 88 00
00 F0 41 88 00 00 A0 40 88 00 00 00 00 88 00 00
[22:15:04.752] [INFO] [latency] READ 64 byte(s):
00 00 88 00 00 F0 41 88 00 00 80 3F 88 00 00 00
00 88 00 00 00 00 88 00 00 00 00 88 00 00 70 41
88 00 00 00 3F 88 00 00 48 42 88 00 00 F0 40 88
00 00 00 00 88 00 00 40 40 88 00 00 D0 40 88 00
[22:15:04.757] [INFO] [latency] READ 64 byte(s):
00 00 00 88 00 00 00 00 88 00 00 C0 40 88 00 00
00 00 88 00 00 70 41 88 00 00 00 3F 88 00 00 48
42 88 00 00 F0 40 88 00 00 00 00 88 00 00 70 41
88 00 00 00 3F 88 00 00 48 42 88 00 00 C8 41 88
[22:15:04.760] [INFO] [latency] READ 64 byte(s):
00 00 F0 40 88 00 00 00 00 88 00 00 40 40 88 00
00 B4 43 88 00 00 F0 42 88 00 00 48 42 88 00 00
A0 40 88 00 00 80 3F 88 00 00 00 00 88 00 00 00
00 88 00 00 00 00 88 00 00 10 41 88 00 00 AF 43
[22:15:04.763] [INFO] [latency] READ 64 byte(s):
88 00 00 A0 41 88 00 00 00 00 88 00 00 48 42 88
00 00 00 00 88 00 00 10 41 88 00 00 AF 43 88 00
00 A0 41 88 00 00 00 00 88 00 00 48 42 B9 0D B9
02 BC 21 00 EE 04 3B F5 2C 07 3C 93 91 A8 3B 7D
[22:15:04.765] [INFO] [latency] READ 64 byte(s):
5D 1A C8 3B AC 7D 5D 08 3C CA A5 1C 3B 3B EC FD
3A 25 36 76 3B 85 00 B9 02 BC 0B 32 30 32 35 2D
31 32 2D 31 30 00 0A B9 02 BC 21 44 52 49 56 45
00 DD 3B 99 B6 00 3C 40 03 FB 3A 4A F0 58 39 93
[22:15:04.768] [INFO] [latency] READ 64 byte(s):
7A 80 3B 34 D4 59 3C D7 E6 C1 3B 47 05 B9 02 BC
21 4E 6F 6E 65 00 82 A5 3B 9E 0C BA 3B 19 6A 62
3B 72 68 DA 3B F3 06 57 3B 93 68 1C 3C 73 6F 10
3C F6 04 B9 02 BC 21 4E 6F 6E 65 00 94 E9 BA E5
[22:15:04.771] [INFO] [latency] READ 64 byte(s):
44 B1 3B 02 B2 2E 3C FC 05 2F 3C F2 50 92 3B EB
E5 06 BA 23 34 01 3C 47 04 B9 02 BC 21 4E 6F 6E
65 00 E4 F4 3B 0A 28 A6 3B 43 50 A9 3B B3 54 CA
3B 46 7D 5E 39 3B 9C 4D E5 B9 E2 EA 34 3B EC 04
[22:15:04.774] [INFO] [latency] READ 64 byte(s):
B9 02 BC 21 4E 6F 6E 65 00 1B FD 3B 4A CD 8C 3B
29 3D 74 39 B3 AA 29 BA ED 30 B2 3B 12 15 1B 3C
C5 A2 6A 3B 22 04 B9 02 BC 21 00 1F 55 3C 2D 0A
2F 3C 98 4C 23 3B 76 6A CB BB 92 DD 19 39 2D 82
[22:15:04.786] [INFO] [latency] READ 64 byte(s):
DD 3B F4 90 CB 3B 91 6E F9 3A D0 00 B9 02 BC 21
00 82 83 3B 00 E2 2A BB 15 89 79 3B 9C 74 1A 3C
6C 97 F4 3B 35 DC 45 BB 8C 5C B0 37 CE 48 23 3B
4F 00 B9 02 BC 21 00 8F 87 3B 2C 86 88 3B 2F 9E
[22:15:04.792] [INFO] [latency] READ 64 byte(s):
A5 3B 43 EE B5 3B 85 C4 15 3B 79 E9 34 3B F0 65
92 BA C7 1F 8F 3B 26 00 B9 02 BC 21 00 88 93 3B
EE 63 6F 3B 0E B5 7C 37 68 AB 81 3B 84 76 A2 3B
A2 41 B6 3B 1B FB 2E 3B 67 72 72 3A 0B 00 B9 02
[22:15:04.795] [INFO] [latency] READ 64 byte(s):
BC 21 00 DF 81 3B F2 CA FA 3B 6C 38 98 3B 87 FC
64 3A DF 7C 69 3A B7 91 49 3B B1 9B 93 3B 90 1A
B8 3B 9D 00 B9 02 BC 41 00 3A 32 3A 5C C7 80 3B
D6 32 A4 3B 39 7B 64 3B 98 A2 9E BA 19 14 B6 3A
[22:15:04.797] [INFO] [latency] READ 46 byte(s):
CF 24 A2 3B AD 35 80 3B 50 C0 8A 3B 75 BF 4B 3B
98 6A 32 BA AD CE 03 3B 1B 9B E8 3B 91 AA 78 3C
0A F2 F4 50 61 7D 5D 00 00 72 00 D7 64 7E
[22:15:04.802] [INFO] [latency] WRITE 21 byte(s):
7E B9 03 81 00 03 82 06 00 80 0B 03 B9 04 0B 01
11 00 81 AB 7E
[22:15:04.808] [INFO] [latency] READ 64 byte(s):
7E B9 03 81 04 03 81 9D 08 0B B9 03 01 11 B9 04
B9 02 BC 21 73 75 62 77 61 79 20 63 6C 65 61 6E
00 00 00 00 00 00 00 00 00 00 00 00 00 00 00 00
00 00 00 00 00 0C BA 02 88 00 00 00 00 88 00 00
[22:15:04.810] [INFO] [latency] READ 64 byte(s):
F0 42 BA 03 BA 6D 88 00 00 00 00 88 00 00 00 00
88 00 00 C8 C2 88 00 00 A0 41 88 00 00 70 C2 88
00 00 80 3F 88 00 00 00 00 88 00 00 00 00 88 00
00 00 00 88 00 00 A0 40 88 00 00 80 3F 88 00 00
[22:15:04.813] [INFO] [latency] READ 64 byte(s):
A0 40 88 00 00 96 43 88 00 00 A0 40 88 33 33 33
3F 88 00 80 3B 44 88 00 00 A0 40 88 00 80 ED 44
88 00 00 80 3F 88 00 00 80 3F 88 00 00 A0 40 88
00 00 A0 40 88 00 00 C8 42 88 00 00 80 3F 88 00
[22:15:04.817] [INFO] [latency] READ 64 byte(s):
00 00 40 88 00 00 C8 41 88 00 00 A0 40 88 00 00
00 00 88 00 00 C0 3F 88 00 00 00 00 88 00 00 80
3F 88 00 00 C0 3F 88 00 00 00 00 88 00 00 00 00
88 00 00 A0 40 88 00 00 A0 40 88 00 00 80 3F 88
[22:15:04.821] [INFO] [latency] READ 64 byte(s):
00 00 00 00 88 00 00 80 40 88 00 00 A0 40 88 00
00 00 00 88 00 00 00 00 88 00 00 F0 41 88 00 00
A0 40 88 00 00 00 00 88 00 00 00 00 88 00 00 F0
41 88 00 00 A0 40 88 00 00 00 00 88 00 00 00 00
[22:15:04.823] [INFO] [latency] READ 64 byte(s):
88 00 00 F0 41 88 00 00 A0 40 88 00 00 00 00 88
00 00 00 00 88 00 00 F0 41 88 00 00 A0 40 88 00
00 00 00 88 00 00 00 00 88 00 00 F0 41 88 00 00
A0 40 88 00 00 00 00 88 00 00 00 00 88 00 00 F0
[22:15:04.824] [INFO] [latency] READ 64 byte(s):
41 88 00 00 80 3F 88 00 00 00 00 88 00 00 00 00
88 00 00 00 00 88 00 00 70 41 88 00 00 00 3F 88
00 00 48 42 88 00 00 F0 40 88 00 00 00 00 88 00
00 40 40 88 00 00 D0 40 88 00 00 00 00 88 00 00
[22:15:04.826] [INFO] [latency] READ 64 byte(s):
00 00 88 00 00 C0 40 88 00 00 00 00 88 00 00 70
41 88 00 00 00 3F 88 00 00 48 42 88 00 00 F0 40
88 00 00 00 00 88 00 00 70 41 88 00 00 00 3F 88
00 00 48 42 88 00 00 C8 41 88 00 00 F0 40 88 00
[22:15:04.828] [INFO] [latency] READ 64 byte(s):
00 00 00 88 00 00 40 40 88 00 00 B4 43 88 00 00
F0 42 88 00 00 48 42 88 00 00 A0 40 88 00 00 80
3F 88 00 00 00 00 88 00 00 00 00 88 00 00 00 00
88 00 00 10 41 88 00 00 AF 43 88 00 00 A0 41 88
[22:15:04.831] [INFO] [latency] READ 64 byte(s):
00 00 00 00 88 00 00 48 42 88 00 00 00 00 88 00
00 10 41 88 00 00 AF 43 88 00 00 A0 41 88 00 00
00 00 88 00 00 48 42 BA 6D 88 00 00 00 00 88 00
00 00 00 88 00 00 C8 C2 88 00 00 A0 41 88 00 00
[22:15:04.832] [INFO] [latency] READ 64 byte(s):
70 C2 88 00 00 80 3F 88 00 00 00 00 88 00 00 00
00 88 00 00 00 00 88 00 00 A0 40 88 00 00 80 3F
88 00 00 A0 40 88 00 00 96 43 88 00 00 A0 40 88
33 33 33 3F 88 00 80 3B 44 88 00 00 A0 40 88 00
[22:15:04.835] [INFO] [latency] READ 64 byte(s):
80 ED 44 88 00 00 80 3F 88 00 00 80 3F 88 00 00
A0 40 88 00 00 A0 40 88 00 00 C8 42 88 00 00 80
3F 88 00 00 00 00 88 00 00 C8 41 88 00 00 A0 40
88 00 00 00 00 88 00 00 C0 3F 88 00 00 00 00 88
[22:15:04.839] [INFO] [latency] READ 64 byte(s):
00 00 80 3F 88 00 00 C0 3F 88 00 00 00 00 88 00
00 00 00 88 00 00 A0 40 88 00 00 A0 40 88 00 00
80 3F 88 00 00 00 00 88 00 00 80 40 88 00 00 A0
40 88 00 00 00 00 88 00 00 00 00 88 00 00 F0 41
[22:15:04.841] [INFO] [latency] READ 64 byte(s):
88 00 00 A0 40 88 00 00 00 00 88 00 00 00 00 88
00 00 F0 41 88 00 00 A0 40 88 00 00 00 00 88 00
00 00 00 88 00 00 F0 41 88 00 00 A0 40 88 00 00
00 00 88 00 00 00 00 88 00 00 F0 41 88 00 00 A0
[22:15:04.843] [INFO] [latency] READ 64 byte(s):
40 88 00 00 00 00 88 00 00 00 00 88 00 00 F0 41
88 00 00 A0 40 88 00 00 00 00 88 00 00 00 00 88
00 00 F0 41 88 00 00 80 3F 88 00 00 00 00 88 00
00 00 00 88 00 00 00 00 88 00 00 70 41 88 00 00
[22:15:04.845] [INFO] [latency] READ 64 byte(s):
00 3F 88 00 00 48 42 88 00 00 F0 40 88 00 00 00
00 88 00 00 40 40 88 00 00 D0 40 88 00 00 00 00
88 00 00 00 00 88 00 00 C0 40 88 00 00 00 00 88
00 00 70 41 88 00 00 00 3F 88 00 00 48 42 88 00
[22:15:04.847] [INFO] [latency] READ 64 byte(s):
00 F0 40 88 00 00 00 00 88 00 00 70 41 88 00 00
00 3F 88 00 00 48 42 88 00 00 C8 41 88 00 00 F0
40 88 00 00 00 00 88 00 00 40 40 88 00 00 B4 43
88 00 00 F0 42 88 00 00 48 42 88 00 00 A0 40 88
[22:15:04.849] [INFO] [latency] READ 64 byte(s):
00 00 80 3F 88 00 00 00 00 88 00 00 00 00 88 00
00 00 00 88 00 00 10 41 88 00 00 AF 43 88 00 00
A0 41 88 00 00 00 00 88 00 00 48 42 88 00 00 00
00 88 00 00 10 41 88 00 00 AF 43 88 00 00 A0 41
[22:15:04.851] [INFO] [latency] READ 64 byte(s):
88 00 00 00 00 88 00 00 48 42 BA 6D 88 00 00 00
00 88 00 00 00 00 88 00 00 C8 C2 88 00 00 A0 41
88 00 00 70 C2 88 00 00 80 3F 88 00 00 00 00 88
00 00 00 00 88 00 00 00 00 88 00 00 A0 40 88 00
[22:15:04.855] [INFO] [latency] READ 64 byte(s):
00 80 3F 88 00 00 A0 40 88 00 00 96 43 88 00 00
A0 40 88 33 33 33 3F 88 00 80 3B 44 88 00 00 A0
40 88 00 80 ED 44 88 00 00 80 3F 88 00 00 80 3F
88 00 00 A0 40 88 00 00 A0 40 88 00 00 C8 42 88
[22:15:04.863] [INFO] [latency] READ 64 byte(s):
00 00 80 3F 88 00 00 00 00 88 00 00 C8 41 88 00
00 A0 40 88 00 00 00 00 88 00 00 C0 3F 88 00 00
00 00 88 00 00 80 3F 88 00 00 C0 3F 88 00 00 00
00 88 00 00 00 00 88 00 00 A0 40 88 00 00 A0 40
[22:15:04.866] [INFO] [latency] READ 64 byte(s):
88 00 00 80 3F 88 00 00 00 00 88 00 00 80 40 88
00 00 A0 40 88 00 00 00 00 88 00 00 00 00 88 00
00 F0 41 88 00 00 A0 40 88 00 00 00 00 88 00 00
00 00 88 00 00 F0 41 88 00 00 A0 40 88 00 00 00
[22:15:04.868] [INFO] [latency] READ 64 byte(s):
00 88 00 00 00 00 88 00 00 F0 41 88 00 00 A0 40
88 00 00 00 00 88 00 00 00 00 88 00 00 F0 41 88
00 00 A0 40 88 00 00 00 00 88 00 00 00 00 88 00
00 F0 41 88 00 00 A0 40 88 00 00 00 00 88 00 00
[22:15:04.872] [INFO] [latency] READ 64 byte(s):
00 00 88 00 00 F0 41 88 00 00 80 3F 88 00 00 00
00 88 00 00 00 00 88 00 00 00 00 88 00 00 70 41
88 00 00 00 3F 88 00 00 48 42 88 00 00 F0 40 88
00 00 00 00 88 00 00 40 40 88 00 00 D0 40 88 00
[22:15:04.876] [INFO] [latency] READ 64 byte(s):
00 00 00 88 00 00 00 00 88 00 00 C0 40 88 00 00
00 00 88 00 00 70 41 88 00 00 00 3F 88 00 00 48
42 88 00 00 F0 40 88 00 00 00 00 88 00 00 70 41
88 00 00 00 3F 88 00 00 48 42 88 00 00 C8 41 88
[22:15:04.880] [INFO] [latency] READ 64 byte(s):
00 00 F0 40 88 00 00 00 00 88 00 00 40 40 88 00
00 B4 43 88 00 00 F0 42 88 00 00 48 42 88 00 00
A0 40 88 00 00 80 3F 88 00 00 00 00 88 00 00 00
00 88 00 00 00 00 88 00 00 10 41 88 00 00 AF 43
[22:15:04.883] [INFO] [latency] READ 64 byte(s):
88 00 00 A0 41 88 00 00 00 00 88 00 00 48 42 88
00 00 00 00 88 00 00 10 41 88 00 00 AF 43 88 00
00 A0 41 88 00 00 00 00 88 00 00 48 42 B9 0D B9
02 BC 21 00 20 C1 B8 32 94 F7 3A B6 BF 45 3A 3E
[22:15:04.885] [INFO] [latency] READ 64 byte(s):
9B 81 3A A1 10 42 3B 80 CC B4 37 3D 13 85 BB AF
12 44 BB 99 00 B9 02 BC 0B 32 30 32 35 2D 31 32
2D 31 30 00 0A B9 02 BC 21 43 4C 45 41 4E 00 0B
3A 62 6B 47 3A 8C B3 D6 3A F2 10 08 3B 9D FB 7C
[22:15:04.889] [INFO] [latency] READ 64 byte(s):
BA AB E3 7A 3B 60 90 35 37 34 05 B9 02 BC 21 4E
6F 6E 65 00 FC 3C BB 30 C2 8A 38 50 81 FA 38 0C
D7 CB BA C2 FA 16 3A B9 A0 33 BB 30 98 37 BA F8
04 B9 02 BC 21 4E 6F 6E 65 00 52 D8 37 36 DD 23
[22:15:04.893] [INFO] [latency] READ 64 byte(s):
BA 2A 82 3F 3A 02 66 D5 3A 8C C9 8C B9 36 20 32
BB 42 01 4F BB 7D 5E 04 B9 02 BC 21 4E 6F 6E 65
00 57 13 BA 4C 8F 54 3A 0F 98 0D 3B 78 5C 0F 3B
11 D8 C0 3A 8C 36 21 3B 50 1A 65 3B BD 04 B9 02
[22:15:04.898] [INFO] [latency] READ 64 byte(s):
BC 21 4E 6F 6E 65 00 DA 0C BB 1C 6C 4D 39 7B 77
43 3A 3F 25 27 BB 8F 22 A9 B9 9A FB 8E B8 2E 68
2A BB 14 04 B9 02 BC 21 00 E3 23 BB 9B 4A BD 3A
2C 50 78 BA C4 9F 8D BA AB 3A E4 BA FE F3 A4 BA
[22:15:04.902] [INFO] [latency] READ 64 byte(s):
4A 1E 4B 3A 26 8A 8B 3A 80 00 B9 02 BC 21 00 6A
22 BA 24 FC 8A BB 18 AC 4B BA C3 D0 B6 3A 2C 07
36 3A F8 49 3C B9 5A D3 00 3B 01 48 A6 3A 24 00
B9 02 BC 21 00 55 7C 3B 49 CD 33 3B 64 EF A4 39
[22:15:04.906] [INFO] [latency] READ 64 byte(s):
B4 89 76 B9 19 26 EE 3A F7 CD 2E 3B E9 DF 09 3B
9F FD 40 BA B8 00 B9 02 BC 21 00 59 DB BB 7A 76
C4 BB 90 3D 18 BC FC A5 10 BC A4 28 08 BC C6 29
4E BC BC 84 62 BC B0 DF 72 BC 8C 00 B9 02 BC 21
[22:15:04.908] [INFO] [latency] READ 64 byte(s):
00 F5 70 BC 39 17 47 BC C6 CB B9 BB 76 64 04 3B
BA 79 9E 3B 20 63 B4 3B 82 C1 6E 3B 7C 7D 5D 04
3B 68 00 B9 02 BC 41 00 85 BA BB D1 3D 26 BB 75
4E 1C 3B EB 67 AC 3B 50 CC 82 3B 18 9E 7C 3B A9
[22:15:04.910] [INFO] [latency] READ 45 byte(s):
38 46 BA 72 53 FF BA 99 73 0C 3B 52 0A FE 3B 75
6B FB 3B 1A CE 53 3A 93 51 54 BC B0 2A CE 38 7A
38 F5 50 61 7D 5D 00 00 72 00 9F AB 7E
[22:15:04.913] [INFO] [latency] WRITE 21 byte(s):
7E B9 03 81 00 03 82 06 00 80 0B 03 B9 04 0B 01
12 00 E9 81 7E
[22:15:04.916] [INFO] [latency] READ 64 byte(s):
7E B9 03 81 04 03 81 9D 08 0B B9 03 01 12 B9 04
B9 02 BC 21 48 55 47 45 20 4D 55 46 46 00 00 00
00 00 00 00 00 00 00 00 00 00 00 00 00 00 00 00
00 00 00 00 00 09 BA 02 88 00 00 00 00 88 00 00
[22:15:04.918] [INFO] [latency] READ 64 byte(s):
F0 42 BA 03 BA 6D 88 00 00 00 00 88 00 00 80 3F
88 00 00 84 C2 88 00 00 A0 41 88 00 00 20 C2 88
00 00 80 3F 88 00 00 80 3F 88 00 00 80 C0 88 00
00 40 C0 88 00 00 A0 40 88 00 00 80 3F 88 00 00
[22:15:04.921] [INFO] [latency] READ 64 byte(s):
A0 40 88 00 00 96 43 88 00 00 A0 40 88 33 33 33
3F 88 00 80 3B 44 88 00 00 A0 40 88 00 00 FA 44
88 00 00 80 3F 88 00 00 80 3F 88 67 66 A6 40 88
00 00 A0 40 88 00 00 C8 42 88 00 00 80 3F 88 00
[22:15:04.923] [INFO] [latency] READ 64 byte(s):
00 00 40 88 00 00 C8 41 88 00 00 A0 40 88 00 00
00 00 88 00 00 C0 3F 88 00 00 00 00 88 00 00 80
3F 88 00 00 C0 3F 88 00 00 00 00 88 00 00 00 00
88 00 00 A0 40 88 00 00 A0 40 88 00 00 80 3F 88
[22:15:04.925] [INFO] [latency] READ 64 byte(s):
00 00 80 3F 88 00 00 80 40 88 00 00 A0 40 88 00
00 00 00 88 00 00 00 00 88 00 00 00 00 88 00 00
A0 40 88 00 00 00 00 88 00 00 00 00 88 00 00 00
00 88 00 00 A0 40 88 00 00 00 00 88 00 00 00 00
[22:15:04.928] [INFO] [latency] READ 64 byte(s):
88 00 00 00 00 88 00 00 A0 40 88 00 00 00 00 88
00 00 00 00 88 00 00 00 00 88 00 00 A0 40 88 00
00 00 00 88 00 00 00 00 88 00 00 00 00 88 00 00
A0 40 88 00 00 00 00 88 00 00 00 00 88 00 00 00
[22:15:04.930] [INFO] [latency] READ 64 byte(s):
00 88 00 00 80 3F 88 00 00 00 00 88 00 00 00 00
88 00 00 00 00 88 00 00 70 41 88 00 00 00 3F 88
00 00 48 42 88 00 00 F0 40 88 00 00 00 00 88 00
00 40 40 88 00 00 D0 40 88 00 00 00 00 88 00 00
[22:15:04.932] [INFO] [latency] READ 64 byte(s):
00 00 88 00 00 C0 40 88 00 00 00 00 88 00 00 70
41 88 00 00 00 3F 88 00 00 48 42 88 00 00 F0 40
88 00 00 00 00 88 00 00 70 41 88 00 00 00 3F 88
00 00 48 42 88 00 00 C8 41 88 00 00 F0 40 88 00
[22:15:04.934] [INFO] [latency] READ 64 byte(s):
00 00 00 88 00 00 40 40 88 00 00 B4 43 88 00 00
F0 42 88 00 00 48 42 88 00 00 A0 40 88 00 00 80
3F 88 00 00 00 00 88 00 00 00 00 88 00 00 00 00
88 00 00 10 41 88 00 00 AF 43 88 00 00 A0 41 88
[22:15:04.936] [INFO] [latency] READ 64 byte(s):
00 00 00 00 88 00 00 48 42 88 00 00 00 00 88 00
00 10 41 88 00 00 AF 43 88 00 00 A0 41 88 00 00
00 00 88 00 00 48 42 BA 6D 88 00 00 00 00 88 00
00 00 00 88 00 00 C8 C2 88 00 00 A0 41 88 00 00
[22:15:04.938] [INFO] [latency] READ 64 byte(s):
70 C2 88 00 00 80 3F 88 00 00 00 00 88 00 00 00
00 88 00 00 00 00 88 00 00 A0 40 88 00 00 80 3F
88 00 00 A0 40 88 00 00 96 43 88 00 00 A0 40 88
33 33 33 3F 88 00 80 3B 44 88 00 00 A0 40 88 00
[22:15:04.940] [INFO] [latency] READ 64 byte(s):
80 ED 44 88 00 00 80 3F 88 00 00 80 3F 88 00 00
A0 40 88 00 00 A0 40 88 00 00 C8 42 88 00 00 80
3F 88 00 00 00 00 88 00 00 C8 41 88 00 00 A0 40
88 00 00 00 00 88 00 00 C0 3F 88 00 00 00 00 88
[22:15:04.944] [INFO] [latency] READ 64 byte(s):
00 00 80 3F 88 00 00 C0 3F 88 00 00 00 00 88 00
00 00 00 88 00 00 A0 40 88 00 00 A0 40 88 00 00
80 3F 88 00 00 00 00 88 00 00 80 40 88 00 00 A0
40 88 00 00 00 00 88 00 00 00 00 88 00 00 00 00
[22:15:04.947] [INFO] [latency] READ 64 byte(s):
88 00 00 A0 40 88 00 00 00 00 88 00 00 00 00 88
00 00 00 00 88 00 00 A0 40 88 00 00 00 00 88 00
00 00 00 88 00 00 00 00 88 00 00 A0 40 88 00 00
00 00 88 00 00 00 00 88 00 00 00 00 88 00 00 A0
[22:15:04.949] [INFO] [latency] READ 64 byte(s):
40 88 00 00 00 00 88 00 00 00 00 88 00 00 00 00
88 00 00 A0 40 88 00 00 00 00 88 00 00 00 00 88
00 00 00 00 88 00 00 80 3F 88 00 00 00 00 88 00
00 00 00 88 00 00 00 00 88 00 00 70 41 88 00 00
[22:15:04.951] [INFO] [latency] READ 64 byte(s):
00 3F 88 00 00 48 42 88 00 00 F0 40 88 00 00 00
00 88 00 00 40 40 88 00 00 D0 40 88 00 00 00 00
88 00 00 00 00 88 00 00 C0 40 88 00 00 00 00 88
00 00 70 41 88 00 00 00 3F 88 00 00 48 42 88 00
[22:15:04.954] [INFO] [latency] READ 64 byte(s):
00 F0 40 88 00 00 00 00 88 00 00 70 41 88 00 00
00 3F 88 00 00 48 42 88 00 00 C8 41 88 00 00 F0
40 88 00 00 00 00 88 00 00 40 40 88 00 00 B4 43
88 00 00 F0 42 88 00 00 48 42 88 00 00 A0 40 88
[22:15:04.957] [INFO] [latency] READ 64 byte(s):
00 00 80 3F 88 00 00 00 00 88 00 00 00 00 88 00
00 00 00 88 00 00 10 41 88 00 00 AF 43 88 00 00
A0 41 88 00 00 00 00 88 00 00 48 42 88 00 00 00
00 88 00 00 10 41 88 00 00 AF 43 88 00 00 A0 41
[22:15:04.960] [INFO] [latency] READ 64 byte(s):
88 00 00 00 00 88 00 00 48 42 BA 6D 88 00 00 00
00 88 00 00 00 00 88 00 00 C8 C2 88 00 00 A0 41
88 00 00 70 C2 88 00 00 80 3F 88 00 00 00 00 88
00 00 00 00 88 00 00 00 00 88 00 00 A0 40 88 00
[22:15:04.963] [INFO] [latency] READ 64 byte(s):
00 80 3F 88 00 00 A0 40 88 00 00 96 43 88 00 00
A0 40 88 33 33 33 3F 88 00 80 3B 44 88 00 00 A0
40 88 00 80 ED 44 88 00 00 80 3F 88 00 00 80 3F
88 00 00 A0 40 88 00 00 A0 40 88 00 00 C8 42 88
[22:15:04.966] [INFO] [latency] READ 64 byte(s):
00 00 80 3F 88 00 00 00 00 88 00 00 C8 41 88 00
00 A0 40 88 00 00 00 00 88 00 00 C0 3F 88 00 00
00 00 88 00 00 80 3F 88 00 00 C0 3F 88 00 00 00
00 88 00 00 00 00 88 00 00 A0 40 88 00 00 A0 40
[22:15:04.968] [INFO] [latency] READ 64 byte(s):
88 00 00 80 3F 88 00 00 00 00 88 00 00 80 40 88
00 00 A0 40 88 00 00 00 00 88 00 00 00 00 88 00
00 00 00 88 00 00 A0 40 88 00 00 00 00 88 00 00
00 00 88 00 00 00 00 88 00 00 A0 40 88 00 00 00
[22:15:04.973] [INFO] [latency] READ 64 byte(s):
00 88 00 00 00 00 88 00 00 00 00 88 00 00 A0 40
88 00 00 00 00 88 00 00 00 00 88 00 00 00 00 88
00 00 A0 40 88 00 00 00 00 88 00 00 00 00 88 00
00 00 00 88 00 00 A0 40 88 00 00 00 00 88 00 00
[22:15:04.976] [INFO] [latency] READ 64 byte(s):
00 00 88 00 00 00 00 88 00 00 80 3F 88 00 00 00
00 88 00 00 00 00 88 00 00 00 00 88 00 00 70 41
88 00 00 00 3F 88 00 00 48 42 88 00 00 F0 40 88
00 00 00 00 88 00 00 40 40 88 00 00 D0 40 88 00
[22:15:04.978] [INFO] [latency] READ 64 byte(s):
00 00 00 88 00 00 00 00 88 00 00 C0 40 88 00 00
00 00 88 00 00 70 41 88 00 00 00 3F 88 00 00 48
42 88 00 00 F0 40 88 00 00 00 00 88 00 00 70 41
88 00 00 00 3F 88 00 00 48 42 88 00 00 C8 41 88
[22:15:04.980] [INFO] [latency] READ 64 byte(s):
00 00 F0 40 88 00 00 00 00 88 00 00 40 40 88 00
00 B4 43 88 00 00 F0 42 88 00 00 48 42 88 00 00
A0 40 88 00 00 80 3F 88 00 00 00 00 88 00 00 00
00 88 00 00 00 00 88 00 00 10 41 88 00 00 AF 43
[22:15:04.983] [INFO] [latency] READ 64 byte(s):
88 00 00 A0 41 88 00 00 00 00 88 00 00 48 42 88
00 00 00 00 88 00 00 10 41 88 00 00 AF 43 88 00
00 A0 41 88 00 00 00 00 88 00 00 48 42 B9 0D B9
02 BC 21 00 36 C2 3B 5F CB A0 3A B0 B4 87 BA E0
[22:15:04.986] [INFO] [latency] READ 64 byte(s):
38 42 3C F2 9A 19 3C 89 37 BA 3B DC F4 91 BA D6
E1 0B BB E3 00 B9 02 BC 0B 32 30 32 34 2D 30 33
2D 32 32 00 0A B9 02 BC 21 53 54 4F 4D 50 20 2D
20 46 55 5A 5A 00 A1 37 3C 3E B2 D6 3A E2 58 A8
[22:15:04.989] [INFO] [latency] READ 64 byte(s):
3B 67 FA 89 BB B8 78 06 BB E0 0C B9 02 BC 21 45
6C 65 63 74 72 69 63 20 47 75 69 74 61 72 00 CB
1D 49 3B FC 17 10 3B 08 61 19 3B 18 3A 2E BA F2
0F B9 02 BC 21 53 6F 6C 69 64 20 42 6F 64 79 00
[22:15:04.992] [INFO] [latency] READ 64 byte(s):
3A 65 9E 9A 3B B8 2C B2 BA A7 B8 60 3B E0 31 84
BB 28 0E C0 BA 54 0A B9 02 BC 21 00 1A DE BA 88
E6 C2 BA 44 EB F1 BB 8E 8B 69 BA 5F 50 EC 3B 61
63 A7 BA A7 94 4A 3B 73 79 2E 3A 0C 00 B9 02 BC
[22:15:04.996] [INFO] [latency] READ 64 byte(s):
21 00 A7 2C BC DC A6 17 BC A4 A4 F5 3B 70 1C 9E
3B 0E 8C C4 3B 74 40 09 3B D4 AF 8D BC 50 B9 6C
BB F9 00 B9 02 BC 21 00 8B D2 BB 7A 5C 62 BC 71
B6 3F BC 56 4E 29 3C 51 12 B2 3B 2D 18 D6 BB C7
[22:15:04.998] [INFO] [latency] READ 64 byte(s):
6E A5 3B 2E 2A 1E BC D6 00 B9 02 BC 21 00 A3 0A
BC 2E 81 24 39 17 12 BC 3B F9 02 C1 BB 9D D9 84
3B 02 F9 B0 3B A8 DA 04 BC 67 60 98 BC 05 00 B9
02 BC 21 00 18 90 3B 7F 6D A7 3C 4B F3 73 BB 6F
[22:15:05.001] [INFO] [latency] READ 64 byte(s):
12 E7 3B EC 96 1A BC F3 05 1D BC F6 95 5C 3B DD
41 94 BA 91 00 B9 02 BC 21 00 78 F8 3B 93 64 2C
BC 76 69 23 3B C0 7A BD BB 5A F5 F1 39 7B 61 8D
3B FE 8A B6 BC 77 F8 6A BC 97 00 B9 02 BC 21 00
[22:15:05.006] [INFO] [latency] READ 64 byte(s):
3D C9 3B C8 2A 0C BC 09 60 47 BC B5 82 0F 3C 20
EF 0F BB 4C 9C 6E BC E8 EC 1C BB 48 9E 11 BC 84
00 B9 02 BC 41 49 4B 20 4D 75 6C 74 69 6D 65 64
69 61 20 50 72 65 6D 69 75 6D 20 50 72 65 73 65
[22:15:05.009] [INFO] [latency] READ 42 byte(s):
74 00 BC B1 BC 3F 40 3B 3B 58 CD 88 BC AC 62 05
BC 7C 14 28 BC E0 E4 2F E3 0B 00 00 00 12 00 00
00 00 00 00 00 10 1C C9 8D 7E
[22:15:05.013] [INFO] [latency] WRITE 21 byte(s):
7E B9 03 81 00 03 82 06 00 80 0B 03 B9 04 0B 01
13 00 31 98 7E
[22:15:05.019] [INFO] [latency] READ 64 byte(s):
7E B9 03 81 04 03 81 9D 08 0B B9 03 01 13 B9 04
B9 02 BC 21 41 6C 6C 20 41 72 6F 75 6E 64 20 44
72 69 76 65 00 00 00 00 00 00 00 00 00 00 00 00
00 00 00 00 00 10 BA 02 88 00 00 00 00 88 00 00
[22:15:05.022] [INFO] [latency] READ 64 byte(s):
F0 42 BA 03 BA 6D 88 00 00 00 00 88 00 00 80 3F
88 00 00 C8 C2 88 00 00 A0 41 88 00 00 70 C2 88
00 00 80 3F 88 00 00 80 3F 88 00 00 98 C1 88 00
00 80 3F 88 00 00 A0 40 88 00 00 80 3F 88 00 00
[22:15:05.026] [INFO] [latency] READ 64 byte(s):
A0 40 88 00 00 96 43 88 00 00 A0 40 88 33 33 33
3F 88 00 80 3B 44 88 00 00 A0 40 88 00 80 ED 44
88 00 00 80 3F 88 00 00 00 00 88 67 66 D6 40 88
00 00 A0 40 88 00 00 C8 42 88 00 00 80 3F 88 00
[22:15:05.029] [INFO] [latency] READ 64 byte(s):
00 00 00 88 00 00 C8 41 88 00 00 A0 40 88 00 00
00 00 88 00 00 C0 3F 88 00 00 00 00 88 00 00 80
3F 88 00 00 C0 3F 88 00 00 00 00 88 00 00 00 00
88 00 00 A0 40 88 00 00 A0 40 88 00 00 80 3F 88
[22:15:05.032] [INFO] [latency] READ 64 byte(s):
00 00 80 3F 88 00 00 80 40 88 00 00 A0 40 88 00
00 00 00 88 00 00 00 00 88 00 00 F0 41 88 00 00
A0 40 88 00 00 00 00 88 00 00 00 00 88 00 00 F0
41 88 00 00 A0 40 88 00 00 00 00 88 00 00 00 00
[22:15:05.034] [INFO] [latency] READ 64 byte(s):
88 00 00 F0 41 88 00 00 A0 40 88 00 00 00 00 88
00 00 00 00 88 00 00 F0 41 88 00 00 A0 40 88 00
00 00 00 88 00 00 00 00 88 00 00 00 00 88 00 00
A0 40 88 00 00 00 00 88 00 00 00 00 88 00 00 F0
[22:15:05.038] [INFO] [latency] READ 64 byte(s):
41 88 00 00 80 3F 88 00 00 00 00 88 00 00 00 00
88 00 00 00 00 88 00 00 70 41 88 00 00 00 3F 88
00 00 48 42 88 00 00 F0 40 88 00 00 00 00 88 00
00 40 40 88 00 00 D0 40 88 00 00 00 00 88 00 00
[22:15:05.041] [INFO] [latency] READ 64 byte(s):
00 00 88 00 00 C0 40 88 00 00 00 00 88 00 00 70
41 88 00 00 00 3F 88 00 00 48 42 88 00 00 F0 40
88 00 00 00 00 88 00 00 70 41 88 00 00 00 3F 88
00 00 48 42 88 00 00 C8 41 88 00 00 F0 40 88 00
[22:15:05.043] [INFO] [latency] READ 64 byte(s):
00 00 00 88 00 00 40 40 88 00 00 B4 43 88 00 00
F0 42 88 00 00 48 42 88 00 00 A0 40 88 00 00 80
3F 88 00 00 00 00 88 00 00 00 00 88 00 00 00 00
88 00 00 10 41 88 00 00 AF 43 88 00 00 A0 41 88
[22:15:05.047] [INFO] [latency] READ 64 byte(s):
00 00 00 00 88 00 00 48 42 88 00 00 00 00 88 00
00 10 41 88 00 00 AF 43 88 00 00 A0 41 88 00 00
00 00 88 00 00 48 42 BA 6D 88 00 00 00 00 88 00
00 00 00 88 00 00 C8 C2 88 00 00 A0 41 88 00 00
[22:15:05.050] [INFO] [latency] READ 64 byte(s):
70 C2 88 00 00 80 3F 88 00 00 00 00 88 00 00 00
00 88 00 00 00 00 88 00 00 A0 40 88 00 00 80 3F
88 00 00 A0 40 88 00 00 96 43 88 00 00 A0 40 88
33 33 33 3F 88 00 80 3B 44 88 00 00 A0 40 88 00
[22:15:05.055] [INFO] [latency] READ 64 byte(s):
80 ED 44 88 00 00 80 3F 88 00 00 00 00 88 00 00
A0 40 88 00 00 A0 40 88 00 00 C8 42 88 00 00 80
3F 88 00 00 00 00 88 00 00 C8 41 88 00 00 A0 40
88 00 00 00 00 88 00 00 C0 3F 88 00 00 00 00 88
[22:15:05.057] [INFO] [latency] READ 64 byte(s):
00 00 80 3F 88 00 00 C0 3F 88 00 00 00 00 88 00
00 00 00 88 00 00 A0 40 88 00 00 A0 40 88 00 00
80 3F 88 00 00 00 00 88 00 00 80 40 88 00 00 A0
40 88 00 00 00 00 88 00 00 00 00 88 00 00 F0 41
[22:15:05.062] [INFO] [latency] READ 64 byte(s):
88 00 00 A0 40 88 00 00 00 00 88 00 00 00 00 88
00 00 F0 41 88 00 00 A0 40 88 00 00 00 00 88 00
00 00 00 88 00 00 F0 41 88 00 00 A0 40 88 00 00
00 00 88 00 00 00 00 88 00 00 F0 41 88 00 00 A0
[22:15:05.065] [INFO] [latency] READ 64 byte(s):
40 88 00 00 00 00 88 00 00 00 00 88 00 00 F0 41
88 00 00 A0 40 88 00 00 00 00 88 00 00 00 00 88
00 00 F0 41 88 00 00 80 3F 88 00 00 00 00 88 00
00 00 00 88 00 00 00 00 88 00 00 70 41 88 00 00
[22:15:05.073] [INFO] [latency] READ 64 byte(s):
00 3F 88 00 00 48 42 88 00 00 F0 40 88 00 00 00
00 88 00 00 40 40 88 00 00 D0 40 88 00 00 00 00
88 00 00 00 00 88 00 00 C0 40 88 00 00 00 00 88
00 00 70 41 88 00 00 00 3F 88 00 00 48 42 88 00
[22:15:05.077] [INFO] [latency] READ 64 byte(s):
00 F0 40 88 00 00 00 00 88 00 00 70 41 88 00 00
00 3F 88 00 00 48 42 88 00 00 C8 41 88 00 00 F0
40 88 00 00 00 00 88 00 00 40 40 88 00 00 B4 43
88 00 00 F0 42 88 00 00 48 42 88 00 00 A0 40 88
[22:15:05.081] [INFO] [latency] READ 64 byte(s):
00 00 80 3F 88 00 00 00 00 88 00 00 00 00 88 00
00 00 00 88 00 00 10 41 88 00 00 AF 43 88 00 00
A0 41 88 00 00 00 00 88 00 00 48 42 88 00 00 00
00 88 00 00 10 41 88 00 00 AF 43 88 00 00 A0 41
[22:15:05.085] [INFO] [latency] READ 64 byte(s):
88 00 00 00 00 88 00 00 48 42 BA 6D 88 00 00 00
00 88 00 00 00 00 88 00 00 C8 C2 88 00 00 A0 41
88 00 00 70 C2 88 00 00 80 3F 88 00 00 00 00 88
00 00 00 00 88 00 00 00 00 88 00 00 A0 40 88 00
[22:15:05.089] [INFO] [latency] READ 64 byte(s):
00 80 3F 88 00 00 A0 40 88 00 00 96 43 88 00 00
A0 40 88 33 33 33 3F 88 00 80 3B 44 88 00 00 A0
40 88 00 80 ED 44 88 00 00 80 3F 88 00 00 00 00
88 00 00 A0 40 88 00 00 A0 40 88 00 00 C8 42 88
[22:15:05.095] [INFO] [latency] READ 64 byte(s):
00 00 80 3F 88 00 00 00 00 88 00 00 C8 41 88 00
00 A0 40 88 00 00 00 00 88 00 00 C0 3F 88 00 00
00 00 88 00 00 80 3F 88 00 00 C0 3F 88 00 00 00
00 88 00 00 00 00 88 00 00 A0 40 88 00 00 A0 40
[22:15:05.098] [INFO] [latency] READ 64 byte(s):
88 00 00 80 3F 88 00 00 00 00 88 00 00 80 40 88
00 00 A0 40 88 00 00 00 00 88 00 00 00 00 88 00
00 F0 41 88 00 00 A0 40 88 00 00 00 00 88 00 00
00 00 88 00 00 F0 41 88 00 00 A0 40 88 00 00 00
[22:15:05.101] [INFO] [latency] READ 64 byte(s):
00 88 00 00 00 00 88 00 00 F0 41 88 00 00 A0 40
88 00 00 00 00 88 00 00 00 00 88 00 00 F0 41 88
00 00 A0 40 88 00 00 00 00 88 00 00 00 00 88 00
00 F0 41 88 00 00 A0 40 88 00 00 00 00 88 00 00
[22:15:05.105] [INFO] [latency] READ 64 byte(s):
00 00 88 00 00 F0 41 88 00 00 80 3F 88 00 00 00
00 88 00 00 00 00 88 00 00 00 00 88 00 00 70 41
88 00 00 00 3F 88 00 00 48 42 88 00 00 F0 40 88
00 00 00 00 88 00 00 40 40 88 00 00 D0 40 88 00
[22:15:05.109] [INFO] [latency] READ 64 byte(s):
00 00 00 88 00 00 00 00 88 00 00 C0 40 88 00 00
00 00 88 00 00 70 41 88 00 00 00 3F 88 00 00 48
42 88 00 00 F0 40 88 00 00 00 00 88 00 00 70 41
88 00 00 00 3F 88 00 00 48 42 88 00 00 C8 41 88
[22:15:05.113] [INFO] [latency] READ 64 byte(s):
00 00 F0 40 88 00 00 00 00 88 00 00 40 40 88 00
00 B4 43 88 00 00 F0 42 88 00 00 48 42 88 00 00
A0 40 88 00 00 80 3F 88 00 00 00 00 88 00 00 00
00 88 00 00 00 00 88 00 00 10 41 88 00 00 AF 43
[22:15:05.116] [INFO] [latency] READ 64 byte(s):
88 00 00 A0 41 88 00 00 00 00 88 00 00 48 42 88
00 00 00 00 88 00 00 10 41 88 00 00 AF 43 88 00
00 A0 41 88 00 00 00 00 88 00 00 48 42 B9 0D B9
02 BC 21 00 E7 74 BA B4 6C 0B 3B B2 E9 95 BC 65
[22:15:05.119] [INFO] [latency] READ 64 byte(s):
22 01 BD 06 44 B4 BC 03 F2 B4 BC 58 DC EA 3A F5
D1 6A 3B 1F 00 B9 02 BC 0B 32 30 32 36 2D 30 31
2D 30 34 00 0A B9 02 BC 21 44 52 49 56 45 00 B4
BC FA 91 D5 BC 16 9F AD BC 32 FF 1F BC B7 FC 30
[22:15:05.122] [INFO] [latency] READ 64 byte(s):
BA 02 5D AB BC 66 38 52 BD 6E 05 B9 02 BC 21 4E
6F 6E 65 00 9D B0 BC 60 23 EA BC 30 A0 4E BD 84
43 48 BD 32 D7 4E BD F9 5E 22 BD 13 AE BB BC CF
04 B9 02 BC 21 4E 6F 6E 65 00 79 42 BD 80 1F 25
[22:15:05.125] [INFO] [latency] READ 64 byte(s):
BD A5 9A AA B9 1D 55 F4 3B 1A BE 82 BC 97 3A 25
BD 36 19 EC BC FF 04 B9 02 BC 21 4E 6F 6E 65 00
C1 FD BB B4 6F 1E 3C D7 5E 22 BA E8 89 0A BC E7
84 9D BA 01 A4 48 3C 07 7F F4 3C CA 04 B9 02 BC
[22:15:05.130] [INFO] [latency] READ 64 byte(s):
21 4E 6F 6E 65 00 DD DC BB FF 64 55 3C 66 55 82
BB 61 38 B7 BC 7A 4D 90 BC 21 68 73 BB E9 CA 0A
BC A6 04 B9 02 BC 21 00 52 89 BC 28 5D A0 BB B5
2A 7D 5D BC 58 8F 39 BC A5 6F D0 B7 D9 12 AC B9
[22:15:05.135] [INFO] [latency] READ 64 byte(s):
91 48 41 BC AF 82 02 BD 50 00 B9 02 BC 21 00 3E
6C BC 86 03 17 BD F0 DE 13 BD 13 2E 26 BC 9D 9A
C6 BB 75 50 32 BC 49 5E 00 BD 88 42 FC BC CF 00
B9 02 BC 21 00 4E 92 BC E4 9F 1A BB 96 01 5A 3C
[22:15:05.139] [INFO] [latency] READ 64 byte(s):
B1 BC 00 BC 4E E8 CA BC EA ED 21 BD 9A 34 73 BC
77 CE 01 3C 4C 00 B9 02 BC 21 00 E3 81 BC 9D 44
2C 3C CE 21 19 3C F8 B9 01 3C 0E 2A A4 BB F1 EB
AB BB 9C 13 EE 3B 09 5E 88 3C A6 00 B9 02 BC 21
[22:15:05.146] [INFO] [latency] READ 64 byte(s):
00 B9 92 3C 85 D0 67 BB 81 8C 0A BC F3 0F AB 3C
27 23 54 3D E5 33 81 3D 55 C5 05 3D 88 1C 4A 3C
0B 00 B9 02 BC 41 00 BF B1 3D DC C1 7A 3D 77 F9
C6 3C 84 38 C4 3C 6B 81 25 3D 82 71 46 3D ED 63
[22:15:05.150] [INFO] [latency] READ 43 byte(s):
A0 3D 17 38 DA 3D C2 5D BC 3D 65 D0 31 3D 4D 48
14 3C C6 DE 71 BD 01 1C 80 BD 90 E5 01 3F 51 BE
63 B5 7A 25 00 00 72 00 5E 91 7E
[22:15:05.156] [INFO] [latency] WRITE 20 byte(s):
7E B9 03 81 0D 03 82 05 00 80 0B 03 B9 03 03 00
00 E2 F7 7E
[22:15:05.160] [INFO] [latency] READ 21 byte(s):
7E B9 03 81 09 03 0A 02 B9 04 03 00 00 88 9A 99
A9 40 8F 36 7E
[22:15:05.165] [INFO] [latency] WRITE 21 byte(s):
7E B9 03 81 00 03 82 06 00 80 0B 03 B9 04 0B 01
00 00 C8 27 7E
[22:15:05.172] [INFO] [latency] READ 64 byte(s):
7E B9 03 81 04 03 81 9D 08 0B B9 03 01 00 B9 04
B9 02 BC 21 4D 6F 64 65 72 6E 20 54 72 69 70 6C
65 00 00 00 00 00 00 00 00 00 00 00 00 00 00 00
00 00 00 00 00 0D BA 02 88 00 00 00 00 88 00 00
[22:15:05.178] [INFO] [latency] READ 64 byte(s):
F0 42 BA 03 BA 6D 88 00 00 00 00 88 00 00 00 00
88 00 00 C8 C2 88 00 00 A0 41 88 00 00 70 C2 88
00 00 80 3F 88 00 00 00 00 88 00 00 00 00 88 00
00 00 00 88 00 00 A0 40 88 00 00 80 3F 88 00 00
[22:15:05.184] [INFO] [latency] READ 64 byte(s):
20 41 88 00 00 96 43 88 00 00 20 41 88 33 33 33
3F 88 00 80 3B 44 88 00 00 20 41 88 00 80 ED 44
88 00 00 80 3F 88 00 00 00 00 88 CD CC AC 40 88
00 00 E0 40 88 00 00 C8 42 88 00 00 80 3F 88 00
[22:15:05.187] [INFO] [latency] READ 64 byte(s):
00 00 00 88 00 00 C8 41 88 00 00 A0 40 88 00 00
00 00 88 00 00 C0 3F 88 00 00 00 00 88 00 00 80
3F 88 00 00 C0 3F 88 00 00 00 00 88 00 00 00 00
88 00 00 A0 40 88 00 00 A0 40 88 00 00 80 3F 88
[22:15:05.188] [INFO] [latency] READ 64 byte(s):
00 00 00 00 88 00 00 80 40 88 00 00 A0 40 88 00
00 00 00 88 00 00 00 00 88 00 00 F0 41 88 00 00
A0 40 88 00 00 00 00 88 00 00 00 00 88 00 00 F0
41 88 00 00 A0 40 88 00 00 00 00 88 00 00 00 00
[22:15:05.191] [INFO] [latency] READ 64 byte(s):
88 00 00 F0 41 88 00 00 A0 40 88 00 00 00 00 88
00 00 00 00 88 00 00 F0 41 88 00 00 A0 40 88 00
00 00 00 88 00 00 00 00 88 00 00 F0 41 88 00 00
A0 40 88 00 00 00 00 88 00 00 00 00 88 00 00 F0
[22:15:05.196] [INFO] [latency] READ 64 byte(s):
41 88 00 00 80 3F 88 00 00 00 00 88 00 00 00 00
88 00 00 00 00 88 00 00 70 41 88 00 00 00 3F 88
00 00 48 42 88 00 00 F0 40 88 00 00 00 00 88 00
00 40 40 88 00 00 D0 40 88 00 00 00 00 88 00 00
[22:15:05.199] [INFO] [latency] READ 64 byte(s):
00 00 88 00 00 C0 40 88 00 00 00 00 88 00 00 70
41 88 00 00 00 3F 88 00 00 48 42 88 00 00 F0 40
88 00 00 00 00 88 00 00 70 41 88 00 00 00 3F 88
00 00 48 42 88 00 00 C8 41 88 00 00 F0 40 88 00
[22:15:05.201] [INFO] [latency] READ 64 byte(s):
00 00 00 88 00 00 40 40 88 00 00 B4 43 88 00 00
F0 42 88 00 00 48 42 88 00 00 A0 40 88 00 00 80
3F 88 00 00 00 00 88 00 00 00 00 88 00 00 00 00
88 00 00 10 41 88 00 00 AF 43 88 00 00 A0 41 88
[22:15:05.204] [INFO] [latency] READ 64 byte(s):
00 00 00 00 88 00 00 48 42 88 00 00 00 00 88 00
00 10 41 88 00 00 AF 43 88 00 00 A0 41 88 00 00
00 00 88 00 00 48 42 BA 6D 88 00 00 00 00 88 00
00 00 00 88 00 00 C8 C2 88 00 00 A0 41 88 00 00
[22:15:05.205] [INFO] [latency] READ 64 byte(s):
70 C2 88 00 00 80 3F 88 00 00 00 00 88 00 00 00
00 88 00 00 00 00 88 00 00 A0 40 88 00 00 80 3F
88 00 00 A0 40 88 00 00 96 43 88 00 00 A0 40 88
33 33 33 3F 88 00 80 3B 44 88 00 00 A0 40 88 00
[22:15:05.207] [INFO] [latency] READ 64 byte(s):
80 ED 44 88 00 00 80 3F 88 00 00 00 00 88 00 00
A0 40 88 00 00 A0 40 88 00 00 C8 42 88 00 00 80
3F 88 00 00 00 00 88 00 00 C8 41 88 00 00 A0 40
88 00 00 00 00 88 00 00 C0 3F 88 00 00 00 00 88
[22:15:05.209] [INFO] [latency] READ 64 byte(s):
00 00 80 3F 88 00 00 C0 3F 88 00 00 00 00 88 00
00 00 00 88 00 00 A0 40 88 00 00 A0 40 88 00 00
80 3F 88 00 00 00 00 88 00 00 80 40 88 00 00 A0
40 88 00 00 00 00 88 00 00 00 00 88 00 00 F0 41
[22:15:05.212] [INFO] [latency] READ 64 byte(s):
88 00 00 A0 40 88 00 00 00 00 88 00 00 00 00 88
00 00 F0 41 88 00 00 A0 40 88 00 00 00 00 88 00
00 00 00 88 00 00 F0 41 88 00 00 A0 40 88 00 00
00 00 88 00 00 00 00 88 00 00 F0 41 88 00 00 A0
[22:15:05.217] [INFO] [latency] READ 64 byte(s):
40 88 00 00 00 00 88 00 00 00 00 88 00 00 F0 41
88 00 00 A0 40 88 00 00 00 00 88 00 00 00 00 88
00 00 F0 41 88 00 00 80 3F 88 00 00 00 00 88 00
00 00 00 88 00 00 00 00 88 00 00 70 41 88 00 00
[22:15:05.221] [INFO] [latency] READ 64 byte(s):
00 3F 88 00 00 48 42 88 00 00 F0 40 88 00 00 00
00 88 00 00 40 40 88 00 00 D0 40 88 00 00 00 00
88 00 00 00 00 88 00 00 C0 40 88 00 00 00 00 88
00 00 70 41 88 00 00 00 3F 88 00 00 48 42 88 00
[22:15:05.226] [INFO] [latency] READ 64 byte(s):
00 F0 40 88 00 00 00 00 88 00 00 70 41 88 00 00
00 3F 88 00 00 48 42 88 00 00 C8 41 88 00 00 F0
40 88 00 00 00 00 88 00 00 40 40 88 00 00 B4 43
88 00 00 F0 42 88 00 00 48 42 88 00 00 A0 40 88
[22:15:05.230] [INFO] [latency] READ 64 byte(s):
00 00 80 3F 88 00 00 00 00 88 00 00 00 00 88 00
00 00 00 88 00 00 10 41 88 00 00 AF 43 88 00 00
A0 41 88 00 00 00 00 88 00 00 48 42 88 00 00 00
00 88 00 00 10 41 88 00 00 AF 43 88 00 00 A0 41
[22:15:05.234] [INFO] [latency] READ 64 byte(s):
88 00 00 00 00 88 00 00 48 42 BA 6D 88 00 00 00
00 88 00 00 00 00 88 00 00 C8 C2 88 00 00 A0 41
88 00 00 70 C2 88 00 00 80 3F 88 00 00 00 00 88
00 00 00 00 88 00 00 00 00 88 00 00 A0 40 88 00
[22:15:05.245] [INFO] [latency] READ 64 byte(s):
00 80 3F 88 00 00 A0 40 88 00 00 96 43 88 00 00
A0 40 88 33 33 33 3F 88 00 80 3B 44 88 00 00 A0
40 88 00 80 ED 44 88 00 00 80 3F 88 00 00 00 00
88 00 00 A0 40 88 00 00 A0 40 88 00 00 C8 42 88
[22:15:05.250] [INFO] [latency] READ 64 byte(s):
00 00 80 3F 88 00 00 00 00 88 00 00 C8 41 88 00
00 A0 40 88 00 00 00 00 88 00 00 C0 3F 88 00 00
00 00 88 00 00 80 3F 88 00 00 C0 3F 88 00 00 00
00 88 00 00 00 00 88 00 00 A0 40 88 00 00 A0 40
[22:15:05.255] [INFO] [latency] READ 64 byte(s):
88 00 00 80 3F 88 00 00 00 00 88 00 00 80 40 88
00 00 A0 40 88 00 00 00 00 88 00 00 00 00 88 00
00 F0 41 88 00 00 A0 40 88 00 00 00 00 88 00 00
00 00 88 00 00 F0 41 88 00 00 A0 40 88 00 00 00
[22:15:05.260] [INFO] [latency] READ 64 byte(s):
00 88 00 00 00 00 88 00 00 F0 41 88 00 00 A0 40
88 00 00 00 00 88 00 00 00 00 88 00 00 F0 41 88
00 00 A0 40 88 00 00 00 00 88 00 00 00 00 88 00
00 F0 41 88 00 00 A0 40 88 00 00 00 00 88 00 00
[22:15:05.263] [INFO] [latency] READ 64 byte(s):
00 00 88 00 00 F0 41 88 00 00 80 3F 88 00 00 00
00 88 00 00 00 00 88 00 00 00 00 88 00 00 70 41
88 00 00 00 3F 88 00 00 48 42 88 00 00 F0 40 88
00 00 00 00 88 00 00 40 40 88 00 00 D0 40 88 00
[22:15:05.267] [INFO] [latency] READ 64 byte(s):
00 00 00 88 00 00 00 00 88 00 00 C0 40 88 00 00
00 00 88 00 00 70 41 88 00 00 00 3F 88 00 00 48
42 88 00 00 F0 40 88 00 00 00 00 88 00 00 70 41
88 00 00 00 3F 88 00 00 48 42 88 00 00 C8 41 88
[22:15:05.271] [INFO] [latency] READ 64 byte(s):
00 00 F0 40 88 00 00 00 00 88 00 00 40 40 88 00
00 B4 43 88 00 00 F0 42 88 00 00 48 42 88 00 00
A0 40 88 00 00 80 3F 88 00 00 00 00 88 00 00 00
00 88 00 00 00 00 88 00 00 10 41 88 00 00 AF 43
[22:15:05.277] [INFO] [latency] READ 64 byte(s):
88 00 00 A0 41 88 00 00 00 00 88 00 00 48 42 88
00 00 00 00 88 00 00 10 41 88 00 00 AF 43 88 00
00 A0 41 88 00 00 00 00 88 00 00 48 42 B9 0D B9
02 BC 21 00 6B 01 BC DE C0 C7 BA 72 C3 F8 BA B6
[22:15:05.282] [INFO] [latency] READ 64 byte(s):
3B D5 BB F8 23 DF BB E4 BE 15 BC 1B 94 32 BC B2
3B 1C BC 83 00 B9 02 BC 0B 32 30 32 36 2D 30 32
2D 31 34 00 0A B9 02 BC 21 48 49 2D 47 41 49 4E
00 8A 8B 74 BB 19 F5 72 3B 33 6A A2 BB 70 BA 7D
[22:15:05.286] [INFO] [latency] READ 64 byte(s):
5E BC 7F 46 4F BC 1A 89 24 BC 3F 07 B9 02 BC 21
4E 6F 6E 65 00 25 77 3B 3B 80 28 3C D6 D7 6F BA
68 80 CA BB A4 E0 C3 B9 95 0D 92 3B 39 B4 95 BB
DA 04 B9 02 BC 21 4E 6F 6E 65 00 8E 3B BA E0 F1
[22:15:05.289] [INFO] [latency] READ 64 byte(s):
00 BB 16 33 24 BA FD 13 07 BB E5 23 28 BC 94 CD
18 BC AE D2 76 BB 07 04 B9 02 BC 21 4E 6F 6E 65
00 AB 34 BB 6E 56 B8 BA B4 66 AF B9 BB D3 2A 3C
8D EB 01 3C CC 1B 16 BB 72 9C 2D BB FC 04 B9 02
[22:15:05.296] [INFO] [latency] READ 64 byte(s):
BC 21 4E 6F 6E 65 00 4C 62 BB CC 71 79 BC F5 13
00 BC F8 41 15 3C C8 A3 23 3C 62 37 FC 3B 4D 46
C1 3B 24 04 B9 02 BC 21 00 29 45 BC 3C 2B 32 BC
90 40 67 B9 CA EB F2 3B 48 4C 80 3A D3 16 3E 3C
[22:15:05.302] [INFO] [latency] READ 64 byte(s):
75 CC 53 3C CB 67 10 BC 8E 00 B9 02 BC 21 00 C9
B8 BB A4 03 37 3C CF 5F CA 3C 90 EC 8C 3C 78 96
59 3C E8 47 4B 3B B9 CA 30 BB D2 B5 11 BC 60 00
B9 02 BC 21 00 5D 04 3C D6 60 33 3C EB 46 2C 3C
[22:15:05.305] [INFO] [latency] READ 64 byte(s):
3F BF 1F 3C 38 37 23 B9 7C 60 16 3C 92 C6 60 3B
82 C0 CD 3B 7D 5E 00 B9 02 BC 21 00 18 0F 3C DC
40 3F 3C 3B 93 59 3C 43 BC D3 3B FC F6 C9 3B A1
78 25 BC 4B 6D CB 3B 63 D5 08 3C 0E 00 B9 02 BC
[22:15:05.309] [INFO] [latency] READ 64 byte(s):
21 00 57 91 BC ED 04 58 BC CC AA 6E BB 91 67 1C
BC B5 53 17 BC D2 12 9F 3C 93 4D C0 3B EA 28 5D
BB 94 00 B9 02 BC 41 00 77 0D 3D 41 4E 1D 3D AE
E8 3F BC E0 AA 19 3D 28 89 CB 3C B1 9F 71 BB F7
[22:15:05.313] [INFO] [latency] READ 44 byte(s):
66 2C BD 80 30 0D BC 96 1B A0 BC 97 66 D3 BC 8E
A2 74 3B 15 61 88 BC 0B F2 99 BC AB 90 17 BC 5E
DF 9A 8B 12 99 00 00 72 00 A2 15 7E
[22:15:05.320] [INFO] Preset-change latency: switching preset 0 -> 1...
[22:15:05.330] [FINDING] Preset-change latency (preset 0 -> 1): 6.712 ms (selectPreset() call to completion — informational only, no pass/fail target; see issue #26).
[22:15:05.336] [INFO] Preset-change latency: restoring preset 1 -> 0...
[22:15:05.361] [FINDING] Preset-change latency (preset 1 -> 0): 21.279 ms (selectPreset() call to completion — informational only, no pass/fail target; see issue #26).
[22:15:05.364] [ERROR] Parameter-write latency: current value of EQ_MID is unknown, non-finite, or outside the registered range (0.0..10.0) — refusing to write (same safety rule as the single-parameter write test). Skipping this measurement.
[22:15:05.366] [ERROR] Slider-drag burst: current value of EQ_MID is unknown, non-finite, or outside the registered range (0.0..10.0) — refusing to write. Skipping this measurement.
[22:15:05.374] [INFO] [latency] READ 64 byte(s):
80 ED 44 88 00 00 80 3F 88 00 00 00 00 88 00 00
A0 40 88 00 00 A0 40 88 00 00 C8 42 88 00 00 80
3F 88 00 00 00 00 88 00 00 C8 41 88 00 00 A0 40
88 00 00 00 00 88 00 00 C0 3F 88 00 00 00 00 88
[22:15:05.380] [INFO] [latency] READ 64 byte(s):
00 00 80 3F 88 00 00 C0 3F 88 00 00 00 00 88 00
00 00 00 88 00 00 A0 40 88 00 00 A0 40 88 00 00
80 3F 88 00 00 00 00 88 00 00 80 40 88 00 00 A0
40 88 00 00 00 00 88 00 00 00 00 88 00 00 F0 41
[22:15:05.383] [INFO] [latency] READ 64 byte(s):
88 00 00 A0 40 88 00 00 00 00 88 00 00 00 00 88
00 00 F0 41 88 00 00 A0 40 88 00 00 00 00 88 00
00 00 00 88 00 00 F0 41 88 00 00 A0 40 88 00 00
00 00 88 00 00 00 00 88 00 00 F0 41 88 00 00 A0
[22:15:05.385] [INFO] [latency] READ 64 byte(s):
40 88 00 00 00 00 88 00 00 00 00 88 00 00 F0 41
88 00 00 A0 40 88 00 00 00 00 88 00 00 00 00 88
00 00 F0 41 88 00 00 80 3F 88 00 00 00 00 88 00
00 00 00 88 00 00 00 00 88 00 00 70 41 88 00 00
[22:15:05.388] [INFO] [latency] READ 64 byte(s):
00 3F 88 00 00 48 42 88 00 00 F0 40 88 00 00 00
00 88 00 00 40 40 88 00 00 D0 40 88 00 00 00 00
88 00 00 00 00 88 00 00 C0 40 88 00 00 00 00 88
00 00 70 41 88 00 00 00 3F 88 00 00 48 42 88 00
[22:15:05.390] [INFO] [latency] READ 64 byte(s):
00 F0 40 88 00 00 00 00 88 00 00 70 41 88 00 00
00 3F 88 00 00 48 42 88 00 00 C8 41 88 00 00 F0
40 88 00 00 00 00 88 00 00 40 40 88 00 00 B4 43
88 00 00 F0 42 88 00 00 48 42 88 00 00 A0 40 88
[22:15:05.395] [INFO] [latency] READ 64 byte(s):
00 00 80 3F 88 00 00 00 00 88 00 00 00 00 88 00
00 00 00 88 00 00 10 41 88 00 00 AF 43 88 00 00
A0 41 88 00 00 00 00 88 00 00 48 42 88 00 00 00
00 88 00 00 10 41 88 00 00 AF 43 88 00 00 A0 41
[22:15:05.398] [INFO] [latency] READ 64 byte(s):
88 00 00 00 00 88 00 00 48 42 BA 6D 88 00 00 00
00 88 00 00 00 00 88 00 00 C8 C2 88 00 00 A0 41
88 00 00 70 C2 88 00 00 80 3F 88 00 00 00 00 88
00 00 00 00 88 00 00 00 00 88 00 00 A0 40 88 00
[22:15:05.401] [INFO] [latency] READ 64 byte(s):
00 80 3F 88 00 00 A0 40 88 00 00 96 43 88 00 00
A0 40 88 33 33 33 3F 88 00 80 3B 44 88 00 00 A0
40 88 00 80 ED 44 88 00 00 80 3F 88 00 00 00 00
88 00 00 A0 40 88 00 00 A0 40 88 00 00 C8 42 88
[22:15:05.404] [INFO] [latency] READ 64 byte(s):
00 00 80 3F 88 00 00 00 00 88 00 00 C8 41 88 00
00 A0 40 88 00 00 00 00 88 00 00 C0 3F 88 00 00
00 00 88 00 00 80 3F 88 00 00 C0 3F 88 00 00 00
00 88 00 00 00 00 88 00 00 A0 40 88 00 00 A0 40
[22:15:05.406] [INFO] [latency] READ 64 byte(s):
88 00 00 80 3F 88 00 00 00 00 88 00 00 80 40 88
00 00 A0 40 88 00 00 00 00 88 00 00 00 00 88 00
00 F0 41 88 00 00 A0 40 88 00 00 00 00 88 00 00
00 00 88 00 00 F0 41 88 00 00 A0 40 88 00 00 00
[22:15:05.409] [INFO] [latency] READ 64 byte(s):
00 88 00 00 00 00 88 00 00 F0 41 88 00 00 A0 40
88 00 00 00 00 88 00 00 00 00 88 00 00 F0 41 88
00 00 A0 40 88 00 00 00 00 88 00 00 00 00 88 00
00 F0 41 88 00 00 A0 40 88 00 00 00 00 88 00 00
[22:15:05.412] [INFO] [latency] READ 64 byte(s):
00 00 88 00 00 F0 41 88 00 00 80 3F 88 00 00 00
00 88 00 00 00 00 88 00 00 00 00 88 00 00 70 41
88 00 00 00 3F 88 00 00 48 42 88 00 00 F0 40 88
00 00 00 00 88 00 00 40 40 88 00 00 D0 40 88 00
[22:15:05.414] [INFO] [latency] READ 64 byte(s):
00 00 00 88 00 00 00 00 88 00 00 C0 40 88 00 00
00 00 88 00 00 70 41 88 00 00 00 3F 88 00 00 48
42 88 00 00 F0 40 88 00 00 00 00 88 00 00 70 41
88 00 00 00 3F 88 00 00 48 42 88 00 00 C8 41 88
[22:15:05.417] [INFO] [latency] READ 64 byte(s):
00 00 F0 40 88 00 00 00 00 88 00 00 40 40 88 00
00 B4 43 88 00 00 F0 42 88 00 00 48 42 88 00 00
A0 40 88 00 00 80 3F 88 00 00 00 00 88 00 00 00
00 88 00 00 00 00 88 00 00 10 41 88 00 00 AF 43
[22:15:05.420] [INFO] [latency] READ 64 byte(s):
88 00 00 A0 41 88 00 00 00 00 88 00 00 48 42 88
00 00 00 00 88 00 00 10 41 88 00 00 AF 43 88 00
00 A0 41 88 00 00 00 00 88 00 00 48 42 B9 0D B9
02 BC 21 00 6B 01 BC DE C0 C7 BA 72 C3 F8 BA B6
[22:15:05.424] [INFO] [latency] READ 64 byte(s):
3B D5 BB F8 23 DF BB E4 BE 15 BC 1B 94 32 BC B2
3B 1C BC 83 00 B9 02 BC 0B 32 30 32 36 2D 30 32
2D 31 34 00 0A B9 02 BC 21 48 49 2D 47 41 49 4E
00 8A 8B 74 BB 19 F5 72 3B 33 6A A2 BB 70 BA 7D
[22:15:05.428] [INFO] [latency] READ 64 byte(s):
5E BC 7F 46 4F BC 1A 89 24 BC 3F 07 B9 02 BC 21
4E 6F 6E 65 00 25 77 3B 3B 80 28 3C D6 D7 6F BA
68 80 CA BB A4 E0 C3 B9 95 0D 92 3B 39 B4 95 BB
DA 04 B9 02 BC 21 4E 6F 6E 65 00 8E 3B BA E0 F1
[22:15:05.431] [INFO] [latency] READ 64 byte(s):
00 BB 16 33 24 BA FD 13 07 BB E5 23 28 BC 94 CD
18 BC AE D2 76 BB 07 04 B9 02 BC 21 4E 6F 6E 65
00 AB 34 BB 6E 56 B8 BA B4 66 AF B9 BB D3 2A 3C
8D EB 01 3C CC 1B 16 BB 72 9C 2D BB FC 04 B9 02
[22:15:05.435] [INFO] [latency] READ 64 byte(s):
BC 21 4E 6F 6E 65 00 4C 62 BB CC 71 79 BC F5 13
00 BC F8 41 15 3C C8 A3 23 3C 62 37 FC 3B 4D 46
C1 3B 24 04 B9 02 BC 21 00 29 45 BC 3C 2B 32 BC
90 40 67 B9 CA EB F2 3B 48 4C 80 3A D3 16 3E 3C
[22:15:05.440] [INFO] [latency] READ 64 byte(s):
75 CC 53 3C CB 67 10 BC 8E 00 B9 02 BC 21 00 C9
B8 BB A4 03 37 3C CF 5F CA 3C 90 EC 8C 3C 78 96
59 3C E8 47 4B 3B B9 CA 30 BB D2 B5 11 BC 60 00
B9 02 BC 21 00 5D 04 3C D6 60 33 3C EB 46 2C 3C
[22:15:05.444] [INFO] [latency] READ 64 byte(s):
3F BF 1F 3C 38 37 23 B9 7C 60 16 3C 92 C6 60 3B
82 C0 CD 3B 7D 5E 00 B9 02 BC 21 00 18 0F 3C DC
40 3F 3C 3B 93 59 3C 43 BC D3 3B FC F6 C9 3B A1
78 25 BC 4B 6D CB 3B 63 D5 08 3C 0E 00 B9 02 BC
[22:15:05.447] [INFO] [latency] READ 64 byte(s):
21 00 57 91 BC ED 04 58 BC CC AA 6E BB 91 67 1C
BC B5 53 17 BC D2 12 9F 3C 93 4D C0 3B EA 28 5D
BB 94 00 B9 02 BC 41 00 77 0D 3D 41 4E 1D 3D AE
E8 3F BC E0 AA 19 3D 28 89 CB 3C B1 9F 71 BB F7
[22:15:05.450] [INFO] [latency] READ 64 byte(s):
66 2C BD 80 30 0D BC 96 1B A0 BC 97 66 D3 BC 8E
A2 74 3B 15 61 88 BC 0B F2 99 BC AB 90 17 BC 5E
DF 9A 8B 12 99 00 00 72 00 01 87 7E 7E B9 03 81
04 03 81 9D 08 0B B9 03 01 00 B9 04 B9 02 BC 21
[22:15:05.908] [WARN] === Latency measurements complete ===
[22:15:09.853] [WARN] === Latency measurements starting (transport=UsbRequest; this WILL write to the pedal) ===
[22:15:09.866] [INFO] [latency] WRITE 17 byte(s):
7E B9 03 00 82 04 00 80 0B 01 B9 02 02 0B 17 8C
7E
[22:15:09.871] [INFO] [latency] READ 52 byte(s):
7E B9 03 02 2B 0B B9 07 00 80 C7 B9 03 02 01 00
B9 03 01 03 0F BC 14 6B 8D C2 72 D6 FA 9B 73 06
A3 3D D9 08 13 CD 0E FD 09 78 36 82 1B 45 0F 00
00 F0 F3 7E
[22:15:09.880] [INFO] [latency] WRITE 19 byte(s):
7E B9 03 00 82 06 00 80 0B 03 B9 02 81 06 03 0B
44 66 7E
[22:15:09.884] [INFO] [latency] READ 64 byte(s):
7E B9 03 81 06 03 80 A0 0B B9 01 B9 0E 82 4C 42
4C 47 B9 03 00 04 00 88 00 00 20 40 00 00 01 BA
14 B9 03 00 80 FF 00 B9 03 00 00 80 FF B9 03 80
FF 00 00 B9 03 80 FF 00 00 B9 03 00 00 80 FF B9
[22:15:09.886] [INFO] [latency] READ 64 byte(s):
03 80 FF 00 00 B9 03 80 BF 80 BF 80 BF B9 03 0F
80 FF 2F B9 03 80 FF 00 00 B9 03 2F 00 80 FF B9
03 11 11 00 B9 03 00 00 80 FF B9 03 05 00 11 B9
03 80 FF 00 00 B9 03 80 FF 00 00 B9 03 11 00 00
[22:15:09.888] [INFO] [latency] READ 44 byte(s):
B9 03 00 80 FF 00 B9 03 0B 0B 0B B9 03 11 22 00
B9 03 00 19 19 BC 06 00 00 0A 00 03 00 00 00 81
B8 01 01 00 88 00 00 70 43 AC 11 7E
[22:15:09.892] [INFO] [latency] WRITE 21 byte(s):
7E B9 03 81 00 03 82 06 00 80 0B 03 B9 04 0B 01
00 00 C8 27 7E
[22:15:09.897] [INFO] [latency] READ 64 byte(s):
7E B9 03 81 04 03 81 9D 08 0B B9 03 01 00 B9 04
B9 02 BC 21 4D 6F 64 65 72 6E 20 54 72 69 70 6C
65 00 00 00 00 00 00 00 00 00 00 00 00 00 00 00
00 00 00 00 00 0D BA 02 88 00 00 00 00 88 00 00
[22:15:09.898] [INFO] [latency] READ 64 byte(s):
F0 42 BA 03 BA 6D 88 00 00 00 00 88 00 00 00 00
88 00 00 C8 C2 88 00 00 A0 41 88 00 00 70 C2 88
00 00 80 3F 88 00 00 00 00 88 00 00 00 00 88 00
00 00 00 88 00 00 A0 40 88 00 00 80 3F 88 00 00
[22:15:09.902] [INFO] [latency] READ 64 byte(s):
20 41 88 00 00 96 43 88 00 00 20 41 88 33 33 33
3F 88 00 80 3B 44 88 00 00 20 41 88 00 80 ED 44
88 00 00 80 3F 88 00 00 00 00 88 CD CC AC 40 88
00 00 E0 40 88 00 00 C8 42 88 00 00 80 3F 88 00
[22:15:09.912] [INFO] [latency] READ 64 byte(s):
00 00 00 88 00 00 C8 41 88 00 00 A0 40 88 00 00
00 00 88 00 00 C0 3F 88 00 00 00 00 88 00 00 80
3F 88 00 00 C0 3F 88 00 00 00 00 88 00 00 00 00
88 00 00 A0 40 88 00 00 A0 40 88 00 00 80 3F 88
[22:15:09.918] [INFO] [latency] READ 64 byte(s):
00 00 00 00 88 00 00 80 40 88 00 00 A0 40 88 00
00 00 00 88 00 00 00 00 88 00 00 F0 41 88 00 00
A0 40 88 00 00 00 00 88 00 00 00 00 88 00 00 F0
41 88 00 00 A0 40 88 00 00 00 00 88 00 00 00 00
[22:15:09.928] [INFO] [latency] READ 64 byte(s):
88 00 00 F0 41 88 00 00 A0 40 88 00 00 00 00 88
00 00 00 00 88 00 00 F0 41 88 00 00 A0 40 88 00
00 00 00 88 00 00 00 00 88 00 00 F0 41 88 00 00
A0 40 88 00 00 00 00 88 00 00 00 00 88 00 00 F0
[22:15:09.931] [INFO] [latency] READ 64 byte(s):
41 88 00 00 80 3F 88 00 00 00 00 88 00 00 00 00
88 00 00 00 00 88 00 00 70 41 88 00 00 00 3F 88
00 00 48 42 88 00 00 F0 40 88 00 00 00 00 88 00
00 40 40 88 00 00 D0 40 88 00 00 00 00 88 00 00
[22:15:09.938] [INFO] [latency] READ 64 byte(s):
00 00 88 00 00 C0 40 88 00 00 00 00 88 00 00 70
41 88 00 00 00 3F 88 00 00 48 42 88 00 00 F0 40
88 00 00 00 00 88 00 00 70 41 88 00 00 00 3F 88
00 00 48 42 88 00 00 C8 41 88 00 00 F0 40 88 00
[22:15:09.942] [INFO] [latency] READ 64 byte(s):
00 00 00 88 00 00 40 40 88 00 00 B4 43 88 00 00
F0 42 88 00 00 48 42 88 00 00 A0 40 88 00 00 80
3F 88 00 00 00 00 88 00 00 00 00 88 00 00 00 00
88 00 00 10 41 88 00 00 AF 43 88 00 00 A0 41 88
[22:15:09.944] [INFO] [latency] READ 64 byte(s):
00 00 00 00 88 00 00 48 42 88 00 00 00 00 88 00
00 10 41 88 00 00 AF 43 88 00 00 A0 41 88 00 00
00 00 88 00 00 48 42 BA 6D 88 00 00 00 00 88 00
00 00 00 88 00 00 C8 C2 88 00 00 A0 41 88 00 00
[22:15:09.949] [INFO] [latency] READ 64 byte(s):
70 C2 88 00 00 80 3F 88 00 00 00 00 88 00 00 00
00 88 00 00 00 00 88 00 00 A0 40 88 00 00 80 3F
88 00 00 A0 40 88 00 00 96 43 88 00 00 A0 40 88
33 33 33 3F 88 00 80 3B 44 88 00 00 A0 40 88 00
[22:15:09.956] [INFO] [latency] READ 64 byte(s):
80 ED 44 88 00 00 80 3F 88 00 00 00 00 88 00 00
A0 40 88 00 00 A0 40 88 00 00 C8 42 88 00 00 80
3F 88 00 00 00 00 88 00 00 C8 41 88 00 00 A0 40
88 00 00 00 00 88 00 00 C0 3F 88 00 00 00 00 88
[22:15:09.960] [INFO] [latency] READ 64 byte(s):
00 00 80 3F 88 00 00 C0 3F 88 00 00 00 00 88 00
00 00 00 88 00 00 A0 40 88 00 00 A0 40 88 00 00
80 3F 88 00 00 00 00 88 00 00 80 40 88 00 00 A0
40 88 00 00 00 00 88 00 00 00 00 88 00 00 F0 41
[22:15:09.963] [INFO] [latency] READ 64 byte(s):
88 00 00 A0 40 88 00 00 00 00 88 00 00 00 00 88
00 00 F0 41 88 00 00 A0 40 88 00 00 00 00 88 00
00 00 00 88 00 00 F0 41 88 00 00 A0 40 88 00 00
00 00 88 00 00 00 00 88 00 00 F0 41 88 00 00 A0
[22:15:09.965] [INFO] [latency] READ 64 byte(s):
40 88 00 00 00 00 88 00 00 00 00 88 00 00 F0 41
88 00 00 A0 40 88 00 00 00 00 88 00 00 00 00 88
00 00 F0 41 88 00 00 80 3F 88 00 00 00 00 88 00
00 00 00 88 00 00 00 00 88 00 00 70 41 88 00 00
[22:15:09.973] [INFO] [latency] READ 64 byte(s):
00 3F 88 00 00 48 42 88 00 00 F0 40 88 00 00 00
00 88 00 00 40 40 88 00 00 D0 40 88 00 00 00 00
88 00 00 00 00 88 00 00 C0 40 88 00 00 00 00 88
00 00 70 41 88 00 00 00 3F 88 00 00 48 42 88 00
[22:15:09.975] [INFO] [latency] READ 64 byte(s):
00 F0 40 88 00 00 00 00 88 00 00 70 41 88 00 00
00 3F 88 00 00 48 42 88 00 00 C8 41 88 00 00 F0
40 88 00 00 00 00 88 00 00 40 40 88 00 00 B4 43
88 00 00 F0 42 88 00 00 48 42 88 00 00 A0 40 88
[22:15:09.977] [INFO] [latency] READ 64 byte(s):
00 00 80 3F 88 00 00 00 00 88 00 00 00 00 88 00
00 00 00 88 00 00 10 41 88 00 00 AF 43 88 00 00
A0 41 88 00 00 00 00 88 00 00 48 42 88 00 00 00
00 88 00 00 10 41 88 00 00 AF 43 88 00 00 A0 41
[22:15:09.981] [INFO] [latency] READ 64 byte(s):
88 00 00 00 00 88 00 00 48 42 BA 6D 88 00 00 00
00 88 00 00 00 00 88 00 00 C8 C2 88 00 00 A0 41
88 00 00 70 C2 88 00 00 80 3F 88 00 00 00 00 88
00 00 00 00 88 00 00 00 00 88 00 00 A0 40 88 00
[22:15:09.983] [INFO] [latency] READ 64 byte(s):
00 80 3F 88 00 00 A0 40 88 00 00 96 43 88 00 00
A0 40 88 33 33 33 3F 88 00 80 3B 44 88 00 00 A0
40 88 00 80 ED 44 88 00 00 80 3F 88 00 00 00 00
88 00 00 A0 40 88 00 00 A0 40 88 00 00 C8 42 88
[22:15:09.985] [INFO] [latency] READ 64 byte(s):
00 00 80 3F 88 00 00 00 00 88 00 00 C8 41 88 00
00 A0 40 88 00 00 00 00 88 00 00 C0 3F 88 00 00
00 00 88 00 00 80 3F 88 00 00 C0 3F 88 00 00 00
00 88 00 00 00 00 88 00 00 A0 40 88 00 00 A0 40
[22:15:09.986] [INFO] [latency] READ 64 byte(s):
88 00 00 80 3F 88 00 00 00 00 88 00 00 80 40 88
00 00 A0 40 88 00 00 00 00 88 00 00 00 00 88 00
00 F0 41 88 00 00 A0 40 88 00 00 00 00 88 00 00
00 00 88 00 00 F0 41 88 00 00 A0 40 88 00 00 00
[22:15:09.989] [INFO] [latency] READ 64 byte(s):
00 88 00 00 00 00 88 00 00 F0 41 88 00 00 A0 40
88 00 00 00 00 88 00 00 00 00 88 00 00 F0 41 88
00 00 A0 40 88 00 00 00 00 88 00 00 00 00 88 00
00 F0 41 88 00 00 A0 40 88 00 00 00 00 88 00 00
[22:15:09.992] [INFO] [latency] READ 64 byte(s):
00 00 88 00 00 F0 41 88 00 00 80 3F 88 00 00 00
00 88 00 00 00 00 88 00 00 00 00 88 00 00 70 41
88 00 00 00 3F 88 00 00 48 42 88 00 00 F0 40 88
00 00 00 00 88 00 00 40 40 88 00 00 D0 40 88 00
[22:15:09.993] [INFO] [latency] READ 64 byte(s):
00 00 00 88 00 00 00 00 88 00 00 C0 40 88 00 00
00 00 88 00 00 70 41 88 00 00 00 3F 88 00 00 48
42 88 00 00 F0 40 88 00 00 00 00 88 00 00 70 41
88 00 00 00 3F 88 00 00 48 42 88 00 00 C8 41 88
[22:15:09.995] [INFO] [latency] READ 64 byte(s):
00 00 F0 40 88 00 00 00 00 88 00 00 40 40 88 00
00 B4 43 88 00 00 F0 42 88 00 00 48 42 88 00 00
A0 40 88 00 00 80 3F 88 00 00 00 00 88 00 00 00
00 88 00 00 00 00 88 00 00 10 41 88 00 00 AF 43
[22:15:09.997] [INFO] [latency] READ 64 byte(s):
88 00 00 A0 41 88 00 00 00 00 88 00 00 48 42 88
00 00 00 00 88 00 00 10 41 88 00 00 AF 43 88 00
00 A0 41 88 00 00 00 00 88 00 00 48 42 B9 0D B9
02 BC 21 00 6B 01 BC DE C0 C7 BA 72 C3 F8 BA B6
[22:15:09.999] [INFO] [latency] READ 64 byte(s):
3B D5 BB F8 23 DF BB E4 BE 15 BC 1B 94 32 BC B2
3B 1C BC 83 00 B9 02 BC 0B 32 30 32 36 2D 30 32
2D 31 34 00 0A B9 02 BC 21 48 49 2D 47 41 49 4E
00 8A 8B 74 BB 19 F5 72 3B 33 6A A2 BB 70 BA 7D
[22:15:10.000] [INFO] [latency] READ 64 byte(s):
5E BC 7F 46 4F BC 1A 89 24 BC 3F 07 B9 02 BC 21
4E 6F 6E 65 00 25 77 3B 3B 80 28 3C D6 D7 6F BA
68 80 CA BB A4 E0 C3 B9 95 0D 92 3B 39 B4 95 BB
DA 04 B9 02 BC 21 4E 6F 6E 65 00 8E 3B BA E0 F1
[22:15:10.002] [INFO] [latency] READ 64 byte(s):
00 BB 16 33 24 BA FD 13 07 BB E5 23 28 BC 94 CD
18 BC AE D2 76 BB 07 04 B9 02 BC 21 4E 6F 6E 65
00 AB 34 BB 6E 56 B8 BA B4 66 AF B9 BB D3 2A 3C
8D EB 01 3C CC 1B 16 BB 72 9C 2D BB FC 04 B9 02
[22:15:10.005] [INFO] [latency] READ 64 byte(s):
BC 21 4E 6F 6E 65 00 4C 62 BB CC 71 79 BC F5 13
00 BC F8 41 15 3C C8 A3 23 3C 62 37 FC 3B 4D 46
C1 3B 24 04 B9 02 BC 21 00 29 45 BC 3C 2B 32 BC
90 40 67 B9 CA EB F2 3B 48 4C 80 3A D3 16 3E 3C
[22:15:10.008] [INFO] [latency] READ 64 byte(s):
75 CC 53 3C CB 67 10 BC 8E 00 B9 02 BC 21 00 C9
B8 BB A4 03 37 3C CF 5F CA 3C 90 EC 8C 3C 78 96
59 3C E8 47 4B 3B B9 CA 30 BB D2 B5 11 BC 60 00
B9 02 BC 21 00 5D 04 3C D6 60 33 3C EB 46 2C 3C
[22:15:10.010] [INFO] [latency] READ 64 byte(s):
3F BF 1F 3C 38 37 23 B9 7C 60 16 3C 92 C6 60 3B
82 C0 CD 3B 7D 5E 00 B9 02 BC 21 00 18 0F 3C DC
40 3F 3C 3B 93 59 3C 43 BC D3 3B FC F6 C9 3B A1
78 25 BC 4B 6D CB 3B 63 D5 08 3C 0E 00 B9 02 BC
[22:15:10.012] [INFO] [latency] READ 64 byte(s):
21 00 57 91 BC ED 04 58 BC CC AA 6E BB 91 67 1C
BC B5 53 17 BC D2 12 9F 3C 93 4D C0 3B EA 28 5D
BB 94 00 B9 02 BC 41 00 77 0D 3D 41 4E 1D 3D AE
E8 3F BC E0 AA 19 3D 28 89 CB 3C B1 9F 71 BB F7
[22:15:10.014] [INFO] [latency] READ 44 byte(s):
66 2C BD 80 30 0D BC 96 1B A0 BC 97 66 D3 BC 8E
A2 74 3B 15 61 88 BC 0B F2 99 BC AB 90 17 BC 5E
DF 9A 8B 12 99 00 00 72 00 A2 15 7E
[22:15:10.018] [INFO] [latency] WRITE 21 byte(s):
7E B9 03 81 00 03 82 06 00 80 0B 03 B9 04 0B 01
01 00 10 3E 7E
[22:15:10.024] [INFO] [latency] READ 64 byte(s):
7E B9 03 81 04 03 81 9D 08 0B B9 03 01 01 B9 04
B9 02 BC 21 50 75 73 68 65 64 20 54 72 69 70 6C
65 00 00 00 00 00 00 00 00 00 00 00 00 00 00 00
00 00 00 00 00 0D BA 02 88 00 00 00 00 88 00 00
[22:15:10.026] [INFO] [latency] READ 64 byte(s):
F0 42 BA 03 BA 6D 88 00 00 00 00 88 00 00 00 00
88 00 00 C8 C2 88 00 00 A0 41 88 00 00 70 C2 88
00 00 80 3F 88 00 00 00 00 88 00 00 00 00 88 00
00 00 00 88 00 00 A0 40 88 00 00 80 3F 88 00 00
[22:15:10.028] [INFO] [latency] READ 64 byte(s):
A0 40 88 00 00 96 43 88 00 00 A0 40 88 33 33 33
3F 88 00 80 3B 44 88 00 00 A0 40 88 00 80 ED 44
88 00 00 80 3F 88 00 00 00 00 88 00 00 A0 40 88
CD CC BC 40 88 00 00 C8 42 88 00 00 80 3F 88 00
[22:15:10.030] [INFO] [latency] READ 64 byte(s):
00 00 00 88 00 00 C8 41 88 00 00 A0 40 88 00 00
00 00 88 00 00 C0 3F 88 00 00 00 00 88 00 00 80
3F 88 00 00 C0 3F 88 00 00 00 00 88 00 00 00 00
88 00 00 A0 40 88 00 00 A0 40 88 00 00 80 3F 88
[22:15:10.032] [INFO] [latency] READ 64 byte(s):
00 00 00 00 88 00 00 80 40 88 00 00 A0 40 88 00
00 00 00 88 00 00 00 00 88 00 00 F0 41 88 00 00
A0 40 88 00 00 00 00 88 00 00 00 00 88 00 00 F0
41 88 00 00 A0 40 88 00 00 00 00 88 00 00 00 00
[22:15:10.036] [INFO] [latency] READ 64 byte(s):
88 00 00 F0 41 88 00 00 A0 40 88 00 00 00 00 88
00 00 00 00 88 00 00 F0 41 88 00 00 A0 40 88 00
00 00 00 88 00 00 00 00 88 00 00 F0 41 88 00 00
A0 40 88 00 00 00 00 88 00 00 00 00 88 00 00 F0
[22:15:10.038] [INFO] [latency] READ 64 byte(s):
41 88 00 00 80 3F 88 00 00 00 00 88 00 00 00 00
88 00 00 00 00 88 00 00 70 41 88 00 00 00 3F 88
00 00 48 42 88 00 00 F0 40 88 00 00 00 00 88 00
00 40 40 88 00 00 D0 40 88 00 00 00 00 88 00 00
[22:15:10.041] [INFO] [latency] READ 64 byte(s):
00 00 88 00 00 C0 40 88 00 00 00 00 88 00 00 70
41 88 00 00 00 3F 88 00 00 48 42 88 00 00 F0 40
88 00 00 00 00 88 00 00 70 41 88 00 00 00 3F 88
00 00 48 42 88 00 00 C8 41 88 00 00 F0 40 88 00
[22:15:10.044] [INFO] [latency] READ 64 byte(s):
00 00 00 88 00 00 40 40 88 00 00 B4 43 88 00 00
F0 42 88 00 00 48 42 88 00 00 A0 40 88 00 00 80
3F 88 00 00 00 00 88 00 00 00 00 88 00 00 00 00
88 00 00 10 41 88 00 00 AF 43 88 00 00 A0 41 88
[22:15:10.047] [INFO] [latency] READ 64 byte(s):
00 00 00 00 88 00 00 48 42 88 00 00 00 00 88 00
00 10 41 88 00 00 AF 43 88 00 00 A0 41 88 00 00
00 00 88 00 00 48 42 BA 6D 88 00 00 00 00 88 00
00 00 00 88 00 00 C8 C2 88 00 00 A0 41 88 00 00
[22:15:10.050] [INFO] [latency] READ 64 byte(s):
70 C2 88 00 00 80 3F 88 00 00 00 00 88 00 00 00
00 88 00 00 00 00 88 00 00 A0 40 88 00 00 80 3F
88 00 00 A0 40 88 00 00 96 43 88 00 00 A0 40 88
33 33 33 3F 88 00 80 3B 44 88 00 00 A0 40 88 00
[22:15:10.054] [INFO] [latency] READ 64 byte(s):
80 ED 44 88 00 00 80 3F 88 00 00 00 00 88 00 00
A0 40 88 00 00 A0 40 88 00 00 C8 42 88 00 00 80
3F 88 00 00 00 00 88 00 00 C8 41 88 00 00 A0 40
88 00 00 00 00 88 00 00 C0 3F 88 00 00 00 00 88
[22:15:10.058] [INFO] [latency] READ 64 byte(s):
00 00 80 3F 88 00 00 C0 3F 88 00 00 00 00 88 00
00 00 00 88 00 00 A0 40 88 00 00 A0 40 88 00 00
80 3F 88 00 00 00 00 88 00 00 80 40 88 00 00 A0
40 88 00 00 00 00 88 00 00 00 00 88 00 00 F0 41
[22:15:10.062] [INFO] [latency] READ 64 byte(s):
88 00 00 A0 40 88 00 00 00 00 88 00 00 00 00 88
00 00 F0 41 88 00 00 A0 40 88 00 00 00 00 88 00
00 00 00 88 00 00 F0 41 88 00 00 A0 40 88 00 00
00 00 88 00 00 00 00 88 00 00 F0 41 88 00 00 A0
[22:15:10.064] [INFO] [latency] READ 64 byte(s):
40 88 00 00 00 00 88 00 00 00 00 88 00 00 F0 41
88 00 00 A0 40 88 00 00 00 00 88 00 00 00 00 88
00 00 F0 41 88 00 00 80 3F 88 00 00 00 00 88 00
00 00 00 88 00 00 00 00 88 00 00 70 41 88 00 00
[22:15:10.066] [INFO] [latency] READ 64 byte(s):
00 3F 88 00 00 48 42 88 00 00 F0 40 88 00 00 00
00 88 00 00 40 40 88 00 00 D0 40 88 00 00 00 00
88 00 00 00 00 88 00 00 C0 40 88 00 00 00 00 88
00 00 70 41 88 00 00 00 3F 88 00 00 48 42 88 00
[22:15:10.068] [INFO] [latency] READ 64 byte(s):
00 F0 40 88 00 00 00 00 88 00 00 70 41 88 00 00
00 3F 88 00 00 48 42 88 00 00 C8 41 88 00 00 F0
40 88 00 00 00 00 88 00 00 40 40 88 00 00 B4 43
88 00 00 F0 42 88 00 00 48 42 88 00 00 A0 40 88
[22:15:10.070] [INFO] [latency] READ 64 byte(s):
00 00 80 3F 88 00 00 00 00 88 00 00 00 00 88 00
00 00 00 88 00 00 10 41 88 00 00 AF 43 88 00 00
A0 41 88 00 00 00 00 88 00 00 48 42 88 00 00 00
00 88 00 00 10 41 88 00 00 AF 43 88 00 00 A0 41
[22:15:10.072] [INFO] [latency] READ 64 byte(s):
88 00 00 00 00 88 00 00 48 42 BA 6D 88 00 00 00
00 88 00 00 00 00 88 00 00 C8 C2 88 00 00 A0 41
88 00 00 70 C2 88 00 00 80 3F 88 00 00 00 00 88
00 00 00 00 88 00 00 00 00 88 00 00 A0 40 88 00
[22:15:10.080] [INFO] [latency] READ 64 byte(s):
00 80 3F 88 00 00 A0 40 88 00 00 96 43 88 00 00
A0 40 88 33 33 33 3F 88 00 80 3B 44 88 00 00 A0
40 88 00 80 ED 44 88 00 00 80 3F 88 00 00 00 00
88 00 00 A0 40 88 00 00 A0 40 88 00 00 C8 42 88
[22:15:10.082] [INFO] [latency] READ 64 byte(s):
00 00 80 3F 88 00 00 00 00 88 00 00 C8 41 88 00
00 A0 40 88 00 00 00 00 88 00 00 C0 3F 88 00 00
00 00 88 00 00 80 3F 88 00 00 C0 3F 88 00 00 00
00 88 00 00 00 00 88 00 00 A0 40 88 00 00 A0 40
[22:15:10.085] [INFO] [latency] READ 64 byte(s):
88 00 00 80 3F 88 00 00 00 00 88 00 00 80 40 88
00 00 A0 40 88 00 00 00 00 88 00 00 00 00 88 00
00 F0 41 88 00 00 A0 40 88 00 00 00 00 88 00 00
00 00 88 00 00 F0 41 88 00 00 A0 40 88 00 00 00
[22:15:10.086] [INFO] [latency] READ 64 byte(s):
00 88 00 00 00 00 88 00 00 F0 41 88 00 00 A0 40
88 00 00 00 00 88 00 00 00 00 88 00 00 F0 41 88
00 00 A0 40 88 00 00 00 00 88 00 00 00 00 88 00
00 F0 41 88 00 00 A0 40 88 00 00 00 00 88 00 00
[22:15:10.089] [INFO] [latency] READ 64 byte(s):
00 00 88 00 00 F0 41 88 00 00 80 3F 88 00 00 00
00 88 00 00 00 00 88 00 00 00 00 88 00 00 70 41
88 00 00 00 3F 88 00 00 48 42 88 00 00 F0 40 88
00 00 00 00 88 00 00 40 40 88 00 00 D0 40 88 00
[22:15:10.096] [INFO] [latency] READ 64 byte(s):
00 00 00 88 00 00 00 00 88 00 00 C0 40 88 00 00
00 00 88 00 00 70 41 88 00 00 00 3F 88 00 00 48
42 88 00 00 F0 40 88 00 00 00 00 88 00 00 70 41
88 00 00 00 3F 88 00 00 48 42 88 00 00 C8 41 88
[22:15:10.100] [INFO] [latency] READ 64 byte(s):
00 00 F0 40 88 00 00 00 00 88 00 00 40 40 88 00
00 B4 43 88 00 00 F0 42 88 00 00 48 42 88 00 00
A0 40 88 00 00 80 3F 88 00 00 00 00 88 00 00 00
00 88 00 00 00 00 88 00 00 10 41 88 00 00 AF 43
[22:15:10.103] [INFO] [latency] READ 64 byte(s):
88 00 00 A0 41 88 00 00 00 00 88 00 00 48 42 88
00 00 00 00 88 00 00 10 41 88 00 00 AF 43 88 00
00 A0 41 88 00 00 00 00 88 00 00 48 42 B9 0D B9
02 BC 21 00 44 3B BC 36 C0 77 BA 13 01 09 BB 6B
[22:15:10.105] [INFO] [latency] READ 64 byte(s):
36 38 3C FD A6 65 3C C5 85 15 BB 13 A6 86 BB 94
8D CD BA 90 00 B9 02 BC 0B 32 30 32 36 2D 30 32
2D 31 34 00 0A B9 02 BC 21 44 52 49 56 45 00 2F
3B B4 32 E4 39 67 F4 A3 3A 6E 21 1B 3C 98 30 2F
[22:15:10.111] [INFO] [latency] READ 64 byte(s):
3B 7F A4 8C 39 A4 BA BD BB FD 05 B9 02 BC 21 4E
6F 6E 65 00 1A CF BA DC F9 F4 BB 60 87 D5 39 99
BE D5 3B A7 B3 EB 3B 1A 4B D1 3B 59 54 2C 3B A1
04 B9 02 BC 21 4E 6F 6E 65 00 BD 56 BA 30 08 1B
[22:15:10.112] [INFO] [latency] READ 64 byte(s):
B9 E6 EC 2C BB 08 61 E4 BB F1 4B AC BB 2F 2E E0
3B 55 7D 5D 95 3C 37 04 B9 02 BC 21 4E 6F 6E 65
00 74 46 BA F5 96 96 3B BF F8 11 3C 81 E6 81 3C
E6 78 84 3C 78 B0 9C 39 36 A7 4B BC 15 04 B9 02
[22:15:10.114] [INFO] [latency] READ 64 byte(s):
BC 21 4E 6F 6E 65 00 E5 BA 3B 34 4F EF B9 64 BE
02 BC 06 AA 1B BB 5E E1 94 3B E8 FD 44 3B 6F 90
02 3C F2 04 B9 02 BC 21 00 85 AB 3A C2 56 E4 B9
B8 21 0A 38 44 3B 47 B9 95 99 9D BA FD 5E 90 3B
[22:15:10.117] [INFO] [latency] READ 64 byte(s):
F3 3B 3E 3C E0 4D 01 3C D4 00 B9 02 BC 21 00 B0
A7 3B CD C2 7D 5D 3C A8 A2 D6 3B EE 51 62 3B 20
3C B7 3B 6D D6 24 3C 32 C1 0E 3C 09 69 33 BA 90
00 B9 02 BC 21 00 A4 11 3A 70 A0 9B B9 17 FF F3
[22:15:10.119] [INFO] [latency] READ 64 byte(s):
3B AC 1E A4 3B CB 03 AF 3B 7F 5C 8E 3C 20 7C 8B
3C 23 85 0B 3C 3C 00 B9 02 BC 21 00 12 D0 3B 15
7B 83 BB 56 D5 15 BC DE 03 D1 BB 0C 95 17 3A F1
4E 13 3B 18 09 55 3B 74 D8 32 3A 64 00 B9 02 BC
[22:15:10.122] [INFO] [latency] READ 64 byte(s):
21 00 E5 D8 3B 62 B5 97 BB 1F 6D DE BB FC CE 76
BC CE 47 88 BC FB EC 0C BC CD C0 34 BC 18 16 71
BC 49 00 B9 02 BC 41 00 03 E0 BC EE 6A E4 BC 9D
35 CC BC 54 F5 D5 BC 81 EC 88 BC CA 51 8E BC 4B
[22:15:10.125] [INFO] [latency] READ 44 byte(s):
26 93 BC AE BD 77 BC 12 C7 54 BC EE 4B 0C BB 6C
39 31 3C 5C A6 76 BC AE AA BE BC A3 90 F2 BC 5E
DF 9A 8B 12 99 00 00 72 00 DA 96 7E
[22:15:10.133] [INFO] [latency] WRITE 21 byte(s):
7E B9 03 81 00 03 82 06 00 80 0B 03 B9 04 0B 01
02 00 78 14 7E
[22:15:10.139] [INFO] [latency] READ 64 byte(s):
7E B9 03 81 04 03 81 9D 08 0B B9 03 01 02 B9 04
B9 02 BC 21 44 61 72 6B 20 26 20 44 72 69 76 65
6E 00 00 00 00 00 00 00 00 00 00 00 00 00 00 00
00 00 00 00 00 0D BA 02 88 00 00 00 00 88 00 00
[22:15:10.144] [INFO] [latency] READ 64 byte(s):
F0 42 BA 03 BA 6D 88 00 00 00 00 88 00 00 00 00
88 00 00 C8 C2 88 00 00 A0 41 88 00 00 70 C2 88
00 00 80 3F 88 00 00 00 00 88 00 00 00 00 88 00
00 00 00 88 00 00 A0 40 88 00 00 80 3F 88 CD CC
[22:15:10.151] [INFO] [latency] READ 64 byte(s):
6C 40 88 00 00 96 43 88 00 00 A0 40 88 33 33 33
3F 88 00 80 3B 44 88 00 00 20 41 88 00 80 ED 44
88 00 00 80 3F 88 00 00 00 00 88 00 00 A0 40 88
9A 99 A9 40 88 00 00 C8 42 88 00 00 80 3F 88 00
[22:15:10.158] [INFO] [latency] READ 64 byte(s):
00 00 40 88 00 00 C8 41 88 00 00 A0 40 88 00 00
00 00 88 00 00 C0 3F 88 00 00 00 00 88 00 00 80
3F 88 00 00 C0 3F 88 00 00 00 00 88 00 00 00 00
88 00 00 A0 40 88 9A 99 B9 40 88 00 00 80 3F 88
[22:15:10.167] [INFO] [latency] READ 64 byte(s):
00 00 00 00 88 00 00 80 40 88 00 00 A0 40 88 00
00 00 00 88 00 00 00 00 88 00 00 F0 41 88 00 00
A0 40 88 00 00 00 00 88 00 00 00 00 88 00 00 F0
41 88 00 00 A0 40 88 00 00 00 00 88 00 00 00 00
[22:15:10.174] [INFO] [latency] READ 64 byte(s):
88 00 00 F0 41 88 00 00 A0 40 88 00 00 00 00 88
00 00 00 00 88 00 00 F0 41 88 00 00 A0 40 88 00
00 00 00 88 00 00 00 00 88 00 00 F0 41 88 00 00
A0 40 88 00 00 00 00 88 00 00 00 00 88 00 00 F0
[22:15:10.178] [INFO] [latency] READ 64 byte(s):
41 88 00 00 80 3F 88 00 00 00 00 88 00 00 00 00
88 00 00 00 00 88 00 00 70 41 88 FF FF FF 3E 88
00 00 48 42 88 00 00 F0 40 88 00 00 00 00 88 00
00 40 40 88 00 00 D0 40 88 00 00 00 00 88 00 00
[22:15:10.184] [INFO] [latency] READ 64 byte(s):
00 00 88 00 00 C0 40 88 00 00 00 00 88 00 00 70
41 88 FF FF FF 3E 88 00 00 48 42 88 00 00 F0 40
88 00 00 00 00 88 00 00 70 41 88 FF FF FF 3E 88
00 00 48 42 88 00 00 C8 41 88 00 00 F0 40 88 00
[22:15:10.188] [INFO] [latency] READ 64 byte(s):
00 00 00 88 00 00 40 40 88 00 00 B4 43 88 00 00
F0 42 88 00 00 48 42 88 00 00 A0 40 88 00 00 80
3F 88 00 00 00 00 88 00 00 00 00 88 00 00 00 00
88 00 00 10 41 88 00 00 AF 43 88 00 00 A0 41 88
[22:15:10.191] [INFO] [latency] READ 64 byte(s):
00 00 00 00 88 00 00 48 42 88 00 00 00 00 88 00
00 10 41 88 00 00 AF 43 88 00 00 A0 41 88 00 00
00 00 88 00 00 48 42 BA 6D 88 00 00 00 00 88 00
00 00 00 88 00 00 C8 C2 88 00 00 A0 41 88 00 00
[22:15:10.198] [INFO] [latency] READ 64 byte(s):
70 C2 88 00 00 80 3F 88 00 00 00 00 88 00 00 00
00 88 00 00 00 00 88 00 00 A0 40 88 00 00 80 3F
88 00 00 A0 40 88 00 00 96 43 88 00 00 A0 40 88
33 33 33 3F 88 00 80 3B 44 88 00 00 A0 40 88 00
[22:15:10.201] [INFO] [latency] READ 64 byte(s):
80 ED 44 88 00 00 80 3F 88 00 00 00 00 88 00 00
A0 40 88 00 00 A0 40 88 00 00 C8 42 88 00 00 80
3F 88 00 00 00 00 88 00 00 C8 41 88 00 00 A0 40
88 00 00 00 00 88 00 00 C0 3F 88 00 00 00 00 88
[22:15:10.205] [INFO] [latency] READ 64 byte(s):
00 00 80 3F 88 00 00 C0 3F 88 00 00 00 00 88 00
00 00 00 88 00 00 A0 40 88 00 00 A0 40 88 00 00
80 3F 88 00 00 00 00 88 00 00 80 40 88 00 00 A0
40 88 00 00 00 00 88 00 00 00 00 88 00 00 F0 41
[22:15:10.208] [INFO] [latency] READ 64 byte(s):
88 00 00 A0 40 88 00 00 00 00 88 00 00 00 00 88
00 00 F0 41 88 00 00 A0 40 88 00 00 00 00 88 00
00 00 00 88 00 00 F0 41 88 00 00 A0 40 88 00 00
00 00 88 00 00 00 00 88 00 00 F0 41 88 00 00 A0
[22:15:10.210] [INFO] [latency] READ 64 byte(s):
40 88 00 00 00 00 88 00 00 00 00 88 00 00 F0 41
88 00 00 A0 40 88 00 00 00 00 88 00 00 00 00 88
00 00 F0 41 88 00 00 80 3F 88 00 00 00 00 88 00
00 00 00 88 00 00 00 00 88 00 00 70 41 88 00 00
[22:15:10.212] [INFO] [latency] READ 64 byte(s):
00 3F 88 00 00 48 42 88 00 00 F0 40 88 00 00 00
00 88 00 00 40 40 88 00 00 D0 40 88 00 00 00 00
88 00 00 00 00 88 00 00 C0 40 88 00 00 00 00 88
00 00 70 41 88 00 00 00 3F 88 00 00 48 42 88 00
[22:15:10.215] [INFO] [latency] READ 64 byte(s):
00 F0 40 88 00 00 00 00 88 00 00 70 41 88 00 00
00 3F 88 00 00 48 42 88 00 00 C8 41 88 00 00 F0
40 88 00 00 00 00 88 00 00 40 40 88 00 00 B4 43
88 00 00 F0 42 88 00 00 48 42 88 00 00 A0 40 88
[22:15:10.217] [INFO] [latency] READ 64 byte(s):
00 00 80 3F 88 00 00 00 00 88 00 00 00 00 88 00
00 00 00 88 00 00 10 41 88 00 00 AF 43 88 00 00
A0 41 88 00 00 00 00 88 00 00 48 42 88 00 00 00
00 88 00 00 10 41 88 00 00 AF 43 88 00 00 A0 41
[22:15:10.220] [INFO] [latency] READ 64 byte(s):
88 00 00 00 00 88 00 00 48 42 BA 6D 88 00 00 00
00 88 00 00 00 00 88 00 00 C8 C2 88 00 00 A0 41
88 00 00 70 C2 88 00 00 80 3F 88 00 00 00 00 88
00 00 00 00 88 00 00 00 00 88 00 00 A0 40 88 00
[22:15:10.224] [INFO] [latency] READ 64 byte(s):
00 80 3F 88 00 00 A0 40 88 00 00 96 43 88 00 00
A0 40 88 33 33 33 3F 88 00 80 3B 44 88 00 00 A0
40 88 00 80 ED 44 88 00 00 80 3F 88 00 00 00 00
88 00 00 A0 40 88 00 00 A0 40 88 00 00 C8 42 88
[22:15:10.227] [INFO] [latency] READ 64 byte(s):
00 00 80 3F 88 00 00 00 00 88 00 00 C8 41 88 00
00 A0 40 88 00 00 00 00 88 00 00 C0 3F 88 00 00
00 00 88 00 00 80 3F 88 00 00 C0 3F 88 00 00 00
00 88 00 00 00 00 88 00 00 A0 40 88 00 00 A0 40
[22:15:10.230] [INFO] [latency] READ 64 byte(s):
88 00 00 80 3F 88 00 00 00 00 88 00 00 80 40 88
00 00 A0 40 88 00 00 00 00 88 00 00 00 00 88 00
00 F0 41 88 00 00 A0 40 88 00 00 00 00 88 00 00
00 00 88 00 00 F0 41 88 00 00 A0 40 88 00 00 00
[22:15:10.232] [INFO] [latency] READ 64 byte(s):
00 88 00 00 00 00 88 00 00 F0 41 88 00 00 A0 40
88 00 00 00 00 88 00 00 00 00 88 00 00 F0 41 88
00 00 A0 40 88 00 00 00 00 88 00 00 00 00 88 00
00 F0 41 88 00 00 A0 40 88 00 00 00 00 88 00 00
[22:15:10.234] [INFO] [latency] READ 64 byte(s):
00 00 88 00 00 F0 41 88 00 00 80 3F 88 00 00 00
00 88 00 00 00 00 88 00 00 00 00 88 00 00 70 41
88 00 00 00 3F 88 00 00 48 42 88 00 00 F0 40 88
00 00 00 00 88 00 00 40 40 88 00 00 D0 40 88 00
[22:15:10.237] [INFO] [latency] READ 64 byte(s):
00 00 00 88 00 00 00 00 88 00 00 C0 40 88 00 00
00 00 88 00 00 70 41 88 00 00 00 3F 88 00 00 48
42 88 00 00 F0 40 88 00 00 00 00 88 00 00 70 41
88 00 00 00 3F 88 00 00 48 42 88 00 00 C8 41 88
[22:15:10.238] [INFO] [latency] READ 64 byte(s):
00 00 F0 40 88 00 00 00 00 88 00 00 40 40 88 00
00 B4 43 88 00 00 F0 42 88 00 00 48 42 88 00 00
A0 40 88 00 00 80 3F 88 00 00 00 00 88 00 00 00
00 88 00 00 00 00 88 00 00 10 41 88 00 00 AF 43
[22:15:10.241] [INFO] [latency] READ 64 byte(s):
88 00 00 A0 41 88 00 00 00 00 88 00 00 48 42 88
00 00 00 00 88 00 00 10 41 88 00 00 AF 43 88 00
00 A0 41 88 00 00 00 00 88 00 00 48 42 B9 0D B9
02 BC 21 00 0A F7 3A 94 5B 21 3C 55 FA C5 3B 10
[22:15:10.243] [INFO] [latency] READ 64 byte(s):
41 E0 3B 10 F3 77 BB EC 3E 25 BC 47 DA 2E BC C0
FD BA BB FE 00 B9 02 BC 0B 32 30 32 35 2D 31 31
2D 32 38 00 0A B9 02 BC 21 48 49 2D 47 41 49 4E
00 1B 01 8D 3C 07 57 60 3C A7 CE 54 3C 52 9A 1C
[22:15:10.248] [INFO] [latency] READ 64 byte(s):
3C 64 EA 9D 3A 90 00 46 BA DD 07 B9 02 BC 21 4E
6F 6E 65 00 0C E5 3B 87 4A D2 3C 4B 89 E1 3C EA
24 C3 3C AE 42 18 3C 01 21 11 BB 5D 09 9A BB BE
04 B9 02 BC 21 4E 6F 6E 65 00 79 36 BC DE EE 25
[22:15:10.250] [INFO] [latency] READ 64 byte(s):
BB BE 35 6A BB 8D 61 97 BA 17 2A B6 BB 71 3C 79
BC 94 00 63 BC 33 04 B9 02 BC 21 4E 6F 6E 65 00
CA 88 BC D0 24 73 BC 4C 91 BD BC 4C AF A0 BC 5B
51 9B BC 79 13 5E BC 44 41 5E BC C6 04 B9 02 BC
[22:15:10.252] [INFO] [latency] READ 64 byte(s):
21 4E 6F 6E 65 00 4B 94 BC AC BE 6B BC 2A 61 CE
BC 8D 29 E7 BC 5B D6 16 BD A5 DB 11 BD F9 7B E8
BC A2 04 B9 02 BC 21 00 40 08 BD 45 F5 3B BD F7
C9 30 BD C9 39 3E BD DC 6E 0B BD 87 DC AA BC F5
[22:15:10.255] [INFO] [latency] READ 64 byte(s):
36 93 BC 25 19 BB BC 08 00 B9 02 BC 21 00 5A 13
BD 5D E7 D3 BC 5D 96 62 BC 75 8E 84 BC 87 A4 E7
BC 1B 06 1B BD 93 D2 2B BD 95 7C 2B BD CE 00 B9
02 BC 21 00 5A DF BC 3C FC F0 BC 3B D6 DD BC 14
[22:15:10.258] [INFO] [latency] READ 64 byte(s):
52 D4 BC 77 02 0B BD 2B E2 0E BD CC 1B 21 BD 22
92 11 BD 84 00 B9 02 BC 21 00 CA 00 BD CF D1 B0
BC E7 A0 BF BC D3 C9 F2 BC 08 11 52 BD D0 5B 72
BD 0F 22 77 BD 32 CE 52 BD 31 00 B9 02 BC 21 00
[22:15:10.260] [INFO] [latency] READ 64 byte(s):
C8 BD BC AC 70 D5 BC C8 23 15 BD 61 A7 0C BD 9B
BA 17 BD BF 92 14 BD 8C BD 29 BD CD 4F 44 BD 16
00 B9 02 BC 41 00 3D C3 BC B1 A7 CC BC F1 DE A4
BB BB 46 36 3B 28 15 6E 3C AB 6E 06 3B 5E B6 96
[22:15:10.264] [INFO] [latency] READ 43 byte(s):
3B DC 2A CF BB 48 63 81 3B 9A 46 60 BB 3E EA 0B
3B 08 D6 CA BB 99 72 7D 5E 3B E9 80 F9 BB F5 A3
AB BB 80 65 00 00 72 00 69 A9 7E
[22:15:10.269] [INFO] [latency] WRITE 21 byte(s):
7E B9 03 81 00 03 82 06 00 80 0B 03 B9 04 0B 01
03 00 A0 0D 7E
[22:15:10.278] [INFO] [latency] READ 64 byte(s):
7E B9 03 81 04 03 81 9D 08 0B B9 03 01 03 B9 04
B9 02 BC 21 53 75 70 65 72 20 53 68 72 65 64 64
69 6E 67 00 00 00 00 00 00 00 00 00 00 00 00 00
00 00 00 00 00 0F BA 02 88 00 00 00 00 88 00 00
[22:15:10.287] [INFO] [latency] READ 64 byte(s):
F0 42 BA 03 BA 6D 88 00 00 00 00 88 00 00 80 3F
88 00 00 C8 C2 88 00 00 A0 41 88 00 00 70 C2 88
00 00 80 3F 88 00 00 00 00 88 00 00 00 00 88 00
00 00 00 88 00 00 A0 40 88 00 00 80 3F 88 00 00
[22:15:10.290] [INFO] [latency] READ 64 byte(s):
A0 40 88 00 00 96 43 88 9A 99 99 40 88 33 33 33
3F 88 00 80 3B 44 88 9A 99 A9 40 88 00 80 ED 44
88 00 00 80 3F 88 00 00 00 00 88 00 00 A0 40 88
00 00 20 41 88 00 00 C8 42 88 00 00 80 3F 88 00
[22:15:10.293] [INFO] [latency] READ 64 byte(s):
00 00 00 88 00 00 C8 41 88 00 00 A0 40 88 00 00
00 00 88 00 00 C0 3F 88 00 00 00 00 88 00 00 80
3F 88 00 00 C0 3F 88 00 00 00 00 88 00 00 00 00
88 00 00 A0 40 88 00 00 A0 40 88 00 00 80 3F 88
[22:15:10.298] [INFO] [latency] READ 64 byte(s):
00 00 00 00 88 00 00 80 40 88 00 00 A0 40 88 00
00 00 00 88 00 00 00 00 88 00 00 F0 41 88 00 00
A0 40 88 00 00 00 00 88 00 00 00 00 88 00 00 F0
41 88 00 00 A0 40 88 00 00 00 00 88 00 00 00 00
[22:15:10.301] [INFO] [latency] READ 64 byte(s):
88 00 00 F0 41 88 00 00 A0 40 88 00 00 00 00 88
00 00 00 00 88 00 00 F0 41 88 00 00 A0 40 88 00
00 00 00 88 00 00 00 00 88 00 00 F0 41 88 00 00
A0 40 88 00 00 00 00 88 00 00 00 00 88 00 00 F0
[22:15:10.304] [INFO] [latency] READ 64 byte(s):
41 88 00 00 80 3F 88 00 00 00 00 88 00 00 00 00
88 00 00 00 00 88 00 00 70 41 88 00 00 00 3F 88
00 00 48 42 88 00 00 F0 40 88 00 00 00 00 88 00
00 40 40 88 00 00 D0 40 88 00 00 00 00 88 00 00
[22:15:10.310] [INFO] [latency] READ 64 byte(s):
00 00 88 00 00 C0 40 88 00 00 00 00 88 00 00 70
41 88 00 00 00 3F 88 00 00 48 42 88 00 00 F0 40
88 00 00 00 00 88 00 00 70 41 88 00 00 00 3F 88
00 00 48 42 88 00 00 C8 41 88 00 00 F0 40 88 00
[22:15:10.314] [INFO] [latency] READ 64 byte(s):
00 00 00 88 00 00 40 40 88 00 00 B4 43 88 00 00
F0 42 88 00 00 48 42 88 00 00 A0 40 88 00 00 80
3F 88 00 00 00 00 88 00 00 00 00 88 00 00 00 00
88 00 00 10 41 88 00 00 AF 43 88 00 00 A0 41 88
[22:15:10.317] [INFO] [latency] READ 64 byte(s):
00 00 00 00 88 00 00 48 42 88 00 00 00 00 88 00
00 10 41 88 00 00 AF 43 88 00 00 A0 41 88 00 00
00 00 88 00 00 48 42 BA 6D 88 00 00 00 00 88 00
00 00 00 88 00 00 C8 C2 88 00 00 A0 41 88 00 00
[22:15:10.319] [INFO] [latency] READ 64 byte(s):
70 C2 88 00 00 80 3F 88 00 00 00 00 88 00 00 00
00 88 00 00 00 00 88 00 00 A0 40 88 00 00 80 3F
88 00 00 A0 40 88 00 00 96 43 88 00 00 A0 40 88
33 33 33 3F 88 00 80 3B 44 88 00 00 A0 40 88 00
[22:15:10.322] [INFO] [latency] READ 64 byte(s):
80 ED 44 88 00 00 80 3F 88 00 00 00 00 88 00 00
A0 40 88 00 00 A0 40 88 00 00 C8 42 88 00 00 80
3F 88 00 00 00 00 88 00 00 C8 41 88 00 00 A0 40
88 00 00 00 00 88 00 00 C0 3F 88 00 00 00 00 88
[22:15:10.328] [INFO] [latency] READ 64 byte(s):
00 00 80 3F 88 00 00 C0 3F 88 00 00 00 00 88 00
00 00 00 88 00 00 A0 40 88 00 00 A0 40 88 00 00
80 3F 88 00 00 00 00 88 00 00 80 40 88 00 00 A0
40 88 00 00 00 00 88 00 00 00 00 88 00 00 F0 41
[22:15:10.330] [INFO] [latency] READ 64 byte(s):
88 00 00 A0 40 88 00 00 00 00 88 00 00 00 00 88
00 00 F0 41 88 00 00 A0 40 88 00 00 00 00 88 00
00 00 00 88 00 00 F0 41 88 00 00 A0 40 88 00 00
00 00 88 00 00 00 00 88 00 00 F0 41 88 00 00 A0
[22:15:10.332] [INFO] [latency] READ 64 byte(s):
40 88 00 00 00 00 88 00 00 00 00 88 00 00 F0 41
88 00 00 A0 40 88 00 00 00 00 88 00 00 00 00 88
00 00 F0 41 88 00 00 80 3F 88 00 00 00 00 88 00
00 00 00 88 00 00 00 00 88 00 00 70 41 88 00 00
[22:15:10.334] [INFO] [latency] READ 64 byte(s):
00 3F 88 00 00 48 42 88 00 00 F0 40 88 00 00 00
00 88 00 00 40 40 88 00 00 D0 40 88 00 00 00 00
88 00 00 00 00 88 00 00 C0 40 88 00 00 00 00 88
00 00 70 41 88 00 00 00 3F 88 00 00 48 42 88 00
[22:15:10.337] [INFO] [latency] READ 64 byte(s):
00 F0 40 88 00 00 00 00 88 00 00 70 41 88 00 00
00 3F 88 00 00 48 42 88 00 00 C8 41 88 00 00 F0
40 88 00 00 00 00 88 00 00 40 40 88 00 00 B4 43
88 00 00 F0 42 88 00 00 48 42 88 00 00 A0 40 88
[22:15:10.340] [INFO] [latency] READ 64 byte(s):
00 00 80 3F 88 00 00 00 00 88 00 00 00 00 88 00
00 00 00 88 00 00 10 41 88 00 00 AF 43 88 00 00
A0 41 88 00 00 00 00 88 00 00 48 42 88 00 00 00
00 88 00 00 10 41 88 00 00 AF 43 88 00 00 A0 41
[22:15:10.342] [INFO] [latency] READ 64 byte(s):
88 00 00 00 00 88 00 00 48 42 BA 6D 88 00 00 00
00 88 00 00 00 00 88 00 00 C8 C2 88 00 00 A0 41
88 00 00 70 C2 88 00 00 80 3F 88 00 00 00 00 88
00 00 00 00 88 00 00 00 00 88 00 00 A0 40 88 00
[22:15:10.348] [INFO] [latency] READ 64 byte(s):
00 80 3F 88 00 00 A0 40 88 00 00 96 43 88 00 00
A0 40 88 33 33 33 3F 88 00 80 3B 44 88 00 00 A0
40 88 00 80 ED 44 88 00 00 80 3F 88 00 00 00 00
88 00 00 A0 40 88 00 00 A0 40 88 00 00 C8 42 88
[22:15:10.350] [INFO] [latency] READ 64 byte(s):
00 00 80 3F 88 00 00 00 00 88 00 00 C8 41 88 00
00 A0 40 88 00 00 00 00 88 00 00 C0 3F 88 00 00
00 00 88 00 00 80 3F 88 00 00 C0 3F 88 00 00 00
00 88 00 00 00 00 88 00 00 A0 40 88 00 00 A0 40
[22:15:10.352] [INFO] [latency] READ 64 byte(s):
88 00 00 80 3F 88 00 00 00 00 88 00 00 80 40 88
00 00 A0 40 88 00 00 00 00 88 00 00 00 00 88 00
00 F0 41 88 00 00 A0 40 88 00 00 00 00 88 00 00
00 00 88 00 00 F0 41 88 00 00 A0 40 88 00 00 00
[22:15:10.354] [INFO] [latency] READ 64 byte(s):
00 88 00 00 00 00 88 00 00 F0 41 88 00 00 A0 40
88 00 00 00 00 88 00 00 00 00 88 00 00 F0 41 88
00 00 A0 40 88 00 00 00 00 88 00 00 00 00 88 00
00 F0 41 88 00 00 A0 40 88 00 00 00 00 88 00 00
[22:15:10.356] [INFO] [latency] READ 64 byte(s):
00 00 88 00 00 F0 41 88 00 00 80 3F 88 00 00 00
00 88 00 00 00 00 88 00 00 00 00 88 00 00 70 41
88 00 00 00 3F 88 00 00 48 42 88 00 00 F0 40 88
00 00 00 00 88 00 00 40 40 88 00 00 D0 40 88 00
[22:15:10.366] [INFO] [latency] READ 64 byte(s):
00 00 00 88 00 00 00 00 88 00 00 C0 40 88 00 00
00 00 88 00 00 70 41 88 00 00 00 3F 88 00 00 48
42 88 00 00 F0 40 88 00 00 00 00 88 00 00 70 41
88 00 00 00 3F 88 00 00 48 42 88 00 00 C8 41 88
[22:15:10.368] [INFO] [latency] READ 64 byte(s):
00 00 F0 40 88 00 00 00 00 88 00 00 40 40 88 00
00 B4 43 88 00 00 F0 42 88 00 00 48 42 88 00 00
A0 40 88 00 00 80 3F 88 00 00 00 00 88 00 00 00
00 88 00 00 00 00 88 00 00 10 41 88 00 00 AF 43
[22:15:10.371] [INFO] [latency] READ 64 byte(s):
88 00 00 A0 41 88 00 00 00 00 88 00 00 48 42 88
00 00 00 00 88 00 00 10 41 88 00 00 AF 43 88 00
00 A0 41 88 00 00 00 00 88 00 00 48 42 B9 0D B9
02 BC 21 00 60 8E BB 70 B9 D8 B9 BB 1C 6C BB 3D
[22:15:10.374] [INFO] [latency] READ 64 byte(s):
CA E7 BB 47 B5 0F BC CE 27 DA BA 78 48 DF 3B 96
8F 84 3C 6D 00 B9 02 BC 0B 32 30 32 36 2D 30 32
2D 31 34 00 0A B9 02 BC 21 48 49 2D 47 41 49 4E
00 FA B2 F9 3B 25 C8 FA 3B AA C3 6D 3C 0A 03 76
[22:15:10.376] [INFO] [latency] READ 64 byte(s):
3C AE 58 91 3B 95 32 1A BB DA 07 B9 02 BC 21 4E
6F 6E 65 00 E6 05 3C 03 79 73 BA 49 11 ED 3A FF
64 75 3C DE 69 18 3C 5E AF 62 B9 B0 03 B5 3A 80
04 B9 02 BC 21 4E 6F 6E 65 00 94 9D 3B EC A1 21
[22:15:10.378] [INFO] [latency] READ 64 byte(s):
3C 1F 96 00 3C 4F 22 2A 3C CA 0D 16 3C 36 1F 1A
3C 3E 10 64 3B BA 04 B9 02 BC 21 4E 6F 6E 65 00
87 4A 3C E2 03 EE 3B C0 15 14 3C E5 26 EC 3B 1A
FF 5B BB 9E 16 FB 3B 8E 85 01 3C 65 04 B9 02 BC
[22:15:10.380] [INFO] [latency] READ 64 byte(s):
21 4E 6F 6E 65 00 16 BB 3B 70 DC F4 BA D7 9B B9
BB A6 87 4B BC 95 19 48 BB 95 74 61 3C 5F 28 8A
3C 82 04 B9 02 BC 21 00 49 B9 3A A4 56 8A BB 33
B5 8E 3B 08 6B 86 3B 84 87 BB 3B 8F 11 3E 3B 58
[22:15:10.381] [INFO] [latency] READ 64 byte(s):
DD EE BB 25 BA D9 BB ED 00 B9 02 BC 21 00 DB D5
BB 0D 00 5E 3B 2A 0A A8 3A 22 78 AC BB E8 76 81
3A E6 36 3D 3C A4 C3 60 BC 4A 21 87 BB 88 00 B9
02 BC 21 00 18 C5 BB 00 EF F5 B7 73 9A A8 3C 7F
[22:15:10.383] [INFO] [latency] READ 64 byte(s):
AB B4 3B 5B C2 AC 3B D8 78 EE 3B 9A BF 90 3C 86
F0 68 3C 1C 00 B9 02 BC 21 00 B1 63 3C 41 B3 D2
BB 74 E0 CB 3A 24 CE 78 3A DE 57 23 3C EC BA 0E
BC 11 AF 65 BA C6 9D 04 BC 12 00 B9 02 BC 21 00
[22:15:10.387] [INFO] [latency] READ 64 byte(s):
07 02 3C AA 1A AE 3B B4 11 56 3A 32 22 FC 3B 26
32 18 3C D5 B3 36 3C 34 3D 2C BC C6 92 0D BD 49
00 B9 02 BC 41 00 E7 43 BB 24 3E 14 BC 32 16 2F
BB 02 B3 2C 3C 48 45 1D BD A3 ED 45 BD 22 F3 EF
[22:15:10.390] [INFO] [latency] READ 42 byte(s):
BC 82 33 1A BD 0C 97 40 BC 38 6B 50 BC CE 27 14
3D B1 DA 80 3D FD 5D 7F 3D 6D C0 29 3B 3D 35 35
21 8A FF 00 00 72 00 3D 87 7E
[22:15:10.393] [INFO] [latency] WRITE 21 byte(s):
7E B9 03 81 00 03 82 06 00 80 0B 03 B9 04 0B 01
04 00 A8 40 7E
[22:15:10.398] [INFO] [latency] READ 64 byte(s):
7E B9 03 81 04 03 81 9D 08 0B B9 03 01 04 B9 04
B9 02 BC 21 54 6F 72 6F 6E 74 6F 27 73 20 42 65
61 73 74 00 00 00 00 00 00 00 00 00 00 00 00 00
00 00 00 00 00 0F BA 02 88 00 00 00 00 88 00 00
[22:15:10.400] [INFO] [latency] READ 64 byte(s):
F0 42 BA 03 BA 6D 88 00 00 00 00 88 00 00 00 00
88 00 00 C8 C2 88 00 00 A0 41 88 00 00 70 C2 88
00 00 80 3F 88 00 00 00 00 88 00 00 00 00 88 00
00 00 00 88 00 00 A0 40 88 00 00 80 3F 88 CD CC
[22:15:10.403] [INFO] [latency] READ 64 byte(s):
DC 40 88 00 00 96 43 88 00 00 A0 40 88 33 33 33
3F 88 00 80 3B 44 88 00 00 A0 40 88 00 80 ED 44
88 00 00 80 3F 88 00 00 80 3F 88 00 00 20 41 88
9A 99 79 40 88 00 00 60 42 88 00 00 80 3F 88 00
[22:15:10.407] [INFO] [latency] READ 64 byte(s):
00 00 40 88 00 00 C8 41 88 00 00 A0 40 88 00 00
00 00 88 00 00 C0 3F 88 00 00 00 00 88 00 00 80
3F 88 00 00 C0 3F 88 00 00 00 00 88 00 00 00 00
88 00 00 A0 40 88 00 00 A0 40 88 00 00 80 3F 88
[22:15:10.410] [INFO] [latency] READ 64 byte(s):
00 00 00 00 88 00 00 80 40 88 00 00 A0 40 88 00
00 00 00 88 00 00 00 00 88 00 00 F0 41 88 00 00
A0 40 88 00 00 00 00 88 00 00 00 00 88 00 00 F0
41 88 00 00 A0 40 88 00 00 00 00 88 00 00 00 00
[22:15:10.413] [INFO] [latency] READ 64 byte(s):
88 00 00 F0 41 88 00 00 A0 40 88 00 00 00 00 88
00 00 00 00 88 00 00 F0 41 88 00 00 A0 40 88 00
00 00 00 88 00 00 00 00 88 00 00 F0 41 88 00 00
A0 40 88 00 00 00 00 88 00 00 00 00 88 00 00 F0
[22:15:10.418] [INFO] [latency] READ 64 byte(s):
41 88 00 00 80 3F 88 00 00 00 00 88 00 00 00 00
88 00 00 00 00 88 00 00 70 41 88 00 00 00 3F 88
00 00 48 42 88 00 00 F0 40 88 00 00 00 00 88 00
00 40 40 88 00 00 D0 40 88 00 00 00 00 88 00 00
[22:15:10.425] [INFO] [latency] READ 64 byte(s):
00 00 88 00 00 C0 40 88 00 00 00 00 88 00 00 70
41 88 00 00 00 3F 88 00 00 48 42 88 00 00 F0 40
88 00 00 00 00 88 00 00 70 41 88 00 00 00 3F 88
00 00 48 42 88 00 00 C8 41 88 00 00 F0 40 88 00
[22:15:10.433] [INFO] [latency] READ 64 byte(s):
00 00 00 88 00 00 40 40 88 00 00 B4 43 88 00 00
F0 42 88 00 00 48 42 88 00 00 A0 40 88 00 00 80
3F 88 00 00 00 00 88 00 00 00 00 88 00 00 00 00
88 00 00 10 41 88 00 00 AF 43 88 00 00 A0 41 88
[22:15:10.440] [INFO] [latency] READ 64 byte(s):
00 00 00 00 88 00 00 48 42 88 00 00 00 00 88 00
00 10 41 88 00 00 AF 43 88 00 00 A0 41 88 00 00
00 00 88 00 00 48 42 BA 6D 88 00 00 00 00 88 00
00 00 00 88 00 00 C8 C2 88 00 00 A0 41 88 00 00
[22:15:10.446] [INFO] [latency] READ 64 byte(s):
70 C2 88 00 00 80 3F 88 00 00 00 00 88 00 00 00
00 88 00 00 00 00 88 00 00 A0 40 88 00 00 80 3F
88 00 00 A0 40 88 00 00 96 43 88 00 00 A0 40 88
33 33 33 3F 88 00 80 3B 44 88 00 00 A0 40 88 00
[22:15:10.453] [INFO] [latency] READ 64 byte(s):
80 ED 44 88 00 00 80 3F 88 00 00 80 3F 88 00 00
A0 40 88 00 00 A0 40 88 00 00 C8 42 88 00 00 80
3F 88 00 00 00 00 88 00 00 C8 41 88 00 00 A0 40
88 00 00 00 00 88 00 00 C0 3F 88 00 00 00 00 88
[22:15:10.461] [INFO] [latency] READ 64 byte(s):
00 00 80 3F 88 00 00 C0 3F 88 00 00 00 00 88 00
00 00 00 88 00 00 A0 40 88 00 00 A0 40 88 00 00
80 3F 88 00 00 00 00 88 00 00 80 40 88 00 00 A0
40 88 00 00 00 00 88 00 00 00 00 88 00 00 F0 41
[22:15:10.467] [INFO] [latency] READ 64 byte(s):
88 00 00 A0 40 88 00 00 00 00 88 00 00 00 00 88
00 00 F0 41 88 00 00 A0 40 88 00 00 00 00 88 00
00 00 00 88 00 00 F0 41 88 00 00 A0 40 88 00 00
00 00 88 00 00 00 00 88 00 00 F0 41 88 00 00 A0
[22:15:10.469] [INFO] [latency] READ 64 byte(s):
40 88 00 00 00 00 88 00 00 00 00 88 00 00 F0 41
88 00 00 A0 40 88 00 00 00 00 88 00 00 00 00 88
00 00 F0 41 88 00 00 80 3F 88 00 00 00 00 88 00
00 00 00 88 00 00 00 00 88 00 00 70 41 88 00 00
[22:15:10.472] [INFO] [latency] READ 64 byte(s):
00 3F 88 00 00 48 42 88 00 00 F0 40 88 00 00 00
00 88 00 00 40 40 88 00 00 D0 40 88 00 00 00 00
88 00 00 00 00 88 00 00 C0 40 88 00 00 00 00 88
00 00 70 41 88 00 00 00 3F 88 00 00 48 42 88 00
[22:15:10.476] [INFO] [latency] READ 64 byte(s):
00 F0 40 88 00 00 00 00 88 00 00 70 41 88 00 00
00 3F 88 00 00 48 42 88 00 00 C8 41 88 00 00 F0
40 88 00 00 00 00 88 00 00 40 40 88 00 00 B4 43
88 00 00 F0 42 88 00 00 48 42 88 00 00 A0 40 88
[22:15:10.479] [INFO] [latency] READ 64 byte(s):
00 00 80 3F 88 00 00 00 00 88 00 00 00 00 88 00
00 00 00 88 00 00 10 41 88 00 00 AF 43 88 00 00
A0 41 88 00 00 00 00 88 00 00 48 42 88 00 00 00
00 88 00 00 10 41 88 00 00 AF 43 88 00 00 A0 41
[22:15:10.482] [INFO] [latency] READ 64 byte(s):
88 00 00 00 00 88 00 00 48 42 BA 6D 88 00 00 00
00 88 00 00 00 00 88 00 00 C8 C2 88 00 00 A0 41
88 00 00 70 C2 88 00 00 80 3F 88 00 00 00 00 88
00 00 00 00 88 00 00 00 00 88 00 00 A0 40 88 00
[22:15:10.486] [INFO] [latency] READ 64 byte(s):
00 80 3F 88 00 00 A0 40 88 00 00 96 43 88 00 00
A0 40 88 33 33 33 3F 88 00 80 3B 44 88 00 00 A0
40 88 00 80 ED 44 88 00 00 80 3F 88 00 00 80 3F
88 00 00 A0 40 88 00 00 A0 40 88 00 00 C8 42 88
[22:15:10.489] [INFO] [latency] READ 64 byte(s):
00 00 80 3F 88 00 00 00 00 88 00 00 C8 41 88 00
00 A0 40 88 00 00 00 00 88 00 00 C0 3F 88 00 00
00 00 88 00 00 80 3F 88 00 00 C0 3F 88 00 00 00
00 88 00 00 00 00 88 00 00 A0 40 88 00 00 A0 40
[22:15:10.494] [INFO] [latency] READ 64 byte(s):
88 00 00 80 3F 88 00 00 00 00 88 00 00 80 40 88
00 00 A0 40 88 00 00 00 00 88 00 00 00 00 88 00
00 F0 41 88 00 00 A0 40 88 00 00 00 00 88 00 00
00 00 88 00 00 F0 41 88 00 00 A0 40 88 00 00 00
[22:15:10.496] [INFO] [latency] READ 64 byte(s):
00 88 00 00 00 00 88 00 00 F0 41 88 00 00 A0 40
88 00 00 00 00 88 00 00 00 00 88 00 00 F0 41 88
00 00 A0 40 88 00 00 00 00 88 00 00 00 00 88 00
00 F0 41 88 00 00 A0 40 88 00 00 00 00 88 00 00
[22:15:10.500] [INFO] [latency] READ 64 byte(s):
00 00 88 00 00 F0 41 88 00 00 80 3F 88 00 00 00
00 88 00 00 00 00 88 00 00 00 00 88 00 00 70 41
88 00 00 00 3F 88 00 00 48 42 88 00 00 F0 40 88
00 00 00 00 88 00 00 40 40 88 00 00 D0 40 88 00
[22:15:10.507] [INFO] [latency] READ 64 byte(s):
00 00 00 88 00 00 00 00 88 00 00 C0 40 88 00 00
00 00 88 00 00 70 41 88 00 00 00 3F 88 00 00 48
42 88 00 00 F0 40 88 00 00 00 00 88 00 00 70 41
88 00 00 00 3F 88 00 00 48 42 88 00 00 C8 41 88
[22:15:10.513] [INFO] [latency] READ 64 byte(s):
00 00 F0 40 88 00 00 00 00 88 00 00 40 40 88 00
00 B4 43 88 00 00 F0 42 88 00 00 48 42 88 00 00
A0 40 88 00 00 80 3F 88 00 00 00 00 88 00 00 00
00 88 00 00 00 00 88 00 00 10 41 88 00 00 AF 43
[22:15:10.516] [INFO] [latency] READ 64 byte(s):
88 00 00 A0 41 88 00 00 00 00 88 00 00 48 42 88
00 00 00 00 88 00 00 10 41 88 00 00 AF 43 88 00
00 A0 41 88 00 00 00 00 88 00 00 48 42 B9 0D B9
02 BC 21 00 66 96 BC 5B BD 4F BC 06 15 60 3B 9F
[22:15:10.519] [INFO] [latency] READ 64 byte(s):
3D EB BC F5 2E CC BB 62 AE C7 BB FA B3 E7 BC 7B
1C 9B 3A 35 00 B9 02 BC 0B 32 30 32 35 2D 31 32
2D 30 35 00 0A B9 02 BC 21 53 54 4F 4D 50 20 2D
20 44 49 53 54 4F 52 54 49 4F 4E 00 BB 94 62 30
[22:15:10.521] [INFO] [latency] READ 64 byte(s):
3A 27 38 D0 BC 06 5D 88 3B 3B 12 B9 02 BC 21 4E
6F 6E 65 00 FF A5 BC 96 C6 D4 BC 39 17 CD 3B 39
1A FE BB 12 F9 49 BC 71 0F AC BB 6A 40 C6 BC 90
04 B9 02 BC 21 4E 6F 6E 65 00 27 B6 BC D2 38 03
[22:15:10.524] [INFO] [latency] READ 64 byte(s):
3A 26 52 7D 5D BC 22 7D 5D B5 BC 34 51 57 3B 28
91 A0 BC AD 1A B8 BC 1F 04 B9 02 BC 21 4E 6F 6E
65 00 24 44 BB 24 21 AA BC E0 F8 E0 BB 8A C2 BF
BC 8B 33 97 BC 31 46 F2 BB 09 9F 94 BC C5 04 B9
[22:15:10.527] [INFO] [latency] READ 64 byte(s):
02 BC 21 4E 6F 6E 65 00 FC 3A BC 34 05 B2 BC 21
28 4D BC FE DB 84 BC F1 BB A4 BC 7C 64 DF BB 73
73 AD BC 96 04 B9 02 BC 21 00 B3 B5 BC F2 E5 4F
BC E6 34 6E BC DF 22 C2 BC 09 36 58 BC ED 12 3C
[22:15:10.529] [INFO] [latency] READ 64 byte(s):
BC 23 B9 06 BC 13 DB C5 BC 56 00 B9 02 BC 21 00
8A 80 BC ED 2C 5D BB 63 35 D9 BC D7 B7 34 BC AA
BF 1D BB 00 CF CD BC CA 8D 2F 3C 9C FC 9B BC 24
00 B9 02 BC 21 00 2D 8F BC 78 5B 98 BC A5 BB 03
[22:15:10.532] [INFO] [latency] READ 64 byte(s):
3C E7 E1 ED BC 47 49 C3 BC 3D BA 4D B9 03 68 9F
BC 97 4F D7 3A 69 00 B9 02 BC 21 00 5B 91 BC E0
99 2B 3C 1E AF E8 BC 43 0A 9D BA 32 4F 53 3A 68
FC CE BC 5C D6 81 3C EF B0 57 BC 0F 00 B9 02 BC
[22:15:10.534] [INFO] [latency] READ 64 byte(s):
21 00 5D EB BC ED E4 A9 3B 44 94 D8 3B D9 54 07
BD 7A 10 94 3B 8B 4A 1E 3C 9D 18 DF BC E2 FE 9C
3B 3D 00 B9 02 BC 41 00 9D 9C 3B 9D 20 1E BB F7
15 D6 BC 1B 44 25 3C 7D 5D 74 62 BC D9 C9 E7 BC
[22:15:10.537] [INFO] [latency] READ 45 byte(s):
68 E3 46 3C 55 52 7B BC BF AA DE BC FF 8B 1D 3D
69 01 33 BD FB 23 70 BB F6 85 D9 3C B4 99 88 BD
55 5E A8 BB 80 65 00 00 72 00 FC 16 7E
[22:15:10.543] [INFO] [latency] WRITE 21 byte(s):
7E B9 03 81 00 03 82 06 00 80 0B 03 B9 04 0B 01
05 00 70 59 7E
[22:15:10.547] [INFO] [latency] READ 64 byte(s):
7E B9 03 81 04 03 81 9D 08 0B B9 03 01 05 B9 04
B9 02 BC 21 44 72 69 76 65 6E 20 42 61 73 73 20
4D 65 6C 74 65 72 00 00 00 00 00 00 00 00 00 00
00 00 00 00 00 12 BA 02 88 00 00 00 00 88 00 00
[22:15:10.554] [INFO] [latency] READ 64 byte(s):
F0 42 BA 03 BA 6D 88 00 00 00 00 88 00 00 00 00
88 00 00 C8 C2 88 00 00 A0 41 88 00 00 70 C2 88
00 00 80 3F 88 00 00 00 00 88 00 00 00 00 88 00
00 00 00 88 00 00 A0 40 88 00 00 80 3F 88 00 00
[22:15:10.560] [INFO] [latency] READ 64 byte(s):
A0 40 88 00 00 96 43 88 00 00 A0 40 88 33 33 33
3F 88 00 80 3B 44 88 00 00 A0 40 88 00 80 ED 44
88 00 00 80 3F 88 00 00 00 00 88 00 00 A0 40 88
00 00 A0 40 88 00 00 C8 42 88 00 00 80 3F 88 00
[22:15:10.564] [INFO] [latency] READ 64 byte(s):
00 00 00 88 00 00 C8 41 88 00 00 A0 40 88 00 00
00 00 88 00 00 C0 3F 88 00 00 00 00 88 00 00 80
3F 88 00 00 C0 3F 88 00 00 00 00 88 00 00 00 00
88 00 00 A0 40 88 00 00 A0 40 88 00 00 80 3F 88
[22:15:10.569] [INFO] [latency] READ 64 byte(s):
00 00 00 00 88 00 00 80 40 88 00 00 A0 40 88 00
00 00 00 88 00 00 00 00 88 00 00 F0 41 88 00 00
A0 40 88 00 00 00 00 88 00 00 00 00 88 00 00 F0
41 88 00 00 A0 40 88 00 00 00 00 88 00 00 00 00
[22:15:10.574] [INFO] [latency] READ 64 byte(s):
88 00 00 F0 41 88 00 00 A0 40 88 00 00 00 00 88
00 00 00 00 88 00 00 F0 41 88 00 00 A0 40 88 00
00 00 00 88 00 00 00 00 88 00 00 F0 41 88 00 00
A0 40 88 00 00 00 00 88 00 00 00 00 88 00 00 F0
[22:15:10.588] [INFO] [latency] READ 64 byte(s):
41 88 00 00 80 3F 88 00 00 00 00 88 00 00 00 00
88 00 00 00 00 88 00 00 70 41 88 FF FF FF 3E 88
00 00 48 42 88 00 00 F0 40 88 00 00 00 00 88 00
00 40 40 88 00 00 D0 40 88 00 00 00 00 88 00 00
[22:15:10.597] [INFO] [latency] READ 64 byte(s):
00 00 88 00 00 C0 40 88 00 00 00 00 88 00 00 70
41 88 FF FF FF 3E 88 00 00 48 42 88 00 00 F0 40
88 00 00 00 00 88 00 00 70 41 88 FF FF FF 3E 88
00 00 48 42 88 00 00 C8 41 88 00 00 F0 40 88 00
[22:15:10.603] [INFO] [latency] READ 64 byte(s):
00 00 00 88 00 00 40 40 88 00 00 B4 43 88 00 00
F0 42 88 00 00 48 42 88 00 00 A0 40 88 00 00 80
3F 88 00 00 00 00 88 00 00 00 00 88 00 00 00 00
88 00 00 10 41 88 00 00 AF 43 88 00 00 A0 41 88
[22:15:10.611] [INFO] [latency] READ 64 byte(s):
00 00 00 00 88 00 00 48 42 88 00 00 00 00 88 00
00 10 41 88 00 00 AF 43 88 00 00 A0 41 88 00 00
00 00 88 00 00 48 42 BA 6D 88 00 00 00 00 88 00
00 00 00 88 00 00 C8 C2 88 00 00 A0 41 88 00 00
[22:15:10.619] [INFO] [latency] READ 64 byte(s):
70 C2 88 00 00 80 3F 88 00 00 00 00 88 00 00 00
00 88 00 00 00 00 88 00 00 A0 40 88 00 00 80 3F
88 00 00 A0 40 88 00 00 96 43 88 00 00 A0 40 88
33 33 33 3F 88 00 80 3B 44 88 00 00 A0 40 88 00
[22:15:10.623] [INFO] [latency] READ 64 byte(s):
80 ED 44 88 00 00 80 3F 88 00 00 00 00 88 00 00
A0 40 88 00 00 A0 40 88 00 00 C8 42 88 00 00 80
3F 88 00 00 00 00 88 00 00 C8 41 88 00 00 A0 40
88 00 00 00 00 88 00 00 C0 3F 88 00 00 00 00 88
[22:15:10.627] [INFO] [latency] READ 64 byte(s):
00 00 80 3F 88 00 00 C0 3F 88 00 00 00 00 88 00
00 00 00 88 00 00 A0 40 88 00 00 A0 40 88 00 00
80 3F 88 00 00 00 00 88 00 00 80 40 88 00 00 A0
40 88 00 00 00 00 88 00 00 00 00 88 00 00 F0 41
[22:15:10.630] [INFO] [latency] READ 64 byte(s):
88 00 00 A0 40 88 00 00 00 00 88 00 00 00 00 88
00 00 F0 41 88 00 00 A0 40 88 00 00 00 00 88 00
00 00 00 88 00 00 F0 41 88 00 00 A0 40 88 00 00
00 00 88 00 00 00 00 88 00 00 F0 41 88 00 00 A0
[22:15:10.632] [INFO] [latency] READ 64 byte(s):
40 88 00 00 00 00 88 00 00 00 00 88 00 00 F0 41
88 00 00 A0 40 88 00 00 00 00 88 00 00 00 00 88
00 00 F0 41 88 00 00 80 3F 88 00 00 00 00 88 00
00 00 00 88 00 00 00 00 88 00 00 70 41 88 00 00
[22:15:10.637] [INFO] [latency] READ 64 byte(s):
00 3F 88 00 00 48 42 88 00 00 F0 40 88 00 00 00
00 88 00 00 40 40 88 00 00 D0 40 88 00 00 00 00
88 00 00 00 00 88 00 00 C0 40 88 00 00 00 00 88
00 00 70 41 88 00 00 00 3F 88 00 00 48 42 88 00
[22:15:10.641] [INFO] [latency] READ 64 byte(s):
00 F0 40 88 00 00 00 00 88 00 00 70 41 88 00 00
00 3F 88 00 00 48 42 88 00 00 C8 41 88 00 00 F0
40 88 00 00 00 00 88 00 00 40 40 88 00 00 B4 43
88 00 00 F0 42 88 00 00 48 42 88 00 00 A0 40 88
[22:15:10.646] [INFO] [latency] READ 64 byte(s):
00 00 80 3F 88 00 00 00 00 88 00 00 00 00 88 00
00 00 00 88 00 00 10 41 88 00 00 AF 43 88 00 00
A0 41 88 00 00 00 00 88 00 00 48 42 88 00 00 00
00 88 00 00 10 41 88 00 00 AF 43 88 00 00 A0 41
[22:15:10.649] [INFO] [latency] READ 64 byte(s):
88 00 00 00 00 88 00 00 48 42 BA 6D 88 00 00 00
00 88 00 00 00 00 88 00 00 C8 C2 88 00 00 A0 41
88 00 00 70 C2 88 00 00 80 3F 88 00 00 00 00 88
00 00 00 00 88 00 00 00 00 88 00 00 A0 40 88 00
[22:15:10.652] [INFO] [latency] READ 64 byte(s):
00 80 3F 88 00 00 A0 40 88 00 00 96 43 88 00 00
A0 40 88 33 33 33 3F 88 00 80 3B 44 88 00 00 A0
40 88 00 80 ED 44 88 00 00 80 3F 88 00 00 00 00
88 00 00 A0 40 88 00 00 A0 40 88 00 00 C8 42 88
[22:15:10.654] [INFO] [latency] READ 64 byte(s):
00 00 80 3F 88 00 00 00 00 88 00 00 C8 41 88 00
00 A0 40 88 00 00 00 00 88 00 00 C0 3F 88 00 00
00 00 88 00 00 80 3F 88 00 00 C0 3F 88 00 00 00
00 88 00 00 00 00 88 00 00 A0 40 88 00 00 A0 40
[22:15:10.660] [INFO] [latency] READ 64 byte(s):
88 00 00 80 3F 88 00 00 00 00 88 00 00 80 40 88
00 00 A0 40 88 00 00 00 00 88 00 00 00 00 88 00
00 F0 41 88 00 00 A0 40 88 00 00 00 00 88 00 00
00 00 88 00 00 F0 41 88 00 00 A0 40 88 00 00 00
[22:15:10.663] [INFO] [latency] READ 64 byte(s):
00 88 00 00 00 00 88 00 00 F0 41 88 00 00 A0 40
88 00 00 00 00 88 00 00 00 00 88 00 00 F0 41 88
00 00 A0 40 88 00 00 00 00 88 00 00 00 00 88 00
00 F0 41 88 00 00 A0 40 88 00 00 00 00 88 00 00
[22:15:10.666] [INFO] [latency] READ 64 byte(s):
00 00 88 00 00 F0 41 88 00 00 80 3F 88 00 00 00
00 88 00 00 00 00 88 00 00 00 00 88 00 00 70 41
88 00 00 00 3F 88 00 00 48 42 88 00 00 F0 40 88
00 00 00 00 88 00 00 40 40 88 00 00 D0 40 88 00
[22:15:10.669] [INFO] [latency] READ 64 byte(s):
00 00 00 88 00 00 00 00 88 00 00 C0 40 88 00 00
00 00 88 00 00 70 41 88 00 00 00 3F 88 00 00 48
42 88 00 00 F0 40 88 00 00 00 00 88 00 00 70 41
88 00 00 00 3F 88 00 00 48 42 88 00 00 C8 41 88
[22:15:10.672] [INFO] [latency] READ 64 byte(s):
00 00 F0 40 88 00 00 00 00 88 00 00 40 40 88 00
00 B4 43 88 00 00 F0 42 88 00 00 48 42 88 00 00
A0 40 88 00 00 80 3F 88 00 00 00 00 88 00 00 00
00 88 00 00 00 00 88 00 00 10 41 88 00 00 AF 43
[22:15:10.675] [INFO] [latency] READ 64 byte(s):
88 00 00 A0 41 88 00 00 00 00 88 00 00 48 42 88
00 00 00 00 88 00 00 10 41 88 00 00 AF 43 88 00
00 A0 41 88 00 00 00 00 88 00 00 48 42 B9 0D B9
02 BC 21 00 29 1C B7 14 AC E7 3C C9 A6 9A 3C 8B
[22:15:10.678] [INFO] [latency] READ 64 byte(s):
DA 94 3C D8 C9 E4 3C C0 86 8B 3C CC 12 0D 3D EB
B9 E1 3C 7A 00 B9 02 BC 0B 32 30 32 35 2D 31 32
2D 30 35 00 0A B9 02 BC 21 44 52 49 56 45 00 AC
3C A5 8D 63 3C 8D 41 2B 3C 70 77 80 3C 1D BB EB
[22:15:10.681] [INFO] [latency] READ 64 byte(s):
3C DB 6E 50 3C 7B E0 05 3D 99 05 B9 02 BC 21 4E
6F 6E 65 00 87 1E 3C D1 04 0C 3C 22 D8 F8 3A 02
A9 77 3B 96 72 14 3C 5B 62 87 BB D5 BE 12 3C 65
04 B9 02 BC 21 4E 6F 6E 65 00 A7 9A BA 6D BD A9
[22:15:10.687] [INFO] [latency] READ 64 byte(s):
3B C6 41 16 3C F0 F0 2E 3C 7D 5E 1C 2A 3C 21 DF
01 3C BC 3C 7D 5D BC 9A 04 B9 02 BC 21 4E 6F 6E
65 00 0D FE BB CE E2 38 3A F5 AA 9A 3C 14 48 AA
3A B0 00 14 3C D3 23 09 BB 42 7F AB 3B C2 04 B9
[22:15:10.695] [INFO] [latency] READ 64 byte(s):
02 BC 21 4E 6F 6E 65 00 C2 AF 3C 67 AF 5E 3C C6
32 C5 3A 9A D0 87 39 C1 97 6A BB B5 EC E0 BB F4
FD D7 39 2D 04 B9 02 BC 21 00 87 12 3C F1 62 14
39 FB 20 1F 3B 3F D0 F1 BB 95 84 20 3B C0 25 08
[22:15:10.702] [INFO] [latency] READ 64 byte(s):
B8 39 A1 1B 3C D5 EA 24 3C 4B 00 B9 02 BC 21 00
1E FF BB 7D 5E C6 9F BB FD EF 85 BC 2E E5 A3 BB
E7 BF 6A BC 09 CD 43 BB FA B6 DC BB 3C 0B 48 3C
07 00 B9 02 BC 21 00 4F 1C 3A 58 4C E7 3B 21 47
[22:15:10.709] [INFO] [latency] READ 64 byte(s):
87 3B 65 44 87 3A B9 F5 11 3C 63 81 0F BC EE BC
F0 BA 43 66 85 BC 9F 00 B9 02 BC 21 00 73 3B BC
34 12 42 3B 7D 5D 73 C9 3C 0D 1B BE 3C 3A D5 A0
3C 66 6B F4 3C FB 55 18 3C 70 B3 60 3C 55 00 B9
[22:15:10.711] [INFO] [latency] READ 64 byte(s):
02 BC 21 00 EF 15 BB 7C F5 15 BC DA 27 D3 3B 8A
15 FC 3A 13 05 69 3C D7 E4 24 3C E5 4F 90 3C 5F
0D 91 3C D8 00 B9 02 BC 41 00 90 1B 3D 9B D2 15
BC 97 E4 07 3C 09 87 B1 3C 52 EE 27 3C 38 DB 15
[22:15:10.716] [INFO] [latency] READ 46 byte(s):
3C C1 38 DE 3C EC 91 8A 3A FA 6C E3 3C 0A 51 6A
3C 51 EA D3 3C 20 D4 31 3D CC 88 1E BD 71 D4 C5
3D 93 4F EE AC 5B 88 00 00 72 00 5C E7 7E
[22:15:10.728] [INFO] [latency] WRITE 21 byte(s):
7E B9 03 81 00 03 82 06 00 80 0B 03 B9 04 0B 01
06 00 18 73 7E
[22:15:10.733] [INFO] [latency] READ 64 byte(s):
7E B9 03 81 04 03 81 9D 08 0B B9 03 01 06 B9 04
B9 02 BC 21 4C 6F 77 65 72 20 42 61 73 73 20 4D
65 6C 74 65 72 00 00 00 00 00 00 00 00 00 00 00
00 00 00 00 00 11 BA 02 88 00 00 00 00 88 00 00
[22:15:10.735] [INFO] [latency] READ 64 byte(s):
F0 42 BA 03 BA 6D 88 00 00 00 00 88 00 00 80 3F
88 00 00 D8 C1 88 00 00 FA 43 88 00 00 70 C2 88
00 00 00 00 88 00 00 80 3F 88 00 00 48 C1 88 00
00 20 41 88 00 00 88 41 88 00 00 80 3F 88 00 00
[22:15:10.739] [INFO] [latency] READ 64 byte(s):
A0 40 88 00 00 96 43 88 00 00 A0 40 88 33 33 33
3F 88 00 80 3B 44 88 00 00 A0 40 88 00 80 ED 44
88 00 00 80 3F 88 00 00 00 00 88 00 00 20 40 88
00 00 40 40 88 00 00 8A 42 88 00 00 80 3F 88 00
[22:15:10.741] [INFO] [latency] READ 64 byte(s):
00 00 00 88 00 00 C8 41 88 00 00 A0 40 88 00 00
00 00 88 00 00 C0 3F 88 00 00 00 00 88 00 00 80
3F 88 00 00 C0 3F 88 00 00 00 00 88 00 00 00 00
88 00 00 20 41 88 00 00 20 41 88 00 00 80 3F 88
[22:15:10.744] [INFO] [latency] READ 64 byte(s):
00 00 80 3F 88 00 00 80 40 88 00 00 A0 40 88 00
00 00 00 88 00 00 00 00 88 00 00 F0 41 88 00 00
A0 40 88 00 00 00 00 88 00 00 00 00 88 00 00 F0
41 88 00 00 A0 40 88 00 00 00 00 88 00 00 00 00
[22:15:10.746] [INFO] [latency] READ 64 byte(s):
88 00 00 F0 41 88 00 00 A0 40 88 00 00 00 00 88
00 00 00 00 88 00 00 F0 41 88 00 00 A0 40 88 00
00 00 00 88 00 00 00 00 88 00 00 00 00 88 00 00
A0 40 88 00 00 00 00 88 00 00 00 00 88 00 00 F0
[22:15:10.747] [INFO] [latency] READ 64 byte(s):
41 88 00 00 80 3F 88 00 00 00 00 88 00 00 00 00
88 00 00 00 00 88 00 00 70 41 88 14 AE 87 3F 88
00 00 98 41 88 00 00 F0 40 88 00 00 00 00 88 00
00 40 40 88 00 00 D0 40 88 00 00 00 00 88 00 00
[22:15:10.749] [INFO] [latency] READ 64 byte(s):
00 00 88 00 00 C0 40 88 00 00 00 00 88 00 00 70
41 88 FF FF FF 3E 88 00 00 48 42 88 00 00 F0 40
88 00 00 00 00 88 00 00 70 41 88 FF FF FF 3E 88
00 00 48 42 88 00 00 C8 41 88 00 00 F0 40 88 00
[22:15:10.752] [INFO] [latency] READ 64 byte(s):
00 00 00 88 00 00 40 40 88 00 00 B4 43 88 00 00
F0 42 88 00 00 48 42 88 00 00 A0 40 88 00 00 80
3F 88 00 00 00 00 88 00 00 00 00 88 00 00 00 00
88 00 00 10 41 88 00 00 AF 43 88 00 00 A0 41 88
[22:15:10.756] [INFO] [latency] READ 64 byte(s):
00 00 00 00 88 00 00 48 42 88 00 00 00 00 88 00
00 10 41 88 00 00 AF 43 88 00 00 A0 41 88 00 00
00 00 88 00 00 48 42 BA 6D 88 00 00 00 00 88 00
00 00 00 88 00 00 C8 C2 88 00 00 A0 41 88 00 00
[22:15:10.757] [INFO] [latency] READ 64 byte(s):
70 C2 88 00 00 80 3F 88 00 00 00 00 88 00 00 00
00 88 00 00 00 00 88 00 00 A0 40 88 00 00 80 3F
88 00 00 A0 40 88 00 00 96 43 88 00 00 A0 40 88
33 33 33 3F 88 00 80 3B 44 88 00 00 A0 40 88 00
[22:15:10.759] [INFO] [latency] READ 64 byte(s):
80 ED 44 88 00 00 80 3F 88 00 00 00 00 88 00 00
A0 40 88 00 00 A0 40 88 00 00 C8 42 88 00 00 80
3F 88 00 00 00 00 88 00 00 C8 41 88 00 00 A0 40
88 00 00 00 00 88 00 00 C0 3F 88 00 00 00 00 88
[22:15:10.764] [INFO] [latency] READ 64 byte(s):
00 00 80 3F 88 00 00 C0 3F 88 00 00 00 00 88 00
00 00 00 88 00 00 A0 40 88 00 00 A0 40 88 00 00
80 3F 88 00 00 00 00 88 00 00 80 40 88 00 00 A0
40 88 00 00 00 00 88 00 00 00 00 88 00 00 F0 41
[22:15:10.767] [INFO] [latency] READ 64 byte(s):
88 00 00 A0 40 88 00 00 00 00 88 00 00 00 00 88
00 00 F0 41 88 00 00 A0 40 88 00 00 00 00 88 00
00 00 00 88 00 00 F0 41 88 00 00 A0 40 88 00 00
00 00 88 00 00 00 00 88 00 00 F0 41 88 00 00 A0
[22:15:10.769] [INFO] [latency] READ 64 byte(s):
40 88 00 00 00 00 88 00 00 00 00 88 00 00 F0 41
88 00 00 A0 40 88 00 00 00 00 88 00 00 00 00 88
00 00 F0 41 88 00 00 80 3F 88 00 00 00 00 88 00
00 00 00 88 00 00 00 00 88 00 00 70 41 88 00 00
[22:15:10.771] [INFO] [latency] READ 64 byte(s):
00 3F 88 00 00 48 42 88 00 00 F0 40 88 00 00 00
00 88 00 00 40 40 88 00 00 D0 40 88 00 00 00 00
88 00 00 00 00 88 00 00 C0 40 88 00 00 00 00 88
00 00 70 41 88 00 00 00 3F 88 00 00 48 42 88 00
[22:15:10.777] [INFO] [latency] READ 64 byte(s):
00 F0 40 88 00 00 00 00 88 00 00 70 41 88 00 00
00 3F 88 00 00 48 42 88 00 00 C8 41 88 00 00 F0
40 88 00 00 00 00 88 00 00 40 40 88 00 00 B4 43
88 00 00 F0 42 88 00 00 48 42 88 00 00 A0 40 88
[22:15:10.779] [INFO] [latency] READ 64 byte(s):
00 00 80 3F 88 00 00 00 00 88 00 00 00 00 88 00
00 00 00 88 00 00 10 41 88 00 00 AF 43 88 00 00
A0 41 88 00 00 00 00 88 00 00 48 42 88 00 00 00
00 88 00 00 10 41 88 00 00 AF 43 88 00 00 A0 41
[22:15:10.782] [INFO] [latency] READ 64 byte(s):
88 00 00 00 00 88 00 00 48 42 BA 6D 88 00 00 00
00 88 00 00 00 00 88 00 00 C8 C2 88 00 00 A0 41
88 00 00 70 C2 88 00 00 80 3F 88 00 00 00 00 88
00 00 00 00 88 00 00 00 00 88 00 00 A0 40 88 00
[22:15:10.784] [INFO] [latency] READ 64 byte(s):
00 80 3F 88 00 00 A0 40 88 00 00 96 43 88 00 00
A0 40 88 33 33 33 3F 88 00 80 3B 44 88 00 00 A0
40 88 00 80 ED 44 88 00 00 80 3F 88 00 00 00 00
88 00 00 A0 40 88 00 00 A0 40 88 00 00 C8 42 88
[22:15:10.788] [INFO] [latency] READ 64 byte(s):
00 00 80 3F 88 00 00 00 00 88 00 00 C8 41 88 00
00 A0 40 88 00 00 00 00 88 00 00 C0 3F 88 00 00
00 00 88 00 00 80 3F 88 00 00 C0 3F 88 00 00 00
00 88 00 00 00 00 88 00 00 A0 40 88 00 00 A0 40
[22:15:10.794] [INFO] [latency] READ 64 byte(s):
88 00 00 80 3F 88 00 00 00 00 88 00 00 80 40 88
00 00 A0 40 88 00 00 00 00 88 00 00 00 00 88 00
00 F0 41 88 00 00 A0 40 88 00 00 00 00 88 00 00
00 00 88 00 00 F0 41 88 00 00 A0 40 88 00 00 00
[22:15:10.800] [INFO] [latency] READ 64 byte(s):
00 88 00 00 00 00 88 00 00 F0 41 88 00 00 A0 40
88 00 00 00 00 88 00 00 00 00 88 00 00 F0 41 88
00 00 A0 40 88 00 00 00 00 88 00 00 00 00 88 00
00 F0 41 88 00 00 A0 40 88 00 00 00 00 88 00 00
[22:15:10.802] [INFO] [latency] READ 64 byte(s):
00 00 88 00 00 F0 41 88 00 00 80 3F 88 00 00 00
00 88 00 00 00 00 88 00 00 00 00 88 00 00 70 41
88 00 00 00 3F 88 00 00 48 42 88 00 00 F0 40 88
00 00 00 00 88 00 00 40 40 88 00 00 D0 40 88 00
[22:15:10.804] [INFO] [latency] READ 64 byte(s):
00 00 00 88 00 00 00 00 88 00 00 C0 40 88 00 00
00 00 88 00 00 70 41 88 00 00 00 3F 88 00 00 48
42 88 00 00 F0 40 88 00 00 00 00 88 00 00 70 41
88 00 00 00 3F 88 00 00 48 42 88 00 00 C8 41 88
[22:15:10.806] [INFO] [latency] READ 64 byte(s):
00 00 F0 40 88 00 00 00 00 88 00 00 40 40 88 00
00 B4 43 88 00 00 F0 42 88 00 00 48 42 88 00 00
A0 40 88 00 00 80 3F 88 00 00 00 00 88 00 00 00
00 88 00 00 00 00 88 00 00 10 41 88 00 00 AF 43
[22:15:10.813] [INFO] [latency] READ 64 byte(s):
88 00 00 A0 41 88 00 00 00 00 88 00 00 48 42 88
00 00 00 00 88 00 00 10 41 88 00 00 AF 43 88 00
00 A0 41 88 00 00 00 00 88 00 00 48 42 B9 0D B9
02 BC 21 00 E8 89 3B DB E8 39 BB B6 EB 53 3B C1
[22:15:10.816] [INFO] [latency] READ 64 byte(s):
F8 44 3C 31 36 81 3C EA 08 8F 3C D1 95 E8 3C 2C
B1 49 3C 4E 00 B9 02 BC 0B 32 30 32 35 2D 31 31
2D 32 38 00 0A B9 02 BC 21 48 49 2D 47 41 49 4E
00 88 86 D8 3A C7 21 F2 BA 54 A1 CE 3B 26 D7 1F
[22:15:10.818] [INFO] [latency] READ 64 byte(s):
3C E7 1B DB BB 88 6B 3A BC 2E 07 B9 02 BC 21 4E
6F 6E 65 00 96 DF 3A 2A 6B 2B BB CA E3 26 BC 1C
72 F3 BB F3 04 2E BC 4C 1F 05 BC 5A 64 99 3B 74
04 B9 02 BC 21 4E 6F 6E 65 00 A3 8B BC DD A5 D3
[22:15:10.821] [INFO] [latency] READ 64 byte(s):
BC 59 84 B5 BC F5 76 B7 BC 78 C5 92 BC 9C CA 9D
BB 84 6E 2E BB 71 04 B9 02 BC 21 4E 6F 6E 65 00
92 42 BC 1B AA 66 BC 53 7C DD BC 4C FE F2 BC 19
34 E9 BC BB D0 C5 BC EE 77 5B BB F5 04 B9 02 BC
[22:15:10.823] [INFO] [latency] READ 64 byte(s):
21 4E 6F 6E 65 00 EB 98 BB 9A F1 14 BB 4C C7 E9
BA DC 7C DC BC 82 EA CC BC 4B 12 0C BC 25 F9 D4
BC E8 04 B9 02 BC 21 00 C1 34 BB CF 09 1A 3B 93
E5 A3 BB ED 7D 5D 73 BC 99 BD D0 BC B3 33 02 BC
[22:15:10.829] [INFO] [latency] READ 64 byte(s):
7D 5D B4 1E BC 3F 49 E1 BC 1C 00 B9 02 BC 21 00
EC B4 BC 0D 17 B4 BC 68 3A 6C BC BC A8 17 3C C4
5A 20 BC 48 5F 40 BC 68 E3 9D BC A6 08 7D 5D BC
87 00 B9 02 BC 21 00 6D 8E BB 9D CF EC 3B AA EA
[22:15:10.831] [INFO] [latency] READ 64 byte(s):
54 BC 0C 54 D7 BC 12 AA A8 BC 52 84 96 BA 66 AF
96 BB 03 95 F6 BC 35 00 B9 02 BC 21 00 2A BF BB
AE 3B 4B BC 0E B3 1A BC 19 62 CE BB B1 07 1A BC
9D 31 71 3C 0A A0 DB B9 C2 78 95 BB 43 00 B9 02
[22:15:10.833] [INFO] [latency] READ 64 byte(s):
BC 21 00 B6 9C BC A9 06 BF BC C0 AE 79 3A 1A 9D
10 3C 9F 7D 5E 94 3B EB B5 0F BB BD 8B 37 BC BB
6C 56 BB E8 00 B9 02 BC 41 00 CB B7 3C 54 DC 06
3D 5D D9 0C 3C F3 6B 1A BC 4F 6F 01 BC FD EA 5D
[22:15:10.835] [INFO] [latency] READ 46 byte(s):
3B ED 4B 4F 3C 4E 49 90 3B 4B BC 80 3C 26 D2 A2
3B C9 AF AC 3B 96 95 75 BB 31 E5 B1 BB 82 E4 43
3D 68 D9 CB 98 9F 08 00 00 72 00 84 E4 7E
[22:15:10.838] [INFO] [latency] WRITE 21 byte(s):
7E B9 03 81 00 03 82 06 00 80 0B 03 B9 04 0B 01
07 00 C0 6A 7E
[22:15:10.844] [INFO] [latency] READ 64 byte(s):
7E B9 03 81 04 03 81 9D 08 0B B9 03 01 07 B9 04
B9 02 BC 21 36 34 20 4C 6F 20 47 61 69 6E 20 46
65 65 6C 73 00 00 00 00 00 00 00 00 00 00 00 00
00 00 00 00 00 10 BA 02 88 00 00 00 00 88 00 00
[22:15:10.848] [INFO] [latency] READ 64 byte(s):
F0 42 BA 03 BA 6D 88 00 00 00 00 88 00 00 00 00
88 00 00 C8 C2 88 00 00 A0 41 88 00 00 70 C2 88
00 00 80 3F 88 00 00 00 00 88 00 00 00 00 88 00
00 00 00 88 00 00 A0 40 88 00 00 80 3F 88 00 00
[22:15:10.851] [INFO] [latency] READ 64 byte(s):
A0 40 88 00 00 96 43 88 00 00 A0 40 88 33 33 33
3F 88 00 80 3B 44 88 00 00 A0 40 88 00 80 ED 44
88 00 00 80 3F 88 00 00 00 00 88 00 00 A0 40 88
00 00 A0 40 88 00 00 C8 42 88 00 00 80 3F 88 00
[22:15:10.854] [INFO] [latency] READ 64 byte(s):
00 00 00 88 00 00 C8 41 88 00 00 A0 40 88 00 00
00 00 88 00 00 C0 3F 88 00 00 00 00 88 00 00 80
3F 88 00 00 C0 3F 88 00 00 00 00 88 00 00 00 00
88 00 00 A0 40 88 00 00 A0 40 88 00 00 80 3F 88
[22:15:10.856] [INFO] [latency] READ 64 byte(s):
00 00 00 00 88 00 00 80 40 88 00 00 A0 40 88 00
00 00 00 88 00 00 00 00 88 00 00 F0 41 88 00 00
A0 40 88 00 00 00 00 88 00 00 00 00 88 00 00 F0
41 88 00 00 A0 40 88 00 00 00 00 88 00 00 00 00
[22:15:10.859] [INFO] [latency] READ 64 byte(s):
88 00 00 F0 41 88 00 00 A0 40 88 00 00 00 00 88
00 00 00 00 88 00 00 F0 41 88 00 00 A0 40 88 00
00 00 00 88 00 00 00 00 88 00 00 F0 41 88 00 00
A0 40 88 00 00 00 00 88 00 00 00 00 88 00 00 F0
[22:15:10.862] [INFO] [latency] READ 64 byte(s):
41 88 00 00 80 3F 88 00 00 00 00 88 00 00 00 00
88 00 00 00 00 88 00 00 70 41 88 00 00 00 3F 88
00 00 48 42 88 00 00 F0 40 88 00 00 00 00 88 00
00 40 40 88 00 00 D0 40 88 00 00 00 00 88 00 00
[22:15:10.864] [INFO] [latency] READ 64 byte(s):
00 00 88 00 00 C0 40 88 00 00 00 00 88 00 00 70
41 88 00 00 00 3F 88 00 00 48 42 88 00 00 F0 40
88 00 00 00 00 88 00 00 70 41 88 00 00 00 3F 88
00 00 48 42 88 00 00 C8 41 88 00 00 F0 40 88 00
[22:15:10.866] [INFO] [latency] READ 64 byte(s):
00 00 00 88 00 00 40 40 88 00 00 B4 43 88 00 00
F0 42 88 00 00 48 42 88 00 00 A0 40 88 00 00 80
3F 88 00 00 00 00 88 00 00 00 00 88 00 00 00 00
88 00 00 10 41 88 00 00 AF 43 88 00 00 A0 41 88
[22:15:10.868] [INFO] [latency] READ 64 byte(s):
00 00 00 00 88 00 00 48 42 88 00 00 00 00 88 00
00 10 41 88 00 00 AF 43 88 00 00 A0 41 88 00 00
00 00 88 00 00 48 42 BA 6D 88 00 00 00 00 88 00
00 00 00 88 00 00 C8 C2 88 00 00 A0 41 88 00 00
[22:15:10.870] [INFO] [latency] READ 64 byte(s):
70 C2 88 00 00 80 3F 88 00 00 00 00 88 00 00 00
00 88 00 00 00 00 88 00 00 A0 40 88 00 00 80 3F
88 00 00 A0 40 88 00 00 96 43 88 00 00 A0 40 88
33 33 33 3F 88 00 80 3B 44 88 00 00 A0 40 88 00
[22:15:10.872] [INFO] [latency] READ 64 byte(s):
80 ED 44 88 00 00 80 3F 88 00 00 00 00 88 00 00
A0 40 88 00 00 A0 40 88 00 00 C8 42 88 00 00 80
3F 88 00 00 00 00 88 00 00 C8 41 88 00 00 A0 40
88 00 00 00 00 88 00 00 C0 3F 88 00 00 00 00 88
[22:15:10.877] [INFO] [latency] READ 64 byte(s):
00 00 80 3F 88 00 00 C0 3F 88 00 00 00 00 88 00
00 00 00 88 00 00 A0 40 88 00 00 A0 40 88 00 00
80 3F 88 00 00 00 00 88 00 00 80 40 88 00 00 A0
40 88 00 00 00 00 88 00 00 00 00 88 00 00 F0 41
[22:15:10.885] [INFO] [latency] READ 64 byte(s):
88 00 00 A0 40 88 00 00 00 00 88 00 00 00 00 88
00 00 F0 41 88 00 00 A0 40 88 00 00 00 00 88 00
00 00 00 88 00 00 F0 41 88 00 00 A0 40 88 00 00
00 00 88 00 00 00 00 88 00 00 F0 41 88 00 00 A0
[22:15:10.889] [INFO] [latency] READ 64 byte(s):
40 88 00 00 00 00 88 00 00 00 00 88 00 00 F0 41
88 00 00 A0 40 88 00 00 00 00 88 00 00 00 00 88
00 00 F0 41 88 00 00 80 3F 88 00 00 00 00 88 00
00 00 00 88 00 00 00 00 88 00 00 70 41 88 00 00
[22:15:10.892] [INFO] [latency] READ 64 byte(s):
00 3F 88 00 00 48 42 88 00 00 F0 40 88 00 00 00
00 88 00 00 40 40 88 00 00 D0 40 88 00 00 00 00
88 00 00 00 00 88 00 00 C0 40 88 00 00 00 00 88
00 00 70 41 88 00 00 00 3F 88 00 00 48 42 88 00
[22:15:10.894] [INFO] [latency] READ 64 byte(s):
00 F0 40 88 00 00 00 00 88 00 00 70 41 88 00 00
00 3F 88 00 00 48 42 88 00 00 C8 41 88 00 00 F0
40 88 00 00 00 00 88 00 00 40 40 88 00 00 B4 43
88 00 00 F0 42 88 00 00 48 42 88 00 00 A0 40 88
[22:15:10.896] [INFO] [latency] READ 64 byte(s):
00 00 80 3F 88 00 00 00 00 88 00 00 00 00 88 00
00 00 00 88 00 00 10 41 88 00 00 AF 43 88 00 00
A0 41 88 00 00 00 00 88 00 00 48 42 88 00 00 00
00 88 00 00 10 41 88 00 00 AF 43 88 00 00 A0 41
[22:15:10.898] [INFO] [latency] READ 64 byte(s):
88 00 00 00 00 88 00 00 48 42 BA 6D 88 00 00 00
00 88 00 00 00 00 88 00 00 C8 C2 88 00 00 A0 41
88 00 00 70 C2 88 00 00 80 3F 88 00 00 00 00 88
00 00 00 00 88 00 00 00 00 88 00 00 A0 40 88 00
[22:15:10.900] [INFO] [latency] READ 64 byte(s):
00 80 3F 88 00 00 A0 40 88 00 00 96 43 88 00 00
A0 40 88 33 33 33 3F 88 00 80 3B 44 88 00 00 A0
40 88 00 80 ED 44 88 00 00 80 3F 88 00 00 00 00
88 00 00 A0 40 88 00 00 A0 40 88 00 00 C8 42 88
[22:15:10.902] [INFO] [latency] READ 64 byte(s):
00 00 80 3F 88 00 00 00 00 88 00 00 C8 41 88 00
00 A0 40 88 00 00 00 00 88 00 00 C0 3F 88 00 00
00 00 88 00 00 80 3F 88 00 00 C0 3F 88 00 00 00
00 88 00 00 00 00 88 00 00 A0 40 88 00 00 A0 40
[22:15:10.906] [INFO] [latency] READ 64 byte(s):
88 00 00 80 3F 88 00 00 00 00 88 00 00 80 40 88
00 00 A0 40 88 00 00 00 00 88 00 00 00 00 88 00
00 F0 41 88 00 00 A0 40 88 00 00 00 00 88 00 00
00 00 88 00 00 F0 41 88 00 00 A0 40 88 00 00 00
[22:15:10.910] [INFO] [latency] READ 64 byte(s):
00 88 00 00 00 00 88 00 00 F0 41 88 00 00 A0 40
88 00 00 00 00 88 00 00 00 00 88 00 00 F0 41 88
00 00 A0 40 88 00 00 00 00 88 00 00 00 00 88 00
00 F0 41 88 00 00 A0 40 88 00 00 00 00 88 00 00
[22:15:10.912] [INFO] [latency] READ 64 byte(s):
00 00 88 00 00 F0 41 88 00 00 80 3F 88 00 00 00
00 88 00 00 00 00 88 00 00 00 00 88 00 00 70 41
88 00 00 00 3F 88 00 00 48 42 88 00 00 F0 40 88
00 00 00 00 88 00 00 40 40 88 00 00 D0 40 88 00
[22:15:10.914] [INFO] [latency] READ 64 byte(s):
00 00 00 88 00 00 00 00 88 00 00 C0 40 88 00 00
00 00 88 00 00 70 41 88 00 00 00 3F 88 00 00 48
42 88 00 00 F0 40 88 00 00 00 00 88 00 00 70 41
88 00 00 00 3F 88 00 00 48 42 88 00 00 C8 41 88
[22:15:10.916] [INFO] [latency] READ 64 byte(s):
00 00 F0 40 88 00 00 00 00 88 00 00 40 40 88 00
00 B4 43 88 00 00 F0 42 88 00 00 48 42 88 00 00
A0 40 88 00 00 80 3F 88 00 00 00 00 88 00 00 00
00 88 00 00 00 00 88 00 00 10 41 88 00 00 AF 43
[22:15:10.918] [INFO] [latency] READ 64 byte(s):
88 00 00 A0 41 88 00 00 00 00 88 00 00 48 42 88
00 00 00 00 88 00 00 10 41 88 00 00 AF 43 88 00
00 A0 41 88 00 00 00 00 88 00 00 48 42 B9 0D B9
02 BC 21 00 B5 F0 3B B2 C7 FA 3A B8 9E 2C 3C 62
[22:15:10.921] [INFO] [latency] READ 64 byte(s):
05 98 3C 72 37 F6 3B 36 67 C8 BB 3D 45 8E 3C 70
CB 0D 3C 6A 00 B9 02 BC 0B 32 30 32 35 2D 31 32
2D 30 35 00 0A B9 02 BC 21 43 4C 45 41 4E 00 3E
3B 2E C1 C9 3B 9B A9 BE 3B CF B8 F1 BB 40 A2 66
[22:15:10.923] [INFO] [latency] READ 64 byte(s):
BB 9E 7A D2 BA B2 55 CD BA 7A 05 B9 02 BC 21 4E
6F 6E 65 00 A2 16 3B 21 EF 42 BB DA 00 84 BB 08
7B 93 3C FF DE C2 3B 6E 2D 27 BC 3B EC 1D 3C 9A
04 B9 02 BC 21 4E 6F 6E 65 00 09 3F 3B 92 9F AF
[22:15:10.928] [INFO] [latency] READ 64 byte(s):
BB 84 26 F6 BB CD 66 B1 B9 45 87 F7 BA 6F 7C C6
BB 6D 08 74 B9 4E 04 B9 02 BC 21 4E 6F 6E 65 00
D8 92 3A E0 32 1F 3B D4 24 91 BC 6A A2 71 BC 23
91 4F BB 8C 68 0C BC 10 B6 0E BC 29 04 B9 02 BC
[22:15:10.933] [INFO] [latency] READ 64 byte(s):
21 4E 6F 6E 65 00 58 62 BC 75 A4 1B BB DB 7D 5D
23 BB 9B F1 6D BC 24 AA 63 BC 6E 65 74 BB 48 B5
66 BC 1C 04 B9 02 BC 21 00 05 56 3B AA 40 97 B8
10 68 6D BC 65 30 30 BC 8F EE C1 BB C7 8E 88 BC
[22:15:10.938] [INFO] [latency] READ 64 byte(s):
56 CA 07 BC 0F 2C 37 3C 5F 00 B9 02 BC 21 00 40
9E 3B F0 08 EF 3B 18 97 CA BB 05 3E B6 37 A4 BC
1A BB A3 71 B9 3A 4B F0 A5 BC 75 1E 03 BC CF 00
B9 02 BC 21 00 9C 77 BC 36 5F 61 3A AD A6 8D 3B
[22:15:10.942] [INFO] [latency] READ 64 byte(s):
6E 1F 7D 5E BB 9C B9 1F 3B AD 18 9A 3B 3C 44 8E
BB EC 67 DE BC 53 00 B9 02 BC 21 00 93 B6 BC 82
C2 22 BC 38 5D 9B BC 9D 91 A1 BC 10 9A B0 BB B6
03 04 BC A9 5C E0 BC F1 09 C9 BB 8C 00 B9 02 BC
[22:15:10.943] [INFO] [latency] READ 64 byte(s):
21 00 83 0B 3C 67 48 A8 BC B3 B1 8B BC DC 31 73
3C 36 45 9D BC C2 A5 B0 BC 1A 08 8A 3C FA BC 88
BC 61 00 B9 02 BC 41 00 2E CA BC 9A 5D C3 BB 03
E2 01 BB 46 51 91 BC AC 0C 54 3C 57 45 96 BC B2
[22:15:10.944] [INFO] [latency] READ 44 byte(s):
DC 8B BC 28 7B 66 BC F5 2B 9F 3B 80 DD B5 3B FD
73 A0 BC 3C 6A 3E BD E3 C3 25 3D 8D 6F FF BD 85
51 A8 BB 80 65 00 00 72 00 E9 3A 7E
[22:15:10.947] [INFO] [latency] WRITE 21 byte(s):
7E B9 03 81 00 03 82 06 00 80 0B 03 B9 04 0B 01
08 00 08 E9 7E
[22:15:10.950] [INFO] [latency] READ 64 byte(s):
7E B9 03 81 04 03 81 9D 08 0B B9 03 01 08 B9 04
B9 02 BC 21 36 34 20 4D 69 64 20 47 61 69 6E 20
46 65 65 6C 73 00 00 00 00 00 00 00 00 00 00 00
00 00 00 00 00 11 BA 02 88 00 00 00 00 88 00 00
[22:15:10.952] [INFO] [latency] READ 64 byte(s):
F0 42 BA 03 BA 6D 88 00 00 00 00 88 00 00 80 3F
88 00 00 68 C2 88 00 00 FA 43 88 00 00 C8 C2 88
00 00 80 3F 88 00 00 80 3F 88 00 00 28 C1 88 00
00 10 C1 88 00 00 40 41 88 00 00 80 3F 88 00 00
[22:15:10.955] [INFO] [latency] READ 64 byte(s):
00 00 88 00 00 96 43 88 33 33 D3 40 88 33 33 33
3F 88 00 80 3B 44 88 33 33 F3 40 88 00 80 ED 44
88 00 00 80 3F 88 00 00 00 00 88 CD CC 14 41 88
67 66 D6 40 88 00 00 C8 42 88 00 00 80 3F 88 00
[22:15:10.958] [INFO] [latency] READ 64 byte(s):
00 00 00 88 00 00 C8 41 88 00 00 A0 40 88 00 00
00 00 88 00 00 C0 3F 88 00 00 00 00 88 00 00 80
3F 88 00 00 C0 3F 88 00 00 00 00 88 00 00 00 00
88 00 00 C0 40 88 CD CC BC 40 88 00 00 80 3F 88
[22:15:10.960] [INFO] [latency] READ 64 byte(s):
00 00 00 00 88 00 00 80 40 88 00 00 A0 40 88 00
00 00 00 88 00 00 00 00 88 00 00 F0 41 88 00 00
A0 40 88 00 00 00 00 88 00 00 00 00 88 00 00 F0
41 88 00 00 A0 40 88 00 00 00 00 88 00 00 00 00
[22:15:10.962] [INFO] [latency] READ 64 byte(s):
88 00 00 F0 41 88 00 00 A0 40 88 00 00 00 00 88
00 00 00 00 88 00 00 F0 41 88 00 00 A0 40 88 00
00 00 00 88 00 00 00 00 88 00 00 F0 41 88 00 00
A0 40 88 00 00 00 00 88 00 00 00 00 88 00 00 F0
[22:15:10.964] [INFO] [latency] READ 64 byte(s):
41 88 00 00 80 3F 88 00 00 00 00 88 00 00 00 00
88 00 00 00 00 88 00 00 70 41 88 FF FF FF 3E 88
00 00 48 42 88 00 00 F0 40 88 00 00 00 00 88 00
00 40 40 88 00 00 D0 40 88 00 00 00 00 88 00 00
[22:15:10.966] [INFO] [latency] READ 64 byte(s):
00 00 88 00 00 C0 40 88 00 00 00 00 88 00 00 70
41 88 FF FF FF 3E 88 00 00 48 42 88 00 00 F0 40
88 00 00 00 00 88 00 00 70 41 88 FF FF FF 3E 88
00 00 48 42 88 00 00 C8 41 88 00 00 F0 40 88 00
[22:15:10.969] [INFO] [latency] READ 64 byte(s):
00 00 00 88 00 00 40 40 88 00 00 B4 43 88 00 00
F0 42 88 00 00 48 42 88 00 00 A0 40 88 00 00 80
3F 88 00 00 00 00 88 00 00 00 00 88 00 00 00 00
88 00 00 10 41 88 00 00 AF 43 88 00 00 A0 41 88
[22:15:10.971] [INFO] [latency] READ 64 byte(s):
00 00 00 00 88 00 00 48 42 88 00 00 00 00 88 00
00 10 41 88 00 00 AF 43 88 00 00 A0 41 88 00 00
00 00 88 00 00 48 42 BA 6D 88 00 00 00 00 88 00
00 00 00 88 00 00 C8 C2 88 00 00 A0 41 88 00 00
[22:15:10.973] [INFO] [latency] READ 64 byte(s):
70 C2 88 00 00 80 3F 88 00 00 00 00 88 00 00 00
00 88 00 00 00 00 88 00 00 A0 40 88 00 00 80 3F
88 00 00 A0 40 88 00 00 96 43 88 00 00 A0 40 88
33 33 33 3F 88 00 80 3B 44 88 00 00 A0 40 88 00
[22:15:10.978] [INFO] [latency] READ 64 byte(s):
80 ED 44 88 00 00 80 3F 88 00 00 00 00 88 00 00
A0 40 88 00 00 A0 40 88 00 00 C8 42 88 00 00 80
3F 88 00 00 00 00 88 00 00 C8 41 88 00 00 A0 40
88 00 00 00 00 88 00 00 C0 3F 88 00 00 00 00 88
[22:15:10.982] [INFO] [latency] READ 64 byte(s):
00 00 80 3F 88 00 00 C0 3F 88 00 00 00 00 88 00
00 00 00 88 00 00 A0 40 88 00 00 A0 40 88 00 00
80 3F 88 00 00 00 00 88 00 00 80 40 88 00 00 A0
40 88 00 00 00 00 88 00 00 00 00 88 00 00 F0 41
[22:15:10.984] [INFO] [latency] READ 64 byte(s):
88 00 00 A0 40 88 00 00 00 00 88 00 00 00 00 88
00 00 F0 41 88 00 00 A0 40 88 00 00 00 00 88 00
00 00 00 88 00 00 F0 41 88 00 00 A0 40 88 00 00
00 00 88 00 00 00 00 88 00 00 F0 41 88 00 00 A0
[22:15:10.987] [INFO] [latency] READ 64 byte(s):
40 88 00 00 00 00 88 00 00 00 00 88 00 00 F0 41
88 00 00 A0 40 88 00 00 00 00 88 00 00 00 00 88
00 00 F0 41 88 00 00 80 3F 88 00 00 00 00 88 00
00 00 00 88 00 00 00 00 88 00 00 70 41 88 00 00
[22:15:10.989] [INFO] [latency] READ 64 byte(s):
00 3F 88 00 00 48 42 88 00 00 F0 40 88 00 00 00
00 88 00 00 40 40 88 00 00 D0 40 88 00 00 00 00
88 00 00 00 00 88 00 00 C0 40 88 00 00 00 00 88
00 00 70 41 88 00 00 00 3F 88 00 00 48 42 88 00
[22:15:10.994] [INFO] [latency] READ 64 byte(s):
00 F0 40 88 00 00 00 00 88 00 00 70 41 88 00 00
00 3F 88 00 00 48 42 88 00 00 C8 41 88 00 00 F0
40 88 00 00 00 00 88 00 00 40 40 88 00 00 B4 43
88 00 00 F0 42 88 00 00 48 42 88 00 00 A0 40 88
[22:15:10.997] [INFO] [latency] READ 64 byte(s):
00 00 80 3F 88 00 00 00 00 88 00 00 00 00 88 00
00 00 00 88 00 00 10 41 88 00 00 AF 43 88 00 00
A0 41 88 00 00 00 00 88 00 00 48 42 88 00 00 00
00 88 00 00 10 41 88 00 00 AF 43 88 00 00 A0 41
[22:15:11.001] [INFO] [latency] READ 64 byte(s):
88 00 00 00 00 88 00 00 48 42 BA 6D 88 00 00 00
00 88 00 00 00 00 88 00 00 C8 C2 88 00 00 A0 41
88 00 00 70 C2 88 00 00 80 3F 88 00 00 00 00 88
00 00 00 00 88 00 00 00 00 88 00 00 A0 40 88 00
[22:15:11.004] [INFO] [latency] READ 64 byte(s):
00 80 3F 88 00 00 A0 40 88 00 00 96 43 88 00 00
A0 40 88 33 33 33 3F 88 00 80 3B 44 88 00 00 A0
40 88 00 80 ED 44 88 00 00 80 3F 88 00 00 00 00
88 00 00 A0 40 88 00 00 A0 40 88 00 00 C8 42 88
[22:15:11.006] [INFO] [latency] READ 64 byte(s):
00 00 80 3F 88 00 00 00 00 88 00 00 C8 41 88 00
00 A0 40 88 00 00 00 00 88 00 00 C0 3F 88 00 00
00 00 88 00 00 80 3F 88 00 00 C0 3F 88 00 00 00
00 88 00 00 00 00 88 00 00 A0 40 88 00 00 A0 40
[22:15:11.009] [INFO] [latency] READ 64 byte(s):
88 00 00 80 3F 88 00 00 00 00 88 00 00 80 40 88
00 00 A0 40 88 00 00 00 00 88 00 00 00 00 88 00
00 F0 41 88 00 00 A0 40 88 00 00 00 00 88 00 00
00 00 88 00 00 F0 41 88 00 00 A0 40 88 00 00 00
[22:15:11.012] [INFO] [latency] READ 64 byte(s):
00 88 00 00 00 00 88 00 00 F0 41 88 00 00 A0 40
88 00 00 00 00 88 00 00 00 00 88 00 00 F0 41 88
00 00 A0 40 88 00 00 00 00 88 00 00 00 00 88 00
00 F0 41 88 00 00 A0 40 88 00 00 00 00 88 00 00
[22:15:11.014] [INFO] [latency] READ 64 byte(s):
00 00 88 00 00 F0 41 88 00 00 80 3F 88 00 00 00
00 88 00 00 00 00 88 00 00 00 00 88 00 00 70 41
88 00 00 00 3F 88 00 00 48 42 88 00 00 F0 40 88
00 00 00 00 88 00 00 40 40 88 00 00 D0 40 88 00
[22:15:11.017] [INFO] [latency] READ 64 byte(s):
00 00 00 88 00 00 00 00 88 00 00 C0 40 88 00 00
00 00 88 00 00 70 41 88 00 00 00 3F 88 00 00 48
42 88 00 00 F0 40 88 00 00 00 00 88 00 00 70 41
88 00 00 00 3F 88 00 00 48 42 88 00 00 C8 41 88
[22:15:11.020] [INFO] [latency] READ 64 byte(s):
00 00 F0 40 88 00 00 00 00 88 00 00 40 40 88 00
00 B4 43 88 00 00 F0 42 88 00 00 48 42 88 00 00
A0 40 88 00 00 80 3F 88 00 00 00 00 88 00 00 00
00 88 00 00 00 00 88 00 00 10 41 88 00 00 AF 43
[22:15:11.023] [INFO] [latency] READ 64 byte(s):
88 00 00 A0 41 88 00 00 00 00 88 00 00 48 42 88
00 00 00 00 88 00 00 10 41 88 00 00 AF 43 88 00
00 A0 41 88 00 00 00 00 88 00 00 48 42 B9 0D B9
02 BC 21 00 B5 F0 3B B2 C7 FA 3A B8 9E 2C 3C 62
[22:15:11.028] [INFO] [latency] READ 64 byte(s):
05 98 3C 72 37 F6 3B 36 67 C8 BB 3D 45 8E 3C 70
CB 0D 3C 6A 00 B9 02 BC 0B 32 30 32 35 2D 31 32
2D 30 36 00 0A B9 02 BC 21 44 52 49 56 45 00 3E
3B 2E C1 C9 3B 9B A9 BE 3B CF B8 F1 BB 40 A2 66
[22:15:11.035] [INFO] [latency] READ 64 byte(s):
BB 9E 7A D2 BA B2 55 CD BA 7A 05 B9 02 BC 21 4E
6F 6E 65 00 A2 16 3B 21 EF 42 BB DA 00 84 BB 08
7B 93 3C FF DE C2 3B 6E 2D 27 BC 3B EC 1D 3C 9A
04 B9 02 BC 21 4E 6F 6E 65 00 09 3F 3B 92 9F AF
[22:15:11.040] [INFO] [latency] READ 64 byte(s):
BB 84 26 F6 BB CD 66 B1 B9 45 87 F7 BA 6F 7C C6
BB 6D 08 74 B9 4E 04 B9 02 BC 21 4E 6F 6E 65 00
D8 92 3A E0 32 1F 3B D4 24 91 BC 6A A2 71 BC 23
91 4F BB 8C 68 0C BC 10 B6 0E BC 29 04 B9 02 BC
[22:15:11.044] [INFO] [latency] READ 64 byte(s):
21 4E 6F 6E 65 00 58 62 BC 75 A4 1B BB DB 7D 5D
23 BB 9B F1 6D BC 24 AA 63 BC 6E 65 74 BB 48 B5
66 BC 1C 04 B9 02 BC 21 00 05 56 3B AA 40 97 B8
10 68 6D BC 65 30 30 BC 8F EE C1 BB C7 8E 88 BC
[22:15:11.048] [INFO] [latency] READ 64 byte(s):
56 CA 07 BC 0F 2C 37 3C 5F 00 B9 02 BC 21 00 40
9E 3B F0 08 EF 3B 18 97 CA BB 05 3E B6 37 A4 BC
1A BB A3 71 B9 3A 4B F0 A5 BC 75 1E 03 BC CF 00
B9 02 BC 21 00 9C 77 BC 36 5F 61 3A AD A6 8D 3B
[22:15:11.050] [INFO] [latency] READ 64 byte(s):
6E 1F 7D 5E BB 9C B9 1F 3B AD 18 9A 3B 3C 44 8E
BB EC 67 DE BC 53 00 B9 02 BC 21 00 93 B6 BC 82
C2 22 BC 38 5D 9B BC 9D 91 A1 BC 10 9A B0 BB B6
03 04 BC A9 5C E0 BC F1 09 C9 BB 8C 00 B9 02 BC
[22:15:11.053] [INFO] [latency] READ 64 byte(s):
21 00 83 0B 3C 67 48 A8 BC B3 B1 8B BC DC 31 73
3C 36 45 9D BC C2 A5 B0 BC 1A 08 8A 3C FA BC 88
BC 61 00 B9 02 BC 41 00 2E CA BC 9A 5D C3 BB 03
E2 01 BB 46 51 91 BC AC 0C 54 3C 57 45 96 BC B2
[22:15:11.055] [INFO] [latency] READ 44 byte(s):
DC 8B BC 28 7B 66 BC F5 2B 9F 3B 80 DD B5 3B FD
73 A0 BC 3C 6A 3E BD E3 C3 25 3D 8D 6F FF BD B0
A2 5C 8B 9A 10 00 00 72 00 B5 BF 7E
[22:15:11.060] [INFO] [latency] WRITE 21 byte(s):
7E B9 03 81 00 03 82 06 00 80 0B 03 B9 04 0B 01
09 00 D0 F0 7E
[22:15:11.069] [INFO] [latency] READ 64 byte(s):
7E B9 03 81 04 03 81 9D 08 0B B9 03 01 09 B9 04
B9 02 BC 21 36 36 20 4C 6F 20 47 61 69 6E 20 46
65 65 6C 73 00 00 00 00 00 00 00 00 00 00 00 00
00 00 00 00 00 10 BA 02 88 00 00 00 00 88 00 00
[22:15:11.075] [INFO] [latency] READ 64 byte(s):
F0 42 BA 03 BA 6D 88 00 00 00 00 88 00 00 00 00
88 00 00 C8 C2 88 00 00 A0 41 88 00 00 70 C2 88
00 00 80 3F 88 00 00 00 00 88 00 00 00 00 88 00
00 00 00 88 00 00 A0 40 88 00 00 80 3F 88 00 00
[22:15:11.079] [INFO] [latency] READ 64 byte(s):
A0 40 88 00 00 96 43 88 00 00 A0 40 88 33 33 33
3F 88 00 80 3B 44 88 00 00 A0 40 88 00 80 ED 44
88 00 00 80 3F 88 00 00 00 00 88 00 00 A0 40 88
00 00 A0 40 88 00 00 C8 42 88 00 00 80 3F 88 00
[22:15:11.081] [INFO] [latency] READ 64 byte(s):
00 00 00 88 00 00 C8 41 88 00 00 A0 40 88 00 00
00 00 88 00 00 C0 3F 88 00 00 00 00 88 00 00 80
3F 88 00 00 C0 3F 88 00 00 00 00 88 00 00 00 00
88 00 00 A0 40 88 00 00 A0 40 88 00 00 80 3F 88
[22:15:11.082] [INFO] [latency] READ 64 byte(s):
00 00 00 00 88 00 00 80 40 88 00 00 A0 40 88 00
00 00 00 88 00 00 00 00 88 00 00 F0 41 88 00 00
A0 40 88 00 00 00 00 88 00 00 00 00 88 00 00 F0
41 88 00 00 A0 40 88 00 00 00 00 88 00 00 00 00
[22:15:11.085] [INFO] [latency] READ 64 byte(s):
88 00 00 F0 41 88 00 00 A0 40 88 00 00 00 00 88
00 00 00 00 88 00 00 F0 41 88 00 00 A0 40 88 00
00 00 00 88 00 00 00 00 88 00 00 F0 41 88 00 00
A0 40 88 00 00 00 00 88 00 00 00 00 88 00 00 F0
[22:15:11.088] [INFO] [latency] READ 64 byte(s):
41 88 00 00 80 3F 88 00 00 00 00 88 00 00 00 00
88 00 00 00 00 88 00 00 70 41 88 00 00 00 3F 88
00 00 48 42 88 00 00 F0 40 88 00 00 00 00 88 00
00 40 40 88 00 00 D0 40 88 00 00 00 00 88 00 00
[22:15:11.092] [INFO] [latency] READ 64 byte(s):
00 00 88 00 00 C0 40 88 00 00 00 00 88 00 00 70
41 88 00 00 00 3F 88 00 00 48 42 88 00 00 F0 40
88 00 00 00 00 88 00 00 70 41 88 00 00 00 3F 88
00 00 48 42 88 00 00 C8 41 88 00 00 F0 40 88 00
[22:15:11.098] [INFO] [latency] READ 64 byte(s):
00 00 00 88 00 00 40 40 88 00 00 B4 43 88 00 00
F0 42 88 00 00 48 42 88 00 00 A0 40 88 00 00 80
3F 88 00 00 00 00 88 00 00 00 00 88 00 00 00 00
88 00 00 10 41 88 00 00 AF 43 88 00 00 A0 41 88
[22:15:11.105] [INFO] [latency] READ 64 byte(s):
00 00 00 00 88 00 00 48 42 88 00 00 00 00 88 00
00 10 41 88 00 00 AF 43 88 00 00 A0 41 88 00 00
00 00 88 00 00 48 42 BA 6D 88 00 00 00 00 88 00
00 00 00 88 00 00 C8 C2 88 00 00 A0 41 88 00 00
[22:15:11.108] [INFO] [latency] READ 64 byte(s):
70 C2 88 00 00 80 3F 88 00 00 00 00 88 00 00 00
00 88 00 00 00 00 88 00 00 A0 40 88 00 00 80 3F
88 00 00 A0 40 88 00 00 96 43 88 00 00 A0 40 88
33 33 33 3F 88 00 80 3B 44 88 00 00 A0 40 88 00
[22:15:11.114] [INFO] [latency] READ 64 byte(s):
80 ED 44 88 00 00 80 3F 88 00 00 00 00 88 00 00
A0 40 88 00 00 A0 40 88 00 00 C8 42 88 00 00 80
3F 88 00 00 00 00 88 00 00 C8 41 88 00 00 A0 40
88 00 00 00 00 88 00 00 C0 3F 88 00 00 00 00 88
[22:15:11.118] [INFO] [latency] READ 64 byte(s):
00 00 80 3F 88 00 00 C0 3F 88 00 00 00 00 88 00
00 00 00 88 00 00 A0 40 88 00 00 A0 40 88 00 00
80 3F 88 00 00 00 00 88 00 00 80 40 88 00 00 A0
40 88 00 00 00 00 88 00 00 00 00 88 00 00 F0 41
[22:15:11.122] [INFO] [latency] READ 64 byte(s):
88 00 00 A0 40 88 00 00 00 00 88 00 00 00 00 88
00 00 F0 41 88 00 00 A0 40 88 00 00 00 00 88 00
00 00 00 88 00 00 F0 41 88 00 00 A0 40 88 00 00
00 00 88 00 00 00 00 88 00 00 F0 41 88 00 00 A0
[22:15:11.125] [INFO] [latency] READ 64 byte(s):
40 88 00 00 00 00 88 00 00 00 00 88 00 00 F0 41
88 00 00 A0 40 88 00 00 00 00 88 00 00 00 00 88
00 00 F0 41 88 00 00 80 3F 88 00 00 00 00 88 00
00 00 00 88 00 00 00 00 88 00 00 70 41 88 00 00
[22:15:11.129] [INFO] [latency] READ 64 byte(s):
00 3F 88 00 00 48 42 88 00 00 F0 40 88 00 00 00
00 88 00 00 40 40 88 00 00 D0 40 88 00 00 00 00
88 00 00 00 00 88 00 00 C0 40 88 00 00 00 00 88
00 00 70 41 88 00 00 00 3F 88 00 00 48 42 88 00
[22:15:11.133] [INFO] [latency] READ 64 byte(s):
00 F0 40 88 00 00 00 00 88 00 00 70 41 88 00 00
00 3F 88 00 00 48 42 88 00 00 C8 41 88 00 00 F0
40 88 00 00 00 00 88 00 00 40 40 88 00 00 B4 43
88 00 00 F0 42 88 00 00 48 42 88 00 00 A0 40 88
[22:15:11.144] [INFO] [latency] READ 64 byte(s):
00 00 80 3F 88 00 00 00 00 88 00 00 00 00 88 00
00 00 00 88 00 00 10 41 88 00 00 AF 43 88 00 00
A0 41 88 00 00 00 00 88 00 00 48 42 88 00 00 00
00 88 00 00 10 41 88 00 00 AF 43 88 00 00 A0 41
[22:15:11.150] [INFO] [latency] READ 64 byte(s):
88 00 00 00 00 88 00 00 48 42 BA 6D 88 00 00 00
00 88 00 00 00 00 88 00 00 C8 C2 88 00 00 A0 41
88 00 00 70 C2 88 00 00 80 3F 88 00 00 00 00 88
00 00 00 00 88 00 00 00 00 88 00 00 A0 40 88 00
[22:15:11.156] [INFO] [latency] READ 64 byte(s):
00 80 3F 88 00 00 A0 40 88 00 00 96 43 88 00 00
A0 40 88 33 33 33 3F 88 00 80 3B 44 88 00 00 A0
40 88 00 80 ED 44 88 00 00 80 3F 88 00 00 00 00
88 00 00 A0 40 88 00 00 A0 40 88 00 00 C8 42 88
[22:15:11.161] [INFO] [latency] READ 64 byte(s):
00 00 80 3F 88 00 00 00 00 88 00 00 C8 41 88 00
00 A0 40 88 00 00 00 00 88 00 00 C0 3F 88 00 00
00 00 88 00 00 80 3F 88 00 00 C0 3F 88 00 00 00
00 88 00 00 00 00 88 00 00 A0 40 88 00 00 A0 40
[22:15:11.166] [INFO] [latency] READ 64 byte(s):
88 00 00 80 3F 88 00 00 00 00 88 00 00 80 40 88
00 00 A0 40 88 00 00 00 00 88 00 00 00 00 88 00
00 F0 41 88 00 00 A0 40 88 00 00 00 00 88 00 00
00 00 88 00 00 F0 41 88 00 00 A0 40 88 00 00 00
[22:15:11.168] [INFO] [latency] READ 64 byte(s):
00 88 00 00 00 00 88 00 00 F0 41 88 00 00 A0 40
88 00 00 00 00 88 00 00 00 00 88 00 00 F0 41 88
00 00 A0 40 88 00 00 00 00 88 00 00 00 00 88 00
00 F0 41 88 00 00 A0 40 88 00 00 00 00 88 00 00
[22:15:11.171] [INFO] [latency] READ 64 byte(s):
00 00 88 00 00 F0 41 88 00 00 80 3F 88 00 00 00
00 88 00 00 00 00 88 00 00 00 00 88 00 00 70 41
88 00 00 00 3F 88 00 00 48 42 88 00 00 F0 40 88
00 00 00 00 88 00 00 40 40 88 00 00 D0 40 88 00
[22:15:11.179] [INFO] [latency] READ 64 byte(s):
00 00 00 88 00 00 00 00 88 00 00 C0 40 88 00 00
00 00 88 00 00 70 41 88 00 00 00 3F 88 00 00 48
42 88 00 00 F0 40 88 00 00 00 00 88 00 00 70 41
88 00 00 00 3F 88 00 00 48 42 88 00 00 C8 41 88
[22:15:11.185] [INFO] [latency] READ 64 byte(s):
00 00 F0 40 88 00 00 00 00 88 00 00 40 40 88 00
00 B4 43 88 00 00 F0 42 88 00 00 48 42 88 00 00
A0 40 88 00 00 80 3F 88 00 00 00 00 88 00 00 00
00 88 00 00 00 00 88 00 00 10 41 88 00 00 AF 43
[22:15:11.188] [INFO] [latency] READ 64 byte(s):
88 00 00 A0 41 88 00 00 00 00 88 00 00 48 42 88
00 00 00 00 88 00 00 10 41 88 00 00 AF 43 88 00
00 A0 41 88 00 00 00 00 88 00 00 48 42 B9 0D B9
02 BC 21 00 4C 53 3C 83 3A A9 3C 45 04 57 3C 90
[22:15:11.194] [INFO] [latency] READ 64 byte(s):
66 83 3C C1 1C BA 3C 82 B7 43 3C 7D 5D C1 92 3C
87 38 2D 3C 3B 00 B9 02 BC 0B 32 30 32 35 2D 31
32 2D 30 35 00 0A B9 02 BC 21 43 4C 45 41 4E 00
AA 3C E7 B0 52 3C 0E 61 C5 3A 8D 4C 0A BB 04 7C
[22:15:11.197] [INFO] [latency] READ 64 byte(s):
89 3C 0A F7 01 BB E8 2F 74 BA 19 05 B9 02 BC 21
4E 6F 6E 65 00 CA DA 3A 41 57 42 3C A4 34 EF 3A
C1 57 DE 3B E8 5C 85 3B EB 4A 18 3C 28 9C 60 3C
5D 04 B9 02 BC 21 4E 6F 6E 65 00 02 33 3B 10 70
[22:15:11.200] [INFO] [latency] READ 64 byte(s):
00 BC A4 B9 E1 BA 8C 43 8F 3B C8 BA 71 3A 86 09
ED 3A CF 40 A4 3B E3 04 B9 02 BC 21 4E 6F 6E 65
00 E0 09 BC 0F 66 6D BB 63 B6 1C BC 7C A2 10 BC
98 01 26 BB FB 33 6E BC BE 12 A5 BB 45 04 B9 02
[22:15:11.204] [INFO] [latency] READ 64 byte(s):
BC 21 4E 6F 6E 65 00 05 0E 3B B5 FA 3A BB 8B E0
BF BB 21 72 BE BB B9 79 09 BC 3C 8E 10 B7 A6 69
1D BC E8 04 B9 02 BC 21 00 01 2C BA E7 EA 03 BC
D8 05 0C BC 6A 73 01 BB 2E 3E 31 BC 87 EC 5B BB
[22:15:11.206] [INFO] [latency] READ 64 byte(s):
3E 92 9F BB 6B 33 75 BB F5 00 B9 02 BC 21 00 6A
F4 3B 4E E5 2F 3B F6 3C 6B 3B 80 C6 00 3C 2D F2
22 BC 34 7B 28 BC E6 0A A6 BB 80 C3 71 BC 5E 00
B9 02 BC 21 00 C3 76 BB 10 09 C1 3B AF 46 82 3B
[22:15:11.207] [INFO] [latency] READ 64 byte(s):
F8 AA 6E 3B 7D 5E 05 10 3C 6E 5A EC 39 A2 0D 14
3B A9 DD 0C BC 50 00 B9 02 BC 21 00 03 A7 BB 9B
1D 3B BC 63 C0 6D BB 60 0E F9 BB 13 7D 5E 6C BC
63 FA CD BB 18 74 37 BC A1 28 34 BC 38 00 B9 02
[22:15:11.208] [INFO] [latency] READ 64 byte(s):
BC 21 00 36 F5 BB 46 A0 D0 BB 4B 25 A0 3B A2 09
BC BA DE 03 08 BB F0 BF 02 BB C7 84 34 BB 6D C3
A9 B8 A5 00 B9 02 BC 41 00 13 60 BC E1 E8 E4 BB
D0 0D 96 BB 88 F9 B0 BC 8C E3 C2 3B CD 5D 4A 3C
[22:15:11.210] [INFO] [latency] READ 45 byte(s):
7F 5E BD BB 90 37 92 BC 14 66 A5 3C D0 AB B3 3C
0A 9B 22 BD B6 37 32 BD 3C 7C E9 3D FA 30 29 BE
85 51 A8 BB 80 65 00 00 72 00 87 32 7E
[22:15:11.212] [INFO] [latency] WRITE 21 byte(s):
7E B9 03 81 00 03 82 06 00 80 0B 03 B9 04 0B 01
0A 00 B8 DA 7E
[22:15:11.222] [INFO] [latency] READ 64 byte(s):
7E B9 03 81 04 03 81 9D 08 0B B9 03 01 0A B9 04
B9 02 BC 21 54 72 61 64 69 74 69 6F 6E 61 6C 20
4C 6F 47 61 69 6E 00 00 00 00 00 00 00 00 00 00
00 00 00 00 00 12 BA 02 88 00 00 00 00 88 00 00
[22:15:11.226] [INFO] [latency] READ 64 byte(s):
F0 42 BA 03 BA 6D 88 00 00 00 00 88 00 00 00 00
88 00 00 C8 C2 88 00 00 A0 41 88 00 00 70 C2 88
00 00 80 3F 88 00 00 00 00 88 00 00 00 00 88 00
00 00 00 88 00 00 A0 40 88 00 00 80 3F 88 67 66
[22:15:11.228] [INFO] [latency] READ 64 byte(s):
46 40 88 00 00 96 43 88 00 00 A0 40 88 33 33 33
3F 88 00 80 3B 44 88 00 00 A0 40 88 00 80 ED 44
88 00 00 80 3F 88 00 00 00 00 88 CD CC AC 40 88
9A 99 09 41 88 00 00 C8 42 88 00 00 80 3F 88 00
[22:15:11.230] [INFO] [latency] READ 64 byte(s):
00 00 00 88 00 00 C8 41 88 00 00 A0 40 88 00 00
00 00 88 00 00 C0 3F 88 00 00 00 00 88 00 00 80
3F 88 00 00 C0 3F 88 00 00 00 00 88 00 00 00 00
88 00 00 A0 40 88 00 00 A0 40 88 00 00 80 3F 88
[22:15:11.232] [INFO] [latency] READ 64 byte(s):
00 00 00 00 88 00 00 80 40 88 00 00 A0 40 88 00
00 00 00 88 00 00 00 00 88 00 00 F0 41 88 00 00
A0 40 88 00 00 00 00 88 00 00 00 00 88 00 00 F0
41 88 00 00 A0 40 88 00 00 00 00 88 00 00 00 00
[22:15:11.235] [INFO] [latency] READ 64 byte(s):
88 00 00 F0 41 88 00 00 A0 40 88 00 00 00 00 88
00 00 00 00 88 00 00 F0 41 88 00 00 A0 40 88 00
00 00 00 88 00 00 00 00 88 00 00 F0 41 88 00 00
A0 40 88 00 00 00 00 88 00 00 00 00 88 00 00 F0
[22:15:11.238] [INFO] [latency] READ 64 byte(s):
41 88 00 00 80 3F 88 00 00 00 00 88 00 00 00 00
88 00 00 00 00 88 00 00 70 41 88 00 00 00 3F 88
00 00 48 42 88 00 00 F0 40 88 00 00 00 00 88 00
00 40 40 88 00 00 D0 40 88 00 00 00 00 88 00 00
[22:15:11.240] [INFO] [latency] READ 64 byte(s):
00 00 88 00 00 C0 40 88 00 00 00 00 88 00 00 70
41 88 00 00 00 3F 88 00 00 48 42 88 00 00 F0 40
88 00 00 00 00 88 00 00 70 41 88 00 00 00 3F 88
00 00 48 42 88 00 00 C8 41 88 00 00 F0 40 88 00
[22:15:11.244] [INFO] [latency] READ 64 byte(s):
00 00 00 88 00 00 40 40 88 00 00 B4 43 88 00 00
F0 42 88 00 00 48 42 88 00 00 A0 40 88 00 00 80
3F 88 00 00 00 00 88 00 00 00 00 88 00 00 00 00
88 00 00 10 41 88 00 00 AF 43 88 00 00 A0 41 88
[22:15:11.248] [INFO] [latency] READ 64 byte(s):
00 00 00 00 88 00 00 48 42 88 00 00 00 00 88 00
00 10 41 88 00 00 AF 43 88 00 00 A0 41 88 00 00
00 00 88 00 00 48 42 BA 6D 88 00 00 00 00 88 00
00 00 00 88 00 00 C8 C2 88 00 00 A0 41 88 00 00
[22:15:11.251] [INFO] [latency] READ 64 byte(s):
70 C2 88 00 00 80 3F 88 00 00 00 00 88 00 00 00
00 88 00 00 00 00 88 00 00 A0 40 88 00 00 80 3F
88 00 00 A0 40 88 00 00 96 43 88 00 00 A0 40 88
33 33 33 3F 88 00 80 3B 44 88 00 00 A0 40 88 00
[22:15:11.255] [INFO] [latency] READ 64 byte(s):
80 ED 44 88 00 00 80 3F 88 00 00 00 00 88 00 00
A0 40 88 00 00 A0 40 88 00 00 C8 42 88 00 00 80
3F 88 00 00 00 00 88 00 00 C8 41 88 00 00 A0 40
88 00 00 00 00 88 00 00 C0 3F 88 00 00 00 00 88
[22:15:11.258] [INFO] [latency] READ 64 byte(s):
00 00 80 3F 88 00 00 C0 3F 88 00 00 00 00 88 00
00 00 00 88 00 00 A0 40 88 00 00 A0 40 88 00 00
80 3F 88 00 00 00 00 88 00 00 80 40 88 00 00 A0
40 88 00 00 00 00 88 00 00 00 00 88 00 00 F0 41
[22:15:11.261] [INFO] [latency] READ 64 byte(s):
88 00 00 A0 40 88 00 00 00 00 88 00 00 00 00 88
00 00 F0 41 88 00 00 A0 40 88 00 00 00 00 88 00
00 00 00 88 00 00 F0 41 88 00 00 A0 40 88 00 00
00 00 88 00 00 00 00 88 00 00 F0 41 88 00 00 A0
[22:15:11.265] [INFO] [latency] READ 64 byte(s):
40 88 00 00 00 00 88 00 00 00 00 88 00 00 F0 41
88 00 00 A0 40 88 00 00 00 00 88 00 00 00 00 88
00 00 F0 41 88 00 00 80 3F 88 00 00 00 00 88 00
00 00 00 88 00 00 00 00 88 00 00 70 41 88 00 00
[22:15:11.268] [INFO] [latency] READ 64 byte(s):
00 3F 88 00 00 48 42 88 00 00 F0 40 88 00 00 00
00 88 00 00 40 40 88 00 00 D0 40 88 00 00 00 00
88 00 00 00 00 88 00 00 C0 40 88 00 00 00 00 88
00 00 70 41 88 00 00 00 3F 88 00 00 48 42 88 00
[22:15:11.271] [INFO] [latency] READ 64 byte(s):
00 F0 40 88 00 00 00 00 88 00 00 70 41 88 00 00
00 3F 88 00 00 48 42 88 00 00 C8 41 88 00 00 F0
40 88 00 00 00 00 88 00 00 40 40 88 00 00 B4 43
88 00 00 F0 42 88 00 00 48 42 88 00 00 A0 40 88
[22:15:11.277] [INFO] [latency] READ 64 byte(s):
00 00 80 3F 88 00 00 00 00 88 00 00 00 00 88 00
00 00 00 88 00 00 10 41 88 00 00 AF 43 88 00 00
A0 41 88 00 00 00 00 88 00 00 48 42 88 00 00 00
00 88 00 00 10 41 88 00 00 AF 43 88 00 00 A0 41
[22:15:11.281] [INFO] [latency] READ 64 byte(s):
88 00 00 00 00 88 00 00 48 42 BA 6D 88 00 00 00
00 88 00 00 00 00 88 00 00 C8 C2 88 00 00 A0 41
88 00 00 70 C2 88 00 00 80 3F 88 00 00 00 00 88
00 00 00 00 88 00 00 00 00 88 00 00 A0 40 88 00
[22:15:11.284] [INFO] [latency] READ 64 byte(s):
00 80 3F 88 00 00 A0 40 88 00 00 96 43 88 00 00
A0 40 88 33 33 33 3F 88 00 80 3B 44 88 00 00 A0
40 88 00 80 ED 44 88 00 00 80 3F 88 00 00 00 00
88 00 00 A0 40 88 00 00 A0 40 88 00 00 C8 42 88
[22:15:11.287] [INFO] [latency] READ 64 byte(s):
00 00 80 3F 88 00 00 00 00 88 00 00 C8 41 88 00
00 A0 40 88 00 00 00 00 88 00 00 C0 3F 88 00 00
00 00 88 00 00 80 3F 88 00 00 C0 3F 88 00 00 00
00 88 00 00 00 00 88 00 00 A0 40 88 00 00 A0 40
[22:15:11.293] [INFO] [latency] READ 64 byte(s):
88 00 00 80 3F 88 00 00 00 00 88 00 00 80 40 88
00 00 A0 40 88 00 00 00 00 88 00 00 00 00 88 00
00 F0 41 88 00 00 A0 40 88 00 00 00 00 88 00 00
00 00 88 00 00 F0 41 88 00 00 A0 40 88 00 00 00
[22:15:11.297] [INFO] [latency] READ 64 byte(s):
00 88 00 00 00 00 88 00 00 F0 41 88 00 00 A0 40
88 00 00 00 00 88 00 00 00 00 88 00 00 F0 41 88
00 00 A0 40 88 00 00 00 00 88 00 00 00 00 88 00
00 F0 41 88 00 00 A0 40 88 00 00 00 00 88 00 00
[22:15:11.301] [INFO] [latency] READ 64 byte(s):
00 00 88 00 00 F0 41 88 00 00 80 3F 88 00 00 00
00 88 00 00 00 00 88 00 00 00 00 88 00 00 70 41
88 00 00 00 3F 88 00 00 48 42 88 00 00 F0 40 88
00 00 00 00 88 00 00 40 40 88 00 00 D0 40 88 00
[22:15:11.304] [INFO] [latency] READ 64 byte(s):
00 00 00 88 00 00 00 00 88 00 00 C0 40 88 00 00
00 00 88 00 00 70 41 88 00 00 00 3F 88 00 00 48
42 88 00 00 F0 40 88 00 00 00 00 88 00 00 70 41
88 00 00 00 3F 88 00 00 48 42 88 00 00 C8 41 88
[22:15:11.308] [INFO] [latency] READ 64 byte(s):
00 00 F0 40 88 00 00 00 00 88 00 00 40 40 88 00
00 B4 43 88 00 00 F0 42 88 00 00 48 42 88 00 00
A0 40 88 00 00 80 3F 88 00 00 00 00 88 00 00 00
00 88 00 00 00 00 88 00 00 10 41 88 00 00 AF 43
[22:15:11.313] [INFO] [latency] READ 64 byte(s):
88 00 00 A0 41 88 00 00 00 00 88 00 00 48 42 88
00 00 00 00 88 00 00 10 41 88 00 00 AF 43 88 00
00 A0 41 88 00 00 00 00 88 00 00 48 42 B9 0D B9
02 BC 21 00 49 DB 3A C0 05 C3 3B C0 40 9C 3C 6F
[22:15:11.317] [INFO] [latency] READ 64 byte(s):
3B 5F 3C 6C 1A B5 3C EB 26 79 3C A0 D4 35 3C CF
72 D4 3C A1 00 B9 02 BC 0B 32 30 32 35 2D 31 32
2D 30 35 00 0A B9 02 BC 21 43 4C 45 41 4E 00 AD
BB B9 FA CA 3A F5 AA 7F 3B F7 A7 EA 3B A6 63 AA
[22:15:11.320] [INFO] [latency] READ 64 byte(s):
39 23 0D 43 3C 37 FA E8 3B 71 05 B9 02 BC 21 4E
6F 6E 65 00 F3 01 BB 7D 5D 6E 80 3B 18 3E D2 3B
72 35 5F 3C 15 46 9E 3B AB D1 89 BA 4B FF 08 BA
D7 04 B9 02 BC 21 4E 6F 6E 65 00 97 86 3B 12 38
[22:15:11.323] [INFO] [latency] READ 64 byte(s):
E1 3B CD DF F4 3C AC B7 A5 3C BD 00 E0 3B 1D 80
96 BB C0 C9 0F BB 12 04 B9 02 BC 21 4E 6F 6E 65
00 F8 69 3C 79 A9 20 3C 49 09 E3 3B F7 28 25 3B
84 3D 0E BC 1A 92 FD BA 60 B4 04 3C 55 04 B9 02
[22:15:11.328] [INFO] [latency] READ 64 byte(s):
BC 21 4E 6F 6E 65 00 44 09 BC 2C 0F 55 BC 44 7A
5B BC E9 5D 5E 3B 3E 38 F1 BB 0A 61 4C 3B CC 6C
4D 3C 7B 04 B9 02 BC 21 00 02 0E BC 63 F9 94 BA
DC 5B AA BA CB 76 0D B9 59 9F D9 B8 F6 96 00 3B
[22:15:11.332] [INFO] [latency] READ 64 byte(s):
32 9F 0D 3C 7D 5E ED 35 3A 55 00 B9 02 BC 21 00
D8 29 BC 9C E8 8E BB 30 87 C0 BB 8A 06 37 3B A8
17 80 BB 9D 4A 01 BC 17 7F 21 3B EB 29 AB BB 8C
00 B9 02 BC 21 00 F4 5C 3C 8B 8E 92 3C F0 26 B9
[22:15:11.336] [INFO] [latency] READ 64 byte(s):
3B B2 AA 66 3C FE 95 75 3B 3C A9 A3 BB 13 0E C9
3B FD 5E 03 BA D3 00 B9 02 BC 21 00 88 25 3C F8
35 50 3A BE F5 49 BB 75 E5 B3 3B 37 8E 65 3B A0
55 F7 3B 21 44 77 BB 2C A8 45 BB B1 00 B9 02 BC
[22:15:11.340] [INFO] [latency] READ 64 byte(s):
21 00 5F 74 3C 8B 29 53 38 F9 AC 70 3B B1 45 1D
3C C5 44 94 3C 7F 87 13 3C 7B 57 9A 3C 6D 75 1F
3C A7 00 B9 02 BC 41 00 31 B4 3C C3 26 81 3C 4C
23 15 3C C3 37 1A 3C 8A 52 2C 3B 38 71 6D 3C 20
[22:15:11.342] [INFO] [latency] READ 45 byte(s):
30 D6 3C 65 24 41 37 3C E0 C7 3C 79 A5 EB 3C 53
D8 5A 3C 7A DB 84 3D F6 68 7D 5D BD DB 9D EA 3D
85 51 A8 BB 80 65 00 00 72 00 A4 E3 7E
[22:15:11.347] [INFO] [latency] WRITE 21 byte(s):
7E B9 03 81 00 03 82 06 00 80 0B 03 B9 04 0B 01
0B 00 60 C3 7E
[22:15:11.354] [INFO] [latency] READ 64 byte(s):
7E B9 03 81 04 03 81 9D 08 0B B9 03 01 0B B9 04
B9 02 BC 21 43 72 75 6E 63 68 79 20 52 69 67 68
74 20 42 61 73 73 00 00 00 00 00 00 00 00 00 00
00 00 00 00 00 12 BA 02 88 00 00 00 00 88 00 00
[22:15:11.358] [INFO] [latency] READ 64 byte(s):
F0 42 BA 03 BA 6D 88 00 00 00 00 88 00 00 80 3F
88 00 00 7C C2 88 00 00 A0 41 88 00 00 70 C2 88
00 00 80 3F 88 00 00 80 3F 88 00 00 B4 C1 88 00
00 00 00 88 00 00 A0 40 88 00 00 80 3F 88 67 66
[22:15:11.365] [INFO] [latency] READ 64 byte(s):
D6 40 88 00 00 96 43 88 CD CC 4C 40 88 33 33 33
3F 88 00 80 3B 44 88 67 66 C6 40 88 00 80 ED 44
88 00 00 80 3F 88 00 00 00 00 88 9A 99 11 41 88
33 33 0B 41 88 00 00 C8 42 88 00 00 80 3F 88 00
[22:15:11.369] [INFO] [latency] READ 64 byte(s):
00 00 00 88 00 00 C8 41 88 00 00 A0 40 88 00 00
00 00 88 00 00 C0 3F 88 00 00 00 00 88 00 00 80
3F 88 00 00 C0 3F 88 00 00 00 00 88 00 00 00 00
88 00 00 A0 40 88 00 00 A0 40 88 00 00 80 3F 88
[22:15:11.373] [INFO] [latency] READ 64 byte(s):
00 00 80 3F 88 00 00 80 40 88 00 00 A0 40 88 00
00 00 00 88 00 00 00 00 88 00 00 F0 41 88 00 00
A0 40 88 00 00 00 00 88 00 00 00 00 88 00 00 F0
41 88 00 00 A0 40 88 00 00 00 00 88 00 00 00 00
[22:15:11.378] [INFO] [latency] READ 64 byte(s):
88 00 00 F0 41 88 00 00 A0 40 88 00 00 00 00 88
00 00 00 00 88 00 00 F0 41 88 00 00 A0 40 88 00
00 00 00 88 00 00 00 00 88 00 00 00 00 88 00 00
A0 40 88 00 00 00 00 88 00 00 00 00 88 00 00 F0
[22:15:11.382] [INFO] [latency] READ 64 byte(s):
41 88 00 00 80 3F 88 00 00 00 00 88 00 00 00 00
88 00 00 00 00 88 00 00 70 41 88 00 00 00 3F 88
00 00 48 42 88 00 00 F0 40 88 00 00 00 00 88 00
00 40 40 88 00 00 D0 40 88 00 00 00 00 88 00 00
[22:15:11.385] [INFO] [latency] READ 64 byte(s):
00 00 88 00 00 C0 40 88 00 00 00 00 88 00 00 70
41 88 00 00 00 3F 88 00 00 48 42 88 00 00 F0 40
88 00 00 00 00 88 00 00 70 41 88 00 00 00 3F 88
00 00 48 42 88 00 00 C8 41 88 00 00 F0 40 88 00
[22:15:11.390] [INFO] [latency] READ 64 byte(s):
00 00 00 88 00 00 40 40 88 00 00 B4 43 88 00 00
F0 42 88 00 00 48 42 88 00 00 A0 40 88 00 00 80
3F 88 00 00 00 00 88 00 00 00 00 88 00 00 00 00
88 00 00 10 41 88 00 00 AF 43 88 00 00 A0 41 88
[22:15:11.392] [INFO] [latency] READ 64 byte(s):
00 00 00 00 88 00 00 48 42 88 00 00 00 00 88 00
00 10 41 88 00 00 AF 43 88 00 00 A0 41 88 00 00
00 00 88 00 00 48 42 BA 6D 88 00 00 00 00 88 00
00 00 00 88 00 00 C8 C2 88 00 00 A0 41 88 00 00
[22:15:11.395] [INFO] [latency] READ 64 byte(s):
70 C2 88 00 00 80 3F 88 00 00 00 00 88 00 00 00
00 88 00 00 00 00 88 00 00 A0 40 88 00 00 80 3F
88 00 00 A0 40 88 00 00 96 43 88 00 00 A0 40 88
33 33 33 3F 88 00 80 3B 44 88 00 00 A0 40 88 00
[22:15:11.398] [INFO] [latency] READ 64 byte(s):
80 ED 44 88 00 00 80 3F 88 00 00 00 00 88 00 00
A0 40 88 00 00 A0 40 88 00 00 C8 42 88 00 00 80
3F 88 00 00 00 00 88 00 00 C8 41 88 00 00 A0 40
88 00 00 00 00 88 00 00 C0 3F 88 00 00 00 00 88
[22:15:11.401] [INFO] [latency] READ 64 byte(s):
00 00 80 3F 88 00 00 C0 3F 88 00 00 00 00 88 00
00 00 00 88 00 00 A0 40 88 00 00 A0 40 88 00 00
80 3F 88 00 00 00 00 88 00 00 80 40 88 00 00 A0
40 88 00 00 00 00 88 00 00 00 00 88 00 00 F0 41
[22:15:11.405] [INFO] [latency] READ 64 byte(s):
88 00 00 A0 40 88 00 00 00 00 88 00 00 00 00 88
00 00 F0 41 88 00 00 A0 40 88 00 00 00 00 88 00
00 00 00 88 00 00 F0 41 88 00 00 A0 40 88 00 00
00 00 88 00 00 00 00 88 00 00 F0 41 88 00 00 A0
[22:15:11.410] [INFO] [latency] READ 64 byte(s):
40 88 00 00 00 00 88 00 00 00 00 88 00 00 F0 41
88 00 00 A0 40 88 00 00 00 00 88 00 00 00 00 88
00 00 F0 41 88 00 00 80 3F 88 00 00 00 00 88 00
00 00 00 88 00 00 00 00 88 00 00 70 41 88 00 00
[22:15:11.414] [INFO] [latency] READ 64 byte(s):
00 3F 88 00 00 48 42 88 00 00 F0 40 88 00 00 00
00 88 00 00 40 40 88 00 00 D0 40 88 00 00 00 00
88 00 00 00 00 88 00 00 C0 40 88 00 00 00 00 88
00 00 70 41 88 00 00 00 3F 88 00 00 48 42 88 00
[22:15:11.417] [INFO] [latency] READ 64 byte(s):
00 F0 40 88 00 00 00 00 88 00 00 70 41 88 00 00
00 3F 88 00 00 48 42 88 00 00 C8 41 88 00 00 F0
40 88 00 00 00 00 88 00 00 40 40 88 00 00 B4 43
88 00 00 F0 42 88 00 00 48 42 88 00 00 A0 40 88
[22:15:11.421] [INFO] [latency] READ 64 byte(s):
00 00 80 3F 88 00 00 00 00 88 00 00 00 00 88 00
00 00 00 88 00 00 10 41 88 00 00 AF 43 88 00 00
A0 41 88 00 00 00 00 88 00 00 48 42 88 00 00 00
00 88 00 00 10 41 88 00 00 AF 43 88 00 00 A0 41
[22:15:11.425] [INFO] [latency] READ 64 byte(s):
88 00 00 00 00 88 00 00 48 42 BA 6D 88 00 00 00
00 88 00 00 00 00 88 00 00 C8 C2 88 00 00 A0 41
88 00 00 70 C2 88 00 00 80 3F 88 00 00 00 00 88
00 00 00 00 88 00 00 00 00 88 00 00 A0 40 88 00
[22:15:11.427] [INFO] [latency] READ 64 byte(s):
00 80 3F 88 00 00 A0 40 88 00 00 96 43 88 00 00
A0 40 88 33 33 33 3F 88 00 80 3B 44 88 00 00 A0
40 88 00 80 ED 44 88 00 00 80 3F 88 00 00 00 00
88 00 00 A0 40 88 00 00 A0 40 88 00 00 C8 42 88
[22:15:11.430] [INFO] [latency] READ 64 byte(s):
00 00 80 3F 88 00 00 00 00 88 00 00 C8 41 88 00
00 A0 40 88 00 00 00 00 88 00 00 C0 3F 88 00 00
00 00 88 00 00 80 3F 88 00 00 C0 3F 88 00 00 00
00 88 00 00 00 00 88 00 00 A0 40 88 00 00 A0 40
[22:15:11.434] [INFO] [latency] READ 64 byte(s):
88 00 00 80 3F 88 00 00 00 00 88 00 00 80 40 88
00 00 A0 40 88 00 00 00 00 88 00 00 00 00 88 00
00 F0 41 88 00 00 A0 40 88 00 00 00 00 88 00 00
00 00 88 00 00 F0 41 88 00 00 A0 40 88 00 00 00
[22:15:11.438] [INFO] [latency] READ 64 byte(s):
00 88 00 00 00 00 88 00 00 F0 41 88 00 00 A0 40
88 00 00 00 00 88 00 00 00 00 88 00 00 F0 41 88
00 00 A0 40 88 00 00 00 00 88 00 00 00 00 88 00
00 F0 41 88 00 00 A0 40 88 00 00 00 00 88 00 00
[22:15:11.442] [INFO] [latency] READ 64 byte(s):
00 00 88 00 00 F0 41 88 00 00 80 3F 88 00 00 00
00 88 00 00 00 00 88 00 00 00 00 88 00 00 70 41
88 00 00 00 3F 88 00 00 48 42 88 00 00 F0 40 88
00 00 00 00 88 00 00 40 40 88 00 00 D0 40 88 00
[22:15:11.447] [INFO] [latency] READ 64 byte(s):
00 00 00 88 00 00 00 00 88 00 00 C0 40 88 00 00
00 00 88 00 00 70 41 88 00 00 00 3F 88 00 00 48
42 88 00 00 F0 40 88 00 00 00 00 88 00 00 70 41
88 00 00 00 3F 88 00 00 48 42 88 00 00 C8 41 88
[22:15:11.451] [INFO] [latency] READ 64 byte(s):
00 00 F0 40 88 00 00 00 00 88 00 00 40 40 88 00
00 B4 43 88 00 00 F0 42 88 00 00 48 42 88 00 00
A0 40 88 00 00 80 3F 88 00 00 00 00 88 00 00 00
00 88 00 00 00 00 88 00 00 10 41 88 00 00 AF 43
[22:15:11.455] [INFO] [latency] READ 64 byte(s):
88 00 00 A0 41 88 00 00 00 00 88 00 00 48 42 88
00 00 00 00 88 00 00 10 41 88 00 00 AF 43 88 00
00 A0 41 88 00 00 00 00 88 00 00 48 42 B9 0D B9
02 BC 21 00 46 95 3B A0 04 01 3C F7 07 1C 3C 4C
[22:15:11.465] [INFO] [latency] READ 64 byte(s):
27 83 3C 97 45 FE 3B 1E AD EF 3C 06 B9 30 3A 15
7A FC 3B AB 00 B9 02 BC 0B 32 30 32 35 2D 31 32
2D 30 35 00 0A B9 02 BC 21 44 52 49 56 45 00 13
3C 9A 4B B2 3C 87 90 DC 3B 4D 57 A4 3C 5F 2D 0A
[22:15:11.469] [INFO] [latency] READ 64 byte(s):
3C 0D 5E 5F 3C 13 6A 42 3B EB 05 B9 02 BC 21 4E
6F 6E 65 00 D4 D6 BB F4 FF 6F 3C 7F FD 55 BB 22
22 19 3C 91 F4 08 3C 4E 3A B2 3B 3D 80 58 3C E9
04 B9 02 BC 21 4E 6F 6E 65 00 BD 0F 3C 97 0D 02
[22:15:11.472] [INFO] [latency] READ 64 byte(s):
BB A6 58 23 3C 78 E7 98 BB E5 D1 E1 3B 4D D4 FC
BB 14 F2 4B 3C 23 04 B9 02 BC 21 4E 6F 6E 65 00
E1 B0 3A BC C2 2A BA 79 5D C5 3B 98 2A 4B 3C C2
CE EF 3B 63 4F 89 3B 40 6A 91 3B BB 04 B9 02 BC
[22:15:11.477] [INFO] [latency] READ 64 byte(s):
21 4E 6F 6E 65 00 7D 5E F5 3B FF FF 5C 3C A7 EB
66 3B A6 C1 8E 3B 4C D4 89 3B 0A C8 E2 39 4C E0
65 BB 5F 04 B9 02 BC 21 00 42 C8 BB 02 6C D9 BA
81 71 FF BB 18 22 BC BB C1 BC 34 BC 7D 5E 32 44
[22:15:11.483] [INFO] [latency] READ 64 byte(s):
BC E5 AB C9 BB A3 E0 3F BC 81 00 B9 02 BC 21 00
F6 D7 BB 24 39 71 3B 20 52 40 3B 93 8F 52 3B CE
40 20 BC 52 D8 E4 3A A1 38 84 3B CB 4A 12 3C 52
00 B9 02 BC 21 00 10 04 3D 40 B8 BE 3C 9C B2 D8
[22:15:11.488] [INFO] [latency] READ 64 byte(s):
3C 17 BA C5 3C DA 7F 88 3C A5 03 93 3C 75 E8 5B
3C 73 85 7A 3C D8 00 B9 02 BC 21 00 B4 54 BC 1C
88 7D 5D BC CD D1 BD BC 8B DE A4 BC DB 40 14 BC
7F A8 44 BC 50 0E B4 3B 38 FE 21 BC 1A 00 B9 02
[22:15:11.490] [INFO] [latency] READ 64 byte(s):
BC 21 00 B0 0C 3C F2 33 5A BB D6 6E E9 3A 72 0C
D6 3B 6B 85 48 3C 46 83 D7 3B 98 5E 4C 3B BE 8E
30 3C AE 00 B9 02 BC 41 00 0C F3 3B B4 A8 22 3C
50 49 86 3C C4 4A 8A 3C E4 AF 90 3C 65 B0 BE 3C
[22:15:11.493] [INFO] [latency] READ 46 byte(s):
73 75 0B 3C 7D 5E 25 FD 3B 28 04 DF 3A 54 29 DF
3C 1A 86 26 BC 29 C8 19 3D FC 9F 43 BC 66 00 66
3D 85 51 A8 BB 80 65 00 00 72 00 70 94 7E
[22:15:11.497] [INFO] [latency] WRITE 21 byte(s):
7E B9 03 81 00 03 82 06 00 80 0B 03 B9 04 0B 01
0C 00 68 8E 7E
[22:15:11.502] [INFO] [latency] READ 64 byte(s):
7E B9 03 81 04 03 81 9D 08 0B B9 03 01 0C B9 04
B9 02 BC 21 49 6E 73 74 61 6E 74 20 50 69 63 6B
20 56 32 00 00 00 00 00 00 00 00 00 00 00 00 00
00 00 00 00 00 0F BA 02 88 00 00 00 00 88 00 00
[22:15:11.504] [INFO] [latency] READ 64 byte(s):
F0 42 BA 03 BA 6D 88 00 00 80 3F 88 00 00 80 3F
88 00 00 38 C2 88 00 00 82 43 88 00 00 B4 C2 88
00 00 80 3F 88 00 00 80 3F 88 00 00 BC C1 88 00
00 00 00 88 00 00 D0 41 88 00 00 80 3F 88 00 00
[22:15:11.509] [INFO] [latency] READ 64 byte(s):
A0 40 88 00 00 96 43 88 00 00 A0 40 88 33 33 33
3F 88 00 80 3B 44 88 00 00 A0 40 88 00 80 ED 44
88 00 00 80 3F 88 00 00 00 00 88 9A 99 D9 40 88
33 33 33 40 88 00 00 94 42 88 00 00 80 3F 88 00
[22:15:11.513] [INFO] [latency] READ 64 byte(s):
00 00 40 88 00 00 C8 41 88 00 00 A0 40 88 00 00
00 00 88 00 00 C0 3F 88 00 00 00 00 88 00 00 80
3F 88 00 00 C0 3F 88 00 00 00 00 88 00 00 00 00
88 00 00 A0 40 88 00 00 A0 40 88 00 00 80 3F 88
[22:15:11.515] [INFO] [latency] READ 64 byte(s):
00 00 00 00 88 00 00 80 40 88 00 00 A0 40 88 00
00 00 00 88 00 00 00 00 88 00 00 F0 41 88 00 00
A0 40 88 00 00 00 00 88 00 00 00 00 88 00 00 F0
41 88 00 00 A0 40 88 00 00 00 00 88 00 00 00 00
[22:15:11.517] [INFO] [latency] READ 64 byte(s):
88 00 00 F0 41 88 00 00 A0 40 88 00 00 00 00 88
00 00 00 00 88 00 00 F0 41 88 00 00 80 40 88 00
00 00 00 88 00 00 00 00 88 00 00 F0 41 88 00 00
A0 40 88 00 00 00 00 88 00 00 00 00 88 00 00 F0
[22:15:11.520] [INFO] [latency] READ 64 byte(s):
41 88 00 00 80 3F 88 00 00 00 00 88 00 00 00 00
88 00 00 00 00 88 00 00 70 41 88 00 00 00 3F 88
00 00 48 42 88 00 00 F0 40 88 00 00 00 00 88 00
00 40 40 88 00 00 D0 40 88 00 00 00 00 88 00 00
[22:15:11.522] [INFO] [latency] READ 64 byte(s):
00 00 88 00 00 C0 40 88 00 00 00 00 88 00 00 70
41 88 00 00 00 3F 88 00 00 48 42 88 00 00 F0 40
88 00 00 00 00 88 00 00 70 41 88 00 00 00 3F 88
00 00 48 42 88 00 00 C8 41 88 00 00 F0 40 88 00
[22:15:11.527] [INFO] [latency] READ 64 byte(s):
00 00 00 88 00 00 40 40 88 00 00 B4 43 88 00 00
F0 42 88 00 00 48 42 88 00 00 A0 40 88 00 00 80
3F 88 00 00 80 3F 88 00 00 80 3F 88 00 00 00 00
88 00 00 10 41 88 00 00 AF 43 88 00 00 A0 41 88
[22:15:11.530] [INFO] [latency] READ 64 byte(s):
00 00 00 00 88 00 00 48 42 88 00 00 80 3F 88 00
00 40 40 88 00 80 0E 44 88 00 00 28 42 88 00 00
00 00 88 00 00 48 42 BA 6D 88 00 00 00 00 88 00
00 00 00 88 00 00 C8 C2 88 00 00 A0 41 88 00 00
[22:15:11.533] [INFO] [latency] READ 64 byte(s):
70 C2 88 00 00 80 3F 88 00 00 00 00 88 00 00 00
00 88 00 00 00 00 88 00 00 A0 40 88 00 00 80 3F
88 00 00 A0 40 88 00 00 96 43 88 00 00 A0 40 88
33 33 33 3F 88 00 80 3B 44 88 00 00 A0 40 88 00
[22:15:11.535] [INFO] [latency] READ 64 byte(s):
80 ED 44 88 00 00 80 3F 88 00 00 00 00 88 00 00
A0 40 88 00 00 A0 40 88 00 00 C8 42 88 00 00 80
3F 88 00 00 00 00 88 00 00 C8 41 88 00 00 A0 40
88 00 00 00 00 88 00 00 C0 3F 88 00 00 00 00 88
[22:15:11.541] [INFO] [latency] READ 64 byte(s):
00 00 80 3F 88 00 00 C0 3F 88 00 00 00 00 88 00
00 00 00 88 00 00 A0 40 88 00 00 A0 40 88 00 00
80 3F 88 00 00 00 00 88 00 00 80 40 88 00 00 A0
40 88 00 00 00 00 88 00 00 00 00 88 00 00 F0 41
[22:15:11.544] [INFO] [latency] READ 64 byte(s):
88 00 00 A0 40 88 00 00 00 00 88 00 00 00 00 88
00 00 F0 41 88 00 00 A0 40 88 00 00 00 00 88 00
00 00 00 88 00 00 F0 41 88 00 00 A0 40 88 00 00
00 00 88 00 00 00 00 88 00 00 F0 41 88 00 00 A0
[22:15:11.547] [INFO] [latency] READ 64 byte(s):
40 88 00 00 00 00 88 00 00 00 00 88 00 00 F0 41
88 00 00 A0 40 88 00 00 00 00 88 00 00 00 00 88
00 00 F0 41 88 00 00 80 3F 88 00 00 00 00 88 00
00 00 00 88 00 00 00 00 88 00 00 70 41 88 00 00
[22:15:11.552] [INFO] [latency] READ 64 byte(s):
00 3F 88 00 00 48 42 88 00 00 F0 40 88 00 00 00
00 88 00 00 40 40 88 00 00 D0 40 88 00 00 00 00
88 00 00 00 00 88 00 00 C0 40 88 00 00 00 00 88
00 00 70 41 88 00 00 00 3F 88 00 00 48 42 88 00
[22:15:11.555] [INFO] [latency] READ 64 byte(s):
00 F0 40 88 00 00 00 00 88 00 00 70 41 88 00 00
00 3F 88 00 00 48 42 88 00 00 C8 41 88 00 00 F0
40 88 00 00 00 00 88 00 00 40 40 88 00 00 B4 43
88 00 00 F0 42 88 00 00 48 42 88 00 00 A0 40 88
[22:15:11.560] [INFO] [latency] READ 64 byte(s):
00 00 80 3F 88 00 00 00 00 88 00 00 00 00 88 00
00 00 00 88 00 00 10 41 88 00 00 AF 43 88 00 00
A0 41 88 00 00 00 00 88 00 00 48 42 88 00 00 00
00 88 00 00 10 41 88 00 00 AF 43 88 00 00 A0 41
[22:15:11.568] [INFO] [latency] READ 64 byte(s):
88 00 00 00 00 88 00 00 48 42 BA 6D 88 00 00 00
00 88 00 00 00 00 88 00 00 C8 C2 88 00 00 A0 41
88 00 00 70 C2 88 00 00 80 3F 88 00 00 00 00 88
00 00 00 00 88 00 00 00 00 88 00 00 A0 40 88 00
[22:15:11.571] [INFO] [latency] READ 64 byte(s):
00 80 3F 88 00 00 A0 40 88 00 00 96 43 88 00 00
A0 40 88 33 33 33 3F 88 00 80 3B 44 88 00 00 A0
40 88 00 80 ED 44 88 00 00 80 3F 88 00 00 00 00
88 00 00 A0 40 88 00 00 A0 40 88 00 00 C8 42 88
[22:15:11.574] [INFO] [latency] READ 64 byte(s):
00 00 80 3F 88 00 00 00 00 88 00 00 C8 41 88 00
00 A0 40 88 00 00 00 00 88 00 00 C0 3F 88 00 00
00 00 88 00 00 80 3F 88 00 00 C0 3F 88 00 00 00
00 88 00 00 00 00 88 00 00 A0 40 88 00 00 A0 40
[22:15:11.578] [INFO] [latency] READ 64 byte(s):
88 00 00 80 3F 88 00 00 00 00 88 00 00 80 40 88
00 00 A0 40 88 00 00 00 00 88 00 00 00 00 88 00
00 F0 41 88 00 00 A0 40 88 00 00 00 00 88 00 00
00 00 88 00 00 F0 41 88 00 00 A0 40 88 00 00 00
[22:15:11.582] [INFO] [latency] READ 64 byte(s):
00 88 00 00 00 00 88 00 00 F0 41 88 00 00 A0 40
88 00 00 00 00 88 00 00 00 00 88 00 00 F0 41 88
00 00 A0 40 88 00 00 00 00 88 00 00 00 00 88 00
00 F0 41 88 00 00 A0 40 88 00 00 00 00 88 00 00
[22:15:11.586] [INFO] [latency] READ 64 byte(s):
00 00 88 00 00 F0 41 88 00 00 80 3F 88 00 00 00
00 88 00 00 00 00 88 00 00 00 00 88 00 00 70 41
88 00 00 00 3F 88 00 00 48 42 88 00 00 F0 40 88
00 00 00 00 88 00 00 40 40 88 00 00 D0 40 88 00
[22:15:11.589] [INFO] [latency] READ 64 byte(s):
00 00 00 88 00 00 00 00 88 00 00 C0 40 88 00 00
00 00 88 00 00 70 41 88 00 00 00 3F 88 00 00 48
42 88 00 00 F0 40 88 00 00 00 00 88 00 00 70 41
88 00 00 00 3F 88 00 00 48 42 88 00 00 C8 41 88
[22:15:11.592] [INFO] [latency] READ 64 byte(s):
00 00 F0 40 88 00 00 00 00 88 00 00 40 40 88 00
00 B4 43 88 00 00 F0 42 88 00 00 48 42 88 00 00
A0 40 88 00 00 80 3F 88 00 00 00 00 88 00 00 00
00 88 00 00 00 00 88 00 00 10 41 88 00 00 AF 43
[22:15:11.594] [INFO] [latency] READ 64 byte(s):
88 00 00 A0 41 88 00 00 00 00 88 00 00 48 42 88
00 00 00 00 88 00 00 10 41 88 00 00 AF 43 88 00
00 A0 41 88 00 00 00 00 88 00 00 48 42 B9 0D B9
02 BC 21 00 6D 9D BA 37 7A 9F BA 2F CF BC BB F5
[22:15:11.597] [INFO] [latency] READ 64 byte(s):
D2 C7 39 7B 2A 0E 3C 35 27 EA 3B 29 88 22 3C 43
5F F5 BA 61 00 B9 02 BC 0B 32 30 32 35 2D 31 31
2D 32 38 00 0A B9 02 BC 21 44 52 49 56 45 00 25
BB D6 38 D5 BB 01 55 34 BB E8 6B CF 3B 24 AB D7
[22:15:11.601] [INFO] [latency] READ 64 byte(s):
3B 9E B9 31 3C 94 37 40 3B DA 05 B9 02 BC 21 4E
6F 6E 65 00 DC 79 3B 47 F4 8D 3B 34 E8 CB 3B FB
88 F8 BA 0F 4F 6E 3A D4 D7 A1 BA 5C DA 16 BB BA
04 B9 02 BC 21 4E 6F 6E 65 00 89 6B 3B 0B 6D 21
[22:15:11.604] [INFO] [latency] READ 64 byte(s):
3C 7C 99 BE 3B BD 8C FD 3B E2 A7 B2 3B 58 DE 10
BB 45 3B DE 3A FE 04 B9 02 BC 21 4E 6F 6E 65 00
5A AD B9 6D B8 7D 5D 3A 52 D8 09 BB F9 F7 15 3B
0F F4 14 BA CC 2A E1 3B 1E D7 69 3B 41 04 B9 02
[22:15:11.607] [INFO] [latency] READ 64 byte(s):
BC 21 4E 6F 6E 65 00 1A A1 3B CD 1F DC B9 39 24
3A 3B C5 84 EB 3A 6E 78 3A 3B 6F 7C 17 3B 4F 6F
96 BB 9B 04 B9 02 BC 21 00 D7 72 3B 24 16 20 3B
0E 55 32 39 91 7B A3 3A F2 D5 8F BA 0B F9 B8 3B
[22:15:11.610] [INFO] [latency] READ 64 byte(s):
DC BE 4D 3B A7 9E A5 3B DF 00 B9 02 BC 21 00 31
11 BA AF 1C FD 39 B8 5C F1 3B 3A 88 C5 3B 40 6A
D8 3B 65 DD D8 3A 64 D2 31 BB 49 49 21 BB 00 00
B9 02 BC 21 00 68 6A B9 9C 60 75 3B F2 D4 8B 3A
[22:15:11.614] [INFO] [latency] READ 64 byte(s):
41 B9 38 BA 4C 89 C1 3A D9 79 B1 BA D0 2C 33 3B
A5 A4 2C BB D5 00 B9 02 BC 21 00 2A FB 3B 7D 5E
37 10 3C D0 46 66 3B 6F 17 E3 3B DE 88 A7 3A 0B
F0 88 3B D7 F4 83 3B C3 26 67 3B EF 00 B9 02 BC
[22:15:11.617] [INFO] [latency] READ 64 byte(s):
21 00 1A 62 BA 50 51 E8 BB D8 4A 6F BB A6 37 BD
BB 97 86 B7 3A C4 4F 12 3C D6 00 92 3B 8B 79 68
3B 02 00 B9 02 BC 41 00 82 36 BB A1 38 A0 BA 17
B2 A3 3B 06 A1 FB 3A F2 A3 83 3B 69 24 B5 BB 0E
[22:15:11.619] [INFO] [latency] READ 45 byte(s):
AE 6A BB 28 22 E9 BB A0 E4 92 BB 7D 5D 6E 9F BA
C1 D7 D1 BB 4F 8B 6E 3B 5C CA AA BA 7A 5D 35 BC
18 13 C4 98 9F 08 00 00 72 00 E4 78 7E
[22:15:11.625] [INFO] [latency] WRITE 21 byte(s):
7E B9 03 81 00 03 82 06 00 80 0B 03 B9 04 0B 01
0D 00 B0 97 7E
[22:15:11.629] [INFO] [latency] READ 64 byte(s):
7E B9 03 81 04 03 81 9D 08 0B B9 03 01 0D B9 04
B9 02 BC 21 42 53 20 38 30 30 52 42 00 00 00 00
00 00 00 00 00 00 00 00 00 00 00 00 00 00 00 00
00 00 00 00 00 08 BA 02 88 00 00 00 00 88 00 00
[22:15:11.634] [INFO] [latency] READ 64 byte(s):
F0 42 BA 03 BA 6D 88 00 00 80 3F 88 00 00 80 3F
88 00 00 44 C2 88 00 00 91 43 88 00 00 96 C2 88
00 00 80 3F 88 00 00 80 3F 88 00 00 EC C1 88 00
00 00 00 88 00 00 C0 41 88 00 00 80 3F 88 CD CC
[22:15:11.637] [INFO] [latency] READ 64 byte(s):
DC 40 88 00 00 96 43 88 00 00 00 00 88 33 33 33
3F 88 00 80 3B 44 88 9A 99 79 40 88 00 80 ED 44
88 00 00 80 3F 88 00 00 00 00 88 9A 99 99 40 88
CD CC 8C 3F 88 00 00 C8 42 88 00 00 80 3F 88 00
[22:15:11.639] [INFO] [latency] READ 64 byte(s):
00 00 00 88 00 00 10 42 88 9A 99 A9 40 88 00 00
00 00 88 00 00 C0 3F 88 00 00 00 00 88 00 00 80
3F 88 00 00 00 40 88 00 00 00 00 88 00 00 00 00
88 00 00 A0 40 88 00 00 A0 40 88 00 00 80 3F 88
[22:15:11.644] [INFO] [latency] READ 64 byte(s):
00 00 00 00 88 00 00 A0 40 88 00 00 A0 40 88 00
00 00 00 88 00 00 00 00 88 00 00 F0 41 88 00 00
A0 40 88 00 00 00 00 88 00 00 00 00 88 00 00 F0
41 88 00 00 A0 40 88 00 00 00 00 88 00 00 00 00
[22:15:11.646] [INFO] [latency] READ 64 byte(s):
88 00 00 F0 41 88 00 00 A0 40 88 00 00 00 00 88
00 00 00 00 88 00 00 F0 41 88 00 00 A0 40 88 00
00 A0 41 88 00 00 00 00 88 00 00 00 00 88 00 00
20 40 88 00 00 DC 42 88 00 00 20 41 88 00 00 B8
[22:15:11.649] [INFO] [latency] READ 64 byte(s):
42 88 00 00 80 3F 88 00 00 00 00 88 00 00 00 00
88 00 00 00 00 88 00 00 70 41 88 FF FF FF 3E 88
00 00 48 42 88 00 00 F0 40 88 00 00 00 00 88 00
00 40 40 88 00 00 D0 40 88 00 00 00 00 88 00 00
[22:15:11.652] [INFO] [latency] READ 64 byte(s):
00 00 88 00 00 C0 40 88 00 00 00 00 88 00 00 70
41 88 FF FF FF 3E 88 00 00 48 42 88 00 00 F0 40
88 00 00 00 00 88 00 00 70 41 88 FF FF FF 3E 88
00 00 48 42 88 00 00 C8 41 88 00 00 F0 40 88 00
[22:15:11.655] [INFO] [latency] READ 64 byte(s):
00 00 00 88 00 00 40 40 88 00 00 B4 43 88 00 00
F0 42 88 00 00 48 42 88 00 00 A0 40 88 00 00 80
3F 88 00 00 00 00 88 00 00 00 00 88 00 00 00 00
88 00 00 10 41 88 00 00 AF 43 88 00 00 A0 41 88
[22:15:11.662] [INFO] [latency] READ 64 byte(s):
00 00 00 00 88 00 00 48 42 88 00 00 00 00 88 00
00 10 41 88 00 00 AF 43 88 00 00 A0 41 88 00 00
00 00 88 00 00 48 42 BA 6D 88 00 00 00 00 88 00
00 00 00 88 00 00 C8 C2 88 00 00 A0 41 88 00 00
[22:15:11.668] [INFO] [latency] READ 64 byte(s):
70 C2 88 00 00 80 3F 88 00 00 00 00 88 00 00 00
00 88 00 00 00 00 88 00 00 A0 40 88 00 00 80 3F
88 00 00 A0 40 88 00 00 96 43 88 00 00 A0 40 88
33 33 33 3F 88 00 80 3B 44 88 00 00 A0 40 88 00
[22:15:11.671] [INFO] [latency] READ 64 byte(s):
80 ED 44 88 00 00 80 3F 88 00 00 00 00 88 00 00
A0 40 88 00 00 A0 40 88 00 00 C8 42 88 00 00 80
3F 88 00 00 00 00 88 00 00 C8 41 88 00 00 A0 40
88 00 00 00 00 88 00 00 C0 3F 88 00 00 00 00 88
[22:15:11.675] [INFO] [latency] READ 64 byte(s):
00 00 80 3F 88 00 00 C0 3F 88 00 00 00 00 88 00
00 00 00 88 00 00 A0 40 88 00 00 A0 40 88 00 00
80 3F 88 00 00 00 00 88 00 00 80 40 88 00 00 A0
40 88 00 00 00 00 88 00 00 00 00 88 00 00 F0 41
[22:15:11.678] [INFO] [latency] READ 64 byte(s):
88 00 00 A0 40 88 00 00 00 00 88 00 00 00 00 88
00 00 F0 41 88 00 00 A0 40 88 00 00 00 00 88 00
00 00 00 88 00 00 F0 41 88 00 00 A0 40 88 00 00
00 00 88 00 00 00 00 88 00 00 F0 41 88 00 00 A0
[22:15:11.682] [INFO] [latency] READ 64 byte(s):
40 88 00 00 00 00 88 00 00 00 00 88 00 00 F0 41
88 00 00 A0 40 88 00 00 00 00 88 00 00 00 00 88
00 00 F0 41 88 00 00 80 3F 88 00 00 00 00 88 00
00 00 00 88 00 00 00 00 88 00 00 70 41 88 00 00
[22:15:11.685] [INFO] [latency] READ 64 byte(s):
00 3F 88 00 00 48 42 88 00 00 F0 40 88 00 00 00
00 88 00 00 40 40 88 00 00 D0 40 88 00 00 00 00
88 00 00 00 00 88 00 00 C0 40 88 00 00 00 00 88
00 00 70 41 88 00 00 00 3F 88 00 00 48 42 88 00
[22:15:11.688] [INFO] [latency] READ 64 byte(s):
00 F0 40 88 00 00 00 00 88 00 00 70 41 88 00 00
00 3F 88 00 00 48 42 88 00 00 C8 41 88 00 00 F0
40 88 00 00 00 00 88 00 00 40 40 88 00 00 B4 43
88 00 00 F0 42 88 00 00 48 42 88 00 00 A0 40 88
[22:15:11.690] [INFO] [latency] READ 64 byte(s):
00 00 80 3F 88 00 00 00 00 88 00 00 00 00 88 00
00 00 00 88 00 00 10 41 88 00 00 AF 43 88 00 00
A0 41 88 00 00 00 00 88 00 00 48 42 88 00 00 00
00 88 00 00 10 41 88 00 00 AF 43 88 00 00 A0 41
[22:15:11.695] [INFO] [latency] READ 64 byte(s):
88 00 00 00 00 88 00 00 48 42 BA 6D 88 00 00 00
00 88 00 00 00 00 88 00 00 C8 C2 88 00 00 A0 41
88 00 00 70 C2 88 00 00 80 3F 88 00 00 00 00 88
00 00 00 00 88 00 00 00 00 88 00 00 A0 40 88 00
[22:15:11.698] [INFO] [latency] READ 64 byte(s):
00 80 3F 88 00 00 A0 40 88 00 00 96 43 88 00 00
A0 40 88 33 33 33 3F 88 00 80 3B 44 88 00 00 A0
40 88 00 80 ED 44 88 00 00 80 3F 88 00 00 00 00
88 00 00 A0 40 88 00 00 A0 40 88 00 00 C8 42 88
[22:15:11.701] [INFO] [latency] READ 64 byte(s):
00 00 80 3F 88 00 00 00 00 88 00 00 C8 41 88 00
00 A0 40 88 00 00 00 00 88 00 00 C0 3F 88 00 00
00 00 88 00 00 80 3F 88 00 00 C0 3F 88 00 00 00
00 88 00 00 00 00 88 00 00 A0 40 88 00 00 A0 40
[22:15:11.705] [INFO] [latency] READ 64 byte(s):
88 00 00 80 3F 88 00 00 00 00 88 00 00 80 40 88
00 00 A0 40 88 00 00 00 00 88 00 00 00 00 88 00
00 F0 41 88 00 00 A0 40 88 00 00 00 00 88 00 00
00 00 88 00 00 F0 41 88 00 00 A0 40 88 00 00 00
[22:15:11.708] [INFO] [latency] READ 64 byte(s):
00 88 00 00 00 00 88 00 00 F0 41 88 00 00 A0 40
88 00 00 00 00 88 00 00 00 00 88 00 00 F0 41 88
00 00 A0 40 88 00 00 00 00 88 00 00 00 00 88 00
00 F0 41 88 00 00 A0 40 88 00 00 00 00 88 00 00
[22:15:11.717] [INFO] [latency] READ 64 byte(s):
00 00 88 00 00 F0 41 88 00 00 80 3F 88 00 00 00
00 88 00 00 00 00 88 00 00 00 00 88 00 00 70 41
88 00 00 00 3F 88 00 00 48 42 88 00 00 F0 40 88
00 00 00 00 88 00 00 40 40 88 00 00 D0 40 88 00
[22:15:11.720] [INFO] [latency] READ 64 byte(s):
00 00 00 88 00 00 00 00 88 00 00 C0 40 88 00 00
00 00 88 00 00 70 41 88 00 00 00 3F 88 00 00 48
42 88 00 00 F0 40 88 00 00 00 00 88 00 00 70 41
88 00 00 00 3F 88 00 00 48 42 88 00 00 C8 41 88
[22:15:11.723] [INFO] [latency] READ 64 byte(s):
00 00 F0 40 88 00 00 00 00 88 00 00 40 40 88 00
00 B4 43 88 00 00 F0 42 88 00 00 48 42 88 00 00
A0 40 88 00 00 80 3F 88 00 00 00 00 88 00 00 00
00 88 00 00 00 00 88 00 00 10 41 88 00 00 AF 43
[22:15:11.726] [INFO] [latency] READ 64 byte(s):
88 00 00 A0 41 88 00 00 00 00 88 00 00 48 42 88
00 00 00 00 88 00 00 10 41 88 00 00 AF 43 88 00
00 A0 41 88 00 00 00 00 88 00 00 48 42 B9 0D B9
02 BC 21 00 81 C9 BB CA 19 4A BC 87 8E FA BB 9F
[22:15:11.731] [INFO] [latency] READ 64 byte(s):
B7 9E BB 61 83 54 BC 51 63 0A BC A2 09 6E BC 31
AA 20 BC 57 00 B9 02 BC 0B 32 30 32 35 2D 31 31
2D 32 38 00 0A B9 02 BC 21 44 52 49 56 45 00 7D
5D BB 5E AF 85 BB 30 B9 27 BC D9 37 0A BC CF A5
[22:15:11.734] [INFO] [latency] READ 64 byte(s):
21 BC 51 4E BC BB 61 B7 C8 BB 7D 5E 05 B9 02 BC
21 45 6C 65 63 74 72 69 63 20 42 61 73 73 00 7F
BB 33 3A AB BB 28 C0 B4 BB C6 E0 D3 BB 8B B3 EA
BB C6 0D B9 02 BC 21 4E 6F 6E 65 00 42 0E BC D3
[22:15:11.737] [INFO] [latency] READ 64 byte(s):
A6 55 BC 1A 41 46 BC 92 D3 FA BB DE C3 33 BC 77
8D 9C BB 04 18 F7 BB FC 04 B9 02 BC 21 4E 6F 6E
65 00 FB 01 BB 6B 5D 11 BC B5 E0 14 BB 52 DB 23
BC F3 54 CC BB 12 A4 F3 3A 9B 4F 16 BC 54 04 B9
[22:15:11.739] [INFO] [latency] READ 64 byte(s):
02 BC 21 4E 6F 6E 65 00 CF 93 BB F6 31 03 BC 6B
F1 6F BB 6F 2E 9B BB E1 2F 78 BB 00 AF 93 BA 08
D6 9B BB 78 04 B9 02 BC 21 00 67 C4 BB 4D 4E DE
BB 18 D6 8F BB 87 C5 DE BB AC BE D8 BB 9A 76 05
[22:15:11.743] [INFO] [latency] READ 64 byte(s):
BC 50 DE 29 BC 48 C8 AD BB A3 00 B9 02 BC 21 00
4A 00 BC 11 47 01 BC 0C A4 62 BB 36 5A 02 BC 81
1F CA BB E8 95 D6 BB D2 B5 4C BB D9 CD 5C BB 88
00 B9 02 BC 21 00 EC 9F BB E3 80 87 BB 50 F2 77
[22:15:11.747] [INFO] [latency] READ 64 byte(s):
BB 53 9F E0 BB 62 CC 3E BB F6 B2 99 BA A3 4A C7
BB 27 F9 1E BB AC 00 B9 02 BC 21 4E 6F 6E 65 00
B2 99 BB 5A 52 52 3B F4 F7 8B BA 7A D7 D5 3A 02
DC DE B9 32 56 2F BB 46 DC 8A 39 AA 04 B9 02 BC
[22:15:11.751] [INFO] [latency] READ 64 byte(s):
21 4E 6F 6E 65 00 88 53 BB 22 60 C7 BB 00 E9 27
BB 68 B1 8D BB 98 E0 8F BB 2B 6C DA BB EC 68 D7
BB 4E 04 B9 02 BC 41 49 4B 20 4D 75 6C 74 69 6D
65 64 69 61 20 50 72 65 6D 69 75 6D 20 50 72 65
[22:15:11.754] [INFO] [latency] READ 44 byte(s):
73 65 74 00 34 AD BB A9 AF 59 BC 63 AC 01 BC EC
4C A7 BB 3B 76 E5 BC B4 2E D2 3C 87 58 27 BD 18
D4 CB 98 9F 08 00 00 72 1C 36 32 7E
[22:15:11.758] [INFO] [latency] WRITE 21 byte(s):
7E B9 03 81 00 03 82 06 00 80 0B 03 B9 04 0B 01
0E 00 D8 BD 7E
[22:15:11.766] [INFO] [latency] READ 64 byte(s):
7E B9 03 81 04 03 81 9D 08 0B B9 03 01 0E B9 04
B9 02 BC 21 4D 65 64 69 75 6D 20 43 6C 61 73 73
00 00 00 00 00 00 00 00 00 00 00 00 00 00 00 00
00 00 00 00 00 0C BA 02 88 00 00 00 00 88 00 00
[22:15:11.770] [INFO] [latency] READ 64 byte(s):
F0 42 BA 03 BA 6D 88 00 00 00 00 88 00 00 80 3F
88 00 00 48 C2 88 00 00 FA 43 88 00 00 C8 C2 88
00 00 00 00 88 00 00 80 3F 88 00 00 48 C1 88 00
00 80 3F 88 00 00 A8 41 88 00 00 80 3F 88 00 00
[22:15:11.773] [INFO] [latency] READ 64 byte(s):
A0 40 88 00 00 96 43 88 00 00 A0 40 88 33 33 33
3F 88 00 80 3B 44 88 00 00 A0 40 88 00 80 ED 44
88 00 00 80 3F 88 00 00 00 00 88 CD CC 14 41 88
CD CC EC 40 88 00 00 96 42 88 00 00 80 3F 88 00
[22:15:11.775] [INFO] [latency] READ 64 byte(s):
00 00 00 88 00 00 18 42 88 00 00 A0 40 88 00 00
00 00 88 00 00 C0 3F 88 00 00 00 00 88 00 00 80
3F 88 00 00 C0 3F 88 00 00 00 00 88 00 00 00 00
88 00 00 A0 40 88 00 00 A0 40 88 00 00 80 3F 88
[22:15:11.778] [INFO] [latency] READ 64 byte(s):
00 00 00 00 88 00 00 80 40 88 00 00 A0 40 88 00
00 00 00 88 00 00 00 00 88 00 00 F0 41 88 00 00
A0 40 88 00 00 00 00 88 00 00 00 00 88 00 00 F0
41 88 00 00 A0 40 88 00 00 00 00 88 00 00 00 00
[22:15:11.781] [INFO] [latency] READ 64 byte(s):
88 00 00 F0 41 88 00 00 A0 40 88 00 00 00 00 88
00 00 00 00 88 00 00 F0 41 88 00 00 A0 40 88 00
00 00 00 88 00 00 00 00 88 00 00 F0 41 88 00 00
A0 40 88 00 00 00 00 88 00 00 00 00 88 00 00 F0
[22:15:11.784] [INFO] [latency] READ 64 byte(s):
41 88 00 00 80 3F 88 00 00 00 00 88 00 00 00 00
88 00 00 00 00 88 00 00 70 41 88 FF FF FF 3E 88
00 00 48 42 88 00 00 F0 40 88 00 00 00 00 88 00
00 40 40 88 00 00 D0 40 88 00 00 00 00 88 00 00
[22:15:11.786] [INFO] [latency] READ 64 byte(s):
00 00 88 00 00 C0 40 88 00 00 00 00 88 00 00 70
41 88 FF FF FF 3E 88 00 00 48 42 88 00 00 F0 40
88 00 00 00 00 88 00 00 70 41 88 FF FF FF 3E 88
00 00 48 42 88 00 00 C8 41 88 00 00 F0 40 88 00
[22:15:11.789] [INFO] [latency] READ 64 byte(s):
00 00 00 88 00 00 40 40 88 00 00 B4 43 88 00 00
F0 42 88 00 00 48 42 88 00 00 A0 40 88 00 00 80
3F 88 00 00 00 00 88 00 00 80 3F 88 00 00 00 00
88 00 00 10 41 88 00 00 AF 43 88 00 00 A0 41 88
[22:15:11.791] [INFO] [latency] READ 64 byte(s):
00 00 00 00 88 00 00 48 42 88 00 00 00 00 88 00
00 10 41 88 00 00 A0 41 88 00 00 F0 41 88 00 00
00 00 88 00 00 48 42 BA 6D 88 00 00 00 00 88 00
00 00 00 88 00 00 C8 C2 88 00 00 A0 41 88 00 00
[22:15:11.795] [INFO] [latency] READ 64 byte(s):
70 C2 88 00 00 80 3F 88 00 00 00 00 88 00 00 00
00 88 00 00 00 00 88 00 00 A0 40 88 00 00 80 3F
88 00 00 A0 40 88 00 00 96 43 88 00 00 A0 40 88
33 33 33 3F 88 00 80 3B 44 88 00 00 A0 40 88 00
[22:15:11.799] [INFO] [latency] READ 64 byte(s):
80 ED 44 88 00 00 80 3F 88 00 00 00 00 88 00 00
A0 40 88 00 00 A0 40 88 00 00 C8 42 88 00 00 80
3F 88 00 00 00 00 88 00 00 C8 41 88 00 00 A0 40
88 00 00 00 00 88 00 00 C0 3F 88 00 00 00 00 88
[22:15:11.802] [INFO] [latency] READ 64 byte(s):
00 00 80 3F 88 00 00 C0 3F 88 00 00 00 00 88 00
00 00 00 88 00 00 A0 40 88 00 00 A0 40 88 00 00
80 3F 88 00 00 00 00 88 00 00 80 40 88 00 00 A0
40 88 00 00 00 00 88 00 00 00 00 88 00 00 F0 41
[22:15:11.805] [INFO] [latency] READ 64 byte(s):
88 00 00 A0 40 88 00 00 00 00 88 00 00 00 00 88
00 00 F0 41 88 00 00 A0 40 88 00 00 00 00 88 00
00 00 00 88 00 00 F0 41 88 00 00 A0 40 88 00 00
00 00 88 00 00 00 00 88 00 00 F0 41 88 00 00 A0
[22:15:11.809] [INFO] [latency] READ 64 byte(s):
40 88 00 00 00 00 88 00 00 00 00 88 00 00 F0 41
88 00 00 A0 40 88 00 00 00 00 88 00 00 00 00 88
00 00 F0 41 88 00 00 80 3F 88 00 00 00 00 88 00
00 00 00 88 00 00 00 00 88 00 00 70 41 88 00 00
[22:15:11.814] [INFO] [latency] READ 64 byte(s):
00 3F 88 00 00 48 42 88 00 00 F0 40 88 00 00 00
00 88 00 00 40 40 88 00 00 D0 40 88 00 00 00 00
88 00 00 00 00 88 00 00 C0 40 88 00 00 00 00 88
00 00 70 41 88 00 00 00 3F 88 00 00 48 42 88 00
[22:15:11.819] [INFO] [latency] READ 64 byte(s):
00 F0 40 88 00 00 00 00 88 00 00 70 41 88 00 00
00 3F 88 00 00 48 42 88 00 00 C8 41 88 00 00 F0
40 88 00 00 00 00 88 00 00 40 40 88 00 00 B4 43
88 00 00 F0 42 88 00 00 48 42 88 00 00 A0 40 88
[22:15:11.822] [INFO] [latency] READ 64 byte(s):
00 00 80 3F 88 00 00 00 00 88 00 00 00 00 88 00
00 00 00 88 00 00 10 41 88 00 00 AF 43 88 00 00
A0 41 88 00 00 00 00 88 00 00 48 42 88 00 00 00
00 88 00 00 10 41 88 00 00 AF 43 88 00 00 A0 41
[22:15:11.825] [INFO] [latency] READ 64 byte(s):
88 00 00 00 00 88 00 00 48 42 BA 6D 88 00 00 00
00 88 00 00 00 00 88 00 00 C8 C2 88 00 00 A0 41
88 00 00 70 C2 88 00 00 80 3F 88 00 00 00 00 88
00 00 00 00 88 00 00 00 00 88 00 00 A0 40 88 00
[22:15:11.830] [INFO] [latency] READ 64 byte(s):
00 80 3F 88 00 00 A0 40 88 00 00 96 43 88 00 00
A0 40 88 33 33 33 3F 88 00 80 3B 44 88 00 00 A0
40 88 00 80 ED 44 88 00 00 80 3F 88 00 00 00 00
88 00 00 A0 40 88 00 00 A0 40 88 00 00 C8 42 88
[22:15:11.834] [INFO] [latency] READ 64 byte(s):
00 00 80 3F 88 00 00 00 00 88 00 00 C8 41 88 00
00 A0 40 88 00 00 00 00 88 00 00 C0 3F 88 00 00
00 00 88 00 00 80 3F 88 00 00 C0 3F 88 00 00 00
00 88 00 00 00 00 88 00 00 A0 40 88 00 00 A0 40
[22:15:11.839] [INFO] [latency] READ 64 byte(s):
88 00 00 80 3F 88 00 00 00 00 88 00 00 80 40 88
00 00 A0 40 88 00 00 00 00 88 00 00 00 00 88 00
00 F0 41 88 00 00 A0 40 88 00 00 00 00 88 00 00
00 00 88 00 00 F0 41 88 00 00 A0 40 88 00 00 00
[22:15:11.846] [INFO] [latency] READ 64 byte(s):
00 88 00 00 00 00 88 00 00 F0 41 88 00 00 A0 40
88 00 00 00 00 88 00 00 00 00 88 00 00 F0 41 88
00 00 A0 40 88 00 00 00 00 88 00 00 00 00 88 00
00 F0 41 88 00 00 A0 40 88 00 00 00 00 88 00 00
[22:15:11.850] [INFO] [latency] READ 64 byte(s):
00 00 88 00 00 F0 41 88 00 00 80 3F 88 00 00 00
00 88 00 00 00 00 88 00 00 00 00 88 00 00 70 41
88 00 00 00 3F 88 00 00 48 42 88 00 00 F0 40 88
00 00 00 00 88 00 00 40 40 88 00 00 D0 40 88 00
[22:15:11.854] [INFO] [latency] READ 64 byte(s):
00 00 00 88 00 00 00 00 88 00 00 C0 40 88 00 00
00 00 88 00 00 70 41 88 00 00 00 3F 88 00 00 48
42 88 00 00 F0 40 88 00 00 00 00 88 00 00 70 41
88 00 00 00 3F 88 00 00 48 42 88 00 00 C8 41 88
[22:15:11.856] [INFO] [latency] READ 64 byte(s):
00 00 F0 40 88 00 00 00 00 88 00 00 40 40 88 00
00 B4 43 88 00 00 F0 42 88 00 00 48 42 88 00 00
A0 40 88 00 00 80 3F 88 00 00 00 00 88 00 00 00
00 88 00 00 00 00 88 00 00 10 41 88 00 00 AF 43
[22:15:11.859] [INFO] [latency] READ 64 byte(s):
88 00 00 A0 41 88 00 00 00 00 88 00 00 48 42 88
00 00 00 00 88 00 00 10 41 88 00 00 AF 43 88 00
00 A0 41 88 00 00 00 00 88 00 00 48 42 B9 0D B9
02 BC 21 00 45 F2 3B 92 C8 62 3B 99 86 A5 38 5B
[22:15:11.862] [INFO] [latency] READ 64 byte(s):
27 F2 39 CE C2 C5 3B CC 17 0F 3C 40 3A 13 3C 54
DD 99 3B AB 00 B9 02 BC 0B 32 30 32 35 2D 31 32
2D 30 36 00 0A B9 02 BC 21 44 52 49 56 45 00 04
3C F3 04 E6 3B E6 2F 4D 3B 77 51 68 3B 2A 33 9C
[22:15:11.866] [INFO] [latency] READ 64 byte(s):
3B 26 4D F1 3B 2B 61 F1 3B 74 05 B9 02 BC 21 4E
6F 6E 65 00 B4 FD 3A 61 71 A2 3A B3 9B 2A 3B 30
2A 8E 3B DF 80 C2 3B 1A B3 C7 3B A8 FA B1 3B FB
04 B9 02 BC 21 4E 6F 6E 65 00 16 19 3C CE 6C FB
[22:15:11.869] [INFO] [latency] READ 64 byte(s):
3B 68 39 8A 3B 04 FF 81 3B 0C 10 6B 3A 14 34 15
BB B5 93 E3 BA 0C 04 B9 02 BC 21 4E 6F 6E 65 00
CD D2 3B 5D D0 22 3C 9C 32 5A 3C 1C 88 35 3C 24
6A 79 3B A8 08 03 BB 45 7A 97 BB A7 04 B9 02 BC
[22:15:11.872] [INFO] [latency] READ 64 byte(s):
21 4E 6F 6E 65 00 9B 81 3C 04 90 98 3C E5 CD 68
3C 0F 10 DB 3B C8 86 81 3B 33 12 93 3B 5C 73 E1
3B BA 04 B9 02 BC 21 00 26 6F 3C 56 87 38 3C F6
A3 AF 3B 10 18 DD 3A EF 1F 6D 3B EC 51 22 3C D9
[22:15:11.882] [INFO] [latency] READ 64 byte(s):
FF 50 3C FC CB 80 3C D6 00 B9 02 BC 21 00 05 C1
3A 4C 77 24 3B 34 06 2F 3B AE DB 6F 3B 5E 65 B9
3B 2E 84 CA 3B AD 34 68 3B 7C 14 80 3B 7A 00 B9
02 BC 21 00 4F E6 3B 44 75 4D 3C 93 ED 66 3C 03
[22:15:11.885] [INFO] [latency] READ 64 byte(s):
9A 70 3C 7F 98 69 3C C7 A4 E8 3B FB E8 63 3B 68
5A C7 39 3A 00 B9 02 BC 21 00 5A 35 3C B1 D7 B8
3C E4 65 D9 3C 08 CF F9 3C 8D 6E D1 3C 82 46 8E
3C 98 DD 77 3C CC 60 98 3C F2 00 B9 02 BC 21 00
[22:15:11.889] [INFO] [latency] READ 64 byte(s):
EF 35 3C 03 36 CF 3B 68 80 08 3C 63 2D 17 3C 98
F2 37 3C 1D A4 4A 3C 8E D0 82 3C 49 B7 91 3C 47
00 B9 02 BC 41 00 A2 92 3C CC 8D A3 3C 71 E2 86
3C 9C F2 7D 5D 3C 70 D1 44 3C A7 E7 8D 3C C4 12
[22:15:11.904] [INFO] [latency] READ 43 byte(s):
6B 3C A7 21 18 3C D1 C2 A6 3B EB 9A 4C BB 94 A2
04 BC 5A 30 C1 BB 85 9C 4A 3B 5E C1 D2 3B 0D 6A
5C 75 46 94 00 00 72 00 37 89 7E
[22:15:11.914] [INFO] [latency] WRITE 21 byte(s):
7E B9 03 81 00 03 82 06 00 80 0B 03 B9 04 0B 01
0F 00 00 A4 7E
[22:15:11.927] [INFO] [latency] READ 64 byte(s):
7E B9 03 81 04 03 81 9D 08 0B B9 03 01 0F B9 04
B9 02 BC 21 44 72 69 76 65 6E 20 42 61 73 73 20
34 30 30 2B 2C 20 6E 6F 20 63 61 62 00 00 00 00
00 00 00 00 00 18 BA 02 88 00 00 00 00 88 00 00
[22:15:11.939] [INFO] [latency] READ 64 byte(s):
F0 42 BA 03 BA 6D 88 00 00 00 00 88 00 00 00 00
88 00 00 C8 C2 88 00 00 A0 41 88 00 00 70 C2 88
00 00 80 3F 88 00 00 00 00 88 00 00 00 00 88 00
00 00 00 88 00 00 A0 40 88 00 00 80 3F 88 00 00
[22:15:11.949] [INFO] [latency] READ 64 byte(s):
A0 40 88 00 00 96 43 88 00 00 A0 40 88 33 33 33
3F 88 00 80 3B 44 88 00 00 A0 40 88 00 80 ED 44
88 00 00 80 3F 88 00 00 80 3F 88 00 00 A0 40 88
00 00 A0 40 88 00 00 C8 42 88 00 00 80 3F 88 00
[22:15:11.954] [INFO] [latency] READ 64 byte(s):
00 00 40 88 00 00 C8 41 88 00 00 A0 40 88 00 00
00 00 88 00 00 C0 3F 88 00 00 00 00 88 00 00 80
3F 88 00 00 C0 3F 88 00 00 00 00 88 00 00 00 00
88 00 00 A0 40 88 00 00 A0 40 88 00 00 80 3F 88
[22:15:11.956] [INFO] [latency] READ 64 byte(s):
00 00 00 00 88 00 00 80 40 88 00 00 A0 40 88 00
00 00 00 88 00 00 00 00 88 00 00 F0 41 88 00 00
A0 40 88 00 00 00 00 88 00 00 00 00 88 00 00 F0
41 88 00 00 A0 40 88 00 00 00 00 88 00 00 00 00
[22:15:11.965] [INFO] [latency] READ 64 byte(s):
88 00 00 F0 41 88 00 00 A0 40 88 00 00 00 00 88
00 00 00 00 88 00 00 F0 41 88 00 00 A0 40 88 00
00 00 00 88 00 00 00 00 88 00 00 F0 41 88 00 00
A0 40 88 00 00 00 00 88 00 00 00 00 88 00 00 F0
[22:15:11.969] [INFO] [latency] READ 64 byte(s):
41 88 00 00 80 3F 88 00 00 00 00 88 00 00 00 00
88 00 00 00 00 88 00 00 70 41 88 00 00 00 3F 88
00 00 48 42 88 00 00 F0 40 88 00 00 00 00 88 00
00 40 40 88 00 00 D0 40 88 00 00 00 00 88 00 00
[22:15:11.972] [INFO] [latency] READ 64 byte(s):
00 00 88 00 00 C0 40 88 00 00 00 00 88 00 00 70
41 88 00 00 00 3F 88 00 00 48 42 88 00 00 F0 40
88 00 00 00 00 88 00 00 70 41 88 00 00 00 3F 88
00 00 48 42 88 00 00 C8 41 88 00 00 F0 40 88 00
[22:15:11.975] [INFO] [latency] READ 64 byte(s):
00 00 00 88 00 00 40 40 88 00 00 B4 43 88 00 00
F0 42 88 00 00 48 42 88 00 00 A0 40 88 00 00 80
3F 88 00 00 00 00 88 00 00 00 00 88 00 00 00 00
88 00 00 10 41 88 00 00 AF 43 88 00 00 A0 41 88
[22:15:11.980] [INFO] [latency] READ 64 byte(s):
00 00 00 00 88 00 00 48 42 88 00 00 00 00 88 00
00 10 41 88 00 00 AF 43 88 00 00 A0 41 88 00 00
00 00 88 00 00 48 42 BA 6D 88 00 00 00 00 88 00
00 00 00 88 00 00 C8 C2 88 00 00 A0 41 88 00 00
[22:15:11.986] [INFO] [latency] READ 64 byte(s):
70 C2 88 00 00 80 3F 88 00 00 00 00 88 00 00 00
00 88 00 00 00 00 88 00 00 A0 40 88 00 00 80 3F
88 00 00 A0 40 88 00 00 96 43 88 00 00 A0 40 88
33 33 33 3F 88 00 80 3B 44 88 00 00 A0 40 88 00
[22:15:11.990] [INFO] [latency] READ 64 byte(s):
80 ED 44 88 00 00 80 3F 88 00 00 80 3F 88 00 00
A0 40 88 00 00 A0 40 88 00 00 C8 42 88 00 00 80
3F 88 00 00 00 00 88 00 00 C8 41 88 00 00 A0 40
88 00 00 00 00 88 00 00 C0 3F 88 00 00 00 00 88
[22:15:11.992] [INFO] [latency] READ 64 byte(s):
00 00 80 3F 88 00 00 C0 3F 88 00 00 00 00 88 00
00 00 00 88 00 00 A0 40 88 00 00 A0 40 88 00 00
80 3F 88 00 00 00 00 88 00 00 80 40 88 00 00 A0
40 88 00 00 00 00 88 00 00 00 00 88 00 00 F0 41
[22:15:11.997] [INFO] [latency] READ 64 byte(s):
88 00 00 A0 40 88 00 00 00 00 88 00 00 00 00 88
00 00 F0 41 88 00 00 A0 40 88 00 00 00 00 88 00
00 00 00 88 00 00 F0 41 88 00 00 A0 40 88 00 00
00 00 88 00 00 00 00 88 00 00 F0 41 88 00 00 A0
[22:15:12.000] [INFO] [latency] READ 64 byte(s):
40 88 00 00 00 00 88 00 00 00 00 88 00 00 F0 41
88 00 00 A0 40 88 00 00 00 00 88 00 00 00 00 88
00 00 F0 41 88 00 00 80 3F 88 00 00 00 00 88 00
00 00 00 88 00 00 00 00 88 00 00 70 41 88 00 00
[22:15:12.003] [INFO] [latency] READ 64 byte(s):
00 3F 88 00 00 48 42 88 00 00 F0 40 88 00 00 00
00 88 00 00 40 40 88 00 00 D0 40 88 00 00 00 00
88 00 00 00 00 88 00 00 C0 40 88 00 00 00 00 88
00 00 70 41 88 00 00 00 3F 88 00 00 48 42 88 00
[22:15:12.006] [INFO] [latency] READ 64 byte(s):
00 F0 40 88 00 00 00 00 88 00 00 70 41 88 00 00
00 3F 88 00 00 48 42 88 00 00 C8 41 88 00 00 F0
40 88 00 00 00 00 88 00 00 40 40 88 00 00 B4 43
88 00 00 F0 42 88 00 00 48 42 88 00 00 A0 40 88
[22:15:12.010] [INFO] [latency] READ 64 byte(s):
00 00 80 3F 88 00 00 00 00 88 00 00 00 00 88 00
00 00 00 88 00 00 10 41 88 00 00 AF 43 88 00 00
A0 41 88 00 00 00 00 88 00 00 48 42 88 00 00 00
00 88 00 00 10 41 88 00 00 AF 43 88 00 00 A0 41
[22:15:12.011] [INFO] [latency] READ 64 byte(s):
88 00 00 00 00 88 00 00 48 42 BA 6D 88 00 00 00
00 88 00 00 00 00 88 00 00 C8 C2 88 00 00 A0 41
88 00 00 70 C2 88 00 00 80 3F 88 00 00 00 00 88
00 00 00 00 88 00 00 00 00 88 00 00 A0 40 88 00
[22:15:12.015] [INFO] [latency] READ 64 byte(s):
00 80 3F 88 00 00 A0 40 88 00 00 96 43 88 00 00
A0 40 88 33 33 33 3F 88 00 80 3B 44 88 00 00 A0
40 88 00 80 ED 44 88 00 00 80 3F 88 00 00 80 3F
88 00 00 A0 40 88 00 00 A0 40 88 00 00 C8 42 88
[22:15:12.019] [INFO] [latency] READ 64 byte(s):
00 00 80 3F 88 00 00 00 00 88 00 00 C8 41 88 00
00 A0 40 88 00 00 00 00 88 00 00 C0 3F 88 00 00
00 00 88 00 00 80 3F 88 00 00 C0 3F 88 00 00 00
00 88 00 00 00 00 88 00 00 A0 40 88 00 00 A0 40
[22:15:12.026] [INFO] [latency] READ 64 byte(s):
88 00 00 80 3F 88 00 00 00 00 88 00 00 80 40 88
00 00 A0 40 88 00 00 00 00 88 00 00 00 00 88 00
00 F0 41 88 00 00 A0 40 88 00 00 00 00 88 00 00
00 00 88 00 00 F0 41 88 00 00 A0 40 88 00 00 00
[22:15:12.031] [INFO] [latency] READ 64 byte(s):
00 88 00 00 00 00 88 00 00 F0 41 88 00 00 A0 40
88 00 00 00 00 88 00 00 00 00 88 00 00 F0 41 88
00 00 A0 40 88 00 00 00 00 88 00 00 00 00 88 00
00 F0 41 88 00 00 A0 40 88 00 00 00 00 88 00 00
[22:15:12.034] [INFO] [latency] READ 64 byte(s):
00 00 88 00 00 F0 41 88 00 00 80 3F 88 00 00 00
00 88 00 00 00 00 88 00 00 00 00 88 00 00 70 41
88 00 00 00 3F 88 00 00 48 42 88 00 00 F0 40 88
00 00 00 00 88 00 00 40 40 88 00 00 D0 40 88 00
[22:15:12.036] [INFO] [latency] READ 64 byte(s):
00 00 00 88 00 00 00 00 88 00 00 C0 40 88 00 00
00 00 88 00 00 70 41 88 00 00 00 3F 88 00 00 48
42 88 00 00 F0 40 88 00 00 00 00 88 00 00 70 41
88 00 00 00 3F 88 00 00 48 42 88 00 00 C8 41 88
[22:15:12.038] [INFO] [latency] READ 64 byte(s):
00 00 F0 40 88 00 00 00 00 88 00 00 40 40 88 00
00 B4 43 88 00 00 F0 42 88 00 00 48 42 88 00 00
A0 40 88 00 00 80 3F 88 00 00 00 00 88 00 00 00
00 88 00 00 00 00 88 00 00 10 41 88 00 00 AF 43
[22:15:12.044] [INFO] [latency] READ 64 byte(s):
88 00 00 A0 41 88 00 00 00 00 88 00 00 48 42 88
00 00 00 00 88 00 00 10 41 88 00 00 AF 43 88 00
00 A0 41 88 00 00 00 00 88 00 00 48 42 B9 0D B9
02 BC 21 00 A1 82 BC 07 FC 3C BB B3 8F 64 3A DF
[22:15:12.046] [INFO] [latency] READ 64 byte(s):
A4 0D 3B 13 49 51 BC 30 78 84 BC 23 0C EA 39 24
2A 66 3C 90 00 B9 02 BC 0B 32 30 32 35 2D 31 32
2D 31 30 00 0A B9 02 BC 21 44 52 49 56 45 00 62
BC 75 92 13 BC 17 47 DF BB 4E 2F F4 BB 12 22 A4
[22:15:12.050] [INFO] [latency] READ 64 byte(s):
BB C0 B4 7C BB E0 C5 B3 38 0A 05 B9 02 BC 21 4E
6F 6E 65 00 DC 11 BC 2D 07 C7 BC 4E A9 AA BC 01
1D 8F BC 62 58 54 BC 4C 0F 7C 3A 2D F7 1F 3B 4D
04 B9 02 BC 21 4E 6F 6E 65 00 74 57 BB 6D 33 44
[22:15:12.054] [INFO] [latency] READ 64 byte(s):
3C E1 33 68 3C EB 69 57 3C 8F 98 2C 3B 73 B5 62
BA 2C FE A6 BB 28 04 B9 02 BC 21 4E 6F 6E 65 00
A2 2E BC 90 63 50 BC D9 FE AC BB 0D 7A 5E BB 9B
48 5F BB 29 02 10 BC 0D 7B 59 BB 94 04 B9 02 BC
[22:15:12.057] [INFO] [latency] READ 64 byte(s):
21 4E 6F 6E 65 00 C3 8E BB B6 5E 05 BC EA 71 FB
39 67 82 89 BC 6E C2 22 BC B3 06 9F BB C0 4B F7
36 8E 04 B9 02 BC 21 00 DD 40 BC 4D 78 1A BC 46
67 D9 BA F3 22 CB 3B 6F 4A 57 3C E3 37 54 3C E1
[22:15:12.060] [INFO] [latency] READ 64 byte(s):
7A 0D BA 67 DC F4 BB 65 00 B9 02 BC 21 00 EA 0C
3A 87 66 97 3B 32 46 5B BB 95 91 63 3B B4 57 E2
3A A9 16 97 3C 37 DE 97 3B B0 88 14 BB 4C 00 B9
02 BC 21 00 43 1D 3C 0D A5 04 BB 4D 40 3E 3C F6
[22:15:12.062] [INFO] [latency] READ 64 byte(s):
C0 82 BC 72 DD 13 BC 81 F9 97 BA 5F 1B 28 3C 7C
2E CE B9 D0 00 B9 02 BC 21 00 59 7D 5E 3C 52 0F
AC 3B 39 0D 33 BC 22 52 08 BB 4F A0 00 3C B6 07
F7 3B D2 5F FB 3A A6 C5 2C BA 63 00 B9 02 BC 21
[22:15:12.065] [INFO] [latency] READ 64 byte(s):
00 7F 84 3B 76 A4 25 BC 2D B3 51 3A 93 5D B3 BB
4C 44 AD BA 4E 10 38 BA 7A 13 1D 3B A3 07 9C BC
74 00 B9 02 BC 41 00 D9 04 BA 78 2D 1E 3B 26 BB
DE BB 86 8B 6A 3C E1 6D DF 3C 64 08 32 3C D8 C5
[22:15:12.068] [INFO] [latency] READ 44 byte(s):
AC BB 6A 07 AB BC 4D 6E 9E BB A9 C7 E2 3B 09 3B
43 3C C7 02 10 3C 06 C2 F7 3C B1 1C 12 3D 7A 38
F5 50 61 7D 5D 00 00 72 00 B3 0E 7E
[22:15:12.072] [INFO] [latency] WRITE 21 byte(s):
7E B9 03 81 00 03 82 06 00 80 0B 03 B9 04 0B 01
10 00 59 B2 7E
[22:15:12.077] [INFO] [latency] READ 64 byte(s):
7E B9 03 81 04 03 81 9D 08 0B B9 03 01 10 B9 04
B9 02 BC 21 42 6F 6F 67 69 65 20 34 30 30 20 32
00 00 00 00 00 00 00 00 00 00 00 00 00 00 00 00
00 00 00 00 00 0C BA 02 88 00 00 00 00 88 00 00
[22:15:12.082] [INFO] [latency] READ 64 byte(s):
F0 42 BA 03 BA 6D 88 00 00 00 00 88 00 00 80 3F
88 00 00 98 C2 88 00 00 FA 43 88 00 00 AA C2 88
00 00 80 3F 88 00 00 80 3F 88 00 00 EC C1 88 00
00 80 40 88 00 00 A0 41 88 00 00 80 3F 88 00 00
[22:15:12.086] [INFO] [latency] READ 64 byte(s):
A0 40 88 00 00 96 43 88 9A 99 B9 40 88 33 33 33
3F 88 00 80 3B 44 88 00 00 A0 40 88 00 80 ED 44
88 00 00 80 3F 88 00 00 80 3F 88 00 00 20 41 88
00 00 A0 40 88 00 00 A0 42 88 00 00 80 3F 88 00
[22:15:12.095] [INFO] [latency] READ 64 byte(s):
00 80 3F 88 00 00 10 42 88 00 00 A0 40 88 00 00
00 00 88 00 00 00 00 88 00 00 20 41 88 00 00 80
3F 88 00 00 00 00 88 00 00 00 00 88 00 00 00 00
88 00 00 20 41 88 00 00 A0 40 88 00 00 80 3F 88
[22:15:12.100] [INFO] [latency] READ 64 byte(s):
00 00 00 00 88 00 00 80 40 88 00 00 A0 40 88 00
00 00 00 88 00 00 00 00 88 00 00 F0 41 88 00 00
A0 40 88 00 00 00 00 88 00 00 00 00 88 00 00 F0
41 88 00 00 A0 40 88 00 00 00 00 88 00 00 00 00
[22:15:12.104] [INFO] [latency] READ 64 byte(s):
88 00 00 F0 41 88 00 00 A0 40 88 00 00 00 00 88
00 00 00 00 88 00 00 F0 41 88 00 00 A0 40 88 00
00 00 00 88 00 00 00 00 88 00 00 B8 41 88 00 00
A0 40 88 00 00 00 00 88 00 00 00 00 88 00 00 F0
[22:15:12.107] [INFO] [latency] READ 64 byte(s):
41 88 00 00 80 3F 88 00 00 00 00 88 00 00 00 00
88 00 00 00 00 88 00 00 70 41 88 00 00 00 3F 88
00 00 48 42 88 00 00 F0 40 88 00 00 00 00 88 00
00 40 40 88 00 00 D0 40 88 00 00 00 00 88 00 00
[22:15:12.113] [INFO] [latency] READ 64 byte(s):
00 00 88 00 00 C0 40 88 00 00 00 00 88 00 00 70
41 88 00 00 00 3F 88 00 00 48 42 88 00 00 F0 40
88 00 00 00 00 88 00 00 70 41 88 00 00 00 3F 88
00 00 48 42 88 00 00 C8 41 88 00 00 F0 40 88 00
[22:15:12.116] [INFO] [latency] READ 64 byte(s):
00 00 00 88 00 00 40 40 88 00 00 B4 43 88 00 00
F0 42 88 00 00 48 42 88 00 00 A0 40 88 00 00 80
3F 88 00 00 00 00 88 00 00 00 00 88 00 00 00 00
88 00 00 10 41 88 00 00 AF 43 88 00 00 A0 41 88
[22:15:12.119] [INFO] [latency] READ 64 byte(s):
00 00 00 00 88 00 00 48 42 88 00 00 00 00 88 00
00 10 41 88 00 00 AF 43 88 00 00 A0 41 88 00 00
00 00 88 00 00 48 42 BA 6D 88 00 00 00 00 88 00
00 00 00 88 00 00 C8 C2 88 00 00 A0 41 88 00 00
[22:15:12.122] [INFO] [latency] READ 64 byte(s):
70 C2 88 00 00 80 3F 88 00 00 00 00 88 00 00 00
00 88 00 00 00 00 88 00 00 A0 40 88 00 00 80 3F
88 00 00 A0 40 88 00 00 96 43 88 00 00 A0 40 88
33 33 33 3F 88 00 80 3B 44 88 00 00 A0 40 88 00
[22:15:12.128] [INFO] [latency] READ 64 byte(s):
80 ED 44 88 00 00 80 3F 88 00 00 80 3F 88 00 00
A0 40 88 00 00 A0 40 88 00 00 C8 42 88 00 00 80
3F 88 00 00 00 00 88 00 00 C8 41 88 00 00 A0 40
88 00 00 00 00 88 00 00 C0 3F 88 00 00 00 00 88
[22:15:12.135] [INFO] [latency] READ 64 byte(s):
00 00 80 3F 88 00 00 C0 3F 88 00 00 00 00 88 00
00 00 00 88 00 00 A0 40 88 00 00 A0 40 88 00 00
80 3F 88 00 00 00 00 88 00 00 80 40 88 00 00 A0
40 88 00 00 00 00 88 00 00 00 00 88 00 00 F0 41
[22:15:12.141] [INFO] [latency] READ 64 byte(s):
88 00 00 A0 40 88 00 00 00 00 88 00 00 00 00 88
00 00 F0 41 88 00 00 A0 40 88 00 00 00 00 88 00
00 00 00 88 00 00 F0 41 88 00 00 A0 40 88 00 00
00 00 88 00 00 00 00 88 00 00 F0 41 88 00 00 A0
[22:15:12.144] [INFO] [latency] READ 64 byte(s):
40 88 00 00 00 00 88 00 00 00 00 88 00 00 F0 41
88 00 00 A0 40 88 00 00 00 00 88 00 00 00 00 88
00 00 F0 41 88 00 00 80 3F 88 00 00 00 00 88 00
00 00 00 88 00 00 00 00 88 00 00 70 41 88 00 00
[22:15:12.152] [INFO] [latency] READ 64 byte(s):
00 3F 88 00 00 48 42 88 00 00 F0 40 88 00 00 00
00 88 00 00 40 40 88 00 00 D0 40 88 00 00 00 00
88 00 00 00 00 88 00 00 C0 40 88 00 00 00 00 88
00 00 70 41 88 00 00 00 3F 88 00 00 48 42 88 00
[22:15:12.156] [INFO] [latency] READ 64 byte(s):
00 F0 40 88 00 00 00 00 88 00 00 70 41 88 00 00
00 3F 88 00 00 48 42 88 00 00 C8 41 88 00 00 F0
40 88 00 00 00 00 88 00 00 40 40 88 00 00 B4 43
88 00 00 F0 42 88 00 00 48 42 88 00 00 A0 40 88
[22:15:12.163] [INFO] [latency] READ 64 byte(s):
00 00 80 3F 88 00 00 00 00 88 00 00 00 00 88 00
00 00 00 88 00 00 10 41 88 00 00 AF 43 88 00 00
A0 41 88 00 00 00 00 88 00 00 48 42 88 00 00 00
00 88 00 00 10 41 88 00 00 AF 43 88 00 00 A0 41
[22:15:12.170] [INFO] [latency] READ 64 byte(s):
88 00 00 00 00 88 00 00 48 42 BA 6D 88 00 00 00
00 88 00 00 00 00 88 00 00 C8 C2 88 00 00 A0 41
88 00 00 70 C2 88 00 00 80 3F 88 00 00 00 00 88
00 00 00 00 88 00 00 00 00 88 00 00 A0 40 88 00
[22:15:12.173] [INFO] [latency] READ 64 byte(s):
00 80 3F 88 00 00 A0 40 88 00 00 96 43 88 00 00
A0 40 88 33 33 33 3F 88 00 80 3B 44 88 00 00 A0
40 88 00 80 ED 44 88 00 00 80 3F 88 00 00 80 3F
88 00 00 A0 40 88 00 00 A0 40 88 00 00 C8 42 88
[22:15:12.179] [INFO] [latency] READ 64 byte(s):
00 00 80 3F 88 00 00 00 00 88 00 00 C8 41 88 00
00 A0 40 88 00 00 00 00 88 00 00 C0 3F 88 00 00
00 00 88 00 00 80 3F 88 00 00 C0 3F 88 00 00 00
00 88 00 00 00 00 88 00 00 A0 40 88 00 00 A0 40
[22:15:12.184] [INFO] [latency] READ 64 byte(s):
88 00 00 80 3F 88 00 00 00 00 88 00 00 80 40 88
00 00 A0 40 88 00 00 00 00 88 00 00 00 00 88 00
00 F0 41 88 00 00 A0 40 88 00 00 00 00 88 00 00
00 00 88 00 00 F0 41 88 00 00 A0 40 88 00 00 00
[22:15:12.187] [INFO] [latency] READ 64 byte(s):
00 88 00 00 00 00 88 00 00 F0 41 88 00 00 A0 40
88 00 00 00 00 88 00 00 00 00 88 00 00 F0 41 88
00 00 A0 40 88 00 00 00 00 88 00 00 00 00 88 00
00 F0 41 88 00 00 A0 40 88 00 00 00 00 88 00 00
[22:15:12.190] [INFO] [latency] READ 64 byte(s):
00 00 88 00 00 F0 41 88 00 00 80 3F 88 00 00 00
00 88 00 00 00 00 88 00 00 00 00 88 00 00 70 41
88 00 00 00 3F 88 00 00 48 42 88 00 00 F0 40 88
00 00 00 00 88 00 00 40 40 88 00 00 D0 40 88 00
[22:15:12.193] [INFO] [latency] READ 64 byte(s):
00 00 00 88 00 00 00 00 88 00 00 C0 40 88 00 00
00 00 88 00 00 70 41 88 00 00 00 3F 88 00 00 48
42 88 00 00 F0 40 88 00 00 00 00 88 00 00 70 41
88 00 00 00 3F 88 00 00 48 42 88 00 00 C8 41 88
[22:15:12.197] [INFO] [latency] READ 64 byte(s):
00 00 F0 40 88 00 00 00 00 88 00 00 40 40 88 00
00 B4 43 88 00 00 F0 42 88 00 00 48 42 88 00 00
A0 40 88 00 00 80 3F 88 00 00 00 00 88 00 00 00
00 88 00 00 00 00 88 00 00 10 41 88 00 00 AF 43
[22:15:12.200] [INFO] [latency] READ 64 byte(s):
88 00 00 A0 41 88 00 00 00 00 88 00 00 48 42 88
00 00 00 00 88 00 00 10 41 88 00 00 AF 43 88 00
00 A0 41 88 00 00 00 00 88 00 00 48 42 B9 0D B9
02 BC 21 00 EE 04 3B F5 2C 07 3C 93 91 A8 3B 7D
[22:15:12.202] [INFO] [latency] READ 64 byte(s):
5D 1A C8 3B AC 7D 5D 08 3C CA A5 1C 3B 3B EC FD
3A 25 36 76 3B 85 00 B9 02 BC 0B 32 30 32 35 2D
31 32 2D 31 30 00 0A B9 02 BC 21 44 52 49 56 45
00 DD 3B 99 B6 00 3C 40 03 FB 3A 4A F0 58 39 93
[22:15:12.206] [INFO] [latency] READ 64 byte(s):
7A 80 3B 34 D4 59 3C D7 E6 C1 3B 47 05 B9 02 BC
21 4E 6F 6E 65 00 82 A5 3B 9E 0C BA 3B 19 6A 62
3B 72 68 DA 3B F3 06 57 3B 93 68 1C 3C 73 6F 10
3C F6 04 B9 02 BC 21 4E 6F 6E 65 00 94 E9 BA E5
[22:15:12.215] [INFO] [latency] READ 64 byte(s):
44 B1 3B 02 B2 2E 3C FC 05 2F 3C F2 50 92 3B EB
E5 06 BA 23 34 01 3C 47 04 B9 02 BC 21 4E 6F 6E
65 00 E4 F4 3B 0A 28 A6 3B 43 50 A9 3B B3 54 CA
3B 46 7D 5E 39 3B 9C 4D E5 B9 E2 EA 34 3B EC 04
[22:15:12.226] [INFO] [latency] READ 64 byte(s):
B9 02 BC 21 4E 6F 6E 65 00 1B FD 3B 4A CD 8C 3B
29 3D 74 39 B3 AA 29 BA ED 30 B2 3B 12 15 1B 3C
C5 A2 6A 3B 22 04 B9 02 BC 21 00 1F 55 3C 2D 0A
2F 3C 98 4C 23 3B 76 6A CB BB 92 DD 19 39 2D 82
[22:15:12.230] [INFO] [latency] READ 64 byte(s):
DD 3B F4 90 CB 3B 91 6E F9 3A D0 00 B9 02 BC 21
00 82 83 3B 00 E2 2A BB 15 89 79 3B 9C 74 1A 3C
6C 97 F4 3B 35 DC 45 BB 8C 5C B0 37 CE 48 23 3B
4F 00 B9 02 BC 21 00 8F 87 3B 2C 86 88 3B 2F 9E
[22:15:12.232] [INFO] [latency] READ 64 byte(s):
A5 3B 43 EE B5 3B 85 C4 15 3B 79 E9 34 3B F0 65
92 BA C7 1F 8F 3B 26 00 B9 02 BC 21 00 88 93 3B
EE 63 6F 3B 0E B5 7C 37 68 AB 81 3B 84 76 A2 3B
A2 41 B6 3B 1B FB 2E 3B 67 72 72 3A 0B 00 B9 02
[22:15:12.234] [INFO] [latency] READ 64 byte(s):
BC 21 00 DF 81 3B F2 CA FA 3B 6C 38 98 3B 87 FC
64 3A DF 7C 69 3A B7 91 49 3B B1 9B 93 3B 90 1A
B8 3B 9D 00 B9 02 BC 41 00 3A 32 3A 5C C7 80 3B
D6 32 A4 3B 39 7B 64 3B 98 A2 9E BA 19 14 B6 3A
[22:15:12.237] [INFO] [latency] READ 46 byte(s):
CF 24 A2 3B AD 35 80 3B 50 C0 8A 3B 75 BF 4B 3B
98 6A 32 BA AD CE 03 3B 1B 9B E8 3B 91 AA 78 3C
0A F2 F4 50 61 7D 5D 00 00 72 00 D7 64 7E
[22:15:12.241] [INFO] [latency] WRITE 21 byte(s):
7E B9 03 81 00 03 82 06 00 80 0B 03 B9 04 0B 01
11 00 81 AB 7E
[22:15:12.248] [INFO] [latency] READ 64 byte(s):
7E B9 03 81 04 03 81 9D 08 0B B9 03 01 11 B9 04
B9 02 BC 21 73 75 62 77 61 79 20 63 6C 65 61 6E
00 00 00 00 00 00 00 00 00 00 00 00 00 00 00 00
00 00 00 00 00 0C BA 02 88 00 00 00 00 88 00 00
[22:15:12.253] [INFO] [latency] READ 64 byte(s):
F0 42 BA 03 BA 6D 88 00 00 00 00 88 00 00 00 00
88 00 00 C8 C2 88 00 00 A0 41 88 00 00 70 C2 88
00 00 80 3F 88 00 00 00 00 88 00 00 00 00 88 00
00 00 00 88 00 00 A0 40 88 00 00 80 3F 88 00 00
[22:15:12.256] [INFO] [latency] READ 64 byte(s):
A0 40 88 00 00 96 43 88 00 00 A0 40 88 33 33 33
3F 88 00 80 3B 44 88 00 00 A0 40 88 00 80 ED 44
88 00 00 80 3F 88 00 00 80 3F 88 00 00 A0 40 88
00 00 A0 40 88 00 00 C8 42 88 00 00 80 3F 88 00
[22:15:12.258] [INFO] [latency] READ 64 byte(s):
00 00 40 88 00 00 C8 41 88 00 00 A0 40 88 00 00
00 00 88 00 00 C0 3F 88 00 00 00 00 88 00 00 80
3F 88 00 00 C0 3F 88 00 00 00 00 88 00 00 00 00
88 00 00 A0 40 88 00 00 A0 40 88 00 00 80 3F 88
[22:15:12.264] [INFO] [latency] READ 64 byte(s):
00 00 00 00 88 00 00 80 40 88 00 00 A0 40 88 00
00 00 00 88 00 00 00 00 88 00 00 F0 41 88 00 00
A0 40 88 00 00 00 00 88 00 00 00 00 88 00 00 F0
41 88 00 00 A0 40 88 00 00 00 00 88 00 00 00 00
[22:15:12.265] [INFO] [latency] READ 64 byte(s):
88 00 00 F0 41 88 00 00 A0 40 88 00 00 00 00 88
00 00 00 00 88 00 00 F0 41 88 00 00 A0 40 88 00
00 00 00 88 00 00 00 00 88 00 00 F0 41 88 00 00
A0 40 88 00 00 00 00 88 00 00 00 00 88 00 00 F0
[22:15:12.267] [INFO] [latency] READ 64 byte(s):
41 88 00 00 80 3F 88 00 00 00 00 88 00 00 00 00
88 00 00 00 00 88 00 00 70 41 88 00 00 00 3F 88
00 00 48 42 88 00 00 F0 40 88 00 00 00 00 88 00
00 40 40 88 00 00 D0 40 88 00 00 00 00 88 00 00
[22:15:12.271] [INFO] [latency] READ 64 byte(s):
00 00 88 00 00 C0 40 88 00 00 00 00 88 00 00 70
41 88 00 00 00 3F 88 00 00 48 42 88 00 00 F0 40
88 00 00 00 00 88 00 00 70 41 88 00 00 00 3F 88
00 00 48 42 88 00 00 C8 41 88 00 00 F0 40 88 00
[22:15:12.274] [INFO] [latency] READ 64 byte(s):
00 00 00 88 00 00 40 40 88 00 00 B4 43 88 00 00
F0 42 88 00 00 48 42 88 00 00 A0 40 88 00 00 80
3F 88 00 00 00 00 88 00 00 00 00 88 00 00 00 00
88 00 00 10 41 88 00 00 AF 43 88 00 00 A0 41 88
[22:15:12.278] [INFO] [latency] READ 64 byte(s):
00 00 00 00 88 00 00 48 42 88 00 00 00 00 88 00
00 10 41 88 00 00 AF 43 88 00 00 A0 41 88 00 00
00 00 88 00 00 48 42 BA 6D 88 00 00 00 00 88 00
00 00 00 88 00 00 C8 C2 88 00 00 A0 41 88 00 00
[22:15:12.284] [INFO] [latency] READ 64 byte(s):
70 C2 88 00 00 80 3F 88 00 00 00 00 88 00 00 00
00 88 00 00 00 00 88 00 00 A0 40 88 00 00 80 3F
88 00 00 A0 40 88 00 00 96 43 88 00 00 A0 40 88
33 33 33 3F 88 00 80 3B 44 88 00 00 A0 40 88 00
[22:15:12.288] [INFO] [latency] READ 64 byte(s):
80 ED 44 88 00 00 80 3F 88 00 00 80 3F 88 00 00
A0 40 88 00 00 A0 40 88 00 00 C8 42 88 00 00 80
3F 88 00 00 00 00 88 00 00 C8 41 88 00 00 A0 40
88 00 00 00 00 88 00 00 C0 3F 88 00 00 00 00 88
[22:15:12.292] [INFO] [latency] READ 64 byte(s):
00 00 80 3F 88 00 00 C0 3F 88 00 00 00 00 88 00
00 00 00 88 00 00 A0 40 88 00 00 A0 40 88 00 00
80 3F 88 00 00 00 00 88 00 00 80 40 88 00 00 A0
40 88 00 00 00 00 88 00 00 00 00 88 00 00 F0 41
[22:15:12.298] [INFO] [latency] READ 64 byte(s):
88 00 00 A0 40 88 00 00 00 00 88 00 00 00 00 88
00 00 F0 41 88 00 00 A0 40 88 00 00 00 00 88 00
00 00 00 88 00 00 F0 41 88 00 00 A0 40 88 00 00
00 00 88 00 00 00 00 88 00 00 F0 41 88 00 00 A0
[22:15:12.303] [INFO] [latency] READ 64 byte(s):
40 88 00 00 00 00 88 00 00 00 00 88 00 00 F0 41
88 00 00 A0 40 88 00 00 00 00 88 00 00 00 00 88
00 00 F0 41 88 00 00 80 3F 88 00 00 00 00 88 00
00 00 00 88 00 00 00 00 88 00 00 70 41 88 00 00
[22:15:12.306] [INFO] [latency] READ 64 byte(s):
00 3F 88 00 00 48 42 88 00 00 F0 40 88 00 00 00
00 88 00 00 40 40 88 00 00 D0 40 88 00 00 00 00
88 00 00 00 00 88 00 00 C0 40 88 00 00 00 00 88
00 00 70 41 88 00 00 00 3F 88 00 00 48 42 88 00
[22:15:12.315] [INFO] [latency] READ 64 byte(s):
00 F0 40 88 00 00 00 00 88 00 00 70 41 88 00 00
00 3F 88 00 00 48 42 88 00 00 C8 41 88 00 00 F0
40 88 00 00 00 00 88 00 00 40 40 88 00 00 B4 43
88 00 00 F0 42 88 00 00 48 42 88 00 00 A0 40 88
[22:15:12.318] [INFO] [latency] READ 64 byte(s):
00 00 80 3F 88 00 00 00 00 88 00 00 00 00 88 00
00 00 00 88 00 00 10 41 88 00 00 AF 43 88 00 00
A0 41 88 00 00 00 00 88 00 00 48 42 88 00 00 00
00 88 00 00 10 41 88 00 00 AF 43 88 00 00 A0 41
[22:15:12.322] [INFO] [latency] READ 64 byte(s):
88 00 00 00 00 88 00 00 48 42 BA 6D 88 00 00 00
00 88 00 00 00 00 88 00 00 C8 C2 88 00 00 A0 41
88 00 00 70 C2 88 00 00 80 3F 88 00 00 00 00 88
00 00 00 00 88 00 00 00 00 88 00 00 A0 40 88 00
[22:15:12.335] [INFO] [latency] READ 64 byte(s):
00 80 3F 88 00 00 A0 40 88 00 00 96 43 88 00 00
A0 40 88 33 33 33 3F 88 00 80 3B 44 88 00 00 A0
40 88 00 80 ED 44 88 00 00 80 3F 88 00 00 80 3F
88 00 00 A0 40 88 00 00 A0 40 88 00 00 C8 42 88
[22:15:12.340] [INFO] [latency] READ 64 byte(s):
00 00 80 3F 88 00 00 00 00 88 00 00 C8 41 88 00
00 A0 40 88 00 00 00 00 88 00 00 C0 3F 88 00 00
00 00 88 00 00 80 3F 88 00 00 C0 3F 88 00 00 00
00 88 00 00 00 00 88 00 00 A0 40 88 00 00 A0 40
[22:15:12.343] [INFO] [latency] READ 64 byte(s):
88 00 00 80 3F 88 00 00 00 00 88 00 00 80 40 88
00 00 A0 40 88 00 00 00 00 88 00 00 00 00 88 00
00 F0 41 88 00 00 A0 40 88 00 00 00 00 88 00 00
00 00 88 00 00 F0 41 88 00 00 A0 40 88 00 00 00
[22:15:12.347] [INFO] [latency] READ 64 byte(s):
00 88 00 00 00 00 88 00 00 F0 41 88 00 00 A0 40
88 00 00 00 00 88 00 00 00 00 88 00 00 F0 41 88
00 00 A0 40 88 00 00 00 00 88 00 00 00 00 88 00
00 F0 41 88 00 00 A0 40 88 00 00 00 00 88 00 00
[22:15:12.351] [INFO] [latency] READ 64 byte(s):
00 00 88 00 00 F0 41 88 00 00 80 3F 88 00 00 00
00 88 00 00 00 00 88 00 00 00 00 88 00 00 70 41
88 00 00 00 3F 88 00 00 48 42 88 00 00 F0 40 88
00 00 00 00 88 00 00 40 40 88 00 00 D0 40 88 00
[22:15:12.354] [INFO] [latency] READ 64 byte(s):
00 00 00 88 00 00 00 00 88 00 00 C0 40 88 00 00
00 00 88 00 00 70 41 88 00 00 00 3F 88 00 00 48
42 88 00 00 F0 40 88 00 00 00 00 88 00 00 70 41
88 00 00 00 3F 88 00 00 48 42 88 00 00 C8 41 88
[22:15:12.357] [INFO] [latency] READ 64 byte(s):
00 00 F0 40 88 00 00 00 00 88 00 00 40 40 88 00
00 B4 43 88 00 00 F0 42 88 00 00 48 42 88 00 00
A0 40 88 00 00 80 3F 88 00 00 00 00 88 00 00 00
00 88 00 00 00 00 88 00 00 10 41 88 00 00 AF 43
[22:15:12.361] [INFO] [latency] READ 64 byte(s):
88 00 00 A0 41 88 00 00 00 00 88 00 00 48 42 88
00 00 00 00 88 00 00 10 41 88 00 00 AF 43 88 00
00 A0 41 88 00 00 00 00 88 00 00 48 42 B9 0D B9
02 BC 21 00 20 C1 B8 32 94 F7 3A B6 BF 45 3A 3E
[22:15:12.369] [INFO] [latency] READ 64 byte(s):
9B 81 3A A1 10 42 3B 80 CC B4 37 3D 13 85 BB AF
12 44 BB 99 00 B9 02 BC 0B 32 30 32 35 2D 31 32
2D 31 30 00 0A B9 02 BC 21 43 4C 45 41 4E 00 0B
3A 62 6B 47 3A 8C B3 D6 3A F2 10 08 3B 9D FB 7C
[22:15:12.374] [INFO] [latency] READ 64 byte(s):
BA AB E3 7A 3B 60 90 35 37 34 05 B9 02 BC 21 4E
6F 6E 65 00 FC 3C BB 30 C2 8A 38 50 81 FA 38 0C
D7 CB BA C2 FA 16 3A B9 A0 33 BB 30 98 37 BA F8
04 B9 02 BC 21 4E 6F 6E 65 00 52 D8 37 36 DD 23
[22:15:12.379] [INFO] [latency] READ 64 byte(s):
BA 2A 82 3F 3A 02 66 D5 3A 8C C9 8C B9 36 20 32
BB 42 01 4F BB 7D 5E 04 B9 02 BC 21 4E 6F 6E 65
00 57 13 BA 4C 8F 54 3A 0F 98 0D 3B 78 5C 0F 3B
11 D8 C0 3A 8C 36 21 3B 50 1A 65 3B BD 04 B9 02
[22:15:12.386] [INFO] [latency] READ 64 byte(s):
BC 21 4E 6F 6E 65 00 DA 0C BB 1C 6C 4D 39 7B 77
43 3A 3F 25 27 BB 8F 22 A9 B9 9A FB 8E B8 2E 68
2A BB 14 04 B9 02 BC 21 00 E3 23 BB 9B 4A BD 3A
2C 50 78 BA C4 9F 8D BA AB 3A E4 BA FE F3 A4 BA
[22:15:12.391] [INFO] [latency] READ 64 byte(s):
4A 1E 4B 3A 26 8A 8B 3A 80 00 B9 02 BC 21 00 6A
22 BA 24 FC 8A BB 18 AC 4B BA C3 D0 B6 3A 2C 07
36 3A F8 49 3C B9 5A D3 00 3B 01 48 A6 3A 24 00
B9 02 BC 21 00 55 7C 3B 49 CD 33 3B 64 EF A4 39
[22:15:12.395] [INFO] [latency] READ 64 byte(s):
B4 89 76 B9 19 26 EE 3A F7 CD 2E 3B E9 DF 09 3B
9F FD 40 BA B8 00 B9 02 BC 21 00 59 DB BB 7A 76
C4 BB 90 3D 18 BC FC A5 10 BC A4 28 08 BC C6 29
4E BC BC 84 62 BC B0 DF 72 BC 8C 00 B9 02 BC 21
[22:15:12.399] [INFO] [latency] READ 64 byte(s):
00 F5 70 BC 39 17 47 BC C6 CB B9 BB 76 64 04 3B
BA 79 9E 3B 20 63 B4 3B 82 C1 6E 3B 7C 7D 5D 04
3B 68 00 B9 02 BC 41 00 85 BA BB D1 3D 26 BB 75
4E 1C 3B EB 67 AC 3B 50 CC 82 3B 18 9E 7C 3B A9
[22:15:12.401] [INFO] [latency] READ 45 byte(s):
38 46 BA 72 53 FF BA 99 73 0C 3B 52 0A FE 3B 75
6B FB 3B 1A CE 53 3A 93 51 54 BC B0 2A CE 38 7A
38 F5 50 61 7D 5D 00 00 72 00 9F AB 7E
[22:15:12.407] [INFO] [latency] WRITE 21 byte(s):
7E B9 03 81 00 03 82 06 00 80 0B 03 B9 04 0B 01
12 00 E9 81 7E
[22:15:12.413] [INFO] [latency] READ 64 byte(s):
7E B9 03 81 04 03 81 9D 08 0B B9 03 01 12 B9 04
B9 02 BC 21 48 55 47 45 20 4D 55 46 46 00 00 00
00 00 00 00 00 00 00 00 00 00 00 00 00 00 00 00
00 00 00 00 00 09 BA 02 88 00 00 00 00 88 00 00
[22:15:12.419] [INFO] [latency] READ 64 byte(s):
F0 42 BA 03 BA 6D 88 00 00 00 00 88 00 00 80 3F
88 00 00 84 C2 88 00 00 A0 41 88 00 00 20 C2 88
00 00 80 3F 88 00 00 80 3F 88 00 00 80 C0 88 00
00 40 C0 88 00 00 A0 40 88 00 00 80 3F 88 00 00
[22:15:12.423] [INFO] [latency] READ 64 byte(s):
A0 40 88 00 00 96 43 88 00 00 A0 40 88 33 33 33
3F 88 00 80 3B 44 88 00 00 A0 40 88 00 00 FA 44
88 00 00 80 3F 88 00 00 80 3F 88 67 66 A6 40 88
00 00 A0 40 88 00 00 C8 42 88 00 00 80 3F 88 00
[22:15:12.426] [INFO] [latency] READ 64 byte(s):
00 00 40 88 00 00 C8 41 88 00 00 A0 40 88 00 00
00 00 88 00 00 C0 3F 88 00 00 00 00 88 00 00 80
3F 88 00 00 C0 3F 88 00 00 00 00 88 00 00 00 00
88 00 00 A0 40 88 00 00 A0 40 88 00 00 80 3F 88
[22:15:12.431] [INFO] [latency] READ 64 byte(s):
00 00 80 3F 88 00 00 80 40 88 00 00 A0 40 88 00
00 00 00 88 00 00 00 00 88 00 00 00 00 88 00 00
A0 40 88 00 00 00 00 88 00 00 00 00 88 00 00 00
00 88 00 00 A0 40 88 00 00 00 00 88 00 00 00 00
[22:15:12.434] [INFO] [latency] READ 64 byte(s):
88 00 00 00 00 88 00 00 A0 40 88 00 00 00 00 88
00 00 00 00 88 00 00 00 00 88 00 00 A0 40 88 00
00 00 00 88 00 00 00 00 88 00 00 00 00 88 00 00
A0 40 88 00 00 00 00 88 00 00 00 00 88 00 00 00
[22:15:12.437] [INFO] [latency] READ 64 byte(s):
00 88 00 00 80 3F 88 00 00 00 00 88 00 00 00 00
88 00 00 00 00 88 00 00 70 41 88 00 00 00 3F 88
00 00 48 42 88 00 00 F0 40 88 00 00 00 00 88 00
00 40 40 88 00 00 D0 40 88 00 00 00 00 88 00 00
[22:15:12.441] [INFO] [latency] READ 64 byte(s):
00 00 88 00 00 C0 40 88 00 00 00 00 88 00 00 70
41 88 00 00 00 3F 88 00 00 48 42 88 00 00 F0 40
88 00 00 00 00 88 00 00 70 41 88 00 00 00 3F 88
00 00 48 42 88 00 00 C8 41 88 00 00 F0 40 88 00
[22:15:12.444] [INFO] [latency] READ 64 byte(s):
00 00 00 88 00 00 40 40 88 00 00 B4 43 88 00 00
F0 42 88 00 00 48 42 88 00 00 A0 40 88 00 00 80
3F 88 00 00 00 00 88 00 00 00 00 88 00 00 00 00
88 00 00 10 41 88 00 00 AF 43 88 00 00 A0 41 88
[22:15:12.447] [INFO] [latency] READ 64 byte(s):
00 00 00 00 88 00 00 48 42 88 00 00 00 00 88 00
00 10 41 88 00 00 AF 43 88 00 00 A0 41 88 00 00
00 00 88 00 00 48 42 BA 6D 88 00 00 00 00 88 00
00 00 00 88 00 00 C8 C2 88 00 00 A0 41 88 00 00
[22:15:12.452] [INFO] [latency] READ 64 byte(s):
70 C2 88 00 00 80 3F 88 00 00 00 00 88 00 00 00
00 88 00 00 00 00 88 00 00 A0 40 88 00 00 80 3F
88 00 00 A0 40 88 00 00 96 43 88 00 00 A0 40 88
33 33 33 3F 88 00 80 3B 44 88 00 00 A0 40 88 00
[22:15:12.455] [INFO] [latency] READ 64 byte(s):
80 ED 44 88 00 00 80 3F 88 00 00 80 3F 88 00 00
A0 40 88 00 00 A0 40 88 00 00 C8 42 88 00 00 80
3F 88 00 00 00 00 88 00 00 C8 41 88 00 00 A0 40
88 00 00 00 00 88 00 00 C0 3F 88 00 00 00 00 88
[22:15:12.459] [INFO] [latency] READ 64 byte(s):
00 00 80 3F 88 00 00 C0 3F 88 00 00 00 00 88 00
00 00 00 88 00 00 A0 40 88 00 00 A0 40 88 00 00
80 3F 88 00 00 00 00 88 00 00 80 40 88 00 00 A0
40 88 00 00 00 00 88 00 00 00 00 88 00 00 00 00
[22:15:12.465] [INFO] [latency] READ 64 byte(s):
88 00 00 A0 40 88 00 00 00 00 88 00 00 00 00 88
00 00 00 00 88 00 00 A0 40 88 00 00 00 00 88 00
00 00 00 88 00 00 00 00 88 00 00 A0 40 88 00 00
00 00 88 00 00 00 00 88 00 00 00 00 88 00 00 A0
[22:15:12.469] [INFO] [latency] READ 64 byte(s):
40 88 00 00 00 00 88 00 00 00 00 88 00 00 00 00
88 00 00 A0 40 88 00 00 00 00 88 00 00 00 00 88
00 00 00 00 88 00 00 80 3F 88 00 00 00 00 88 00
00 00 00 88 00 00 00 00 88 00 00 70 41 88 00 00
[22:15:12.472] [INFO] [latency] READ 64 byte(s):
00 3F 88 00 00 48 42 88 00 00 F0 40 88 00 00 00
00 88 00 00 40 40 88 00 00 D0 40 88 00 00 00 00
88 00 00 00 00 88 00 00 C0 40 88 00 00 00 00 88
00 00 70 41 88 00 00 00 3F 88 00 00 48 42 88 00
[22:15:12.475] [INFO] [latency] READ 64 byte(s):
00 F0 40 88 00 00 00 00 88 00 00 70 41 88 00 00
00 3F 88 00 00 48 42 88 00 00 C8 41 88 00 00 F0
40 88 00 00 00 00 88 00 00 40 40 88 00 00 B4 43
88 00 00 F0 42 88 00 00 48 42 88 00 00 A0 40 88
[22:15:12.483] [INFO] [latency] READ 64 byte(s):
00 00 80 3F 88 00 00 00 00 88 00 00 00 00 88 00
00 00 00 88 00 00 10 41 88 00 00 AF 43 88 00 00
A0 41 88 00 00 00 00 88 00 00 48 42 88 00 00 00
00 88 00 00 10 41 88 00 00 AF 43 88 00 00 A0 41
[22:15:12.487] [INFO] [latency] READ 64 byte(s):
88 00 00 00 00 88 00 00 48 42 BA 6D 88 00 00 00
00 88 00 00 00 00 88 00 00 C8 C2 88 00 00 A0 41
88 00 00 70 C2 88 00 00 80 3F 88 00 00 00 00 88
00 00 00 00 88 00 00 00 00 88 00 00 A0 40 88 00
[22:15:12.489] [INFO] [latency] READ 64 byte(s):
00 80 3F 88 00 00 A0 40 88 00 00 96 43 88 00 00
A0 40 88 33 33 33 3F 88 00 80 3B 44 88 00 00 A0
40 88 00 80 ED 44 88 00 00 80 3F 88 00 00 80 3F
88 00 00 A0 40 88 00 00 A0 40 88 00 00 C8 42 88
[22:15:12.494] [INFO] [latency] READ 64 byte(s):
00 00 80 3F 88 00 00 00 00 88 00 00 C8 41 88 00
00 A0 40 88 00 00 00 00 88 00 00 C0 3F 88 00 00
00 00 88 00 00 80 3F 88 00 00 C0 3F 88 00 00 00
00 88 00 00 00 00 88 00 00 A0 40 88 00 00 A0 40
[22:15:12.497] [INFO] [latency] READ 64 byte(s):
88 00 00 80 3F 88 00 00 00 00 88 00 00 80 40 88
00 00 A0 40 88 00 00 00 00 88 00 00 00 00 88 00
00 00 00 88 00 00 A0 40 88 00 00 00 00 88 00 00
00 00 88 00 00 00 00 88 00 00 A0 40 88 00 00 00
[22:15:12.501] [INFO] [latency] READ 64 byte(s):
00 88 00 00 00 00 88 00 00 00 00 88 00 00 A0 40
88 00 00 00 00 88 00 00 00 00 88 00 00 00 00 88
00 00 A0 40 88 00 00 00 00 88 00 00 00 00 88 00
00 00 00 88 00 00 A0 40 88 00 00 00 00 88 00 00
[22:15:12.504] [INFO] [latency] READ 64 byte(s):
00 00 88 00 00 00 00 88 00 00 80 3F 88 00 00 00
00 88 00 00 00 00 88 00 00 00 00 88 00 00 70 41
88 00 00 00 3F 88 00 00 48 42 88 00 00 F0 40 88
00 00 00 00 88 00 00 40 40 88 00 00 D0 40 88 00
[22:15:12.509] [INFO] [latency] READ 64 byte(s):
00 00 00 88 00 00 00 00 88 00 00 C0 40 88 00 00
00 00 88 00 00 70 41 88 00 00 00 3F 88 00 00 48
42 88 00 00 F0 40 88 00 00 00 00 88 00 00 70 41
88 00 00 00 3F 88 00 00 48 42 88 00 00 C8 41 88
[22:15:12.512] [INFO] [latency] READ 64 byte(s):
00 00 F0 40 88 00 00 00 00 88 00 00 40 40 88 00
00 B4 43 88 00 00 F0 42 88 00 00 48 42 88 00 00
A0 40 88 00 00 80 3F 88 00 00 00 00 88 00 00 00
00 88 00 00 00 00 88 00 00 10 41 88 00 00 AF 43
[22:15:12.514] [INFO] [latency] READ 64 byte(s):
88 00 00 A0 41 88 00 00 00 00 88 00 00 48 42 88
00 00 00 00 88 00 00 10 41 88 00 00 AF 43 88 00
00 A0 41 88 00 00 00 00 88 00 00 48 42 B9 0D B9
02 BC 21 00 36 C2 3B 5F CB A0 3A B0 B4 87 BA E0
[22:15:12.518] [INFO] [latency] READ 64 byte(s):
38 42 3C F2 9A 19 3C 89 37 BA 3B DC F4 91 BA D6
E1 0B BB E3 00 B9 02 BC 0B 32 30 32 34 2D 30 33
2D 32 32 00 0A B9 02 BC 21 53 54 4F 4D 50 20 2D
20 46 55 5A 5A 00 A1 37 3C 3E B2 D6 3A E2 58 A8
[22:15:12.521] [INFO] [latency] READ 64 byte(s):
3B 67 FA 89 BB B8 78 06 BB E0 0C B9 02 BC 21 45
6C 65 63 74 72 69 63 20 47 75 69 74 61 72 00 CB
1D 49 3B FC 17 10 3B 08 61 19 3B 18 3A 2E BA F2
0F B9 02 BC 21 53 6F 6C 69 64 20 42 6F 64 79 00
[22:15:12.524] [INFO] [latency] READ 64 byte(s):
3A 65 9E 9A 3B B8 2C B2 BA A7 B8 60 3B E0 31 84
BB 28 0E C0 BA 54 0A B9 02 BC 21 00 1A DE BA 88
E6 C2 BA 44 EB F1 BB 8E 8B 69 BA 5F 50 EC 3B 61
63 A7 BA A7 94 4A 3B 73 79 2E 3A 0C 00 B9 02 BC
[22:15:12.531] [INFO] [latency] READ 64 byte(s):
21 00 A7 2C BC DC A6 17 BC A4 A4 F5 3B 70 1C 9E
3B 0E 8C C4 3B 74 40 09 3B D4 AF 8D BC 50 B9 6C
BB F9 00 B9 02 BC 21 00 8B D2 BB 7A 5C 62 BC 71
B6 3F BC 56 4E 29 3C 51 12 B2 3B 2D 18 D6 BB C7
[22:15:12.536] [INFO] [latency] READ 64 byte(s):
6E A5 3B 2E 2A 1E BC D6 00 B9 02 BC 21 00 A3 0A
BC 2E 81 24 39 17 12 BC 3B F9 02 C1 BB 9D D9 84
3B 02 F9 B0 3B A8 DA 04 BC 67 60 98 BC 05 00 B9
02 BC 21 00 18 90 3B 7F 6D A7 3C 4B F3 73 BB 6F
[22:15:12.539] [INFO] [latency] READ 64 byte(s):
12 E7 3B EC 96 1A BC F3 05 1D BC F6 95 5C 3B DD
41 94 BA 91 00 B9 02 BC 21 00 78 F8 3B 93 64 2C
BC 76 69 23 3B C0 7A BD BB 5A F5 F1 39 7B 61 8D
3B FE 8A B6 BC 77 F8 6A BC 97 00 B9 02 BC 21 00
[22:15:12.547] [INFO] [latency] READ 64 byte(s):
3D C9 3B C8 2A 0C BC 09 60 47 BC B5 82 0F 3C 20
EF 0F BB 4C 9C 6E BC E8 EC 1C BB 48 9E 11 BC 84
00 B9 02 BC 41 49 4B 20 4D 75 6C 74 69 6D 65 64
69 61 20 50 72 65 6D 69 75 6D 20 50 72 65 73 65
[22:15:12.553] [INFO] [latency] READ 42 byte(s):
74 00 BC B1 BC 3F 40 3B 3B 58 CD 88 BC AC 62 05
BC 7C 14 28 BC E0 E4 2F E3 0B 00 00 00 12 00 00
00 00 00 00 00 10 1C C9 8D 7E
[22:15:12.557] [INFO] [latency] WRITE 21 byte(s):
7E B9 03 81 00 03 82 06 00 80 0B 03 B9 04 0B 01
13 00 31 98 7E
[22:15:12.567] [INFO] [latency] READ 64 byte(s):
7E B9 03 81 04 03 81 9D 08 0B B9 03 01 13 B9 04
B9 02 BC 21 41 6C 6C 20 41 72 6F 75 6E 64 20 44
72 69 76 65 00 00 00 00 00 00 00 00 00 00 00 00
00 00 00 00 00 10 BA 02 88 00 00 00 00 88 00 00
[22:15:12.576] [INFO] [latency] READ 64 byte(s):
F0 42 BA 03 BA 6D 88 00 00 00 00 88 00 00 80 3F
88 00 00 C8 C2 88 00 00 A0 41 88 00 00 70 C2 88
00 00 80 3F 88 00 00 80 3F 88 00 00 98 C1 88 00
00 80 3F 88 00 00 A0 40 88 00 00 80 3F 88 00 00
[22:15:12.580] [INFO] [latency] READ 64 byte(s):
A0 40 88 00 00 96 43 88 00 00 A0 40 88 33 33 33
3F 88 00 80 3B 44 88 00 00 A0 40 88 00 80 ED 44
88 00 00 80 3F 88 00 00 00 00 88 67 66 D6 40 88
00 00 A0 40 88 00 00 C8 42 88 00 00 80 3F 88 00
[22:15:12.587] [INFO] [latency] READ 64 byte(s):
00 00 00 88 00 00 C8 41 88 00 00 A0 40 88 00 00
00 00 88 00 00 C0 3F 88 00 00 00 00 88 00 00 80
3F 88 00 00 C0 3F 88 00 00 00 00 88 00 00 00 00
88 00 00 A0 40 88 00 00 A0 40 88 00 00 80 3F 88
[22:15:12.595] [INFO] [latency] READ 64 byte(s):
00 00 80 3F 88 00 00 80 40 88 00 00 A0 40 88 00
00 00 00 88 00 00 00 00 88 00 00 F0 41 88 00 00
A0 40 88 00 00 00 00 88 00 00 00 00 88 00 00 F0
41 88 00 00 A0 40 88 00 00 00 00 88 00 00 00 00
[22:15:12.599] [INFO] [latency] READ 64 byte(s):
88 00 00 F0 41 88 00 00 A0 40 88 00 00 00 00 88
00 00 00 00 88 00 00 F0 41 88 00 00 A0 40 88 00
00 00 00 88 00 00 00 00 88 00 00 00 00 88 00 00
A0 40 88 00 00 00 00 88 00 00 00 00 88 00 00 F0
[22:15:12.602] [INFO] [latency] READ 64 byte(s):
41 88 00 00 80 3F 88 00 00 00 00 88 00 00 00 00
88 00 00 00 00 88 00 00 70 41 88 00 00 00 3F 88
00 00 48 42 88 00 00 F0 40 88 00 00 00 00 88 00
00 40 40 88 00 00 D0 40 88 00 00 00 00 88 00 00
[22:15:12.605] [INFO] [latency] READ 64 byte(s):
00 00 88 00 00 C0 40 88 00 00 00 00 88 00 00 70
41 88 00 00 00 3F 88 00 00 48 42 88 00 00 F0 40
88 00 00 00 00 88 00 00 70 41 88 00 00 00 3F 88
00 00 48 42 88 00 00 C8 41 88 00 00 F0 40 88 00
[22:15:12.609] [INFO] [latency] READ 64 byte(s):
00 00 00 88 00 00 40 40 88 00 00 B4 43 88 00 00
F0 42 88 00 00 48 42 88 00 00 A0 40 88 00 00 80
3F 88 00 00 00 00 88 00 00 00 00 88 00 00 00 00
88 00 00 10 41 88 00 00 AF 43 88 00 00 A0 41 88
[22:15:12.611] [INFO] [latency] READ 64 byte(s):
00 00 00 00 88 00 00 48 42 88 00 00 00 00 88 00
00 10 41 88 00 00 AF 43 88 00 00 A0 41 88 00 00
00 00 88 00 00 48 42 BA 6D 88 00 00 00 00 88 00
00 00 00 88 00 00 C8 C2 88 00 00 A0 41 88 00 00
[22:15:12.617] [INFO] [latency] READ 64 byte(s):
70 C2 88 00 00 80 3F 88 00 00 00 00 88 00 00 00
00 88 00 00 00 00 88 00 00 A0 40 88 00 00 80 3F
88 00 00 A0 40 88 00 00 96 43 88 00 00 A0 40 88
33 33 33 3F 88 00 80 3B 44 88 00 00 A0 40 88 00
[22:15:12.620] [INFO] [latency] READ 64 byte(s):
80 ED 44 88 00 00 80 3F 88 00 00 00 00 88 00 00
A0 40 88 00 00 A0 40 88 00 00 C8 42 88 00 00 80
3F 88 00 00 00 00 88 00 00 C8 41 88 00 00 A0 40
88 00 00 00 00 88 00 00 C0 3F 88 00 00 00 00 88
[22:15:12.623] [INFO] [latency] READ 64 byte(s):
00 00 80 3F 88 00 00 C0 3F 88 00 00 00 00 88 00
00 00 00 88 00 00 A0 40 88 00 00 A0 40 88 00 00
80 3F 88 00 00 00 00 88 00 00 80 40 88 00 00 A0
40 88 00 00 00 00 88 00 00 00 00 88 00 00 F0 41
[22:15:12.628] [INFO] [latency] READ 64 byte(s):
88 00 00 A0 40 88 00 00 00 00 88 00 00 00 00 88
00 00 F0 41 88 00 00 A0 40 88 00 00 00 00 88 00
00 00 00 88 00 00 F0 41 88 00 00 A0 40 88 00 00
00 00 88 00 00 00 00 88 00 00 F0 41 88 00 00 A0
[22:15:12.629] [INFO] [latency] READ 64 byte(s):
40 88 00 00 00 00 88 00 00 00 00 88 00 00 F0 41
88 00 00 A0 40 88 00 00 00 00 88 00 00 00 00 88
00 00 F0 41 88 00 00 80 3F 88 00 00 00 00 88 00
00 00 00 88 00 00 00 00 88 00 00 70 41 88 00 00
[22:15:12.632] [INFO] [latency] READ 64 byte(s):
00 3F 88 00 00 48 42 88 00 00 F0 40 88 00 00 00
00 88 00 00 40 40 88 00 00 D0 40 88 00 00 00 00
88 00 00 00 00 88 00 00 C0 40 88 00 00 00 00 88
00 00 70 41 88 00 00 00 3F 88 00 00 48 42 88 00
[22:15:12.637] [INFO] [latency] READ 64 byte(s):
00 F0 40 88 00 00 00 00 88 00 00 70 41 88 00 00
00 3F 88 00 00 48 42 88 00 00 C8 41 88 00 00 F0
40 88 00 00 00 00 88 00 00 40 40 88 00 00 B4 43
88 00 00 F0 42 88 00 00 48 42 88 00 00 A0 40 88
[22:15:12.639] [INFO] [latency] READ 64 byte(s):
00 00 80 3F 88 00 00 00 00 88 00 00 00 00 88 00
00 00 00 88 00 00 10 41 88 00 00 AF 43 88 00 00
A0 41 88 00 00 00 00 88 00 00 48 42 88 00 00 00
00 88 00 00 10 41 88 00 00 AF 43 88 00 00 A0 41
[22:15:12.642] [INFO] [latency] READ 64 byte(s):
88 00 00 00 00 88 00 00 48 42 BA 6D 88 00 00 00
00 88 00 00 00 00 88 00 00 C8 C2 88 00 00 A0 41
88 00 00 70 C2 88 00 00 80 3F 88 00 00 00 00 88
00 00 00 00 88 00 00 00 00 88 00 00 A0 40 88 00
[22:15:12.645] [INFO] [latency] READ 64 byte(s):
00 80 3F 88 00 00 A0 40 88 00 00 96 43 88 00 00
A0 40 88 33 33 33 3F 88 00 80 3B 44 88 00 00 A0
40 88 00 80 ED 44 88 00 00 80 3F 88 00 00 00 00
88 00 00 A0 40 88 00 00 A0 40 88 00 00 C8 42 88
[22:15:12.647] [INFO] [latency] READ 64 byte(s):
00 00 80 3F 88 00 00 00 00 88 00 00 C8 41 88 00
00 A0 40 88 00 00 00 00 88 00 00 C0 3F 88 00 00
00 00 88 00 00 80 3F 88 00 00 C0 3F 88 00 00 00
00 88 00 00 00 00 88 00 00 A0 40 88 00 00 A0 40
[22:15:12.649] [INFO] [latency] READ 64 byte(s):
88 00 00 80 3F 88 00 00 00 00 88 00 00 80 40 88
00 00 A0 40 88 00 00 00 00 88 00 00 00 00 88 00
00 F0 41 88 00 00 A0 40 88 00 00 00 00 88 00 00
00 00 88 00 00 F0 41 88 00 00 A0 40 88 00 00 00
[22:15:12.652] [INFO] [latency] READ 64 byte(s):
00 88 00 00 00 00 88 00 00 F0 41 88 00 00 A0 40
88 00 00 00 00 88 00 00 00 00 88 00 00 F0 41 88
00 00 A0 40 88 00 00 00 00 88 00 00 00 00 88 00
00 F0 41 88 00 00 A0 40 88 00 00 00 00 88 00 00
[22:15:12.654] [INFO] [latency] READ 64 byte(s):
00 00 88 00 00 F0 41 88 00 00 80 3F 88 00 00 00
00 88 00 00 00 00 88 00 00 00 00 88 00 00 70 41
88 00 00 00 3F 88 00 00 48 42 88 00 00 F0 40 88
00 00 00 00 88 00 00 40 40 88 00 00 D0 40 88 00
[22:15:12.656] [INFO] [latency] READ 64 byte(s):
00 00 00 88 00 00 00 00 88 00 00 C0 40 88 00 00
00 00 88 00 00 70 41 88 00 00 00 3F 88 00 00 48
42 88 00 00 F0 40 88 00 00 00 00 88 00 00 70 41
88 00 00 00 3F 88 00 00 48 42 88 00 00 C8 41 88
[22:15:12.659] [INFO] [latency] READ 64 byte(s):
00 00 F0 40 88 00 00 00 00 88 00 00 40 40 88 00
00 B4 43 88 00 00 F0 42 88 00 00 48 42 88 00 00
A0 40 88 00 00 80 3F 88 00 00 00 00 88 00 00 00
00 88 00 00 00 00 88 00 00 10 41 88 00 00 AF 43
[22:15:12.662] [INFO] [latency] READ 64 byte(s):
88 00 00 A0 41 88 00 00 00 00 88 00 00 48 42 88
00 00 00 00 88 00 00 10 41 88 00 00 AF 43 88 00
00 A0 41 88 00 00 00 00 88 00 00 48 42 B9 0D B9
02 BC 21 00 E7 74 BA B4 6C 0B 3B B2 E9 95 BC 65
[22:15:12.664] [INFO] [latency] READ 64 byte(s):
22 01 BD 06 44 B4 BC 03 F2 B4 BC 58 DC EA 3A F5
D1 6A 3B 1F 00 B9 02 BC 0B 32 30 32 36 2D 30 31
2D 30 34 00 0A B9 02 BC 21 44 52 49 56 45 00 B4
BC FA 91 D5 BC 16 9F AD BC 32 FF 1F BC B7 FC 30
[22:15:12.666] [INFO] [latency] READ 64 byte(s):
BA 02 5D AB BC 66 38 52 BD 6E 05 B9 02 BC 21 4E
6F 6E 65 00 9D B0 BC 60 23 EA BC 30 A0 4E BD 84
43 48 BD 32 D7 4E BD F9 5E 22 BD 13 AE BB BC CF
04 B9 02 BC 21 4E 6F 6E 65 00 79 42 BD 80 1F 25
[22:15:12.668] [INFO] [latency] READ 64 byte(s):
BD A5 9A AA B9 1D 55 F4 3B 1A BE 82 BC 97 3A 25
BD 36 19 EC BC FF 04 B9 02 BC 21 4E 6F 6E 65 00
C1 FD BB B4 6F 1E 3C D7 5E 22 BA E8 89 0A BC E7
84 9D BA 01 A4 48 3C 07 7F F4 3C CA 04 B9 02 BC
[22:15:12.670] [INFO] [latency] READ 64 byte(s):
21 4E 6F 6E 65 00 DD DC BB FF 64 55 3C 66 55 82
BB 61 38 B7 BC 7A 4D 90 BC 21 68 73 BB E9 CA 0A
BC A6 04 B9 02 BC 21 00 52 89 BC 28 5D A0 BB B5
2A 7D 5D BC 58 8F 39 BC A5 6F D0 B7 D9 12 AC B9
[22:15:12.672] [INFO] [latency] READ 64 byte(s):
91 48 41 BC AF 82 02 BD 50 00 B9 02 BC 21 00 3E
6C BC 86 03 17 BD F0 DE 13 BD 13 2E 26 BC 9D 9A
C6 BB 75 50 32 BC 49 5E 00 BD 88 42 FC BC CF 00
B9 02 BC 21 00 4E 92 BC E4 9F 1A BB 96 01 5A 3C
[22:15:12.673] [INFO] [latency] READ 64 byte(s):
B1 BC 00 BC 4E E8 CA BC EA ED 21 BD 9A 34 73 BC
77 CE 01 3C 4C 00 B9 02 BC 21 00 E3 81 BC 9D 44
2C 3C CE 21 19 3C F8 B9 01 3C 0E 2A A4 BB F1 EB
AB BB 9C 13 EE 3B 09 5E 88 3C A6 00 B9 02 BC 21
[22:15:12.676] [INFO] [latency] READ 64 byte(s):
00 B9 92 3C 85 D0 67 BB 81 8C 0A BC F3 0F AB 3C
27 23 54 3D E5 33 81 3D 55 C5 05 3D 88 1C 4A 3C
0B 00 B9 02 BC 41 00 BF B1 3D DC C1 7A 3D 77 F9
C6 3C 84 38 C4 3C 6B 81 25 3D 82 71 46 3D ED 63
[22:15:12.681] [INFO] [latency] READ 43 byte(s):
A0 3D 17 38 DA 3D C2 5D BC 3D 65 D0 31 3D 4D 48
14 3C C6 DE 71 BD 01 1C 80 BD 90 E5 01 3F 51 BE
63 B5 7A 25 00 00 72 00 5E 91 7E
[22:15:12.684] [INFO] [latency] WRITE 20 byte(s):
7E B9 03 81 0D 03 82 05 00 80 0B 03 B9 03 03 00
00 E2 F7 7E
[22:15:12.690] [INFO] [latency] READ 21 byte(s):
7E B9 03 81 09 03 0A 02 B9 04 03 00 00 88 9A 99
A9 40 8F 36 7E
[22:15:12.700] [INFO] [latency] WRITE 21 byte(s):
7E B9 03 81 00 03 82 06 00 80 0B 03 B9 04 0B 01
00 00 C8 27 7E
[22:15:12.706] [INFO] [latency] READ 64 byte(s):
7E B9 03 81 04 03 81 9D 08 0B B9 03 01 00 B9 04
B9 02 BC 21 4D 6F 64 65 72 6E 20 54 72 69 70 6C
65 00 00 00 00 00 00 00 00 00 00 00 00 00 00 00
00 00 00 00 00 0D BA 02 88 00 00 00 00 88 00 00
[22:15:12.710] [INFO] [latency] READ 64 byte(s):
F0 42 BA 03 BA 6D 88 00 00 00 00 88 00 00 00 00
88 00 00 C8 C2 88 00 00 A0 41 88 00 00 70 C2 88
00 00 80 3F 88 00 00 00 00 88 00 00 00 00 88 00
00 00 00 88 00 00 A0 40 88 00 00 80 3F 88 00 00
[22:15:12.712] [INFO] [latency] READ 64 byte(s):
20 41 88 00 00 96 43 88 00 00 20 41 88 33 33 33
3F 88 00 80 3B 44 88 00 00 20 41 88 00 80 ED 44
88 00 00 80 3F 88 00 00 00 00 88 CD CC AC 40 88
00 00 E0 40 88 00 00 C8 42 88 00 00 80 3F 88 00
[22:15:12.715] [INFO] [latency] READ 64 byte(s):
00 00 00 88 00 00 C8 41 88 00 00 A0 40 88 00 00
00 00 88 00 00 C0 3F 88 00 00 00 00 88 00 00 80
3F 88 00 00 C0 3F 88 00 00 00 00 88 00 00 00 00
88 00 00 A0 40 88 00 00 A0 40 88 00 00 80 3F 88
[22:15:12.718] [INFO] [latency] READ 64 byte(s):
00 00 00 00 88 00 00 80 40 88 00 00 A0 40 88 00
00 00 00 88 00 00 00 00 88 00 00 F0 41 88 00 00
A0 40 88 00 00 00 00 88 00 00 00 00 88 00 00 F0
41 88 00 00 A0 40 88 00 00 00 00 88 00 00 00 00
[22:15:12.721] [INFO] [latency] READ 64 byte(s):
88 00 00 F0 41 88 00 00 A0 40 88 00 00 00 00 88
00 00 00 00 88 00 00 F0 41 88 00 00 A0 40 88 00
00 00 00 88 00 00 00 00 88 00 00 F0 41 88 00 00
A0 40 88 00 00 00 00 88 00 00 00 00 88 00 00 F0
[22:15:12.723] [INFO] [latency] READ 64 byte(s):
41 88 00 00 80 3F 88 00 00 00 00 88 00 00 00 00
88 00 00 00 00 88 00 00 70 41 88 00 00 00 3F 88
00 00 48 42 88 00 00 F0 40 88 00 00 00 00 88 00
00 40 40 88 00 00 D0 40 88 00 00 00 00 88 00 00
[22:15:12.726] [INFO] [latency] READ 64 byte(s):
00 00 88 00 00 C0 40 88 00 00 00 00 88 00 00 70
41 88 00 00 00 3F 88 00 00 48 42 88 00 00 F0 40
88 00 00 00 00 88 00 00 70 41 88 00 00 00 3F 88
00 00 48 42 88 00 00 C8 41 88 00 00 F0 40 88 00
[22:15:12.728] [INFO] [latency] READ 64 byte(s):
00 00 00 88 00 00 40 40 88 00 00 B4 43 88 00 00
F0 42 88 00 00 48 42 88 00 00 A0 40 88 00 00 80
3F 88 00 00 00 00 88 00 00 00 00 88 00 00 00 00
88 00 00 10 41 88 00 00 AF 43 88 00 00 A0 41 88
[22:15:12.731] [INFO] [latency] READ 64 byte(s):
00 00 00 00 88 00 00 48 42 88 00 00 00 00 88 00
00 10 41 88 00 00 AF 43 88 00 00 A0 41 88 00 00
00 00 88 00 00 48 42 BA 6D 88 00 00 00 00 88 00
00 00 00 88 00 00 C8 C2 88 00 00 A0 41 88 00 00
[22:15:12.733] [INFO] [latency] READ 64 byte(s):
70 C2 88 00 00 80 3F 88 00 00 00 00 88 00 00 00
00 88 00 00 00 00 88 00 00 A0 40 88 00 00 80 3F
88 00 00 A0 40 88 00 00 96 43 88 00 00 A0 40 88
33 33 33 3F 88 00 80 3B 44 88 00 00 A0 40 88 00
[22:15:12.736] [INFO] [latency] READ 64 byte(s):
80 ED 44 88 00 00 80 3F 88 00 00 00 00 88 00 00
A0 40 88 00 00 A0 40 88 00 00 C8 42 88 00 00 80
3F 88 00 00 00 00 88 00 00 C8 41 88 00 00 A0 40
88 00 00 00 00 88 00 00 C0 3F 88 00 00 00 00 88
[22:15:12.738] [INFO] [latency] READ 64 byte(s):
00 00 80 3F 88 00 00 C0 3F 88 00 00 00 00 88 00
00 00 00 88 00 00 A0 40 88 00 00 A0 40 88 00 00
80 3F 88 00 00 00 00 88 00 00 80 40 88 00 00 A0
40 88 00 00 00 00 88 00 00 00 00 88 00 00 F0 41
[22:15:12.742] [INFO] [latency] READ 64 byte(s):
88 00 00 A0 40 88 00 00 00 00 88 00 00 00 00 88
00 00 F0 41 88 00 00 A0 40 88 00 00 00 00 88 00
00 00 00 88 00 00 F0 41 88 00 00 A0 40 88 00 00
00 00 88 00 00 00 00 88 00 00 F0 41 88 00 00 A0
[22:15:12.745] [INFO] [latency] READ 64 byte(s):
40 88 00 00 00 00 88 00 00 00 00 88 00 00 F0 41
88 00 00 A0 40 88 00 00 00 00 88 00 00 00 00 88
00 00 F0 41 88 00 00 80 3F 88 00 00 00 00 88 00
00 00 00 88 00 00 00 00 88 00 00 70 41 88 00 00
[22:15:12.747] [INFO] [latency] READ 64 byte(s):
00 3F 88 00 00 48 42 88 00 00 F0 40 88 00 00 00
00 88 00 00 40 40 88 00 00 D0 40 88 00 00 00 00
88 00 00 00 00 88 00 00 C0 40 88 00 00 00 00 88
00 00 70 41 88 00 00 00 3F 88 00 00 48 42 88 00
[22:15:12.750] [INFO] [latency] READ 64 byte(s):
00 F0 40 88 00 00 00 00 88 00 00 70 41 88 00 00
00 3F 88 00 00 48 42 88 00 00 C8 41 88 00 00 F0
40 88 00 00 00 00 88 00 00 40 40 88 00 00 B4 43
88 00 00 F0 42 88 00 00 48 42 88 00 00 A0 40 88
[22:15:12.752] [INFO] [latency] READ 64 byte(s):
00 00 80 3F 88 00 00 00 00 88 00 00 00 00 88 00
00 00 00 88 00 00 10 41 88 00 00 AF 43 88 00 00
A0 41 88 00 00 00 00 88 00 00 48 42 88 00 00 00
00 88 00 00 10 41 88 00 00 AF 43 88 00 00 A0 41
[22:15:12.754] [INFO] [latency] READ 64 byte(s):
88 00 00 00 00 88 00 00 48 42 BA 6D 88 00 00 00
00 88 00 00 00 00 88 00 00 C8 C2 88 00 00 A0 41
88 00 00 70 C2 88 00 00 80 3F 88 00 00 00 00 88
00 00 00 00 88 00 00 00 00 88 00 00 A0 40 88 00
[22:15:12.756] [INFO] [latency] READ 64 byte(s):
00 80 3F 88 00 00 A0 40 88 00 00 96 43 88 00 00
A0 40 88 33 33 33 3F 88 00 80 3B 44 88 00 00 A0
40 88 00 80 ED 44 88 00 00 80 3F 88 00 00 00 00
88 00 00 A0 40 88 00 00 A0 40 88 00 00 C8 42 88
[22:15:12.758] [INFO] [latency] READ 64 byte(s):
00 00 80 3F 88 00 00 00 00 88 00 00 C8 41 88 00
00 A0 40 88 00 00 00 00 88 00 00 C0 3F 88 00 00
00 00 88 00 00 80 3F 88 00 00 C0 3F 88 00 00 00
00 88 00 00 00 00 88 00 00 A0 40 88 00 00 A0 40
[22:15:12.762] [INFO] [latency] READ 64 byte(s):
88 00 00 80 3F 88 00 00 00 00 88 00 00 80 40 88
00 00 A0 40 88 00 00 00 00 88 00 00 00 00 88 00
00 F0 41 88 00 00 A0 40 88 00 00 00 00 88 00 00
00 00 88 00 00 F0 41 88 00 00 A0 40 88 00 00 00
[22:15:12.765] [INFO] [latency] READ 64 byte(s):
00 88 00 00 00 00 88 00 00 F0 41 88 00 00 A0 40
88 00 00 00 00 88 00 00 00 00 88 00 00 F0 41 88
00 00 A0 40 88 00 00 00 00 88 00 00 00 00 88 00
00 F0 41 88 00 00 A0 40 88 00 00 00 00 88 00 00
[22:15:12.767] [INFO] [latency] READ 64 byte(s):
00 00 88 00 00 F0 41 88 00 00 80 3F 88 00 00 00
00 88 00 00 00 00 88 00 00 00 00 88 00 00 70 41
88 00 00 00 3F 88 00 00 48 42 88 00 00 F0 40 88
00 00 00 00 88 00 00 40 40 88 00 00 D0 40 88 00
[22:15:12.769] [INFO] [latency] READ 64 byte(s):
00 00 00 88 00 00 00 00 88 00 00 C0 40 88 00 00
00 00 88 00 00 70 41 88 00 00 00 3F 88 00 00 48
42 88 00 00 F0 40 88 00 00 00 00 88 00 00 70 41
88 00 00 00 3F 88 00 00 48 42 88 00 00 C8 41 88
[22:15:12.772] [INFO] [latency] READ 64 byte(s):
00 00 F0 40 88 00 00 00 00 88 00 00 40 40 88 00
00 B4 43 88 00 00 F0 42 88 00 00 48 42 88 00 00
A0 40 88 00 00 80 3F 88 00 00 00 00 88 00 00 00
00 88 00 00 00 00 88 00 00 10 41 88 00 00 AF 43
[22:15:12.774] [INFO] [latency] READ 64 byte(s):
88 00 00 A0 41 88 00 00 00 00 88 00 00 48 42 88
00 00 00 00 88 00 00 10 41 88 00 00 AF 43 88 00
00 A0 41 88 00 00 00 00 88 00 00 48 42 B9 0D B9
02 BC 21 00 6B 01 BC DE C0 C7 BA 72 C3 F8 BA B6
[22:15:12.777] [INFO] [latency] READ 64 byte(s):
3B D5 BB F8 23 DF BB E4 BE 15 BC 1B 94 32 BC B2
3B 1C BC 83 00 B9 02 BC 0B 32 30 32 36 2D 30 32
2D 31 34 00 0A B9 02 BC 21 48 49 2D 47 41 49 4E
00 8A 8B 74 BB 19 F5 72 3B 33 6A A2 BB 70 BA 7D
[22:15:12.780] [INFO] [latency] READ 64 byte(s):
5E BC 7F 46 4F BC 1A 89 24 BC 3F 07 B9 02 BC 21
4E 6F 6E 65 00 25 77 3B 3B 80 28 3C D6 D7 6F BA
68 80 CA BB A4 E0 C3 B9 95 0D 92 3B 39 B4 95 BB
DA 04 B9 02 BC 21 4E 6F 6E 65 00 8E 3B BA E0 F1
[22:15:12.783] [INFO] [latency] READ 64 byte(s):
00 BB 16 33 24 BA FD 13 07 BB E5 23 28 BC 94 CD
18 BC AE D2 76 BB 07 04 B9 02 BC 21 4E 6F 6E 65
00 AB 34 BB 6E 56 B8 BA B4 66 AF B9 BB D3 2A 3C
8D EB 01 3C CC 1B 16 BB 72 9C 2D BB FC 04 B9 02
[22:15:12.785] [INFO] [latency] READ 64 byte(s):
BC 21 4E 6F 6E 65 00 4C 62 BB CC 71 79 BC F5 13
00 BC F8 41 15 3C C8 A3 23 3C 62 37 FC 3B 4D 46
C1 3B 24 04 B9 02 BC 21 00 29 45 BC 3C 2B 32 BC
90 40 67 B9 CA EB F2 3B 48 4C 80 3A D3 16 3E 3C
[22:15:12.788] [INFO] [latency] READ 64 byte(s):
75 CC 53 3C CB 67 10 BC 8E 00 B9 02 BC 21 00 C9
B8 BB A4 03 37 3C CF 5F CA 3C 90 EC 8C 3C 78 96
59 3C E8 47 4B 3B B9 CA 30 BB D2 B5 11 BC 60 00
B9 02 BC 21 00 5D 04 3C D6 60 33 3C EB 46 2C 3C
[22:15:12.790] [INFO] [latency] READ 64 byte(s):
3F BF 1F 3C 38 37 23 B9 7C 60 16 3C 92 C6 60 3B
82 C0 CD 3B 7D 5E 00 B9 02 BC 21 00 18 0F 3C DC
40 3F 3C 3B 93 59 3C 43 BC D3 3B FC F6 C9 3B A1
78 25 BC 4B 6D CB 3B 63 D5 08 3C 0E 00 B9 02 BC
[22:15:12.793] [INFO] [latency] READ 64 byte(s):
21 00 57 91 BC ED 04 58 BC CC AA 6E BB 91 67 1C
BC B5 53 17 BC D2 12 9F 3C 93 4D C0 3B EA 28 5D
BB 94 00 B9 02 BC 41 00 77 0D 3D 41 4E 1D 3D AE
E8 3F BC E0 AA 19 3D 28 89 CB 3C B1 9F 71 BB F7
[22:15:12.795] [INFO] [latency] READ 44 byte(s):
66 2C BD 80 30 0D BC 96 1B A0 BC 97 66 D3 BC 8E
A2 74 3B 15 61 88 BC 0B F2 99 BC AB 90 17 BC 5E
DF 9A 8B 12 99 00 00 72 00 A2 15 7E
[22:15:12.801] [INFO] Preset-change latency: switching preset 0 -> 1...
[22:15:12.812] [FINDING] Preset-change latency (preset 0 -> 1): 9.725 ms (selectPreset() call to completion — informational only, no pass/fail target; see issue #26).
[22:15:12.817] [INFO] Preset-change latency: restoring preset 1 -> 0...
[22:15:12.848] [FINDING] Preset-change latency (preset 1 -> 0): 28.221 ms (selectPreset() call to completion — informational only, no pass/fail target; see issue #26).
[22:15:12.856] [ERROR] Parameter-write latency: current value of EQ_MID is unknown, non-finite, or outside the registered range (0.0..10.0) — refusing to write (same safety rule as the single-parameter write test). Skipping this measurement.
[22:15:12.857] [ERROR] Slider-drag burst: current value of EQ_MID is unknown, non-finite, or outside the registered range (0.0..10.0) — refusing to write. Skipping this measurement.
[22:15:12.860] [INFO] [latency] READ 64 byte(s):
00 00 F0 40 88 00 00 00 00 88 00 00 40 40 88 00
00 B4 43 88 00 00 F0 42 88 00 00 48 42 88 00 00
A0 40 88 00 00 80 3F 88 00 00 00 00 88 00 00 00
00 88 00 00 00 00 88 00 00 10 41 88 00 00 AF 43
[22:15:12.864] [INFO] [latency] READ 64 byte(s):
88 00 00 A0 41 88 00 00 00 00 88 00 00 48 42 88
00 00 00 00 88 00 00 10 41 88 00 00 AF 43 88 00
00 A0 41 88 00 00 00 00 88 00 00 48 42 B9 0D B9
02 BC 21 00 6B 01 BC DE C0 C7 BA 72 C3 F8 BA B6
[22:15:12.871] [INFO] [latency] READ 64 byte(s):
3B D5 BB F8 23 DF BB E4 BE 15 BC 1B 94 32 BC B2
3B 1C BC 83 00 B9 02 BC 0B 32 30 32 36 2D 30 32
2D 31 34 00 0A B9 02 BC 21 48 49 2D 47 41 49 4E
00 8A 8B 74 BB 19 F5 72 3B 33 6A A2 BB 70 BA 7D
[22:15:12.876] [INFO] [latency] READ 64 byte(s):
5E BC 7F 46 4F BC 1A 89 24 BC 3F 07 B9 02 BC 21
4E 6F 6E 65 00 25 77 3B 3B 80 28 3C D6 D7 6F BA
68 80 CA BB A4 E0 C3 B9 95 0D 92 3B 39 B4 95 BB
DA 04 B9 02 BC 21 4E 6F 6E 65 00 8E 3B BA E0 F1
[22:15:12.881] [INFO] [latency] READ 64 byte(s):
00 BB 16 33 24 BA FD 13 07 BB E5 23 28 BC 94 CD
18 BC AE D2 76 BB 07 04 B9 02 BC 21 4E 6F 6E 65
00 AB 34 BB 6E 56 B8 BA B4 66 AF B9 BB D3 2A 3C
8D EB 01 3C CC 1B 16 BB 72 9C 2D BB FC 04 B9 02
[22:15:12.885] [INFO] [latency] READ 64 byte(s):
BC 21 4E 6F 6E 65 00 4C 62 BB CC 71 79 BC F5 13
00 BC F8 41 15 3C C8 A3 23 3C 62 37 FC 3B 4D 46
C1 3B 24 04 B9 02 BC 21 00 29 45 BC 3C 2B 32 BC
90 40 67 B9 CA EB F2 3B 48 4C 80 3A D3 16 3E 3C
[22:15:12.888] [INFO] [latency] READ 64 byte(s):
75 CC 53 3C CB 67 10 BC 8E 00 B9 02 BC 21 00 C9
B8 BB A4 03 37 3C CF 5F CA 3C 90 EC 8C 3C 78 96
59 3C E8 47 4B 3B B9 CA 30 BB D2 B5 11 BC 60 00
B9 02 BC 21 00 5D 04 3C D6 60 33 3C EB 46 2C 3C
[22:15:12.895] [INFO] [latency] READ 64 byte(s):
3F BF 1F 3C 38 37 23 B9 7C 60 16 3C 92 C6 60 3B
82 C0 CD 3B 7D 5E 00 B9 02 BC 21 00 18 0F 3C DC
40 3F 3C 3B 93 59 3C 43 BC D3 3B FC F6 C9 3B A1
78 25 BC 4B 6D CB 3B 63 D5 08 3C 0E 00 B9 02 BC
[22:15:12.900] [INFO] [latency] READ 64 byte(s):
21 00 57 91 BC ED 04 58 BC CC AA 6E BB 91 67 1C
BC B5 53 17 BC D2 12 9F 3C 93 4D C0 3B EA 28 5D
BB 94 00 B9 02 BC 41 00 77 0D 3D 41 4E 1D 3D AE
E8 3F BC E0 AA 19 3D 28 89 CB 3C B1 9F 71 BB F7
[22:15:12.905] [INFO] [latency] READ 64 byte(s):
66 2C BD 80 30 0D BC 96 1B A0 BC 97 66 D3 BC 8E
A2 74 3B 15 61 88 BC 0B F2 99 BC AB 90 17 BC 5E
DF 9A 8B 12 99 00 00 72 00 01 87 7E 7E B9 03 81
04 03 81 9D 08 0B B9 03 01 00 B9 04 B9 02 BC 21
[22:15:13.372] [WARN] === Latency measurements complete ===
