[22:03:08.347] [INFO] Diagnostic log file opened: Documents/tonex-logs/tonex-probe-2026-08-19_220308.log.txt
[22:13:08.578] [INFO] Found device: /dev/bus/usb/001/002 (VID=0x1963, PID=0xd1)
[22:13:09.670] [FINDING] Raw config descriptors (345 bytes) — see issue #16's malformed wMaxPacketSize hazard; inspect this dump to confirm/refute it on Android specifically:
12 01 00 02 EF 02 01 40 63 19 D1 00 35 01 01 02
12 01 09 02 47 01 05 01 00 C0 32 08 0B 00 02 02
02 00 06 09 04 00 00 01 02 02 00 00 05 24 00 10
01 05 24 01 01 01 04 24 02 06 05 24 06 00 01 07
05 86 03 10 00 07 09 04 01 00 02 0A 00 00 00 07
05 87 02 40 00 00 07 05 07 02 00 02 00 08 0B 02
03 01 00 20 00 09 04 02 00 01 01 01 20 02 09 24
01 00 02 08 6F 00 00 08 24 0A 07 03 07 00 0B 11
24 02 01 01 02 00 07 02 00 00 00 00 00 00 00 00
12 24 06 02 01 0F 00 00 00 0F 00 00 00 0F 00 00
00 00 0C 24 03 03 01 01 00 02 07 00 00 0A 11 24
02 04 01 01 00 07 02 00 00 00 00 00 00 00 09 12
24 06 05 04 0F 00 00 00 0F 00 00 00 0F 00 00 00
00 0C 24 03 06 01 03 00 05 07 00 00 00 07 05 82
03 08 00 07 09 04 03 00 00 01 02 20 04 09 04 03
01 01 01 02 20 04 10 24 01 03 00 01 01 00 00 00
02 00 00 00 00 0C 06 24 02 01 04 18 07 05 84 05
38 00 01 08 25 01 00 00 02 00 00 09 04 04 00 00
01 02 20 05 09 04 04 01 02 01 02 20 05 10 24 01
04 00 01 01 00 00 00 02 00 00 00 00 10 06 24 02
01 04 18 07 05 03 05 38 00 01 08 25 01 00 00 02
00 00 07 05 83 11 04 00 04
[22:13:09.673] [INFO] Claimed data interface 1 and comm interface 0, asserted DTR, IN endpoint 0x87, OUT endpoint 0x7.
[22:13:09.674] [INFO] === Read-only diagnostic pass starting ===
[22:13:09.680] [INFO] [read-only] WRITE 17 byte(s):
7E B9 03 00 82 04 00 80 0B 01 B9 02 02 0B 17 8C
7E
[22:13:09.684] [INFO] [read-only] READ 52 byte(s):
7E B9 03 02 2B 0B B9 07 00 80 C7 B9 03 02 01 00
B9 03 01 03 0F BC 14 6B 8D C2 72 D6 FA 9B 73 06
A3 3D D9 08 13 CD 0E FD 09 78 36 82 1B 45 0F 00
00 F0 F3 7E
[22:13:09.686] [INFO] [read-only] WRITE 19 byte(s):
7E B9 03 00 82 06 00 80 0B 03 B9 02 81 06 03 0B
44 66 7E
[22:13:09.688] [INFO] [read-only] READ 64 byte(s):
7E B9 03 81 06 03 80 A0 0B B9 01 B9 0E 82 4C 42
4C 47 B9 03 00 04 00 88 00 00 20 40 00 00 01 BA
14 B9 03 00 80 FF 00 B9 03 00 00 80 FF B9 03 80
FF 00 00 B9 03 80 FF 00 00 B9 03 00 00 80 FF B9
[22:13:09.689] [INFO] [read-only] READ 64 byte(s):
03 80 FF 00 00 B9 03 80 BF 80 BF 80 BF B9 03 0F
80 FF 2F B9 03 80 FF 00 00 B9 03 2F 00 80 FF B9
03 11 11 00 B9 03 00 00 80 FF B9 03 05 00 11 B9
03 80 FF 00 00 B9 03 80 FF 00 00 B9 03 11 00 00
[22:13:09.689] [INFO] [read-only] READ 44 byte(s):
B9 03 00 80 FF 00 B9 03 0B 0B 0B B9 03 11 22 00
B9 03 00 19 19 BC 06 00 00 0A 00 03 00 00 00 81
B8 01 01 00 88 00 00 70 43 AC 11 7E
[22:13:09.691] [INFO] [read-only] WRITE 21 byte(s):
7E B9 03 81 00 03 82 06 00 80 0B 03 B9 04 0B 01
00 00 C8 27 7E
[22:13:09.692] [INFO] [read-only] READ 64 byte(s):
7E B9 03 81 04 03 81 9D 08 0B B9 03 01 00 B9 04
B9 02 BC 21 4D 6F 64 65 72 6E 20 54 72 69 70 6C
65 00 00 00 00 00 00 00 00 00 00 00 00 00 00 00
00 00 00 00 00 0D BA 02 88 00 00 00 00 88 00 00
[22:13:09.694] [INFO] [read-only] READ 64 byte(s):
F0 42 BA 03 BA 6D 88 00 00 00 00 88 00 00 00 00
88 00 00 C8 C2 88 00 00 A0 41 88 00 00 70 C2 88
00 00 80 3F 88 00 00 00 00 88 00 00 00 00 88 00
00 00 00 88 00 00 A0 40 88 00 00 80 3F 88 00 00
[22:13:09.696] [INFO] [read-only] READ 64 byte(s):
A0 40 88 00 00 96 43 88 00 00 A0 40 88 33 33 33
3F 88 00 80 3B 44 88 00 00 A0 40 88 00 80 ED 44
88 00 00 80 3F 88 00 00 00 00 88 CD CC AC 40 88
00 00 E0 40 88 00 00 C8 42 88 00 00 80 3F 88 00
[22:13:09.696] [INFO] [read-only] READ 64 byte(s):
00 00 00 88 00 00 C8 41 88 00 00 A0 40 88 00 00
00 00 88 00 00 C0 3F 88 00 00 00 00 88 00 00 80
3F 88 00 00 C0 3F 88 00 00 00 00 88 00 00 00 00
88 00 00 A0 40 88 00 00 A0 40 88 00 00 80 3F 88
[22:13:09.700] [INFO] [read-only] READ 64 byte(s):
00 00 00 00 88 00 00 80 40 88 00 00 A0 40 88 00
00 00 00 88 00 00 00 00 88 00 00 F0 41 88 00 00
A0 40 88 00 00 00 00 88 00 00 00 00 88 00 00 F0
41 88 00 00 A0 40 88 00 00 00 00 88 00 00 00 00
[22:13:09.701] [INFO] [read-only] READ 64 byte(s):
88 00 00 F0 41 88 00 00 A0 40 88 00 00 00 00 88
00 00 00 00 88 00 00 F0 41 88 00 00 A0 40 88 00
00 00 00 88 00 00 00 00 88 00 00 F0 41 88 00 00
A0 40 88 00 00 00 00 88 00 00 00 00 88 00 00 F0
[22:13:09.704] [INFO] [read-only] READ 64 byte(s):
41 88 00 00 80 3F 88 00 00 00 00 88 00 00 00 00
88 00 00 00 00 88 00 00 70 41 88 00 00 00 3F 88
00 00 48 42 88 00 00 F0 40 88 00 00 00 00 88 00
00 40 40 88 00 00 D0 40 88 00 00 00 00 88 00 00
[22:13:09.707] [INFO] [read-only] READ 64 byte(s):
00 00 88 00 00 C0 40 88 00 00 00 00 88 00 00 70
41 88 00 00 00 3F 88 00 00 48 42 88 00 00 F0 40
88 00 00 00 00 88 00 00 70 41 88 00 00 00 3F 88
00 00 48 42 88 00 00 C8 41 88 00 00 F0 40 88 00
[22:13:09.708] [INFO] [read-only] READ 64 byte(s):
00 00 00 88 00 00 40 40 88 00 00 B4 43 88 00 00
F0 42 88 00 00 48 42 88 00 00 A0 40 88 00 00 80
3F 88 00 00 00 00 88 00 00 00 00 88 00 00 00 00
88 00 00 10 41 88 00 00 AF 43 88 00 00 A0 41 88
[22:13:09.713] [INFO] [read-only] READ 64 byte(s):
00 00 00 00 88 00 00 48 42 88 00 00 00 00 88 00
00 10 41 88 00 00 AF 43 88 00 00 A0 41 88 00 00
00 00 88 00 00 48 42 BA 6D 88 00 00 00 00 88 00
00 00 00 88 00 00 C8 C2 88 00 00 A0 41 88 00 00
[22:13:09.717] [INFO] [read-only] READ 64 byte(s):
70 C2 88 00 00 80 3F 88 00 00 00 00 88 00 00 00
00 88 00 00 00 00 88 00 00 A0 40 88 00 00 80 3F
88 00 00 A0 40 88 00 00 96 43 88 00 00 A0 40 88
33 33 33 3F 88 00 80 3B 44 88 00 00 A0 40 88 00
[22:13:09.719] [INFO] [read-only] READ 64 byte(s):
80 ED 44 88 00 00 80 3F 88 00 00 00 00 88 00 00
A0 40 88 00 00 A0 40 88 00 00 C8 42 88 00 00 80
3F 88 00 00 00 00 88 00 00 C8 41 88 00 00 A0 40
88 00 00 00 00 88 00 00 C0 3F 88 00 00 00 00 88
[22:13:09.721] [INFO] [read-only] READ 64 byte(s):
00 00 80 3F 88 00 00 C0 3F 88 00 00 00 00 88 00
00 00 00 88 00 00 A0 40 88 00 00 A0 40 88 00 00
80 3F 88 00 00 00 00 88 00 00 80 40 88 00 00 A0
40 88 00 00 00 00 88 00 00 00 00 88 00 00 F0 41
[22:13:09.722] [INFO] [read-only] READ 64 byte(s):
88 00 00 A0 40 88 00 00 00 00 88 00 00 00 00 88
00 00 F0 41 88 00 00 A0 40 88 00 00 00 00 88 00
00 00 00 88 00 00 F0 41 88 00 00 A0 40 88 00 00
00 00 88 00 00 00 00 88 00 00 F0 41 88 00 00 A0
[22:13:09.725] [INFO] [read-only] READ 64 byte(s):
40 88 00 00 00 00 88 00 00 00 00 88 00 00 F0 41
88 00 00 A0 40 88 00 00 00 00 88 00 00 00 00 88
00 00 F0 41 88 00 00 80 3F 88 00 00 00 00 88 00
00 00 00 88 00 00 00 00 88 00 00 70 41 88 00 00
[22:13:09.728] [INFO] [read-only] READ 64 byte(s):
00 3F 88 00 00 48 42 88 00 00 F0 40 88 00 00 00
00 88 00 00 40 40 88 00 00 D0 40 88 00 00 00 00
88 00 00 00 00 88 00 00 C0 40 88 00 00 00 00 88
00 00 70 41 88 00 00 00 3F 88 00 00 48 42 88 00
[22:13:09.729] [INFO] [read-only] READ 64 byte(s):
00 F0 40 88 00 00 00 00 88 00 00 70 41 88 00 00
00 3F 88 00 00 48 42 88 00 00 C8 41 88 00 00 F0
40 88 00 00 00 00 88 00 00 40 40 88 00 00 B4 43
88 00 00 F0 42 88 00 00 48 42 88 00 00 A0 40 88
[22:13:09.730] [INFO] [read-only] READ 64 byte(s):
00 00 80 3F 88 00 00 00 00 88 00 00 00 00 88 00
00 00 00 88 00 00 10 41 88 00 00 AF 43 88 00 00
A0 41 88 00 00 00 00 88 00 00 48 42 88 00 00 00
00 88 00 00 10 41 88 00 00 AF 43 88 00 00 A0 41
[22:13:09.731] [INFO] [read-only] READ 64 byte(s):
88 00 00 00 00 88 00 00 48 42 BA 6D 88 00 00 00
00 88 00 00 00 00 88 00 00 C8 C2 88 00 00 A0 41
88 00 00 70 C2 88 00 00 80 3F 88 00 00 00 00 88
00 00 00 00 88 00 00 00 00 88 00 00 A0 40 88 00
[22:13:09.732] [INFO] [read-only] READ 64 byte(s):
00 80 3F 88 00 00 A0 40 88 00 00 96 43 88 00 00
A0 40 88 33 33 33 3F 88 00 80 3B 44 88 00 00 A0
40 88 00 80 ED 44 88 00 00 80 3F 88 00 00 00 00
88 00 00 A0 40 88 00 00 A0 40 88 00 00 C8 42 88
[22:13:09.734] [INFO] [read-only] READ 64 byte(s):
00 00 80 3F 88 00 00 00 00 88 00 00 C8 41 88 00
00 A0 40 88 00 00 00 00 88 00 00 C0 3F 88 00 00
00 00 88 00 00 80 3F 88 00 00 C0 3F 88 00 00 00
00 88 00 00 00 00 88 00 00 A0 40 88 00 00 A0 40
[22:13:09.735] [INFO] [read-only] READ 64 byte(s):
88 00 00 80 3F 88 00 00 00 00 88 00 00 80 40 88
00 00 A0 40 88 00 00 00 00 88 00 00 00 00 88 00
00 F0 41 88 00 00 A0 40 88 00 00 00 00 88 00 00
00 00 88 00 00 F0 41 88 00 00 A0 40 88 00 00 00
[22:13:09.736] [INFO] [read-only] READ 64 byte(s):
00 88 00 00 00 00 88 00 00 F0 41 88 00 00 A0 40
88 00 00 00 00 88 00 00 00 00 88 00 00 F0 41 88
00 00 A0 40 88 00 00 00 00 88 00 00 00 00 88 00
00 F0 41 88 00 00 A0 40 88 00 00 00 00 88 00 00
[22:13:09.737] [INFO] [read-only] READ 64 byte(s):
00 00 88 00 00 F0 41 88 00 00 80 3F 88 00 00 00
00 88 00 00 00 00 88 00 00 00 00 88 00 00 70 41
88 00 00 00 3F 88 00 00 48 42 88 00 00 F0 40 88
00 00 00 00 88 00 00 40 40 88 00 00 D0 40 88 00
[22:13:09.738] [INFO] [read-only] READ 64 byte(s):
00 00 00 88 00 00 00 00 88 00 00 C0 40 88 00 00
00 00 88 00 00 70 41 88 00 00 00 3F 88 00 00 48
42 88 00 00 F0 40 88 00 00 00 00 88 00 00 70 41
88 00 00 00 3F 88 00 00 48 42 88 00 00 C8 41 88
[22:13:09.739] [INFO] [read-only] READ 64 byte(s):
00 00 F0 40 88 00 00 00 00 88 00 00 40 40 88 00
00 B4 43 88 00 00 F0 42 88 00 00 48 42 88 00 00
A0 40 88 00 00 80 3F 88 00 00 00 00 88 00 00 00
00 88 00 00 00 00 88 00 00 10 41 88 00 00 AF 43
[22:13:09.740] [INFO] [read-only] READ 64 byte(s):
88 00 00 A0 41 88 00 00 00 00 88 00 00 48 42 88
00 00 00 00 88 00 00 10 41 88 00 00 AF 43 88 00
00 A0 41 88 00 00 00 00 88 00 00 48 42 B9 0D B9
02 BC 21 00 6B 01 BC DE C0 C7 BA 72 C3 F8 BA B6
[22:13:09.741] [INFO] [read-only] READ 64 byte(s):
3B D5 BB F8 23 DF BB E4 BE 15 BC 1B 94 32 BC B2
3B 1C BC 83 00 B9 02 BC 0B 32 30 32 36 2D 30 32
2D 31 34 00 0A B9 02 BC 21 48 49 2D 47 41 49 4E
00 8A 8B 74 BB 19 F5 72 3B 33 6A A2 BB 70 BA 7D
[22:13:09.742] [INFO] [read-only] READ 64 byte(s):
5E BC 7F 46 4F BC 1A 89 24 BC 3F 07 B9 02 BC 21
4E 6F 6E 65 00 25 77 3B 3B 80 28 3C D6 D7 6F BA
68 80 CA BB A4 E0 C3 B9 95 0D 92 3B 39 B4 95 BB
DA 04 B9 02 BC 21 4E 6F 6E 65 00 8E 3B BA E0 F1
[22:13:09.743] [INFO] [read-only] READ 64 byte(s):
00 BB 16 33 24 BA FD 13 07 BB E5 23 28 BC 94 CD
18 BC AE D2 76 BB 07 04 B9 02 BC 21 4E 6F 6E 65
00 AB 34 BB 6E 56 B8 BA B4 66 AF B9 BB D3 2A 3C
8D EB 01 3C CC 1B 16 BB 72 9C 2D BB FC 04 B9 02
[22:13:09.747] [INFO] [read-only] READ 64 byte(s):
BC 21 4E 6F 6E 65 00 4C 62 BB CC 71 79 BC F5 13
00 BC F8 41 15 3C C8 A3 23 3C 62 37 FC 3B 4D 46
C1 3B 24 04 B9 02 BC 21 00 29 45 BC 3C 2B 32 BC
90 40 67 B9 CA EB F2 3B 48 4C 80 3A D3 16 3E 3C
[22:13:09.748] [INFO] [read-only] READ 64 byte(s):
75 CC 53 3C CB 67 10 BC 8E 00 B9 02 BC 21 00 C9
B8 BB A4 03 37 3C CF 5F CA 3C 90 EC 8C 3C 78 96
59 3C E8 47 4B 3B B9 CA 30 BB D2 B5 11 BC 60 00
B9 02 BC 21 00 5D 04 3C D6 60 33 3C EB 46 2C 3C
[22:13:09.749] [INFO] [read-only] READ 64 byte(s):
3F BF 1F 3C 38 37 23 B9 7C 60 16 3C 92 C6 60 3B
82 C0 CD 3B 7D 5E 00 B9 02 BC 21 00 18 0F 3C DC
40 3F 3C 3B 93 59 3C 43 BC D3 3B FC F6 C9 3B A1
78 25 BC 4B 6D CB 3B 63 D5 08 3C 0E 00 B9 02 BC
[22:13:09.750] [INFO] [read-only] READ 64 byte(s):
21 00 57 91 BC ED 04 58 BC CC AA 6E BB 91 67 1C
BC B5 53 17 BC D2 12 9F 3C 93 4D C0 3B EA 28 5D
BB 94 00 B9 02 BC 41 00 77 0D 3D 41 4E 1D 3D AE
E8 3F BC E0 AA 19 3D 28 89 CB 3C B1 9F 71 BB F7
[22:13:09.751] [INFO] [read-only] READ 44 byte(s):
66 2C BD 80 30 0D BC 96 1B A0 BC 97 66 D3 BC 8E
A2 74 3B 15 61 88 BC 0B F2 99 BC AB 90 17 BC 5E
DF 9A 8B 12 99 00 00 72 00 67 0E 7E
[22:13:09.757] [INFO] [read-only] WRITE 21 byte(s):
7E B9 03 81 00 03 82 06 00 80 0B 03 B9 04 0B 01
01 00 10 3E 7E
[22:13:09.762] [INFO] [read-only] READ 64 byte(s):
7E B9 03 81 04 03 81 9D 08 0B B9 03 01 01 B9 04
B9 02 BC 21 50 75 73 68 65 64 20 54 72 69 70 6C
65 00 00 00 00 00 00 00 00 00 00 00 00 00 00 00
00 00 00 00 00 0D BA 02 88 00 00 00 00 88 00 00
[22:13:09.763] [INFO] [read-only] READ 64 byte(s):
F0 42 BA 03 BA 6D 88 00 00 00 00 88 00 00 00 00
88 00 00 C8 C2 88 00 00 A0 41 88 00 00 70 C2 88
00 00 80 3F 88 00 00 00 00 88 00 00 00 00 88 00
00 00 00 88 00 00 A0 40 88 00 00 80 3F 88 00 00
[22:13:09.765] [INFO] [read-only] READ 64 byte(s):
A0 40 88 00 00 96 43 88 00 00 A0 40 88 33 33 33
3F 88 00 80 3B 44 88 00 00 A0 40 88 00 80 ED 44
88 00 00 80 3F 88 00 00 00 00 88 00 00 A0 40 88
CD CC BC 40 88 00 00 C8 42 88 00 00 80 3F 88 00
[22:13:09.766] [INFO] [read-only] READ 64 byte(s):
00 00 00 88 00 00 C8 41 88 00 00 A0 40 88 00 00
00 00 88 00 00 C0 3F 88 00 00 00 00 88 00 00 80
3F 88 00 00 C0 3F 88 00 00 00 00 88 00 00 00 00
88 00 00 A0 40 88 00 00 A0 40 88 00 00 80 3F 88
[22:13:09.767] [INFO] [read-only] READ 64 byte(s):
00 00 00 00 88 00 00 80 40 88 00 00 A0 40 88 00
00 00 00 88 00 00 00 00 88 00 00 F0 41 88 00 00
A0 40 88 00 00 00 00 88 00 00 00 00 88 00 00 F0
41 88 00 00 A0 40 88 00 00 00 00 88 00 00 00 00
[22:13:09.769] [INFO] [read-only] READ 64 byte(s):
88 00 00 F0 41 88 00 00 A0 40 88 00 00 00 00 88
00 00 00 00 88 00 00 F0 41 88 00 00 A0 40 88 00
00 00 00 88 00 00 00 00 88 00 00 F0 41 88 00 00
A0 40 88 00 00 00 00 88 00 00 00 00 88 00 00 F0
[22:13:09.770] [INFO] [read-only] READ 64 byte(s):
41 88 00 00 80 3F 88 00 00 00 00 88 00 00 00 00
88 00 00 00 00 88 00 00 70 41 88 00 00 00 3F 88
00 00 48 42 88 00 00 F0 40 88 00 00 00 00 88 00
00 40 40 88 00 00 D0 40 88 00 00 00 00 88 00 00
[22:13:09.771] [INFO] [read-only] READ 64 byte(s):
00 00 88 00 00 C0 40 88 00 00 00 00 88 00 00 70
41 88 00 00 00 3F 88 00 00 48 42 88 00 00 F0 40
88 00 00 00 00 88 00 00 70 41 88 00 00 00 3F 88
00 00 48 42 88 00 00 C8 41 88 00 00 F0 40 88 00
[22:13:09.773] [INFO] [read-only] READ 64 byte(s):
00 00 00 88 00 00 40 40 88 00 00 B4 43 88 00 00
F0 42 88 00 00 48 42 88 00 00 A0 40 88 00 00 80
3F 88 00 00 00 00 88 00 00 00 00 88 00 00 00 00
88 00 00 10 41 88 00 00 AF 43 88 00 00 A0 41 88
[22:13:09.774] [INFO] [read-only] READ 64 byte(s):
00 00 00 00 88 00 00 48 42 88 00 00 00 00 88 00
00 10 41 88 00 00 AF 43 88 00 00 A0 41 88 00 00
00 00 88 00 00 48 42 BA 6D 88 00 00 00 00 88 00
00 00 00 88 00 00 C8 C2 88 00 00 A0 41 88 00 00
[22:13:09.775] [INFO] [read-only] READ 64 byte(s):
70 C2 88 00 00 80 3F 88 00 00 00 00 88 00 00 00
00 88 00 00 00 00 88 00 00 A0 40 88 00 00 80 3F
88 00 00 A0 40 88 00 00 96 43 88 00 00 A0 40 88
33 33 33 3F 88 00 80 3B 44 88 00 00 A0 40 88 00
[22:13:09.777] [INFO] [read-only] READ 64 byte(s):
80 ED 44 88 00 00 80 3F 88 00 00 00 00 88 00 00
A0 40 88 00 00 A0 40 88 00 00 C8 42 88 00 00 80
3F 88 00 00 00 00 88 00 00 C8 41 88 00 00 A0 40
88 00 00 00 00 88 00 00 C0 3F 88 00 00 00 00 88
[22:13:09.778] [INFO] [read-only] READ 64 byte(s):
00 00 80 3F 88 00 00 C0 3F 88 00 00 00 00 88 00
00 00 00 88 00 00 A0 40 88 00 00 A0 40 88 00 00
80 3F 88 00 00 00 00 88 00 00 80 40 88 00 00 A0
40 88 00 00 00 00 88 00 00 00 00 88 00 00 F0 41
[22:13:09.780] [INFO] [read-only] READ 64 byte(s):
88 00 00 A0 40 88 00 00 00 00 88 00 00 00 00 88
00 00 F0 41 88 00 00 A0 40 88 00 00 00 00 88 00
00 00 00 88 00 00 F0 41 88 00 00 A0 40 88 00 00
00 00 88 00 00 00 00 88 00 00 F0 41 88 00 00 A0
[22:13:09.781] [INFO] [read-only] READ 64 byte(s):
40 88 00 00 00 00 88 00 00 00 00 88 00 00 F0 41
88 00 00 A0 40 88 00 00 00 00 88 00 00 00 00 88
00 00 F0 41 88 00 00 80 3F 88 00 00 00 00 88 00
00 00 00 88 00 00 00 00 88 00 00 70 41 88 00 00
[22:13:09.782] [INFO] [read-only] READ 64 byte(s):
00 3F 88 00 00 48 42 88 00 00 F0 40 88 00 00 00
00 88 00 00 40 40 88 00 00 D0 40 88 00 00 00 00
88 00 00 00 00 88 00 00 C0 40 88 00 00 00 00 88
00 00 70 41 88 00 00 00 3F 88 00 00 48 42 88 00
[22:13:09.783] [INFO] [read-only] READ 64 byte(s):
00 F0 40 88 00 00 00 00 88 00 00 70 41 88 00 00
00 3F 88 00 00 48 42 88 00 00 C8 41 88 00 00 F0
40 88 00 00 00 00 88 00 00 40 40 88 00 00 B4 43
88 00 00 F0 42 88 00 00 48 42 88 00 00 A0 40 88
[22:13:09.784] [INFO] [read-only] READ 64 byte(s):
00 00 80 3F 88 00 00 00 00 88 00 00 00 00 88 00
00 00 00 88 00 00 10 41 88 00 00 AF 43 88 00 00
A0 41 88 00 00 00 00 88 00 00 48 42 88 00 00 00
00 88 00 00 10 41 88 00 00 AF 43 88 00 00 A0 41
[22:13:09.786] [INFO] [read-only] READ 64 byte(s):
88 00 00 00 00 88 00 00 48 42 BA 6D 88 00 00 00
00 88 00 00 00 00 88 00 00 C8 C2 88 00 00 A0 41
88 00 00 70 C2 88 00 00 80 3F 88 00 00 00 00 88
00 00 00 00 88 00 00 00 00 88 00 00 A0 40 88 00
[22:13:09.787] [INFO] [read-only] READ 64 byte(s):
00 80 3F 88 00 00 A0 40 88 00 00 96 43 88 00 00
A0 40 88 33 33 33 3F 88 00 80 3B 44 88 00 00 A0
40 88 00 80 ED 44 88 00 00 80 3F 88 00 00 00 00
88 00 00 A0 40 88 00 00 A0 40 88 00 00 C8 42 88
[22:13:09.789] [INFO] [read-only] READ 64 byte(s):
00 00 80 3F 88 00 00 00 00 88 00 00 C8 41 88 00
00 A0 40 88 00 00 00 00 88 00 00 C0 3F 88 00 00
00 00 88 00 00 80 3F 88 00 00 C0 3F 88 00 00 00
00 88 00 00 00 00 88 00 00 A0 40 88 00 00 A0 40
[22:13:09.790] [INFO] [read-only] READ 64 byte(s):
88 00 00 80 3F 88 00 00 00 00 88 00 00 80 40 88
00 00 A0 40 88 00 00 00 00 88 00 00 00 00 88 00
00 F0 41 88 00 00 A0 40 88 00 00 00 00 88 00 00
00 00 88 00 00 F0 41 88 00 00 A0 40 88 00 00 00
[22:13:09.791] [INFO] [read-only] READ 64 byte(s):
00 88 00 00 00 00 88 00 00 F0 41 88 00 00 A0 40
88 00 00 00 00 88 00 00 00 00 88 00 00 F0 41 88
00 00 A0 40 88 00 00 00 00 88 00 00 00 00 88 00
00 F0 41 88 00 00 A0 40 88 00 00 00 00 88 00 00
[22:13:09.794] [INFO] [read-only] READ 64 byte(s):
00 00 88 00 00 F0 41 88 00 00 80 3F 88 00 00 00
00 88 00 00 00 00 88 00 00 00 00 88 00 00 70 41
88 00 00 00 3F 88 00 00 48 42 88 00 00 F0 40 88
00 00 00 00 88 00 00 40 40 88 00 00 D0 40 88 00
[22:13:09.795] [INFO] [read-only] READ 64 byte(s):
00 00 00 88 00 00 00 00 88 00 00 C0 40 88 00 00
00 00 88 00 00 70 41 88 00 00 00 3F 88 00 00 48
42 88 00 00 F0 40 88 00 00 00 00 88 00 00 70 41
88 00 00 00 3F 88 00 00 48 42 88 00 00 C8 41 88
[22:13:09.796] [INFO] [read-only] READ 64 byte(s):
00 00 F0 40 88 00 00 00 00 88 00 00 40 40 88 00
00 B4 43 88 00 00 F0 42 88 00 00 48 42 88 00 00
A0 40 88 00 00 80 3F 88 00 00 00 00 88 00 00 00
00 88 00 00 00 00 88 00 00 10 41 88 00 00 AF 43
[22:13:09.798] [INFO] [read-only] READ 64 byte(s):
88 00 00 A0 41 88 00 00 00 00 88 00 00 48 42 88
00 00 00 00 88 00 00 10 41 88 00 00 AF 43 88 00
00 A0 41 88 00 00 00 00 88 00 00 48 42 B9 0D B9
02 BC 21 00 44 3B BC 36 C0 77 BA 13 01 09 BB 6B
[22:13:09.799] [INFO] [read-only] READ 64 byte(s):
36 38 3C FD A6 65 3C C5 85 15 BB 13 A6 86 BB 94
8D CD BA 90 00 B9 02 BC 0B 32 30 32 36 2D 30 32
2D 31 34 00 0A B9 02 BC 21 44 52 49 56 45 00 2F
3B B4 32 E4 39 67 F4 A3 3A 6E 21 1B 3C 98 30 2F
[22:13:09.800] [INFO] [read-only] READ 64 byte(s):
3B 7F A4 8C 39 A4 BA BD BB FD 05 B9 02 BC 21 4E
6F 6E 65 00 1A CF BA DC F9 F4 BB 60 87 D5 39 99
BE D5 3B A7 B3 EB 3B 1A 4B D1 3B 59 54 2C 3B A1
04 B9 02 BC 21 4E 6F 6E 65 00 BD 56 BA 30 08 1B
[22:13:09.802] [INFO] [read-only] READ 64 byte(s):
B9 E6 EC 2C BB 08 61 E4 BB F1 4B AC BB 2F 2E E0
3B 55 7D 5D 95 3C 37 04 B9 02 BC 21 4E 6F 6E 65
00 74 46 BA F5 96 96 3B BF F8 11 3C 81 E6 81 3C
E6 78 84 3C 78 B0 9C 39 36 A7 4B BC 15 04 B9 02
[22:13:09.804] [INFO] [read-only] READ 64 byte(s):
BC 21 4E 6F 6E 65 00 E5 BA 3B 34 4F EF B9 64 BE
02 BC 06 AA 1B BB 5E E1 94 3B E8 FD 44 3B 6F 90
02 3C F2 04 B9 02 BC 21 00 85 AB 3A C2 56 E4 B9
B8 21 0A 38 44 3B 47 B9 95 99 9D BA FD 5E 90 3B
[22:13:09.805] [INFO] [read-only] READ 64 byte(s):
F3 3B 3E 3C E0 4D 01 3C D4 00 B9 02 BC 21 00 B0
A7 3B CD C2 7D 5D 3C A8 A2 D6 3B EE 51 62 3B 20
3C B7 3B 6D D6 24 3C 32 C1 0E 3C 09 69 33 BA 90
00 B9 02 BC 21 00 A4 11 3A 70 A0 9B B9 17 FF F3
[22:13:09.806] [INFO] [read-only] READ 64 byte(s):
3B AC 1E A4 3B CB 03 AF 3B 7F 5C 8E 3C 20 7C 8B
3C 23 85 0B 3C 3C 00 B9 02 BC 21 00 12 D0 3B 15
7B 83 BB 56 D5 15 BC DE 03 D1 BB 0C 95 17 3A F1
4E 13 3B 18 09 55 3B 74 D8 32 3A 64 00 B9 02 BC
[22:13:09.808] [INFO] [read-only] READ 64 byte(s):
21 00 E5 D8 3B 62 B5 97 BB 1F 6D DE BB FC CE 76
BC CE 47 88 BC FB EC 0C BC CD C0 34 BC 18 16 71
BC 49 00 B9 02 BC 41 00 03 E0 BC EE 6A E4 BC 9D
35 CC BC 54 F5 D5 BC 81 EC 88 BC CA 51 8E BC 4B
[22:13:09.809] [INFO] [read-only] READ 44 byte(s):
26 93 BC AE BD 77 BC 12 C7 54 BC EE 4B 0C BB 6C
39 31 3C 5C A6 76 BC AE AA BE BC A3 90 F2 BC 5E
DF 9A 8B 12 99 00 00 72 00 DA 96 7E
[22:13:09.816] [INFO] [read-only] WRITE 21 byte(s):
7E B9 03 81 00 03 82 06 00 80 0B 03 B9 04 0B 01
02 00 78 14 7E
[22:13:09.819] [INFO] [read-only] READ 64 byte(s):
7E B9 03 81 04 03 81 9D 08 0B B9 03 01 02 B9 04
B9 02 BC 21 44 61 72 6B 20 26 20 44 72 69 76 65
6E 00 00 00 00 00 00 00 00 00 00 00 00 00 00 00
00 00 00 00 00 0D BA 02 88 00 00 00 00 88 00 00
[22:13:09.820] [INFO] [read-only] READ 64 byte(s):
F0 42 BA 03 BA 6D 88 00 00 00 00 88 00 00 00 00
88 00 00 C8 C2 88 00 00 A0 41 88 00 00 70 C2 88
00 00 80 3F 88 00 00 00 00 88 00 00 00 00 88 00
00 00 00 88 00 00 A0 40 88 00 00 80 3F 88 CD CC
[22:13:09.821] [INFO] [read-only] READ 64 byte(s):
6C 40 88 00 00 96 43 88 00 00 A0 40 88 33 33 33
3F 88 00 80 3B 44 88 00 00 20 41 88 00 80 ED 44
88 00 00 80 3F 88 00 00 00 00 88 00 00 A0 40 88
9A 99 A9 40 88 00 00 C8 42 88 00 00 80 3F 88 00
[22:13:09.822] [INFO] [read-only] READ 64 byte(s):
00 00 40 88 00 00 C8 41 88 00 00 A0 40 88 00 00
00 00 88 00 00 C0 3F 88 00 00 00 00 88 00 00 80
3F 88 00 00 C0 3F 88 00 00 00 00 88 00 00 00 00
88 00 00 A0 40 88 9A 99 B9 40 88 00 00 80 3F 88
[22:13:09.823] [INFO] [read-only] READ 64 byte(s):
00 00 00 00 88 00 00 80 40 88 00 00 A0 40 88 00
00 00 00 88 00 00 00 00 88 00 00 F0 41 88 00 00
A0 40 88 00 00 00 00 88 00 00 00 00 88 00 00 F0
41 88 00 00 A0 40 88 00 00 00 00 88 00 00 00 00
[22:13:09.825] [INFO] [read-only] READ 64 byte(s):
88 00 00 F0 41 88 00 00 A0 40 88 00 00 00 00 88
00 00 00 00 88 00 00 F0 41 88 00 00 A0 40 88 00
00 00 00 88 00 00 00 00 88 00 00 F0 41 88 00 00
A0 40 88 00 00 00 00 88 00 00 00 00 88 00 00 F0
[22:13:09.826] [INFO] [read-only] READ 64 byte(s):
41 88 00 00 80 3F 88 00 00 00 00 88 00 00 00 00
88 00 00 00 00 88 00 00 70 41 88 FF FF FF 3E 88
00 00 48 42 88 00 00 F0 40 88 00 00 00 00 88 00
00 40 40 88 00 00 D0 40 88 00 00 00 00 88 00 00
[22:13:09.828] [INFO] [read-only] READ 64 byte(s):
00 00 88 00 00 C0 40 88 00 00 00 00 88 00 00 70
41 88 FF FF FF 3E 88 00 00 48 42 88 00 00 F0 40
88 00 00 00 00 88 00 00 70 41 88 FF FF FF 3E 88
00 00 48 42 88 00 00 C8 41 88 00 00 F0 40 88 00
[22:13:09.829] [INFO] [read-only] READ 64 byte(s):
00 00 00 88 00 00 40 40 88 00 00 B4 43 88 00 00
F0 42 88 00 00 48 42 88 00 00 A0 40 88 00 00 80
3F 88 00 00 00 00 88 00 00 00 00 88 00 00 00 00
88 00 00 10 41 88 00 00 AF 43 88 00 00 A0 41 88
[22:13:09.830] [INFO] [read-only] READ 64 byte(s):
00 00 00 00 88 00 00 48 42 88 00 00 00 00 88 00
00 10 41 88 00 00 AF 43 88 00 00 A0 41 88 00 00
00 00 88 00 00 48 42 BA 6D 88 00 00 00 00 88 00
00 00 00 88 00 00 C8 C2 88 00 00 A0 41 88 00 00
[22:13:09.832] [INFO] [read-only] READ 64 byte(s):
70 C2 88 00 00 80 3F 88 00 00 00 00 88 00 00 00
00 88 00 00 00 00 88 00 00 A0 40 88 00 00 80 3F
88 00 00 A0 40 88 00 00 96 43 88 00 00 A0 40 88
33 33 33 3F 88 00 80 3B 44 88 00 00 A0 40 88 00
[22:13:09.833] [INFO] [read-only] READ 64 byte(s):
80 ED 44 88 00 00 80 3F 88 00 00 00 00 88 00 00
A0 40 88 00 00 A0 40 88 00 00 C8 42 88 00 00 80
3F 88 00 00 00 00 88 00 00 C8 41 88 00 00 A0 40
88 00 00 00 00 88 00 00 C0 3F 88 00 00 00 00 88
[22:13:09.834] [INFO] [read-only] READ 64 byte(s):
00 00 80 3F 88 00 00 C0 3F 88 00 00 00 00 88 00
00 00 00 88 00 00 A0 40 88 00 00 A0 40 88 00 00
80 3F 88 00 00 00 00 88 00 00 80 40 88 00 00 A0
40 88 00 00 00 00 88 00 00 00 00 88 00 00 F0 41
[22:13:09.836] [INFO] [read-only] READ 64 byte(s):
88 00 00 A0 40 88 00 00 00 00 88 00 00 00 00 88
00 00 F0 41 88 00 00 A0 40 88 00 00 00 00 88 00
00 00 00 88 00 00 F0 41 88 00 00 A0 40 88 00 00
00 00 88 00 00 00 00 88 00 00 F0 41 88 00 00 A0
[22:13:09.837] [INFO] [read-only] READ 64 byte(s):
40 88 00 00 00 00 88 00 00 00 00 88 00 00 F0 41
88 00 00 A0 40 88 00 00 00 00 88 00 00 00 00 88
00 00 F0 41 88 00 00 80 3F 88 00 00 00 00 88 00
00 00 00 88 00 00 00 00 88 00 00 70 41 88 00 00
[22:13:09.838] [INFO] [read-only] READ 64 byte(s):
00 3F 88 00 00 48 42 88 00 00 F0 40 88 00 00 00
00 88 00 00 40 40 88 00 00 D0 40 88 00 00 00 00
88 00 00 00 00 88 00 00 C0 40 88 00 00 00 00 88
00 00 70 41 88 00 00 00 3F 88 00 00 48 42 88 00
[22:13:09.839] [INFO] [read-only] READ 64 byte(s):
00 F0 40 88 00 00 00 00 88 00 00 70 41 88 00 00
00 3F 88 00 00 48 42 88 00 00 C8 41 88 00 00 F0
40 88 00 00 00 00 88 00 00 40 40 88 00 00 B4 43
88 00 00 F0 42 88 00 00 48 42 88 00 00 A0 40 88
[22:13:09.840] [INFO] [read-only] READ 64 byte(s):
00 00 80 3F 88 00 00 00 00 88 00 00 00 00 88 00
00 00 00 88 00 00 10 41 88 00 00 AF 43 88 00 00
A0 41 88 00 00 00 00 88 00 00 48 42 88 00 00 00
00 88 00 00 10 41 88 00 00 AF 43 88 00 00 A0 41
[22:13:09.841] [INFO] [read-only] READ 64 byte(s):
88 00 00 00 00 88 00 00 48 42 BA 6D 88 00 00 00
00 88 00 00 00 00 88 00 00 C8 C2 88 00 00 A0 41
88 00 00 70 C2 88 00 00 80 3F 88 00 00 00 00 88
00 00 00 00 88 00 00 00 00 88 00 00 A0 40 88 00
[22:13:09.842] [INFO] [read-only] READ 64 byte(s):
00 80 3F 88 00 00 A0 40 88 00 00 96 43 88 00 00
A0 40 88 33 33 33 3F 88 00 80 3B 44 88 00 00 A0
40 88 00 80 ED 44 88 00 00 80 3F 88 00 00 00 00
88 00 00 A0 40 88 00 00 A0 40 88 00 00 C8 42 88
[22:13:09.843] [INFO] [read-only] READ 64 byte(s):
00 00 80 3F 88 00 00 00 00 88 00 00 C8 41 88 00
00 A0 40 88 00 00 00 00 88 00 00 C0 3F 88 00 00
00 00 88 00 00 80 3F 88 00 00 C0 3F 88 00 00 00
00 88 00 00 00 00 88 00 00 A0 40 88 00 00 A0 40
[22:13:09.845] [INFO] [read-only] READ 64 byte(s):
88 00 00 80 3F 88 00 00 00 00 88 00 00 80 40 88
00 00 A0 40 88 00 00 00 00 88 00 00 00 00 88 00
00 F0 41 88 00 00 A0 40 88 00 00 00 00 88 00 00
00 00 88 00 00 F0 41 88 00 00 A0 40 88 00 00 00
[22:13:09.846] [INFO] [read-only] READ 64 byte(s):
00 88 00 00 00 00 88 00 00 F0 41 88 00 00 A0 40
88 00 00 00 00 88 00 00 00 00 88 00 00 F0 41 88
00 00 A0 40 88 00 00 00 00 88 00 00 00 00 88 00
00 F0 41 88 00 00 A0 40 88 00 00 00 00 88 00 00
[22:13:09.847] [INFO] [read-only] READ 64 byte(s):
00 00 88 00 00 F0 41 88 00 00 80 3F 88 00 00 00
00 88 00 00 00 00 88 00 00 00 00 88 00 00 70 41
88 00 00 00 3F 88 00 00 48 42 88 00 00 F0 40 88
00 00 00 00 88 00 00 40 40 88 00 00 D0 40 88 00
[22:13:09.848] [INFO] [read-only] READ 64 byte(s):
00 00 00 88 00 00 00 00 88 00 00 C0 40 88 00 00
00 00 88 00 00 70 41 88 00 00 00 3F 88 00 00 48
42 88 00 00 F0 40 88 00 00 00 00 88 00 00 70 41
88 00 00 00 3F 88 00 00 48 42 88 00 00 C8 41 88
[22:13:09.849] [INFO] [read-only] READ 64 byte(s):
00 00 F0 40 88 00 00 00 00 88 00 00 40 40 88 00
00 B4 43 88 00 00 F0 42 88 00 00 48 42 88 00 00
A0 40 88 00 00 80 3F 88 00 00 00 00 88 00 00 00
00 88 00 00 00 00 88 00 00 10 41 88 00 00 AF 43
[22:13:09.850] [INFO] [read-only] READ 64 byte(s):
88 00 00 A0 41 88 00 00 00 00 88 00 00 48 42 88
00 00 00 00 88 00 00 10 41 88 00 00 AF 43 88 00
00 A0 41 88 00 00 00 00 88 00 00 48 42 B9 0D B9
02 BC 21 00 0A F7 3A 94 5B 21 3C 55 FA C5 3B 10
[22:13:09.851] [INFO] [read-only] READ 64 byte(s):
41 E0 3B 10 F3 77 BB EC 3E 25 BC 47 DA 2E BC C0
FD BA BB FE 00 B9 02 BC 0B 32 30 32 35 2D 31 31
2D 32 38 00 0A B9 02 BC 21 48 49 2D 47 41 49 4E
00 1B 01 8D 3C 07 57 60 3C A7 CE 54 3C 52 9A 1C
[22:13:09.853] [INFO] [read-only] READ 64 byte(s):
3C 64 EA 9D 3A 90 00 46 BA DD 07 B9 02 BC 21 4E
6F 6E 65 00 0C E5 3B 87 4A D2 3C 4B 89 E1 3C EA
24 C3 3C AE 42 18 3C 01 21 11 BB 5D 09 9A BB BE
04 B9 02 BC 21 4E 6F 6E 65 00 79 36 BC DE EE 25
[22:13:09.854] [INFO] [read-only] READ 64 byte(s):
BB BE 35 6A BB 8D 61 97 BA 17 2A B6 BB 71 3C 79
BC 94 00 63 BC 33 04 B9 02 BC 21 4E 6F 6E 65 00
CA 88 BC D0 24 73 BC 4C 91 BD BC 4C AF A0 BC 5B
51 9B BC 79 13 5E BC 44 41 5E BC C6 04 B9 02 BC
[22:13:09.855] [INFO] [read-only] READ 64 byte(s):
21 4E 6F 6E 65 00 4B 94 BC AC BE 6B BC 2A 61 CE
BC 8D 29 E7 BC 5B D6 16 BD A5 DB 11 BD F9 7B E8
BC A2 04 B9 02 BC 21 00 40 08 BD 45 F5 3B BD F7
C9 30 BD C9 39 3E BD DC 6E 0B BD 87 DC AA BC F5
[22:13:09.857] [INFO] [read-only] READ 64 byte(s):
36 93 BC 25 19 BB BC 08 00 B9 02 BC 21 00 5A 13
BD 5D E7 D3 BC 5D 96 62 BC 75 8E 84 BC 87 A4 E7
BC 1B 06 1B BD 93 D2 2B BD 95 7C 2B BD CE 00 B9
02 BC 21 00 5A DF BC 3C FC F0 BC 3B D6 DD BC 14
[22:13:09.858] [INFO] [read-only] READ 64 byte(s):
52 D4 BC 77 02 0B BD 2B E2 0E BD CC 1B 21 BD 22
92 11 BD 84 00 B9 02 BC 21 00 CA 00 BD CF D1 B0
BC E7 A0 BF BC D3 C9 F2 BC 08 11 52 BD D0 5B 72
BD 0F 22 77 BD 32 CE 52 BD 31 00 B9 02 BC 21 00
[22:13:09.860] [INFO] [read-only] READ 64 byte(s):
C8 BD BC AC 70 D5 BC C8 23 15 BD 61 A7 0C BD 9B
BA 17 BD BF 92 14 BD 8C BD 29 BD CD 4F 44 BD 16
00 B9 02 BC 41 00 3D C3 BC B1 A7 CC BC F1 DE A4
BB BB 46 36 3B 28 15 6E 3C AB 6E 06 3B 5E B6 96
[22:13:09.861] [INFO] [read-only] READ 43 byte(s):
3B DC 2A CF BB 48 63 81 3B 9A 46 60 BB 3E EA 0B
3B 08 D6 CA BB 99 72 7D 5E 3B E9 80 F9 BB F5 A3
AB BB 80 65 00 00 72 00 69 A9 7E
[22:13:09.866] [INFO] [read-only] WRITE 21 byte(s):
7E B9 03 81 00 03 82 06 00 80 0B 03 B9 04 0B 01
03 00 A0 0D 7E
[22:13:09.869] [INFO] [read-only] READ 64 byte(s):
7E B9 03 81 04 03 81 9D 08 0B B9 03 01 03 B9 04
B9 02 BC 21 53 75 70 65 72 20 53 68 72 65 64 64
69 6E 67 00 00 00 00 00 00 00 00 00 00 00 00 00
00 00 00 00 00 0F BA 02 88 00 00 00 00 88 00 00
[22:13:09.871] [INFO] [read-only] READ 64 byte(s):
F0 42 BA 03 BA 6D 88 00 00 00 00 88 00 00 80 3F
88 00 00 C8 C2 88 00 00 A0 41 88 00 00 70 C2 88
00 00 80 3F 88 00 00 00 00 88 00 00 00 00 88 00
00 00 00 88 00 00 A0 40 88 00 00 80 3F 88 00 00
[22:13:09.873] [INFO] [read-only] READ 64 byte(s):
A0 40 88 00 00 96 43 88 9A 99 99 40 88 33 33 33
3F 88 00 80 3B 44 88 9A 99 A9 40 88 00 80 ED 44
88 00 00 80 3F 88 00 00 00 00 88 00 00 A0 40 88
00 00 20 41 88 00 00 C8 42 88 00 00 80 3F 88 00
[22:13:09.874] [INFO] [read-only] READ 64 byte(s):
00 00 00 88 00 00 C8 41 88 00 00 A0 40 88 00 00
00 00 88 00 00 C0 3F 88 00 00 00 00 88 00 00 80
3F 88 00 00 C0 3F 88 00 00 00 00 88 00 00 00 00
88 00 00 A0 40 88 00 00 A0 40 88 00 00 80 3F 88
[22:13:09.875] [INFO] [read-only] READ 64 byte(s):
00 00 00 00 88 00 00 80 40 88 00 00 A0 40 88 00
00 00 00 88 00 00 00 00 88 00 00 F0 41 88 00 00
A0 40 88 00 00 00 00 88 00 00 00 00 88 00 00 F0
41 88 00 00 A0 40 88 00 00 00 00 88 00 00 00 00
[22:13:09.877] [INFO] [read-only] READ 64 byte(s):
88 00 00 F0 41 88 00 00 A0 40 88 00 00 00 00 88
00 00 00 00 88 00 00 F0 41 88 00 00 A0 40 88 00
00 00 00 88 00 00 00 00 88 00 00 F0 41 88 00 00
A0 40 88 00 00 00 00 88 00 00 00 00 88 00 00 F0
[22:13:09.878] [INFO] [read-only] READ 64 byte(s):
41 88 00 00 80 3F 88 00 00 00 00 88 00 00 00 00
88 00 00 00 00 88 00 00 70 41 88 00 00 00 3F 88
00 00 48 42 88 00 00 F0 40 88 00 00 00 00 88 00
00 40 40 88 00 00 D0 40 88 00 00 00 00 88 00 00
[22:13:09.879] [INFO] [read-only] READ 64 byte(s):
00 00 88 00 00 C0 40 88 00 00 00 00 88 00 00 70
41 88 00 00 00 3F 88 00 00 48 42 88 00 00 F0 40
88 00 00 00 00 88 00 00 70 41 88 00 00 00 3F 88
00 00 48 42 88 00 00 C8 41 88 00 00 F0 40 88 00
[22:13:09.880] [INFO] [read-only] READ 64 byte(s):
00 00 00 88 00 00 40 40 88 00 00 B4 43 88 00 00
F0 42 88 00 00 48 42 88 00 00 A0 40 88 00 00 80
3F 88 00 00 00 00 88 00 00 00 00 88 00 00 00 00
88 00 00 10 41 88 00 00 AF 43 88 00 00 A0 41 88
[22:13:09.881] [INFO] [read-only] READ 64 byte(s):
00 00 00 00 88 00 00 48 42 88 00 00 00 00 88 00
00 10 41 88 00 00 AF 43 88 00 00 A0 41 88 00 00
00 00 88 00 00 48 42 BA 6D 88 00 00 00 00 88 00
00 00 00 88 00 00 C8 C2 88 00 00 A0 41 88 00 00
[22:13:09.883] [INFO] [read-only] READ 64 byte(s):
70 C2 88 00 00 80 3F 88 00 00 00 00 88 00 00 00
00 88 00 00 00 00 88 00 00 A0 40 88 00 00 80 3F
88 00 00 A0 40 88 00 00 96 43 88 00 00 A0 40 88
33 33 33 3F 88 00 80 3B 44 88 00 00 A0 40 88 00
[22:13:09.884] [INFO] [read-only] READ 64 byte(s):
80 ED 44 88 00 00 80 3F 88 00 00 00 00 88 00 00
A0 40 88 00 00 A0 40 88 00 00 C8 42 88 00 00 80
3F 88 00 00 00 00 88 00 00 C8 41 88 00 00 A0 40
88 00 00 00 00 88 00 00 C0 3F 88 00 00 00 00 88
[22:13:09.885] [INFO] [read-only] READ 64 byte(s):
00 00 80 3F 88 00 00 C0 3F 88 00 00 00 00 88 00
00 00 00 88 00 00 A0 40 88 00 00 A0 40 88 00 00
80 3F 88 00 00 00 00 88 00 00 80 40 88 00 00 A0
40 88 00 00 00 00 88 00 00 00 00 88 00 00 F0 41
[22:13:09.886] [INFO] [read-only] READ 64 byte(s):
88 00 00 A0 40 88 00 00 00 00 88 00 00 00 00 88
00 00 F0 41 88 00 00 A0 40 88 00 00 00 00 88 00
00 00 00 88 00 00 F0 41 88 00 00 A0 40 88 00 00
00 00 88 00 00 00 00 88 00 00 F0 41 88 00 00 A0
[22:13:09.887] [INFO] [read-only] READ 64 byte(s):
40 88 00 00 00 00 88 00 00 00 00 88 00 00 F0 41
88 00 00 A0 40 88 00 00 00 00 88 00 00 00 00 88
00 00 F0 41 88 00 00 80 3F 88 00 00 00 00 88 00
00 00 00 88 00 00 00 00 88 00 00 70 41 88 00 00
[22:13:09.888] [INFO] [read-only] READ 64 byte(s):
00 3F 88 00 00 48 42 88 00 00 F0 40 88 00 00 00
00 88 00 00 40 40 88 00 00 D0 40 88 00 00 00 00
88 00 00 00 00 88 00 00 C0 40 88 00 00 00 00 88
00 00 70 41 88 00 00 00 3F 88 00 00 48 42 88 00
[22:13:09.889] [INFO] [read-only] READ 64 byte(s):
00 F0 40 88 00 00 00 00 88 00 00 70 41 88 00 00
00 3F 88 00 00 48 42 88 00 00 C8 41 88 00 00 F0
40 88 00 00 00 00 88 00 00 40 40 88 00 00 B4 43
88 00 00 F0 42 88 00 00 48 42 88 00 00 A0 40 88
[22:13:09.890] [INFO] [read-only] READ 64 byte(s):
00 00 80 3F 88 00 00 00 00 88 00 00 00 00 88 00
00 00 00 88 00 00 10 41 88 00 00 AF 43 88 00 00
A0 41 88 00 00 00 00 88 00 00 48 42 88 00 00 00
00 88 00 00 10 41 88 00 00 AF 43 88 00 00 A0 41
[22:13:09.891] [INFO] [read-only] READ 64 byte(s):
88 00 00 00 00 88 00 00 48 42 BA 6D 88 00 00 00
00 88 00 00 00 00 88 00 00 C8 C2 88 00 00 A0 41
88 00 00 70 C2 88 00 00 80 3F 88 00 00 00 00 88
00 00 00 00 88 00 00 00 00 88 00 00 A0 40 88 00
[22:13:09.893] [INFO] [read-only] READ 64 byte(s):
00 80 3F 88 00 00 A0 40 88 00 00 96 43 88 00 00
A0 40 88 33 33 33 3F 88 00 80 3B 44 88 00 00 A0
40 88 00 80 ED 44 88 00 00 80 3F 88 00 00 00 00
88 00 00 A0 40 88 00 00 A0 40 88 00 00 C8 42 88
[22:13:09.894] [INFO] [read-only] READ 64 byte(s):
00 00 80 3F 88 00 00 00 00 88 00 00 C8 41 88 00
00 A0 40 88 00 00 00 00 88 00 00 C0 3F 88 00 00
00 00 88 00 00 80 3F 88 00 00 C0 3F 88 00 00 00
00 88 00 00 00 00 88 00 00 A0 40 88 00 00 A0 40
[22:13:09.896] [INFO] [read-only] READ 64 byte(s):
88 00 00 80 3F 88 00 00 00 00 88 00 00 80 40 88
00 00 A0 40 88 00 00 00 00 88 00 00 00 00 88 00
00 F0 41 88 00 00 A0 40 88 00 00 00 00 88 00 00
00 00 88 00 00 F0 41 88 00 00 A0 40 88 00 00 00
[22:13:09.897] [INFO] [read-only] READ 64 byte(s):
00 88 00 00 00 00 88 00 00 F0 41 88 00 00 A0 40
88 00 00 00 00 88 00 00 00 00 88 00 00 F0 41 88
00 00 A0 40 88 00 00 00 00 88 00 00 00 00 88 00
00 F0 41 88 00 00 A0 40 88 00 00 00 00 88 00 00
[22:13:09.898] [INFO] [read-only] READ 64 byte(s):
00 00 88 00 00 F0 41 88 00 00 80 3F 88 00 00 00
00 88 00 00 00 00 88 00 00 00 00 88 00 00 70 41
88 00 00 00 3F 88 00 00 48 42 88 00 00 F0 40 88
00 00 00 00 88 00 00 40 40 88 00 00 D0 40 88 00
[22:13:09.899] [INFO] [read-only] READ 64 byte(s):
00 00 00 88 00 00 00 00 88 00 00 C0 40 88 00 00
00 00 88 00 00 70 41 88 00 00 00 3F 88 00 00 48
42 88 00 00 F0 40 88 00 00 00 00 88 00 00 70 41
88 00 00 00 3F 88 00 00 48 42 88 00 00 C8 41 88
[22:13:09.901] [INFO] [read-only] READ 64 byte(s):
00 00 F0 40 88 00 00 00 00 88 00 00 40 40 88 00
00 B4 43 88 00 00 F0 42 88 00 00 48 42 88 00 00
A0 40 88 00 00 80 3F 88 00 00 00 00 88 00 00 00
00 88 00 00 00 00 88 00 00 10 41 88 00 00 AF 43
[22:13:09.902] [INFO] [read-only] READ 64 byte(s):
88 00 00 A0 41 88 00 00 00 00 88 00 00 48 42 88
00 00 00 00 88 00 00 10 41 88 00 00 AF 43 88 00
00 A0 41 88 00 00 00 00 88 00 00 48 42 B9 0D B9
02 BC 21 00 60 8E BB 70 B9 D8 B9 BB 1C 6C BB 3D
[22:13:09.903] [INFO] [read-only] READ 64 byte(s):
CA E7 BB 47 B5 0F BC CE 27 DA BA 78 48 DF 3B 96
8F 84 3C 6D 00 B9 02 BC 0B 32 30 32 36 2D 30 32
2D 31 34 00 0A B9 02 BC 21 48 49 2D 47 41 49 4E
00 FA B2 F9 3B 25 C8 FA 3B AA C3 6D 3C 0A 03 76
[22:13:09.904] [INFO] [read-only] READ 64 byte(s):
3C AE 58 91 3B 95 32 1A BB DA 07 B9 02 BC 21 4E
6F 6E 65 00 E6 05 3C 03 79 73 BA 49 11 ED 3A FF
64 75 3C DE 69 18 3C 5E AF 62 B9 B0 03 B5 3A 80
04 B9 02 BC 21 4E 6F 6E 65 00 94 9D 3B EC A1 21
[22:13:09.905] [INFO] [read-only] READ 64 byte(s):
3C 1F 96 00 3C 4F 22 2A 3C CA 0D 16 3C 36 1F 1A
3C 3E 10 64 3B BA 04 B9 02 BC 21 4E 6F 6E 65 00
87 4A 3C E2 03 EE 3B C0 15 14 3C E5 26 EC 3B 1A
FF 5B BB 9E 16 FB 3B 8E 85 01 3C 65 04 B9 02 BC
[22:13:09.906] [INFO] [read-only] READ 64 byte(s):
21 4E 6F 6E 65 00 16 BB 3B 70 DC F4 BA D7 9B B9
BB A6 87 4B BC 95 19 48 BB 95 74 61 3C 5F 28 8A
3C 82 04 B9 02 BC 21 00 49 B9 3A A4 56 8A BB 33
B5 8E 3B 08 6B 86 3B 84 87 BB 3B 8F 11 3E 3B 58
[22:13:09.907] [INFO] [read-only] READ 64 byte(s):
DD EE BB 25 BA D9 BB ED 00 B9 02 BC 21 00 DB D5
BB 0D 00 5E 3B 2A 0A A8 3A 22 78 AC BB E8 76 81
3A E6 36 3D 3C A4 C3 60 BC 4A 21 87 BB 88 00 B9
02 BC 21 00 18 C5 BB 00 EF F5 B7 73 9A A8 3C 7F
[22:13:09.908] [INFO] [read-only] READ 64 byte(s):
AB B4 3B 5B C2 AC 3B D8 78 EE 3B 9A BF 90 3C 86
F0 68 3C 1C 00 B9 02 BC 21 00 B1 63 3C 41 B3 D2
BB 74 E0 CB 3A 24 CE 78 3A DE 57 23 3C EC BA 0E
BC 11 AF 65 BA C6 9D 04 BC 12 00 B9 02 BC 21 00
[22:13:09.909] [INFO] [read-only] READ 64 byte(s):
07 02 3C AA 1A AE 3B B4 11 56 3A 32 22 FC 3B 26
32 18 3C D5 B3 36 3C 34 3D 2C BC C6 92 0D BD 49
00 B9 02 BC 41 00 E7 43 BB 24 3E 14 BC 32 16 2F
BB 02 B3 2C 3C 48 45 1D BD A3 ED 45 BD 22 F3 EF
[22:13:09.910] [INFO] [read-only] READ 42 byte(s):
BC 82 33 1A BD 0C 97 40 BC 38 6B 50 BC CE 27 14
3D B1 DA 80 3D FD 5D 7F 3D 6D C0 29 3B 3D 35 35
21 8A FF 00 00 72 00 3D 87 7E
[22:13:09.917] [INFO] [read-only] WRITE 21 byte(s):
7E B9 03 81 00 03 82 06 00 80 0B 03 B9 04 0B 01
04 00 A8 40 7E
[22:13:09.920] [INFO] [read-only] READ 64 byte(s):
7E B9 03 81 04 03 81 9D 08 0B B9 03 01 04 B9 04
B9 02 BC 21 54 6F 72 6F 6E 74 6F 27 73 20 42 65
61 73 74 00 00 00 00 00 00 00 00 00 00 00 00 00
00 00 00 00 00 0F BA 02 88 00 00 00 00 88 00 00
[22:13:09.921] [INFO] [read-only] READ 64 byte(s):
F0 42 BA 03 BA 6D 88 00 00 00 00 88 00 00 00 00
88 00 00 C8 C2 88 00 00 A0 41 88 00 00 70 C2 88
00 00 80 3F 88 00 00 00 00 88 00 00 00 00 88 00
00 00 00 88 00 00 A0 40 88 00 00 80 3F 88 CD CC
[22:13:09.922] [INFO] [read-only] READ 64 byte(s):
DC 40 88 00 00 96 43 88 00 00 A0 40 88 33 33 33
3F 88 00 80 3B 44 88 00 00 A0 40 88 00 80 ED 44
88 00 00 80 3F 88 00 00 80 3F 88 00 00 20 41 88
9A 99 79 40 88 00 00 60 42 88 00 00 80 3F 88 00
[22:13:09.923] [INFO] [read-only] READ 64 byte(s):
00 00 40 88 00 00 C8 41 88 00 00 A0 40 88 00 00
00 00 88 00 00 C0 3F 88 00 00 00 00 88 00 00 80
3F 88 00 00 C0 3F 88 00 00 00 00 88 00 00 00 00
88 00 00 A0 40 88 00 00 A0 40 88 00 00 80 3F 88
[22:13:09.924] [INFO] [read-only] READ 64 byte(s):
00 00 00 00 88 00 00 80 40 88 00 00 A0 40 88 00
00 00 00 88 00 00 00 00 88 00 00 F0 41 88 00 00
A0 40 88 00 00 00 00 88 00 00 00 00 88 00 00 F0
41 88 00 00 A0 40 88 00 00 00 00 88 00 00 00 00
[22:13:09.927] [INFO] [read-only] READ 64 byte(s):
88 00 00 F0 41 88 00 00 A0 40 88 00 00 00 00 88
00 00 00 00 88 00 00 F0 41 88 00 00 A0 40 88 00
00 00 00 88 00 00 00 00 88 00 00 F0 41 88 00 00
A0 40 88 00 00 00 00 88 00 00 00 00 88 00 00 F0
[22:13:09.929] [INFO] [read-only] READ 64 byte(s):
41 88 00 00 80 3F 88 00 00 00 00 88 00 00 00 00
88 00 00 00 00 88 00 00 70 41 88 00 00 00 3F 88
00 00 48 42 88 00 00 F0 40 88 00 00 00 00 88 00
00 40 40 88 00 00 D0 40 88 00 00 00 00 88 00 00
[22:13:09.930] [INFO] [read-only] READ 64 byte(s):
00 00 88 00 00 C0 40 88 00 00 00 00 88 00 00 70
41 88 00 00 00 3F 88 00 00 48 42 88 00 00 F0 40
88 00 00 00 00 88 00 00 70 41 88 00 00 00 3F 88
00 00 48 42 88 00 00 C8 41 88 00 00 F0 40 88 00
[22:13:09.931] [INFO] [read-only] READ 64 byte(s):
00 00 00 88 00 00 40 40 88 00 00 B4 43 88 00 00
F0 42 88 00 00 48 42 88 00 00 A0 40 88 00 00 80
3F 88 00 00 00 00 88 00 00 00 00 88 00 00 00 00
88 00 00 10 41 88 00 00 AF 43 88 00 00 A0 41 88
[22:13:09.932] [INFO] [read-only] READ 64 byte(s):
00 00 00 00 88 00 00 48 42 88 00 00 00 00 88 00
00 10 41 88 00 00 AF 43 88 00 00 A0 41 88 00 00
00 00 88 00 00 48 42 BA 6D 88 00 00 00 00 88 00
00 00 00 88 00 00 C8 C2 88 00 00 A0 41 88 00 00
[22:13:09.933] [INFO] [read-only] READ 64 byte(s):
70 C2 88 00 00 80 3F 88 00 00 00 00 88 00 00 00
00 88 00 00 00 00 88 00 00 A0 40 88 00 00 80 3F
88 00 00 A0 40 88 00 00 96 43 88 00 00 A0 40 88
33 33 33 3F 88 00 80 3B 44 88 00 00 A0 40 88 00
[22:13:09.934] [INFO] [read-only] READ 64 byte(s):
80 ED 44 88 00 00 80 3F 88 00 00 80 3F 88 00 00
A0 40 88 00 00 A0 40 88 00 00 C8 42 88 00 00 80
3F 88 00 00 00 00 88 00 00 C8 41 88 00 00 A0 40
88 00 00 00 00 88 00 00 C0 3F 88 00 00 00 00 88
[22:13:09.935] [INFO] [read-only] READ 64 byte(s):
00 00 80 3F 88 00 00 C0 3F 88 00 00 00 00 88 00
00 00 00 88 00 00 A0 40 88 00 00 A0 40 88 00 00
80 3F 88 00 00 00 00 88 00 00 80 40 88 00 00 A0
40 88 00 00 00 00 88 00 00 00 00 88 00 00 F0 41
[22:13:09.936] [INFO] [read-only] READ 64 byte(s):
88 00 00 A0 40 88 00 00 00 00 88 00 00 00 00 88
00 00 F0 41 88 00 00 A0 40 88 00 00 00 00 88 00
00 00 00 88 00 00 F0 41 88 00 00 A0 40 88 00 00
00 00 88 00 00 00 00 88 00 00 F0 41 88 00 00 A0
[22:13:09.937] [INFO] [read-only] READ 64 byte(s):
40 88 00 00 00 00 88 00 00 00 00 88 00 00 F0 41
88 00 00 A0 40 88 00 00 00 00 88 00 00 00 00 88
00 00 F0 41 88 00 00 80 3F 88 00 00 00 00 88 00
00 00 00 88 00 00 00 00 88 00 00 70 41 88 00 00
[22:13:09.938] [INFO] [read-only] READ 64 byte(s):
00 3F 88 00 00 48 42 88 00 00 F0 40 88 00 00 00
00 88 00 00 40 40 88 00 00 D0 40 88 00 00 00 00
88 00 00 00 00 88 00 00 C0 40 88 00 00 00 00 88
00 00 70 41 88 00 00 00 3F 88 00 00 48 42 88 00
[22:13:09.939] [INFO] [read-only] READ 64 byte(s):
00 F0 40 88 00 00 00 00 88 00 00 70 41 88 00 00
00 3F 88 00 00 48 42 88 00 00 C8 41 88 00 00 F0
40 88 00 00 00 00 88 00 00 40 40 88 00 00 B4 43
88 00 00 F0 42 88 00 00 48 42 88 00 00 A0 40 88
[22:13:09.940] [INFO] [read-only] READ 64 byte(s):
00 00 80 3F 88 00 00 00 00 88 00 00 00 00 88 00
00 00 00 88 00 00 10 41 88 00 00 AF 43 88 00 00
A0 41 88 00 00 00 00 88 00 00 48 42 88 00 00 00
00 88 00 00 10 41 88 00 00 AF 43 88 00 00 A0 41
[22:13:09.941] [INFO] [read-only] READ 64 byte(s):
88 00 00 00 00 88 00 00 48 42 BA 6D 88 00 00 00
00 88 00 00 00 00 88 00 00 C8 C2 88 00 00 A0 41
88 00 00 70 C2 88 00 00 80 3F 88 00 00 00 00 88
00 00 00 00 88 00 00 00 00 88 00 00 A0 40 88 00
[22:13:09.943] [INFO] [read-only] READ 64 byte(s):
00 80 3F 88 00 00 A0 40 88 00 00 96 43 88 00 00
A0 40 88 33 33 33 3F 88 00 80 3B 44 88 00 00 A0
40 88 00 80 ED 44 88 00 00 80 3F 88 00 00 80 3F
88 00 00 A0 40 88 00 00 A0 40 88 00 00 C8 42 88
[22:13:09.944] [INFO] [read-only] READ 64 byte(s):
00 00 80 3F 88 00 00 00 00 88 00 00 C8 41 88 00
00 A0 40 88 00 00 00 00 88 00 00 C0 3F 88 00 00
00 00 88 00 00 80 3F 88 00 00 C0 3F 88 00 00 00
00 88 00 00 00 00 88 00 00 A0 40 88 00 00 A0 40
[22:13:09.945] [INFO] [read-only] READ 64 byte(s):
88 00 00 80 3F 88 00 00 00 00 88 00 00 80 40 88
00 00 A0 40 88 00 00 00 00 88 00 00 00 00 88 00
00 F0 41 88 00 00 A0 40 88 00 00 00 00 88 00 00
00 00 88 00 00 F0 41 88 00 00 A0 40 88 00 00 00
[22:13:09.946] [INFO] [read-only] READ 64 byte(s):
00 88 00 00 00 00 88 00 00 F0 41 88 00 00 A0 40
88 00 00 00 00 88 00 00 00 00 88 00 00 F0 41 88
00 00 A0 40 88 00 00 00 00 88 00 00 00 00 88 00
00 F0 41 88 00 00 A0 40 88 00 00 00 00 88 00 00
[22:13:09.948] [INFO] [read-only] READ 64 byte(s):
00 00 88 00 00 F0 41 88 00 00 80 3F 88 00 00 00
00 88 00 00 00 00 88 00 00 00 00 88 00 00 70 41
88 00 00 00 3F 88 00 00 48 42 88 00 00 F0 40 88
00 00 00 00 88 00 00 40 40 88 00 00 D0 40 88 00
[22:13:09.949] [INFO] [read-only] READ 64 byte(s):
00 00 00 88 00 00 00 00 88 00 00 C0 40 88 00 00
00 00 88 00 00 70 41 88 00 00 00 3F 88 00 00 48
42 88 00 00 F0 40 88 00 00 00 00 88 00 00 70 41
88 00 00 00 3F 88 00 00 48 42 88 00 00 C8 41 88
[22:13:09.950] [INFO] [read-only] READ 64 byte(s):
00 00 F0 40 88 00 00 00 00 88 00 00 40 40 88 00
00 B4 43 88 00 00 F0 42 88 00 00 48 42 88 00 00
A0 40 88 00 00 80 3F 88 00 00 00 00 88 00 00 00
00 88 00 00 00 00 88 00 00 10 41 88 00 00 AF 43
[22:13:09.951] [INFO] [read-only] READ 64 byte(s):
88 00 00 A0 41 88 00 00 00 00 88 00 00 48 42 88
00 00 00 00 88 00 00 10 41 88 00 00 AF 43 88 00
00 A0 41 88 00 00 00 00 88 00 00 48 42 B9 0D B9
02 BC 21 00 66 96 BC 5B BD 4F BC 06 15 60 3B 9F
[22:13:09.953] [INFO] [read-only] READ 64 byte(s):
3D EB BC F5 2E CC BB 62 AE C7 BB FA B3 E7 BC 7B
1C 9B 3A 35 00 B9 02 BC 0B 32 30 32 35 2D 31 32
2D 30 35 00 0A B9 02 BC 21 53 54 4F 4D 50 20 2D
20 44 49 53 54 4F 52 54 49 4F 4E 00 BB 94 62 30
[22:13:09.954] [INFO] [read-only] READ 64 byte(s):
3A 27 38 D0 BC 06 5D 88 3B 3B 12 B9 02 BC 21 4E
6F 6E 65 00 FF A5 BC 96 C6 D4 BC 39 17 CD 3B 39
1A FE BB 12 F9 49 BC 71 0F AC BB 6A 40 C6 BC 90
04 B9 02 BC 21 4E 6F 6E 65 00 27 B6 BC D2 38 03
[22:13:09.956] [INFO] [read-only] READ 64 byte(s):
3A 26 52 7D 5D BC 22 7D 5D B5 BC 34 51 57 3B 28
91 A0 BC AD 1A B8 BC 1F 04 B9 02 BC 21 4E 6F 6E
65 00 24 44 BB 24 21 AA BC E0 F8 E0 BB 8A C2 BF
BC 8B 33 97 BC 31 46 F2 BB 09 9F 94 BC C5 04 B9
[22:13:09.958] [INFO] [read-only] READ 64 byte(s):
02 BC 21 4E 6F 6E 65 00 FC 3A BC 34 05 B2 BC 21
28 4D BC FE DB 84 BC F1 BB A4 BC 7C 64 DF BB 73
73 AD BC 96 04 B9 02 BC 21 00 B3 B5 BC F2 E5 4F
BC E6 34 6E BC DF 22 C2 BC 09 36 58 BC ED 12 3C
[22:13:09.959] [INFO] [read-only] READ 64 byte(s):
BC 23 B9 06 BC 13 DB C5 BC 56 00 B9 02 BC 21 00
8A 80 BC ED 2C 5D BB 63 35 D9 BC D7 B7 34 BC AA
BF 1D BB 00 CF CD BC CA 8D 2F 3C 9C FC 9B BC 24
00 B9 02 BC 21 00 2D 8F BC 78 5B 98 BC A5 BB 03
[22:13:09.962] [INFO] [read-only] READ 64 byte(s):
3C E7 E1 ED BC 47 49 C3 BC 3D BA 4D B9 03 68 9F
BC 97 4F D7 3A 69 00 B9 02 BC 21 00 5B 91 BC E0
99 2B 3C 1E AF E8 BC 43 0A 9D BA 32 4F 53 3A 68
FC CE BC 5C D6 81 3C EF B0 57 BC 0F 00 B9 02 BC
[22:13:09.967] [INFO] [read-only] READ 64 byte(s):
21 00 5D EB BC ED E4 A9 3B 44 94 D8 3B D9 54 07
BD 7A 10 94 3B 8B 4A 1E 3C 9D 18 DF BC E2 FE 9C
3B 3D 00 B9 02 BC 41 00 9D 9C 3B 9D 20 1E BB F7
15 D6 BC 1B 44 25 3C 7D 5D 74 62 BC D9 C9 E7 BC
[22:13:09.968] [INFO] [read-only] READ 45 byte(s):
68 E3 46 3C 55 52 7B BC BF AA DE BC FF 8B 1D 3D
69 01 33 BD FB 23 70 BB F6 85 D9 3C B4 99 88 BD
55 5E A8 BB 80 65 00 00 72 00 FC 16 7E
[22:13:09.970] [INFO] [read-only] WRITE 21 byte(s):
7E B9 03 81 00 03 82 06 00 80 0B 03 B9 04 0B 01
05 00 70 59 7E
[22:13:09.973] [INFO] [read-only] READ 64 byte(s):
7E B9 03 81 04 03 81 9D 08 0B B9 03 01 05 B9 04
B9 02 BC 21 44 72 69 76 65 6E 20 42 61 73 73 20
4D 65 6C 74 65 72 00 00 00 00 00 00 00 00 00 00
00 00 00 00 00 12 BA 02 88 00 00 00 00 88 00 00
[22:13:09.974] [INFO] [read-only] READ 64 byte(s):
F0 42 BA 03 BA 6D 88 00 00 00 00 88 00 00 00 00
88 00 00 C8 C2 88 00 00 A0 41 88 00 00 70 C2 88
00 00 80 3F 88 00 00 00 00 88 00 00 00 00 88 00
00 00 00 88 00 00 A0 40 88 00 00 80 3F 88 00 00
[22:13:09.975] [INFO] [read-only] READ 64 byte(s):
A0 40 88 00 00 96 43 88 00 00 A0 40 88 33 33 33
3F 88 00 80 3B 44 88 00 00 A0 40 88 00 80 ED 44
88 00 00 80 3F 88 00 00 00 00 88 00 00 A0 40 88
00 00 A0 40 88 00 00 C8 42 88 00 00 80 3F 88 00
[22:13:09.977] [INFO] [read-only] READ 64 byte(s):
00 00 00 88 00 00 C8 41 88 00 00 A0 40 88 00 00
00 00 88 00 00 C0 3F 88 00 00 00 00 88 00 00 80
3F 88 00 00 C0 3F 88 00 00 00 00 88 00 00 00 00
88 00 00 A0 40 88 00 00 A0 40 88 00 00 80 3F 88
[22:13:09.978] [INFO] [read-only] READ 64 byte(s):
00 00 00 00 88 00 00 80 40 88 00 00 A0 40 88 00
00 00 00 88 00 00 00 00 88 00 00 F0 41 88 00 00
A0 40 88 00 00 00 00 88 00 00 00 00 88 00 00 F0
41 88 00 00 A0 40 88 00 00 00 00 88 00 00 00 00
[22:13:09.979] [INFO] [read-only] READ 64 byte(s):
88 00 00 F0 41 88 00 00 A0 40 88 00 00 00 00 88
00 00 00 00 88 00 00 F0 41 88 00 00 A0 40 88 00
00 00 00 88 00 00 00 00 88 00 00 F0 41 88 00 00
A0 40 88 00 00 00 00 88 00 00 00 00 88 00 00 F0
[22:13:09.981] [INFO] [read-only] READ 64 byte(s):
41 88 00 00 80 3F 88 00 00 00 00 88 00 00 00 00
88 00 00 00 00 88 00 00 70 41 88 FF FF FF 3E 88
00 00 48 42 88 00 00 F0 40 88 00 00 00 00 88 00
00 40 40 88 00 00 D0 40 88 00 00 00 00 88 00 00
[22:13:09.982] [INFO] [read-only] READ 64 byte(s):
00 00 88 00 00 C0 40 88 00 00 00 00 88 00 00 70
41 88 FF FF FF 3E 88 00 00 48 42 88 00 00 F0 40
88 00 00 00 00 88 00 00 70 41 88 FF FF FF 3E 88
00 00 48 42 88 00 00 C8 41 88 00 00 F0 40 88 00
[22:13:09.983] [INFO] [read-only] READ 64 byte(s):
00 00 00 88 00 00 40 40 88 00 00 B4 43 88 00 00
F0 42 88 00 00 48 42 88 00 00 A0 40 88 00 00 80
3F 88 00 00 00 00 88 00 00 00 00 88 00 00 00 00
88 00 00 10 41 88 00 00 AF 43 88 00 00 A0 41 88
[22:13:09.985] [INFO] [read-only] READ 64 byte(s):
00 00 00 00 88 00 00 48 42 88 00 00 00 00 88 00
00 10 41 88 00 00 AF 43 88 00 00 A0 41 88 00 00
00 00 88 00 00 48 42 BA 6D 88 00 00 00 00 88 00
00 00 00 88 00 00 C8 C2 88 00 00 A0 41 88 00 00
[22:13:09.986] [INFO] [read-only] READ 64 byte(s):
70 C2 88 00 00 80 3F 88 00 00 00 00 88 00 00 00
00 88 00 00 00 00 88 00 00 A0 40 88 00 00 80 3F
88 00 00 A0 40 88 00 00 96 43 88 00 00 A0 40 88
33 33 33 3F 88 00 80 3B 44 88 00 00 A0 40 88 00
[22:13:09.987] [INFO] [read-only] READ 64 byte(s):
80 ED 44 88 00 00 80 3F 88 00 00 00 00 88 00 00
A0 40 88 00 00 A0 40 88 00 00 C8 42 88 00 00 80
3F 88 00 00 00 00 88 00 00 C8 41 88 00 00 A0 40
88 00 00 00 00 88 00 00 C0 3F 88 00 00 00 00 88
[22:13:09.988] [INFO] [read-only] READ 64 byte(s):
00 00 80 3F 88 00 00 C0 3F 88 00 00 00 00 88 00
00 00 00 88 00 00 A0 40 88 00 00 A0 40 88 00 00
80 3F 88 00 00 00 00 88 00 00 80 40 88 00 00 A0
40 88 00 00 00 00 88 00 00 00 00 88 00 00 F0 41
[22:13:09.989] [INFO] [read-only] READ 64 byte(s):
88 00 00 A0 40 88 00 00 00 00 88 00 00 00 00 88
00 00 F0 41 88 00 00 A0 40 88 00 00 00 00 88 00
00 00 00 88 00 00 F0 41 88 00 00 A0 40 88 00 00
00 00 88 00 00 00 00 88 00 00 F0 41 88 00 00 A0
[22:13:09.990] [INFO] [read-only] READ 64 byte(s):
40 88 00 00 00 00 88 00 00 00 00 88 00 00 F0 41
88 00 00 A0 40 88 00 00 00 00 88 00 00 00 00 88
00 00 F0 41 88 00 00 80 3F 88 00 00 00 00 88 00
00 00 00 88 00 00 00 00 88 00 00 70 41 88 00 00
[22:13:09.991] [INFO] [read-only] READ 64 byte(s):
00 3F 88 00 00 48 42 88 00 00 F0 40 88 00 00 00
00 88 00 00 40 40 88 00 00 D0 40 88 00 00 00 00
88 00 00 00 00 88 00 00 C0 40 88 00 00 00 00 88
00 00 70 41 88 00 00 00 3F 88 00 00 48 42 88 00
[22:13:09.993] [INFO] [read-only] READ 64 byte(s):
00 F0 40 88 00 00 00 00 88 00 00 70 41 88 00 00
00 3F 88 00 00 48 42 88 00 00 C8 41 88 00 00 F0
40 88 00 00 00 00 88 00 00 40 40 88 00 00 B4 43
88 00 00 F0 42 88 00 00 48 42 88 00 00 A0 40 88
[22:13:09.994] [INFO] [read-only] READ 64 byte(s):
00 00 80 3F 88 00 00 00 00 88 00 00 00 00 88 00
00 00 00 88 00 00 10 41 88 00 00 AF 43 88 00 00
A0 41 88 00 00 00 00 88 00 00 48 42 88 00 00 00
00 88 00 00 10 41 88 00 00 AF 43 88 00 00 A0 41
[22:13:09.995] [INFO] [read-only] READ 64 byte(s):
88 00 00 00 00 88 00 00 48 42 BA 6D 88 00 00 00
00 88 00 00 00 00 88 00 00 C8 C2 88 00 00 A0 41
88 00 00 70 C2 88 00 00 80 3F 88 00 00 00 00 88
00 00 00 00 88 00 00 00 00 88 00 00 A0 40 88 00
[22:13:09.997] [INFO] [read-only] READ 64 byte(s):
00 80 3F 88 00 00 A0 40 88 00 00 96 43 88 00 00
A0 40 88 33 33 33 3F 88 00 80 3B 44 88 00 00 A0
40 88 00 80 ED 44 88 00 00 80 3F 88 00 00 00 00
88 00 00 A0 40 88 00 00 A0 40 88 00 00 C8 42 88
[22:13:09.999] [INFO] [read-only] READ 64 byte(s):
00 00 80 3F 88 00 00 00 00 88 00 00 C8 41 88 00
00 A0 40 88 00 00 00 00 88 00 00 C0 3F 88 00 00
00 00 88 00 00 80 3F 88 00 00 C0 3F 88 00 00 00
00 88 00 00 00 00 88 00 00 A0 40 88 00 00 A0 40
[22:13:10.000] [INFO] [read-only] READ 64 byte(s):
88 00 00 80 3F 88 00 00 00 00 88 00 00 80 40 88
00 00 A0 40 88 00 00 00 00 88 00 00 00 00 88 00
00 F0 41 88 00 00 A0 40 88 00 00 00 00 88 00 00
00 00 88 00 00 F0 41 88 00 00 A0 40 88 00 00 00
[22:13:10.002] [INFO] [read-only] READ 64 byte(s):
00 88 00 00 00 00 88 00 00 F0 41 88 00 00 A0 40
88 00 00 00 00 88 00 00 00 00 88 00 00 F0 41 88
00 00 A0 40 88 00 00 00 00 88 00 00 00 00 88 00
00 F0 41 88 00 00 A0 40 88 00 00 00 00 88 00 00
[22:13:10.004] [INFO] [read-only] READ 64 byte(s):
00 00 88 00 00 F0 41 88 00 00 80 3F 88 00 00 00
00 88 00 00 00 00 88 00 00 00 00 88 00 00 70 41
88 00 00 00 3F 88 00 00 48 42 88 00 00 F0 40 88
00 00 00 00 88 00 00 40 40 88 00 00 D0 40 88 00
[22:13:10.005] [INFO] [read-only] READ 64 byte(s):
00 00 00 88 00 00 00 00 88 00 00 C0 40 88 00 00
00 00 88 00 00 70 41 88 00 00 00 3F 88 00 00 48
42 88 00 00 F0 40 88 00 00 00 00 88 00 00 70 41
88 00 00 00 3F 88 00 00 48 42 88 00 00 C8 41 88
[22:13:10.007] [INFO] [read-only] READ 64 byte(s):
00 00 F0 40 88 00 00 00 00 88 00 00 40 40 88 00
00 B4 43 88 00 00 F0 42 88 00 00 48 42 88 00 00
A0 40 88 00 00 80 3F 88 00 00 00 00 88 00 00 00
00 88 00 00 00 00 88 00 00 10 41 88 00 00 AF 43
[22:13:10.008] [INFO] [read-only] READ 64 byte(s):
88 00 00 A0 41 88 00 00 00 00 88 00 00 48 42 88
00 00 00 00 88 00 00 10 41 88 00 00 AF 43 88 00
00 A0 41 88 00 00 00 00 88 00 00 48 42 B9 0D B9
02 BC 21 00 29 1C B7 14 AC E7 3C C9 A6 9A 3C 8B
[22:13:10.010] [INFO] [read-only] READ 64 byte(s):
DA 94 3C D8 C9 E4 3C C0 86 8B 3C CC 12 0D 3D EB
B9 E1 3C 7A 00 B9 02 BC 0B 32 30 32 35 2D 31 32
2D 30 35 00 0A B9 02 BC 21 44 52 49 56 45 00 AC
3C A5 8D 63 3C 8D 41 2B 3C 70 77 80 3C 1D BB EB
[22:13:10.011] [INFO] [read-only] READ 64 byte(s):
3C DB 6E 50 3C 7B E0 05 3D 99 05 B9 02 BC 21 4E
6F 6E 65 00 87 1E 3C D1 04 0C 3C 22 D8 F8 3A 02
A9 77 3B 96 72 14 3C 5B 62 87 BB D5 BE 12 3C 65
04 B9 02 BC 21 4E 6F 6E 65 00 A7 9A BA 6D BD A9
[22:13:10.013] [INFO] [read-only] READ 64 byte(s):
3B C6 41 16 3C F0 F0 2E 3C 7D 5E 1C 2A 3C 21 DF
01 3C BC 3C 7D 5D BC 9A 04 B9 02 BC 21 4E 6F 6E
65 00 0D FE BB CE E2 38 3A F5 AA 9A 3C 14 48 AA
3A B0 00 14 3C D3 23 09 BB 42 7F AB 3B C2 04 B9
[22:13:10.014] [INFO] [read-only] READ 64 byte(s):
02 BC 21 4E 6F 6E 65 00 C2 AF 3C 67 AF 5E 3C C6
32 C5 3A 9A D0 87 39 C1 97 6A BB B5 EC E0 BB F4
FD D7 39 2D 04 B9 02 BC 21 00 87 12 3C F1 62 14
39 FB 20 1F 3B 3F D0 F1 BB 95 84 20 3B C0 25 08
[22:13:10.016] [INFO] [read-only] READ 64 byte(s):
B8 39 A1 1B 3C D5 EA 24 3C 4B 00 B9 02 BC 21 00
1E FF BB 7D 5E C6 9F BB FD EF 85 BC 2E E5 A3 BB
E7 BF 6A BC 09 CD 43 BB FA B6 DC BB 3C 0B 48 3C
07 00 B9 02 BC 21 00 4F 1C 3A 58 4C E7 3B 21 47
[22:13:10.017] [INFO] [read-only] READ 64 byte(s):
87 3B 65 44 87 3A B9 F5 11 3C 63 81 0F BC EE BC
F0 BA 43 66 85 BC 9F 00 B9 02 BC 21 00 73 3B BC
34 12 42 3B 7D 5D 73 C9 3C 0D 1B BE 3C 3A D5 A0
3C 66 6B F4 3C FB 55 18 3C 70 B3 60 3C 55 00 B9
[22:13:10.018] [INFO] [read-only] READ 64 byte(s):
02 BC 21 00 EF 15 BB 7C F5 15 BC DA 27 D3 3B 8A
15 FC 3A 13 05 69 3C D7 E4 24 3C E5 4F 90 3C 5F
0D 91 3C D8 00 B9 02 BC 41 00 90 1B 3D 9B D2 15
BC 97 E4 07 3C 09 87 B1 3C 52 EE 27 3C 38 DB 15
[22:13:10.020] [INFO] [read-only] READ 46 byte(s):
3C C1 38 DE 3C EC 91 8A 3A FA 6C E3 3C 0A 51 6A
3C 51 EA D3 3C 20 D4 31 3D CC 88 1E BD 71 D4 C5
3D 93 4F EE AC 5B 88 00 00 72 00 5C E7 7E
[22:13:10.022] [INFO] [read-only] WRITE 21 byte(s):
7E B9 03 81 00 03 82 06 00 80 0B 03 B9 04 0B 01
06 00 18 73 7E
[22:13:10.025] [INFO] [read-only] READ 64 byte(s):
7E B9 03 81 04 03 81 9D 08 0B B9 03 01 06 B9 04
B9 02 BC 21 4C 6F 77 65 72 20 42 61 73 73 20 4D
65 6C 74 65 72 00 00 00 00 00 00 00 00 00 00 00
00 00 00 00 00 11 BA 02 88 00 00 00 00 88 00 00
[22:13:10.026] [INFO] [read-only] READ 64 byte(s):
F0 42 BA 03 BA 6D 88 00 00 00 00 88 00 00 80 3F
88 00 00 D8 C1 88 00 00 FA 43 88 00 00 70 C2 88
00 00 00 00 88 00 00 80 3F 88 00 00 48 C1 88 00
00 20 41 88 00 00 88 41 88 00 00 80 3F 88 00 00
[22:13:10.028] [INFO] [read-only] READ 64 byte(s):
A0 40 88 00 00 96 43 88 00 00 A0 40 88 33 33 33
3F 88 00 80 3B 44 88 00 00 A0 40 88 00 80 ED 44
88 00 00 80 3F 88 00 00 00 00 88 00 00 20 40 88
00 00 40 40 88 00 00 8A 42 88 00 00 80 3F 88 00
[22:13:10.029] [INFO] [read-only] READ 64 byte(s):
00 00 00 88 00 00 C8 41 88 00 00 A0 40 88 00 00
00 00 88 00 00 C0 3F 88 00 00 00 00 88 00 00 80
3F 88 00 00 C0 3F 88 00 00 00 00 88 00 00 00 00
88 00 00 20 41 88 00 00 20 41 88 00 00 80 3F 88
[22:13:10.030] [INFO] [read-only] READ 64 byte(s):
00 00 80 3F 88 00 00 80 40 88 00 00 A0 40 88 00
00 00 00 88 00 00 00 00 88 00 00 F0 41 88 00 00
A0 40 88 00 00 00 00 88 00 00 00 00 88 00 00 F0
41 88 00 00 A0 40 88 00 00 00 00 88 00 00 00 00
[22:13:10.031] [INFO] [read-only] READ 64 byte(s):
88 00 00 F0 41 88 00 00 A0 40 88 00 00 00 00 88
00 00 00 00 88 00 00 F0 41 88 00 00 A0 40 88 00
00 00 00 88 00 00 00 00 88 00 00 00 00 88 00 00
A0 40 88 00 00 00 00 88 00 00 00 00 88 00 00 F0
[22:13:10.033] [INFO] [read-only] READ 64 byte(s):
41 88 00 00 80 3F 88 00 00 00 00 88 00 00 00 00
88 00 00 00 00 88 00 00 70 41 88 14 AE 87 3F 88
00 00 98 41 88 00 00 F0 40 88 00 00 00 00 88 00
00 40 40 88 00 00 D0 40 88 00 00 00 00 88 00 00
[22:13:10.035] [INFO] [read-only] READ 64 byte(s):
00 00 88 00 00 C0 40 88 00 00 00 00 88 00 00 70
41 88 FF FF FF 3E 88 00 00 48 42 88 00 00 F0 40
88 00 00 00 00 88 00 00 70 41 88 FF FF FF 3E 88
00 00 48 42 88 00 00 C8 41 88 00 00 F0 40 88 00
[22:13:10.036] [INFO] [read-only] READ 64 byte(s):
00 00 00 88 00 00 40 40 88 00 00 B4 43 88 00 00
F0 42 88 00 00 48 42 88 00 00 A0 40 88 00 00 80
3F 88 00 00 00 00 88 00 00 00 00 88 00 00 00 00
88 00 00 10 41 88 00 00 AF 43 88 00 00 A0 41 88
[22:13:10.038] [INFO] [read-only] READ 64 byte(s):
00 00 00 00 88 00 00 48 42 88 00 00 00 00 88 00
00 10 41 88 00 00 AF 43 88 00 00 A0 41 88 00 00
00 00 88 00 00 48 42 BA 6D 88 00 00 00 00 88 00
00 00 00 88 00 00 C8 C2 88 00 00 A0 41 88 00 00
[22:13:10.039] [INFO] [read-only] READ 64 byte(s):
70 C2 88 00 00 80 3F 88 00 00 00 00 88 00 00 00
00 88 00 00 00 00 88 00 00 A0 40 88 00 00 80 3F
88 00 00 A0 40 88 00 00 96 43 88 00 00 A0 40 88
33 33 33 3F 88 00 80 3B 44 88 00 00 A0 40 88 00
[22:13:10.040] [INFO] [read-only] READ 64 byte(s):
80 ED 44 88 00 00 80 3F 88 00 00 00 00 88 00 00
A0 40 88 00 00 A0 40 88 00 00 C8 42 88 00 00 80
3F 88 00 00 00 00 88 00 00 C8 41 88 00 00 A0 40
88 00 00 00 00 88 00 00 C0 3F 88 00 00 00 00 88
[22:13:10.041] [INFO] [read-only] READ 64 byte(s):
00 00 80 3F 88 00 00 C0 3F 88 00 00 00 00 88 00
00 00 00 88 00 00 A0 40 88 00 00 A0 40 88 00 00
80 3F 88 00 00 00 00 88 00 00 80 40 88 00 00 A0
40 88 00 00 00 00 88 00 00 00 00 88 00 00 F0 41
[22:13:10.042] [INFO] [read-only] READ 64 byte(s):
88 00 00 A0 40 88 00 00 00 00 88 00 00 00 00 88
00 00 F0 41 88 00 00 A0 40 88 00 00 00 00 88 00
00 00 00 88 00 00 F0 41 88 00 00 A0 40 88 00 00
00 00 88 00 00 00 00 88 00 00 F0 41 88 00 00 A0
[22:13:10.044] [INFO] [read-only] READ 64 byte(s):
40 88 00 00 00 00 88 00 00 00 00 88 00 00 F0 41
88 00 00 A0 40 88 00 00 00 00 88 00 00 00 00 88
00 00 F0 41 88 00 00 80 3F 88 00 00 00 00 88 00
00 00 00 88 00 00 00 00 88 00 00 70 41 88 00 00
[22:13:10.045] [INFO] [read-only] READ 64 byte(s):
00 3F 88 00 00 48 42 88 00 00 F0 40 88 00 00 00
00 88 00 00 40 40 88 00 00 D0 40 88 00 00 00 00
88 00 00 00 00 88 00 00 C0 40 88 00 00 00 00 88
00 00 70 41 88 00 00 00 3F 88 00 00 48 42 88 00
[22:13:10.046] [INFO] [read-only] READ 64 byte(s):
00 F0 40 88 00 00 00 00 88 00 00 70 41 88 00 00
00 3F 88 00 00 48 42 88 00 00 C8 41 88 00 00 F0
40 88 00 00 00 00 88 00 00 40 40 88 00 00 B4 43
88 00 00 F0 42 88 00 00 48 42 88 00 00 A0 40 88
[22:13:10.047] [INFO] [read-only] READ 64 byte(s):
00 00 80 3F 88 00 00 00 00 88 00 00 00 00 88 00
00 00 00 88 00 00 10 41 88 00 00 AF 43 88 00 00
A0 41 88 00 00 00 00 88 00 00 48 42 88 00 00 00
00 88 00 00 10 41 88 00 00 AF 43 88 00 00 A0 41
[22:13:10.050] [INFO] [read-only] READ 64 byte(s):
88 00 00 00 00 88 00 00 48 42 BA 6D 88 00 00 00
00 88 00 00 00 00 88 00 00 C8 C2 88 00 00 A0 41
88 00 00 70 C2 88 00 00 80 3F 88 00 00 00 00 88
00 00 00 00 88 00 00 00 00 88 00 00 A0 40 88 00
[22:13:10.051] [INFO] [read-only] READ 64 byte(s):
00 80 3F 88 00 00 A0 40 88 00 00 96 43 88 00 00
A0 40 88 33 33 33 3F 88 00 80 3B 44 88 00 00 A0
40 88 00 80 ED 44 88 00 00 80 3F 88 00 00 00 00
88 00 00 A0 40 88 00 00 A0 40 88 00 00 C8 42 88
[22:13:10.052] [INFO] [read-only] READ 64 byte(s):
00 00 80 3F 88 00 00 00 00 88 00 00 C8 41 88 00
00 A0 40 88 00 00 00 00 88 00 00 C0 3F 88 00 00
00 00 88 00 00 80 3F 88 00 00 C0 3F 88 00 00 00
00 88 00 00 00 00 88 00 00 A0 40 88 00 00 A0 40
[22:13:10.053] [INFO] [read-only] READ 64 byte(s):
88 00 00 80 3F 88 00 00 00 00 88 00 00 80 40 88
00 00 A0 40 88 00 00 00 00 88 00 00 00 00 88 00
00 F0 41 88 00 00 A0 40 88 00 00 00 00 88 00 00
00 00 88 00 00 F0 41 88 00 00 A0 40 88 00 00 00
[22:13:10.054] [INFO] [read-only] READ 64 byte(s):
00 88 00 00 00 00 88 00 00 F0 41 88 00 00 A0 40
88 00 00 00 00 88 00 00 00 00 88 00 00 F0 41 88
00 00 A0 40 88 00 00 00 00 88 00 00 00 00 88 00
00 F0 41 88 00 00 A0 40 88 00 00 00 00 88 00 00
[22:13:10.055] [INFO] [read-only] READ 64 byte(s):
00 00 88 00 00 F0 41 88 00 00 80 3F 88 00 00 00
00 88 00 00 00 00 88 00 00 00 00 88 00 00 70 41
88 00 00 00 3F 88 00 00 48 42 88 00 00 F0 40 88
00 00 00 00 88 00 00 40 40 88 00 00 D0 40 88 00
[22:13:10.056] [INFO] [read-only] READ 64 byte(s):
00 00 00 88 00 00 00 00 88 00 00 C0 40 88 00 00
00 00 88 00 00 70 41 88 00 00 00 3F 88 00 00 48
42 88 00 00 F0 40 88 00 00 00 00 88 00 00 70 41
88 00 00 00 3F 88 00 00 48 42 88 00 00 C8 41 88
[22:13:10.057] [INFO] [read-only] READ 64 byte(s):
00 00 F0 40 88 00 00 00 00 88 00 00 40 40 88 00
00 B4 43 88 00 00 F0 42 88 00 00 48 42 88 00 00
A0 40 88 00 00 80 3F 88 00 00 00 00 88 00 00 00
00 88 00 00 00 00 88 00 00 10 41 88 00 00 AF 43
[22:13:10.058] [INFO] [read-only] READ 64 byte(s):
88 00 00 A0 41 88 00 00 00 00 88 00 00 48 42 88
00 00 00 00 88 00 00 10 41 88 00 00 AF 43 88 00
00 A0 41 88 00 00 00 00 88 00 00 48 42 B9 0D B9
02 BC 21 00 E8 89 3B DB E8 39 BB B6 EB 53 3B C1
[22:13:10.059] [INFO] [read-only] READ 64 byte(s):
F8 44 3C 31 36 81 3C EA 08 8F 3C D1 95 E8 3C 2C
B1 49 3C 4E 00 B9 02 BC 0B 32 30 32 35 2D 31 31
2D 32 38 00 0A B9 02 BC 21 48 49 2D 47 41 49 4E
00 88 86 D8 3A C7 21 F2 BA 54 A1 CE 3B 26 D7 1F
[22:13:10.060] [INFO] [read-only] READ 64 byte(s):
3C E7 1B DB BB 88 6B 3A BC 2E 07 B9 02 BC 21 4E
6F 6E 65 00 96 DF 3A 2A 6B 2B BB CA E3 26 BC 1C
72 F3 BB F3 04 2E BC 4C 1F 05 BC 5A 64 99 3B 74
04 B9 02 BC 21 4E 6F 6E 65 00 A3 8B BC DD A5 D3
[22:13:10.061] [INFO] [read-only] READ 64 byte(s):
BC 59 84 B5 BC F5 76 B7 BC 78 C5 92 BC 9C CA 9D
BB 84 6E 2E BB 71 04 B9 02 BC 21 4E 6F 6E 65 00
92 42 BC 1B AA 66 BC 53 7C DD BC 4C FE F2 BC 19
34 E9 BC BB D0 C5 BC EE 77 5B BB F5 04 B9 02 BC
[22:13:10.063] [INFO] [read-only] READ 64 byte(s):
21 4E 6F 6E 65 00 EB 98 BB 9A F1 14 BB 4C C7 E9
BA DC 7C DC BC 82 EA CC BC 4B 12 0C BC 25 F9 D4
BC E8 04 B9 02 BC 21 00 C1 34 BB CF 09 1A 3B 93
E5 A3 BB ED 7D 5D 73 BC 99 BD D0 BC B3 33 02 BC
[22:13:10.064] [INFO] [read-only] READ 64 byte(s):
7D 5D B4 1E BC 3F 49 E1 BC 1C 00 B9 02 BC 21 00
EC B4 BC 0D 17 B4 BC 68 3A 6C BC BC A8 17 3C C4
5A 20 BC 48 5F 40 BC 68 E3 9D BC A6 08 7D 5D BC
87 00 B9 02 BC 21 00 6D 8E BB 9D CF EC 3B AA EA
[22:13:10.065] [INFO] [read-only] READ 64 byte(s):
54 BC 0C 54 D7 BC 12 AA A8 BC 52 84 96 BA 66 AF
96 BB 03 95 F6 BC 35 00 B9 02 BC 21 00 2A BF BB
AE 3B 4B BC 0E B3 1A BC 19 62 CE BB B1 07 1A BC
9D 31 71 3C 0A A0 DB B9 C2 78 95 BB 43 00 B9 02
[22:13:10.066] [INFO] [read-only] READ 64 byte(s):
BC 21 00 B6 9C BC A9 06 BF BC C0 AE 79 3A 1A 9D
10 3C 9F 7D 5E 94 3B EB B5 0F BB BD 8B 37 BC BB
6C 56 BB E8 00 B9 02 BC 41 00 CB B7 3C 54 DC 06
3D 5D D9 0C 3C F3 6B 1A BC 4F 6F 01 BC FD EA 5D
[22:13:10.067] [INFO] [read-only] READ 46 byte(s):
3B ED 4B 4F 3C 4E 49 90 3B 4B BC 80 3C 26 D2 A2
3B C9 AF AC 3B 96 95 75 BB 31 E5 B1 BB 82 E4 43
3D 68 D9 CB 98 9F 08 00 00 72 00 84 E4 7E
[22:13:10.069] [INFO] [read-only] WRITE 21 byte(s):
7E B9 03 81 00 03 82 06 00 80 0B 03 B9 04 0B 01
07 00 C0 6A 7E
[22:13:10.073] [INFO] [read-only] READ 64 byte(s):
7E B9 03 81 04 03 81 9D 08 0B B9 03 01 07 B9 04
B9 02 BC 21 36 34 20 4C 6F 20 47 61 69 6E 20 46
65 65 6C 73 00 00 00 00 00 00 00 00 00 00 00 00
00 00 00 00 00 10 BA 02 88 00 00 00 00 88 00 00
[22:13:10.074] [INFO] [read-only] READ 64 byte(s):
F0 42 BA 03 BA 6D 88 00 00 00 00 88 00 00 00 00
88 00 00 C8 C2 88 00 00 A0 41 88 00 00 70 C2 88
00 00 80 3F 88 00 00 00 00 88 00 00 00 00 88 00
00 00 00 88 00 00 A0 40 88 00 00 80 3F 88 00 00
[22:13:10.076] [INFO] [read-only] READ 64 byte(s):
A0 40 88 00 00 96 43 88 00 00 A0 40 88 33 33 33
3F 88 00 80 3B 44 88 00 00 A0 40 88 00 80 ED 44
88 00 00 80 3F 88 00 00 00 00 88 00 00 A0 40 88
00 00 A0 40 88 00 00 C8 42 88 00 00 80 3F 88 00
[22:13:10.078] [INFO] [read-only] READ 64 byte(s):
00 00 00 88 00 00 C8 41 88 00 00 A0 40 88 00 00
00 00 88 00 00 C0 3F 88 00 00 00 00 88 00 00 80
3F 88 00 00 C0 3F 88 00 00 00 00 88 00 00 00 00
88 00 00 A0 40 88 00 00 A0 40 88 00 00 80 3F 88
[22:13:10.080] [INFO] [read-only] READ 64 byte(s):
00 00 00 00 88 00 00 80 40 88 00 00 A0 40 88 00
00 00 00 88 00 00 00 00 88 00 00 F0 41 88 00 00
A0 40 88 00 00 00 00 88 00 00 00 00 88 00 00 F0
41 88 00 00 A0 40 88 00 00 00 00 88 00 00 00 00
[22:13:10.081] [INFO] [read-only] READ 64 byte(s):
88 00 00 F0 41 88 00 00 A0 40 88 00 00 00 00 88
00 00 00 00 88 00 00 F0 41 88 00 00 A0 40 88 00
00 00 00 88 00 00 00 00 88 00 00 F0 41 88 00 00
A0 40 88 00 00 00 00 88 00 00 00 00 88 00 00 F0
[22:13:10.082] [INFO] [read-only] READ 64 byte(s):
41 88 00 00 80 3F 88 00 00 00 00 88 00 00 00 00
88 00 00 00 00 88 00 00 70 41 88 00 00 00 3F 88
00 00 48 42 88 00 00 F0 40 88 00 00 00 00 88 00
00 40 40 88 00 00 D0 40 88 00 00 00 00 88 00 00
[22:13:10.083] [INFO] [read-only] READ 64 byte(s):
00 00 88 00 00 C0 40 88 00 00 00 00 88 00 00 70
41 88 00 00 00 3F 88 00 00 48 42 88 00 00 F0 40
88 00 00 00 00 88 00 00 70 41 88 00 00 00 3F 88
00 00 48 42 88 00 00 C8 41 88 00 00 F0 40 88 00
[22:13:10.084] [INFO] [read-only] READ 64 byte(s):
00 00 00 88 00 00 40 40 88 00 00 B4 43 88 00 00
F0 42 88 00 00 48 42 88 00 00 A0 40 88 00 00 80
3F 88 00 00 00 00 88 00 00 00 00 88 00 00 00 00
88 00 00 10 41 88 00 00 AF 43 88 00 00 A0 41 88
[22:13:10.086] [INFO] [read-only] READ 64 byte(s):
00 00 00 00 88 00 00 48 42 88 00 00 00 00 88 00
00 10 41 88 00 00 AF 43 88 00 00 A0 41 88 00 00
00 00 88 00 00 48 42 BA 6D 88 00 00 00 00 88 00
00 00 00 88 00 00 C8 C2 88 00 00 A0 41 88 00 00
[22:13:10.087] [INFO] [read-only] READ 64 byte(s):
70 C2 88 00 00 80 3F 88 00 00 00 00 88 00 00 00
00 88 00 00 00 00 88 00 00 A0 40 88 00 00 80 3F
88 00 00 A0 40 88 00 00 96 43 88 00 00 A0 40 88
33 33 33 3F 88 00 80 3B 44 88 00 00 A0 40 88 00
[22:13:10.088] [INFO] [read-only] READ 64 byte(s):
80 ED 44 88 00 00 80 3F 88 00 00 00 00 88 00 00
A0 40 88 00 00 A0 40 88 00 00 C8 42 88 00 00 80
3F 88 00 00 00 00 88 00 00 C8 41 88 00 00 A0 40
88 00 00 00 00 88 00 00 C0 3F 88 00 00 00 00 88
[22:13:10.090] [INFO] [read-only] READ 64 byte(s):
00 00 80 3F 88 00 00 C0 3F 88 00 00 00 00 88 00
00 00 00 88 00 00 A0 40 88 00 00 A0 40 88 00 00
80 3F 88 00 00 00 00 88 00 00 80 40 88 00 00 A0
40 88 00 00 00 00 88 00 00 00 00 88 00 00 F0 41
[22:13:10.091] [INFO] [read-only] READ 64 byte(s):
88 00 00 A0 40 88 00 00 00 00 88 00 00 00 00 88
00 00 F0 41 88 00 00 A0 40 88 00 00 00 00 88 00
00 00 00 88 00 00 F0 41 88 00 00 A0 40 88 00 00
00 00 88 00 00 00 00 88 00 00 F0 41 88 00 00 A0
[22:13:10.092] [INFO] [read-only] READ 64 byte(s):
40 88 00 00 00 00 88 00 00 00 00 88 00 00 F0 41
88 00 00 A0 40 88 00 00 00 00 88 00 00 00 00 88
00 00 F0 41 88 00 00 80 3F 88 00 00 00 00 88 00
00 00 00 88 00 00 00 00 88 00 00 70 41 88 00 00
[22:13:10.093] [INFO] [read-only] READ 64 byte(s):
00 3F 88 00 00 48 42 88 00 00 F0 40 88 00 00 00
00 88 00 00 40 40 88 00 00 D0 40 88 00 00 00 00
88 00 00 00 00 88 00 00 C0 40 88 00 00 00 00 88
00 00 70 41 88 00 00 00 3F 88 00 00 48 42 88 00
[22:13:10.095] [INFO] [read-only] READ 64 byte(s):
00 F0 40 88 00 00 00 00 88 00 00 70 41 88 00 00
00 3F 88 00 00 48 42 88 00 00 C8 41 88 00 00 F0
40 88 00 00 00 00 88 00 00 40 40 88 00 00 B4 43
88 00 00 F0 42 88 00 00 48 42 88 00 00 A0 40 88
[22:13:10.096] [INFO] [read-only] READ 64 byte(s):
00 00 80 3F 88 00 00 00 00 88 00 00 00 00 88 00
00 00 00 88 00 00 10 41 88 00 00 AF 43 88 00 00
A0 41 88 00 00 00 00 88 00 00 48 42 88 00 00 00
00 88 00 00 10 41 88 00 00 AF 43 88 00 00 A0 41
[22:13:10.098] [INFO] [read-only] READ 64 byte(s):
88 00 00 00 00 88 00 00 48 42 BA 6D 88 00 00 00
00 88 00 00 00 00 88 00 00 C8 C2 88 00 00 A0 41
88 00 00 70 C2 88 00 00 80 3F 88 00 00 00 00 88
00 00 00 00 88 00 00 00 00 88 00 00 A0 40 88 00
[22:13:10.099] [INFO] [read-only] READ 64 byte(s):
00 80 3F 88 00 00 A0 40 88 00 00 96 43 88 00 00
A0 40 88 33 33 33 3F 88 00 80 3B 44 88 00 00 A0
40 88 00 80 ED 44 88 00 00 80 3F 88 00 00 00 00
88 00 00 A0 40 88 00 00 A0 40 88 00 00 C8 42 88
[22:13:10.100] [INFO] [read-only] READ 64 byte(s):
00 00 80 3F 88 00 00 00 00 88 00 00 C8 41 88 00
00 A0 40 88 00 00 00 00 88 00 00 C0 3F 88 00 00
00 00 88 00 00 80 3F 88 00 00 C0 3F 88 00 00 00
00 88 00 00 00 00 88 00 00 A0 40 88 00 00 A0 40
[22:13:10.102] [INFO] [read-only] READ 64 byte(s):
88 00 00 80 3F 88 00 00 00 00 88 00 00 80 40 88
00 00 A0 40 88 00 00 00 00 88 00 00 00 00 88 00
00 F0 41 88 00 00 A0 40 88 00 00 00 00 88 00 00
00 00 88 00 00 F0 41 88 00 00 A0 40 88 00 00 00
[22:13:10.103] [INFO] [read-only] READ 64 byte(s):
00 88 00 00 00 00 88 00 00 F0 41 88 00 00 A0 40
88 00 00 00 00 88 00 00 00 00 88 00 00 F0 41 88
00 00 A0 40 88 00 00 00 00 88 00 00 00 00 88 00
00 F0 41 88 00 00 A0 40 88 00 00 00 00 88 00 00
[22:13:10.105] [INFO] [read-only] READ 64 byte(s):
00 00 88 00 00 F0 41 88 00 00 80 3F 88 00 00 00
00 88 00 00 00 00 88 00 00 00 00 88 00 00 70 41
88 00 00 00 3F 88 00 00 48 42 88 00 00 F0 40 88
00 00 00 00 88 00 00 40 40 88 00 00 D0 40 88 00
[22:13:10.106] [INFO] [read-only] READ 64 byte(s):
00 00 00 88 00 00 00 00 88 00 00 C0 40 88 00 00
00 00 88 00 00 70 41 88 00 00 00 3F 88 00 00 48
42 88 00 00 F0 40 88 00 00 00 00 88 00 00 70 41
88 00 00 00 3F 88 00 00 48 42 88 00 00 C8 41 88
[22:13:10.110] [INFO] [read-only] READ 64 byte(s):
00 00 F0 40 88 00 00 00 00 88 00 00 40 40 88 00
00 B4 43 88 00 00 F0 42 88 00 00 48 42 88 00 00
A0 40 88 00 00 80 3F 88 00 00 00 00 88 00 00 00
00 88 00 00 00 00 88 00 00 10 41 88 00 00 AF 43
[22:13:10.111] [INFO] [read-only] READ 64 byte(s):
88 00 00 A0 41 88 00 00 00 00 88 00 00 48 42 88
00 00 00 00 88 00 00 10 41 88 00 00 AF 43 88 00
00 A0 41 88 00 00 00 00 88 00 00 48 42 B9 0D B9
02 BC 21 00 B5 F0 3B B2 C7 FA 3A B8 9E 2C 3C 62
[22:13:10.113] [INFO] [read-only] READ 64 byte(s):
05 98 3C 72 37 F6 3B 36 67 C8 BB 3D 45 8E 3C 70
CB 0D 3C 6A 00 B9 02 BC 0B 32 30 32 35 2D 31 32
2D 30 35 00 0A B9 02 BC 21 43 4C 45 41 4E 00 3E
3B 2E C1 C9 3B 9B A9 BE 3B CF B8 F1 BB 40 A2 66
[22:13:10.115] [INFO] [read-only] READ 64 byte(s):
BB 9E 7A D2 BA B2 55 CD BA 7A 05 B9 02 BC 21 4E
6F 6E 65 00 A2 16 3B 21 EF 42 BB DA 00 84 BB 08
7B 93 3C FF DE C2 3B 6E 2D 27 BC 3B EC 1D 3C 9A
04 B9 02 BC 21 4E 6F 6E 65 00 09 3F 3B 92 9F AF
[22:13:10.116] [INFO] [read-only] READ 64 byte(s):
BB 84 26 F6 BB CD 66 B1 B9 45 87 F7 BA 6F 7C C6
BB 6D 08 74 B9 4E 04 B9 02 BC 21 4E 6F 6E 65 00
D8 92 3A E0 32 1F 3B D4 24 91 BC 6A A2 71 BC 23
91 4F BB 8C 68 0C BC 10 B6 0E BC 29 04 B9 02 BC
[22:13:10.117] [INFO] [read-only] READ 64 byte(s):
21 4E 6F 6E 65 00 58 62 BC 75 A4 1B BB DB 7D 5D
23 BB 9B F1 6D BC 24 AA 63 BC 6E 65 74 BB 48 B5
66 BC 1C 04 B9 02 BC 21 00 05 56 3B AA 40 97 B8
10 68 6D BC 65 30 30 BC 8F EE C1 BB C7 8E 88 BC
[22:13:10.119] [INFO] [read-only] READ 64 byte(s):
56 CA 07 BC 0F 2C 37 3C 5F 00 B9 02 BC 21 00 40
9E 3B F0 08 EF 3B 18 97 CA BB 05 3E B6 37 A4 BC
1A BB A3 71 B9 3A 4B F0 A5 BC 75 1E 03 BC CF 00
B9 02 BC 21 00 9C 77 BC 36 5F 61 3A AD A6 8D 3B
[22:13:10.120] [INFO] [read-only] READ 64 byte(s):
6E 1F 7D 5E BB 9C B9 1F 3B AD 18 9A 3B 3C 44 8E
BB EC 67 DE BC 53 00 B9 02 BC 21 00 93 B6 BC 82
C2 22 BC 38 5D 9B BC 9D 91 A1 BC 10 9A B0 BB B6
03 04 BC A9 5C E0 BC F1 09 C9 BB 8C 00 B9 02 BC
[22:13:10.121] [INFO] [read-only] READ 64 byte(s):
21 00 83 0B 3C 67 48 A8 BC B3 B1 8B BC DC 31 73
3C 36 45 9D BC C2 A5 B0 BC 1A 08 8A 3C FA BC 88
BC 61 00 B9 02 BC 41 00 2E CA BC 9A 5D C3 BB 03
E2 01 BB 46 51 91 BC AC 0C 54 3C 57 45 96 BC B2
[22:13:10.122] [INFO] [read-only] READ 44 byte(s):
DC 8B BC 28 7B 66 BC F5 2B 9F 3B 80 DD B5 3B FD
73 A0 BC 3C 6A 3E BD E3 C3 25 3D 8D 6F FF BD 85
51 A8 BB 80 65 00 00 72 00 E9 3A 7E
[22:13:10.125] [INFO] [read-only] WRITE 21 byte(s):
7E B9 03 81 00 03 82 06 00 80 0B 03 B9 04 0B 01
08 00 08 E9 7E
[22:13:10.130] [INFO] [read-only] READ 64 byte(s):
7E B9 03 81 04 03 81 9D 08 0B B9 03 01 08 B9 04
B9 02 BC 21 36 34 20 4D 69 64 20 47 61 69 6E 20
46 65 65 6C 73 00 00 00 00 00 00 00 00 00 00 00
00 00 00 00 00 11 BA 02 88 00 00 00 00 88 00 00
[22:13:10.132] [INFO] [read-only] READ 64 byte(s):
F0 42 BA 03 BA 6D 88 00 00 00 00 88 00 00 80 3F
88 00 00 68 C2 88 00 00 FA 43 88 00 00 C8 C2 88
00 00 80 3F 88 00 00 80 3F 88 00 00 28 C1 88 00
00 10 C1 88 00 00 40 41 88 00 00 80 3F 88 00 00
[22:13:10.133] [INFO] [read-only] READ 64 byte(s):
00 00 88 00 00 96 43 88 33 33 D3 40 88 33 33 33
3F 88 00 80 3B 44 88 33 33 F3 40 88 00 80 ED 44
88 00 00 80 3F 88 00 00 00 00 88 CD CC 14 41 88
67 66 D6 40 88 00 00 C8 42 88 00 00 80 3F 88 00
[22:13:10.134] [INFO] [read-only] READ 64 byte(s):
00 00 00 88 00 00 C8 41 88 00 00 A0 40 88 00 00
00 00 88 00 00 C0 3F 88 00 00 00 00 88 00 00 80
3F 88 00 00 C0 3F 88 00 00 00 00 88 00 00 00 00
88 00 00 C0 40 88 CD CC BC 40 88 00 00 80 3F 88
[22:13:10.135] [INFO] [read-only] READ 64 byte(s):
00 00 00 00 88 00 00 80 40 88 00 00 A0 40 88 00
00 00 00 88 00 00 00 00 88 00 00 F0 41 88 00 00
A0 40 88 00 00 00 00 88 00 00 00 00 88 00 00 F0
41 88 00 00 A0 40 88 00 00 00 00 88 00 00 00 00
[22:13:10.136] [INFO] [read-only] READ 64 byte(s):
88 00 00 F0 41 88 00 00 A0 40 88 00 00 00 00 88
00 00 00 00 88 00 00 F0 41 88 00 00 A0 40 88 00
00 00 00 88 00 00 00 00 88 00 00 F0 41 88 00 00
A0 40 88 00 00 00 00 88 00 00 00 00 88 00 00 F0
[22:13:10.138] [INFO] [read-only] READ 64 byte(s):
41 88 00 00 80 3F 88 00 00 00 00 88 00 00 00 00
88 00 00 00 00 88 00 00 70 41 88 FF FF FF 3E 88
00 00 48 42 88 00 00 F0 40 88 00 00 00 00 88 00
00 40 40 88 00 00 D0 40 88 00 00 00 00 88 00 00
[22:13:10.138] [INFO] [read-only] READ 64 byte(s):
00 00 88 00 00 C0 40 88 00 00 00 00 88 00 00 70
41 88 FF FF FF 3E 88 00 00 48 42 88 00 00 F0 40
88 00 00 00 00 88 00 00 70 41 88 FF FF FF 3E 88
00 00 48 42 88 00 00 C8 41 88 00 00 F0 40 88 00
[22:13:10.139] [INFO] [read-only] READ 64 byte(s):
00 00 00 88 00 00 40 40 88 00 00 B4 43 88 00 00
F0 42 88 00 00 48 42 88 00 00 A0 40 88 00 00 80
3F 88 00 00 00 00 88 00 00 00 00 88 00 00 00 00
88 00 00 10 41 88 00 00 AF 43 88 00 00 A0 41 88
[22:13:10.140] [INFO] [read-only] READ 64 byte(s):
00 00 00 00 88 00 00 48 42 88 00 00 00 00 88 00
00 10 41 88 00 00 AF 43 88 00 00 A0 41 88 00 00
00 00 88 00 00 48 42 BA 6D 88 00 00 00 00 88 00
00 00 00 88 00 00 C8 C2 88 00 00 A0 41 88 00 00
[22:13:10.141] [INFO] [read-only] READ 64 byte(s):
70 C2 88 00 00 80 3F 88 00 00 00 00 88 00 00 00
00 88 00 00 00 00 88 00 00 A0 40 88 00 00 80 3F
88 00 00 A0 40 88 00 00 96 43 88 00 00 A0 40 88
33 33 33 3F 88 00 80 3B 44 88 00 00 A0 40 88 00
[22:13:10.143] [INFO] [read-only] READ 64 byte(s):
80 ED 44 88 00 00 80 3F 88 00 00 00 00 88 00 00
A0 40 88 00 00 A0 40 88 00 00 C8 42 88 00 00 80
3F 88 00 00 00 00 88 00 00 C8 41 88 00 00 A0 40
88 00 00 00 00 88 00 00 C0 3F 88 00 00 00 00 88
[22:13:10.144] [INFO] [read-only] READ 64 byte(s):
00 00 80 3F 88 00 00 C0 3F 88 00 00 00 00 88 00
00 00 00 88 00 00 A0 40 88 00 00 A0 40 88 00 00
80 3F 88 00 00 00 00 88 00 00 80 40 88 00 00 A0
40 88 00 00 00 00 88 00 00 00 00 88 00 00 F0 41
[22:13:10.145] [INFO] [read-only] READ 64 byte(s):
88 00 00 A0 40 88 00 00 00 00 88 00 00 00 00 88
00 00 F0 41 88 00 00 A0 40 88 00 00 00 00 88 00
00 00 00 88 00 00 F0 41 88 00 00 A0 40 88 00 00
00 00 88 00 00 00 00 88 00 00 F0 41 88 00 00 A0
[22:13:10.147] [INFO] [read-only] READ 64 byte(s):
40 88 00 00 00 00 88 00 00 00 00 88 00 00 F0 41
88 00 00 A0 40 88 00 00 00 00 88 00 00 00 00 88
00 00 F0 41 88 00 00 80 3F 88 00 00 00 00 88 00
00 00 00 88 00 00 00 00 88 00 00 70 41 88 00 00
[22:13:10.148] [INFO] [read-only] READ 64 byte(s):
00 3F 88 00 00 48 42 88 00 00 F0 40 88 00 00 00
00 88 00 00 40 40 88 00 00 D0 40 88 00 00 00 00
88 00 00 00 00 88 00 00 C0 40 88 00 00 00 00 88
00 00 70 41 88 00 00 00 3F 88 00 00 48 42 88 00
[22:13:10.149] [INFO] [read-only] READ 64 byte(s):
00 F0 40 88 00 00 00 00 88 00 00 70 41 88 00 00
00 3F 88 00 00 48 42 88 00 00 C8 41 88 00 00 F0
40 88 00 00 00 00 88 00 00 40 40 88 00 00 B4 43
88 00 00 F0 42 88 00 00 48 42 88 00 00 A0 40 88
[22:13:10.150] [INFO] [read-only] READ 64 byte(s):
00 00 80 3F 88 00 00 00 00 88 00 00 00 00 88 00
00 00 00 88 00 00 10 41 88 00 00 AF 43 88 00 00
A0 41 88 00 00 00 00 88 00 00 48 42 88 00 00 00
00 88 00 00 10 41 88 00 00 AF 43 88 00 00 A0 41
[22:13:10.152] [INFO] [read-only] READ 64 byte(s):
88 00 00 00 00 88 00 00 48 42 BA 6D 88 00 00 00
00 88 00 00 00 00 88 00 00 C8 C2 88 00 00 A0 41
88 00 00 70 C2 88 00 00 80 3F 88 00 00 00 00 88
00 00 00 00 88 00 00 00 00 88 00 00 A0 40 88 00
[22:13:10.153] [INFO] [read-only] READ 64 byte(s):
00 80 3F 88 00 00 A0 40 88 00 00 96 43 88 00 00
A0 40 88 33 33 33 3F 88 00 80 3B 44 88 00 00 A0
40 88 00 80 ED 44 88 00 00 80 3F 88 00 00 00 00
88 00 00 A0 40 88 00 00 A0 40 88 00 00 C8 42 88
[22:13:10.154] [INFO] [read-only] READ 64 byte(s):
00 00 80 3F 88 00 00 00 00 88 00 00 C8 41 88 00
00 A0 40 88 00 00 00 00 88 00 00 C0 3F 88 00 00
00 00 88 00 00 80 3F 88 00 00 C0 3F 88 00 00 00
00 88 00 00 00 00 88 00 00 A0 40 88 00 00 A0 40
[22:13:10.155] [INFO] [read-only] READ 64 byte(s):
88 00 00 80 3F 88 00 00 00 00 88 00 00 80 40 88
00 00 A0 40 88 00 00 00 00 88 00 00 00 00 88 00
00 F0 41 88 00 00 A0 40 88 00 00 00 00 88 00 00
00 00 88 00 00 F0 41 88 00 00 A0 40 88 00 00 00
[22:13:10.157] [INFO] [read-only] READ 64 byte(s):
00 88 00 00 00 00 88 00 00 F0 41 88 00 00 A0 40
88 00 00 00 00 88 00 00 00 00 88 00 00 F0 41 88
00 00 A0 40 88 00 00 00 00 88 00 00 00 00 88 00
00 F0 41 88 00 00 A0 40 88 00 00 00 00 88 00 00
[22:13:10.159] [INFO] [read-only] READ 64 byte(s):
00 00 88 00 00 F0 41 88 00 00 80 3F 88 00 00 00
00 88 00 00 00 00 88 00 00 00 00 88 00 00 70 41
88 00 00 00 3F 88 00 00 48 42 88 00 00 F0 40 88
00 00 00 00 88 00 00 40 40 88 00 00 D0 40 88 00
[22:13:10.160] [INFO] [read-only] READ 64 byte(s):
00 00 00 88 00 00 00 00 88 00 00 C0 40 88 00 00
00 00 88 00 00 70 41 88 00 00 00 3F 88 00 00 48
42 88 00 00 F0 40 88 00 00 00 00 88 00 00 70 41
88 00 00 00 3F 88 00 00 48 42 88 00 00 C8 41 88
[22:13:10.162] [INFO] [read-only] READ 64 byte(s):
00 00 F0 40 88 00 00 00 00 88 00 00 40 40 88 00
00 B4 43 88 00 00 F0 42 88 00 00 48 42 88 00 00
A0 40 88 00 00 80 3F 88 00 00 00 00 88 00 00 00
00 88 00 00 00 00 88 00 00 10 41 88 00 00 AF 43
[22:13:10.163] [INFO] [read-only] READ 64 byte(s):
88 00 00 A0 41 88 00 00 00 00 88 00 00 48 42 88
00 00 00 00 88 00 00 10 41 88 00 00 AF 43 88 00
00 A0 41 88 00 00 00 00 88 00 00 48 42 B9 0D B9
02 BC 21 00 B5 F0 3B B2 C7 FA 3A B8 9E 2C 3C 62
[22:13:10.165] [INFO] [read-only] READ 64 byte(s):
05 98 3C 72 37 F6 3B 36 67 C8 BB 3D 45 8E 3C 70
CB 0D 3C 6A 00 B9 02 BC 0B 32 30 32 35 2D 31 32
2D 30 36 00 0A B9 02 BC 21 44 52 49 56 45 00 3E
3B 2E C1 C9 3B 9B A9 BE 3B CF B8 F1 BB 40 A2 66
[22:13:10.166] [INFO] [read-only] READ 64 byte(s):
BB 9E 7A D2 BA B2 55 CD BA 7A 05 B9 02 BC 21 4E
6F 6E 65 00 A2 16 3B 21 EF 42 BB DA 00 84 BB 08
7B 93 3C FF DE C2 3B 6E 2D 27 BC 3B EC 1D 3C 9A
04 B9 02 BC 21 4E 6F 6E 65 00 09 3F 3B 92 9F AF
[22:13:10.167] [INFO] [read-only] READ 64 byte(s):
BB 84 26 F6 BB CD 66 B1 B9 45 87 F7 BA 6F 7C C6
BB 6D 08 74 B9 4E 04 B9 02 BC 21 4E 6F 6E 65 00
D8 92 3A E0 32 1F 3B D4 24 91 BC 6A A2 71 BC 23
91 4F BB 8C 68 0C BC 10 B6 0E BC 29 04 B9 02 BC
[22:13:10.168] [INFO] [read-only] READ 64 byte(s):
21 4E 6F 6E 65 00 58 62 BC 75 A4 1B BB DB 7D 5D
23 BB 9B F1 6D BC 24 AA 63 BC 6E 65 74 BB 48 B5
66 BC 1C 04 B9 02 BC 21 00 05 56 3B AA 40 97 B8
10 68 6D BC 65 30 30 BC 8F EE C1 BB C7 8E 88 BC
[22:13:10.169] [INFO] [read-only] READ 64 byte(s):
56 CA 07 BC 0F 2C 37 3C 5F 00 B9 02 BC 21 00 40
9E 3B F0 08 EF 3B 18 97 CA BB 05 3E B6 37 A4 BC
1A BB A3 71 B9 3A 4B F0 A5 BC 75 1E 03 BC CF 00
B9 02 BC 21 00 9C 77 BC 36 5F 61 3A AD A6 8D 3B
[22:13:10.170] [INFO] [read-only] READ 64 byte(s):
6E 1F 7D 5E BB 9C B9 1F 3B AD 18 9A 3B 3C 44 8E
BB EC 67 DE BC 53 00 B9 02 BC 21 00 93 B6 BC 82
C2 22 BC 38 5D 9B BC 9D 91 A1 BC 10 9A B0 BB B6
03 04 BC A9 5C E0 BC F1 09 C9 BB 8C 00 B9 02 BC
[22:13:10.171] [INFO] [read-only] READ 64 byte(s):
21 00 83 0B 3C 67 48 A8 BC B3 B1 8B BC DC 31 73
3C 36 45 9D BC C2 A5 B0 BC 1A 08 8A 3C FA BC 88
BC 61 00 B9 02 BC 41 00 2E CA BC 9A 5D C3 BB 03
E2 01 BB 46 51 91 BC AC 0C 54 3C 57 45 96 BC B2
[22:13:10.172] [INFO] [read-only] READ 44 byte(s):
DC 8B BC 28 7B 66 BC F5 2B 9F 3B 80 DD B5 3B FD
73 A0 BC 3C 6A 3E BD E3 C3 25 3D 8D 6F FF BD B0
A2 5C 8B 9A 10 00 00 72 00 B5 BF 7E
[22:13:10.173] [INFO] [read-only] WRITE 21 byte(s):
7E B9 03 81 00 03 82 06 00 80 0B 03 B9 04 0B 01
09 00 D0 F0 7E
[22:13:10.176] [INFO] [read-only] READ 64 byte(s):
7E B9 03 81 04 03 81 9D 08 0B B9 03 01 09 B9 04
B9 02 BC 21 36 36 20 4C 6F 20 47 61 69 6E 20 46
65 65 6C 73 00 00 00 00 00 00 00 00 00 00 00 00
00 00 00 00 00 10 BA 02 88 00 00 00 00 88 00 00
[22:13:10.177] [INFO] [read-only] READ 64 byte(s):
F0 42 BA 03 BA 6D 88 00 00 00 00 88 00 00 00 00
88 00 00 C8 C2 88 00 00 A0 41 88 00 00 70 C2 88
00 00 80 3F 88 00 00 00 00 88 00 00 00 00 88 00
00 00 00 88 00 00 A0 40 88 00 00 80 3F 88 00 00
[22:13:10.178] [INFO] [read-only] READ 64 byte(s):
A0 40 88 00 00 96 43 88 00 00 A0 40 88 33 33 33
3F 88 00 80 3B 44 88 00 00 A0 40 88 00 80 ED 44
88 00 00 80 3F 88 00 00 00 00 88 00 00 A0 40 88
00 00 A0 40 88 00 00 C8 42 88 00 00 80 3F 88 00
[22:13:10.179] [INFO] [read-only] READ 64 byte(s):
00 00 00 88 00 00 C8 41 88 00 00 A0 40 88 00 00
00 00 88 00 00 C0 3F 88 00 00 00 00 88 00 00 80
3F 88 00 00 C0 3F 88 00 00 00 00 88 00 00 00 00
88 00 00 A0 40 88 00 00 A0 40 88 00 00 80 3F 88
[22:13:10.181] [INFO] [read-only] READ 64 byte(s):
00 00 00 00 88 00 00 80 40 88 00 00 A0 40 88 00
00 00 00 88 00 00 00 00 88 00 00 F0 41 88 00 00
A0 40 88 00 00 00 00 88 00 00 00 00 88 00 00 F0
41 88 00 00 A0 40 88 00 00 00 00 88 00 00 00 00
[22:13:10.182] [INFO] [read-only] READ 64 byte(s):
88 00 00 F0 41 88 00 00 A0 40 88 00 00 00 00 88
00 00 00 00 88 00 00 F0 41 88 00 00 A0 40 88 00
00 00 00 88 00 00 00 00 88 00 00 F0 41 88 00 00
A0 40 88 00 00 00 00 88 00 00 00 00 88 00 00 F0
[22:13:10.184] [INFO] [read-only] READ 64 byte(s):
41 88 00 00 80 3F 88 00 00 00 00 88 00 00 00 00
88 00 00 00 00 88 00 00 70 41 88 00 00 00 3F 88
00 00 48 42 88 00 00 F0 40 88 00 00 00 00 88 00
00 40 40 88 00 00 D0 40 88 00 00 00 00 88 00 00
[22:13:10.185] [INFO] [read-only] READ 64 byte(s):
00 00 88 00 00 C0 40 88 00 00 00 00 88 00 00 70
41 88 00 00 00 3F 88 00 00 48 42 88 00 00 F0 40
88 00 00 00 00 88 00 00 70 41 88 00 00 00 3F 88
00 00 48 42 88 00 00 C8 41 88 00 00 F0 40 88 00
[22:13:10.187] [INFO] [read-only] READ 64 byte(s):
00 00 00 88 00 00 40 40 88 00 00 B4 43 88 00 00
F0 42 88 00 00 48 42 88 00 00 A0 40 88 00 00 80
3F 88 00 00 00 00 88 00 00 00 00 88 00 00 00 00
88 00 00 10 41 88 00 00 AF 43 88 00 00 A0 41 88
[22:13:10.189] [INFO] [read-only] READ 64 byte(s):
00 00 00 00 88 00 00 48 42 88 00 00 00 00 88 00
00 10 41 88 00 00 AF 43 88 00 00 A0 41 88 00 00
00 00 88 00 00 48 42 BA 6D 88 00 00 00 00 88 00
00 00 00 88 00 00 C8 C2 88 00 00 A0 41 88 00 00
[22:13:10.190] [INFO] [read-only] READ 64 byte(s):
70 C2 88 00 00 80 3F 88 00 00 00 00 88 00 00 00
00 88 00 00 00 00 88 00 00 A0 40 88 00 00 80 3F
88 00 00 A0 40 88 00 00 96 43 88 00 00 A0 40 88
33 33 33 3F 88 00 80 3B 44 88 00 00 A0 40 88 00
[22:13:10.191] [INFO] [read-only] READ 64 byte(s):
80 ED 44 88 00 00 80 3F 88 00 00 00 00 88 00 00
A0 40 88 00 00 A0 40 88 00 00 C8 42 88 00 00 80
3F 88 00 00 00 00 88 00 00 C8 41 88 00 00 A0 40
88 00 00 00 00 88 00 00 C0 3F 88 00 00 00 00 88
[22:13:10.193] [INFO] [read-only] READ 64 byte(s):
00 00 80 3F 88 00 00 C0 3F 88 00 00 00 00 88 00
00 00 00 88 00 00 A0 40 88 00 00 A0 40 88 00 00
80 3F 88 00 00 00 00 88 00 00 80 40 88 00 00 A0
40 88 00 00 00 00 88 00 00 00 00 88 00 00 F0 41
[22:13:10.196] [INFO] [read-only] READ 64 byte(s):
88 00 00 A0 40 88 00 00 00 00 88 00 00 00 00 88
00 00 F0 41 88 00 00 A0 40 88 00 00 00 00 88 00
00 00 00 88 00 00 F0 41 88 00 00 A0 40 88 00 00
00 00 88 00 00 00 00 88 00 00 F0 41 88 00 00 A0
[22:13:10.198] [INFO] [read-only] READ 64 byte(s):
40 88 00 00 00 00 88 00 00 00 00 88 00 00 F0 41
88 00 00 A0 40 88 00 00 00 00 88 00 00 00 00 88
00 00 F0 41 88 00 00 80 3F 88 00 00 00 00 88 00
00 00 00 88 00 00 00 00 88 00 00 70 41 88 00 00
[22:13:10.200] [INFO] [read-only] READ 64 byte(s):
00 3F 88 00 00 48 42 88 00 00 F0 40 88 00 00 00
00 88 00 00 40 40 88 00 00 D0 40 88 00 00 00 00
88 00 00 00 00 88 00 00 C0 40 88 00 00 00 00 88
00 00 70 41 88 00 00 00 3F 88 00 00 48 42 88 00
[22:13:10.202] [INFO] [read-only] READ 64 byte(s):
00 F0 40 88 00 00 00 00 88 00 00 70 41 88 00 00
00 3F 88 00 00 48 42 88 00 00 C8 41 88 00 00 F0
40 88 00 00 00 00 88 00 00 40 40 88 00 00 B4 43
88 00 00 F0 42 88 00 00 48 42 88 00 00 A0 40 88
[22:13:10.204] [INFO] [read-only] READ 64 byte(s):
00 00 80 3F 88 00 00 00 00 88 00 00 00 00 88 00
00 00 00 88 00 00 10 41 88 00 00 AF 43 88 00 00
A0 41 88 00 00 00 00 88 00 00 48 42 88 00 00 00
00 88 00 00 10 41 88 00 00 AF 43 88 00 00 A0 41
[22:13:10.205] [INFO] [read-only] READ 64 byte(s):
88 00 00 00 00 88 00 00 48 42 BA 6D 88 00 00 00
00 88 00 00 00 00 88 00 00 C8 C2 88 00 00 A0 41
88 00 00 70 C2 88 00 00 80 3F 88 00 00 00 00 88
00 00 00 00 88 00 00 00 00 88 00 00 A0 40 88 00
[22:13:10.207] [INFO] [read-only] READ 64 byte(s):
00 80 3F 88 00 00 A0 40 88 00 00 96 43 88 00 00
A0 40 88 33 33 33 3F 88 00 80 3B 44 88 00 00 A0
40 88 00 80 ED 44 88 00 00 80 3F 88 00 00 00 00
88 00 00 A0 40 88 00 00 A0 40 88 00 00 C8 42 88
[22:13:10.209] [INFO] [read-only] READ 64 byte(s):
00 00 80 3F 88 00 00 00 00 88 00 00 C8 41 88 00
00 A0 40 88 00 00 00 00 88 00 00 C0 3F 88 00 00
00 00 88 00 00 80 3F 88 00 00 C0 3F 88 00 00 00
00 88 00 00 00 00 88 00 00 A0 40 88 00 00 A0 40
[22:13:10.210] [INFO] [read-only] READ 64 byte(s):
88 00 00 80 3F 88 00 00 00 00 88 00 00 80 40 88
00 00 A0 40 88 00 00 00 00 88 00 00 00 00 88 00
00 F0 41 88 00 00 A0 40 88 00 00 00 00 88 00 00
00 00 88 00 00 F0 41 88 00 00 A0 40 88 00 00 00
[22:13:10.212] [INFO] [read-only] READ 64 byte(s):
00 88 00 00 00 00 88 00 00 F0 41 88 00 00 A0 40
88 00 00 00 00 88 00 00 00 00 88 00 00 F0 41 88
00 00 A0 40 88 00 00 00 00 88 00 00 00 00 88 00
00 F0 41 88 00 00 A0 40 88 00 00 00 00 88 00 00
[22:13:10.213] [INFO] [read-only] READ 64 byte(s):
00 00 88 00 00 F0 41 88 00 00 80 3F 88 00 00 00
00 88 00 00 00 00 88 00 00 00 00 88 00 00 70 41
88 00 00 00 3F 88 00 00 48 42 88 00 00 F0 40 88
00 00 00 00 88 00 00 40 40 88 00 00 D0 40 88 00
[22:13:10.214] [INFO] [read-only] READ 64 byte(s):
00 00 00 88 00 00 00 00 88 00 00 C0 40 88 00 00
00 00 88 00 00 70 41 88 00 00 00 3F 88 00 00 48
42 88 00 00 F0 40 88 00 00 00 00 88 00 00 70 41
88 00 00 00 3F 88 00 00 48 42 88 00 00 C8 41 88
[22:13:10.215] [INFO] [read-only] READ 64 byte(s):
00 00 F0 40 88 00 00 00 00 88 00 00 40 40 88 00
00 B4 43 88 00 00 F0 42 88 00 00 48 42 88 00 00
A0 40 88 00 00 80 3F 88 00 00 00 00 88 00 00 00
00 88 00 00 00 00 88 00 00 10 41 88 00 00 AF 43
[22:13:10.216] [INFO] [read-only] READ 64 byte(s):
88 00 00 A0 41 88 00 00 00 00 88 00 00 48 42 88
00 00 00 00 88 00 00 10 41 88 00 00 AF 43 88 00
00 A0 41 88 00 00 00 00 88 00 00 48 42 B9 0D B9
02 BC 21 00 4C 53 3C 83 3A A9 3C 45 04 57 3C 90
[22:13:10.217] [INFO] [read-only] READ 64 byte(s):
66 83 3C C1 1C BA 3C 82 B7 43 3C 7D 5D C1 92 3C
87 38 2D 3C 3B 00 B9 02 BC 0B 32 30 32 35 2D 31
32 2D 30 35 00 0A B9 02 BC 21 43 4C 45 41 4E 00
AA 3C E7 B0 52 3C 0E 61 C5 3A 8D 4C 0A BB 04 7C
[22:13:10.218] [INFO] [read-only] READ 64 byte(s):
89 3C 0A F7 01 BB E8 2F 74 BA 19 05 B9 02 BC 21
4E 6F 6E 65 00 CA DA 3A 41 57 42 3C A4 34 EF 3A
C1 57 DE 3B E8 5C 85 3B EB 4A 18 3C 28 9C 60 3C
5D 04 B9 02 BC 21 4E 6F 6E 65 00 02 33 3B 10 70
[22:13:10.219] [INFO] [read-only] READ 64 byte(s):
00 BC A4 B9 E1 BA 8C 43 8F 3B C8 BA 71 3A 86 09
ED 3A CF 40 A4 3B E3 04 B9 02 BC 21 4E 6F 6E 65
00 E0 09 BC 0F 66 6D BB 63 B6 1C BC 7C A2 10 BC
98 01 26 BB FB 33 6E BC BE 12 A5 BB 45 04 B9 02
[22:13:10.220] [INFO] [read-only] READ 64 byte(s):
BC 21 4E 6F 6E 65 00 05 0E 3B B5 FA 3A BB 8B E0
BF BB 21 72 BE BB B9 79 09 BC 3C 8E 10 B7 A6 69
1D BC E8 04 B9 02 BC 21 00 01 2C BA E7 EA 03 BC
D8 05 0C BC 6A 73 01 BB 2E 3E 31 BC 87 EC 5B BB
[22:13:10.221] [INFO] [read-only] READ 64 byte(s):
3E 92 9F BB 6B 33 75 BB F5 00 B9 02 BC 21 00 6A
F4 3B 4E E5 2F 3B F6 3C 6B 3B 80 C6 00 3C 2D F2
22 BC 34 7B 28 BC E6 0A A6 BB 80 C3 71 BC 5E 00
B9 02 BC 21 00 C3 76 BB 10 09 C1 3B AF 46 82 3B
[22:13:10.222] [INFO] [read-only] READ 64 byte(s):
F8 AA 6E 3B 7D 5E 05 10 3C 6E 5A EC 39 A2 0D 14
3B A9 DD 0C BC 50 00 B9 02 BC 21 00 03 A7 BB 9B
1D 3B BC 63 C0 6D BB 60 0E F9 BB 13 7D 5E 6C BC
63 FA CD BB 18 74 37 BC A1 28 34 BC 38 00 B9 02
[22:13:10.223] [INFO] [read-only] READ 64 byte(s):
BC 21 00 36 F5 BB 46 A0 D0 BB 4B 25 A0 3B A2 09
BC BA DE 03 08 BB F0 BF 02 BB C7 84 34 BB 6D C3
A9 B8 A5 00 B9 02 BC 41 00 13 60 BC E1 E8 E4 BB
D0 0D 96 BB 88 F9 B0 BC 8C E3 C2 3B CD 5D 4A 3C
[22:13:10.224] [INFO] [read-only] READ 45 byte(s):
7F 5E BD BB 90 37 92 BC 14 66 A5 3C D0 AB B3 3C
0A 9B 22 BD B6 37 32 BD 3C 7C E9 3D FA 30 29 BE
85 51 A8 BB 80 65 00 00 72 00 87 32 7E
[22:13:10.226] [INFO] [read-only] WRITE 21 byte(s):
7E B9 03 81 00 03 82 06 00 80 0B 03 B9 04 0B 01
0A 00 B8 DA 7E
[22:13:10.229] [INFO] [read-only] READ 64 byte(s):
7E B9 03 81 04 03 81 9D 08 0B B9 03 01 0A B9 04
B9 02 BC 21 54 72 61 64 69 74 69 6F 6E 61 6C 20
4C 6F 47 61 69 6E 00 00 00 00 00 00 00 00 00 00
00 00 00 00 00 12 BA 02 88 00 00 00 00 88 00 00
[22:13:10.231] [INFO] [read-only] READ 64 byte(s):
F0 42 BA 03 BA 6D 88 00 00 00 00 88 00 00 00 00
88 00 00 C8 C2 88 00 00 A0 41 88 00 00 70 C2 88
00 00 80 3F 88 00 00 00 00 88 00 00 00 00 88 00
00 00 00 88 00 00 A0 40 88 00 00 80 3F 88 67 66
[22:13:10.232] [INFO] [read-only] READ 64 byte(s):
46 40 88 00 00 96 43 88 00 00 A0 40 88 33 33 33
3F 88 00 80 3B 44 88 00 00 A0 40 88 00 80 ED 44
88 00 00 80 3F 88 00 00 00 00 88 CD CC AC 40 88
9A 99 09 41 88 00 00 C8 42 88 00 00 80 3F 88 00
[22:13:10.233] [INFO] [read-only] READ 64 byte(s):
00 00 00 88 00 00 C8 41 88 00 00 A0 40 88 00 00
00 00 88 00 00 C0 3F 88 00 00 00 00 88 00 00 80
3F 88 00 00 C0 3F 88 00 00 00 00 88 00 00 00 00
88 00 00 A0 40 88 00 00 A0 40 88 00 00 80 3F 88
[22:13:10.234] [INFO] [read-only] READ 64 byte(s):
00 00 00 00 88 00 00 80 40 88 00 00 A0 40 88 00
00 00 00 88 00 00 00 00 88 00 00 F0 41 88 00 00
A0 40 88 00 00 00 00 88 00 00 00 00 88 00 00 F0
41 88 00 00 A0 40 88 00 00 00 00 88 00 00 00 00
[22:13:10.235] [INFO] [read-only] READ 64 byte(s):
88 00 00 F0 41 88 00 00 A0 40 88 00 00 00 00 88
00 00 00 00 88 00 00 F0 41 88 00 00 A0 40 88 00
00 00 00 88 00 00 00 00 88 00 00 F0 41 88 00 00
A0 40 88 00 00 00 00 88 00 00 00 00 88 00 00 F0
[22:13:10.236] [INFO] [read-only] READ 64 byte(s):
41 88 00 00 80 3F 88 00 00 00 00 88 00 00 00 00
88 00 00 00 00 88 00 00 70 41 88 00 00 00 3F 88
00 00 48 42 88 00 00 F0 40 88 00 00 00 00 88 00
00 40 40 88 00 00 D0 40 88 00 00 00 00 88 00 00
[22:13:10.240] [INFO] [read-only] READ 64 byte(s):
00 00 88 00 00 C0 40 88 00 00 00 00 88 00 00 70
41 88 00 00 00 3F 88 00 00 48 42 88 00 00 F0 40
88 00 00 00 00 88 00 00 70 41 88 00 00 00 3F 88
00 00 48 42 88 00 00 C8 41 88 00 00 F0 40 88 00
[22:13:10.241] [INFO] [read-only] READ 64 byte(s):
00 00 00 88 00 00 40 40 88 00 00 B4 43 88 00 00
F0 42 88 00 00 48 42 88 00 00 A0 40 88 00 00 80
3F 88 00 00 00 00 88 00 00 00 00 88 00 00 00 00
88 00 00 10 41 88 00 00 AF 43 88 00 00 A0 41 88
[22:13:10.242] [INFO] [read-only] READ 64 byte(s):
00 00 00 00 88 00 00 48 42 88 00 00 00 00 88 00
00 10 41 88 00 00 AF 43 88 00 00 A0 41 88 00 00
00 00 88 00 00 48 42 BA 6D 88 00 00 00 00 88 00
00 00 00 88 00 00 C8 C2 88 00 00 A0 41 88 00 00
[22:13:10.243] [INFO] [read-only] READ 64 byte(s):
70 C2 88 00 00 80 3F 88 00 00 00 00 88 00 00 00
00 88 00 00 00 00 88 00 00 A0 40 88 00 00 80 3F
88 00 00 A0 40 88 00 00 96 43 88 00 00 A0 40 88
33 33 33 3F 88 00 80 3B 44 88 00 00 A0 40 88 00
[22:13:10.244] [INFO] [read-only] READ 64 byte(s):
80 ED 44 88 00 00 80 3F 88 00 00 00 00 88 00 00
A0 40 88 00 00 A0 40 88 00 00 C8 42 88 00 00 80
3F 88 00 00 00 00 88 00 00 C8 41 88 00 00 A0 40
88 00 00 00 00 88 00 00 C0 3F 88 00 00 00 00 88
[22:13:10.246] [INFO] [read-only] READ 64 byte(s):
00 00 80 3F 88 00 00 C0 3F 88 00 00 00 00 88 00
00 00 00 88 00 00 A0 40 88 00 00 A0 40 88 00 00
80 3F 88 00 00 00 00 88 00 00 80 40 88 00 00 A0
40 88 00 00 00 00 88 00 00 00 00 88 00 00 F0 41
[22:13:10.247] [INFO] [read-only] READ 64 byte(s):
88 00 00 A0 40 88 00 00 00 00 88 00 00 00 00 88
00 00 F0 41 88 00 00 A0 40 88 00 00 00 00 88 00
00 00 00 88 00 00 F0 41 88 00 00 A0 40 88 00 00
00 00 88 00 00 00 00 88 00 00 F0 41 88 00 00 A0
[22:13:10.248] [INFO] [read-only] READ 64 byte(s):
40 88 00 00 00 00 88 00 00 00 00 88 00 00 F0 41
88 00 00 A0 40 88 00 00 00 00 88 00 00 00 00 88
00 00 F0 41 88 00 00 80 3F 88 00 00 00 00 88 00
00 00 00 88 00 00 00 00 88 00 00 70 41 88 00 00
[22:13:10.249] [INFO] [read-only] READ 64 byte(s):
00 3F 88 00 00 48 42 88 00 00 F0 40 88 00 00 00
00 88 00 00 40 40 88 00 00 D0 40 88 00 00 00 00
88 00 00 00 00 88 00 00 C0 40 88 00 00 00 00 88
00 00 70 41 88 00 00 00 3F 88 00 00 48 42 88 00
[22:13:10.252] [INFO] [read-only] READ 64 byte(s):
00 F0 40 88 00 00 00 00 88 00 00 70 41 88 00 00
00 3F 88 00 00 48 42 88 00 00 C8 41 88 00 00 F0
40 88 00 00 00 00 88 00 00 40 40 88 00 00 B4 43
88 00 00 F0 42 88 00 00 48 42 88 00 00 A0 40 88
[22:13:10.255] [INFO] [read-only] READ 64 byte(s):
00 00 80 3F 88 00 00 00 00 88 00 00 00 00 88 00
00 00 00 88 00 00 10 41 88 00 00 AF 43 88 00 00
A0 41 88 00 00 00 00 88 00 00 48 42 88 00 00 00
00 88 00 00 10 41 88 00 00 AF 43 88 00 00 A0 41
[22:13:10.257] [INFO] [read-only] READ 64 byte(s):
88 00 00 00 00 88 00 00 48 42 BA 6D 88 00 00 00
00 88 00 00 00 00 88 00 00 C8 C2 88 00 00 A0 41
88 00 00 70 C2 88 00 00 80 3F 88 00 00 00 00 88
00 00 00 00 88 00 00 00 00 88 00 00 A0 40 88 00
[22:13:10.259] [INFO] [read-only] READ 64 byte(s):
00 80 3F 88 00 00 A0 40 88 00 00 96 43 88 00 00
A0 40 88 33 33 33 3F 88 00 80 3B 44 88 00 00 A0
40 88 00 80 ED 44 88 00 00 80 3F 88 00 00 00 00
88 00 00 A0 40 88 00 00 A0 40 88 00 00 C8 42 88
[22:13:10.265] [INFO] [read-only] READ 64 byte(s):
00 00 80 3F 88 00 00 00 00 88 00 00 C8 41 88 00
00 A0 40 88 00 00 00 00 88 00 00 C0 3F 88 00 00
00 00 88 00 00 80 3F 88 00 00 C0 3F 88 00 00 00
00 88 00 00 00 00 88 00 00 A0 40 88 00 00 A0 40
[22:13:10.267] [INFO] [read-only] READ 64 byte(s):
88 00 00 80 3F 88 00 00 00 00 88 00 00 80 40 88
00 00 A0 40 88 00 00 00 00 88 00 00 00 00 88 00
00 F0 41 88 00 00 A0 40 88 00 00 00 00 88 00 00
00 00 88 00 00 F0 41 88 00 00 A0 40 88 00 00 00
[22:13:10.269] [INFO] [read-only] READ 64 byte(s):
00 88 00 00 00 00 88 00 00 F0 41 88 00 00 A0 40
88 00 00 00 00 88 00 00 00 00 88 00 00 F0 41 88
00 00 A0 40 88 00 00 00 00 88 00 00 00 00 88 00
00 F0 41 88 00 00 A0 40 88 00 00 00 00 88 00 00
[22:13:10.271] [INFO] [read-only] READ 64 byte(s):
00 00 88 00 00 F0 41 88 00 00 80 3F 88 00 00 00
00 88 00 00 00 00 88 00 00 00 00 88 00 00 70 41
88 00 00 00 3F 88 00 00 48 42 88 00 00 F0 40 88
00 00 00 00 88 00 00 40 40 88 00 00 D0 40 88 00
[22:13:10.273] [INFO] [read-only] READ 64 byte(s):
00 00 00 88 00 00 00 00 88 00 00 C0 40 88 00 00
00 00 88 00 00 70 41 88 00 00 00 3F 88 00 00 48
42 88 00 00 F0 40 88 00 00 00 00 88 00 00 70 41
88 00 00 00 3F 88 00 00 48 42 88 00 00 C8 41 88
[22:13:10.274] [INFO] [read-only] READ 64 byte(s):
00 00 F0 40 88 00 00 00 00 88 00 00 40 40 88 00
00 B4 43 88 00 00 F0 42 88 00 00 48 42 88 00 00
A0 40 88 00 00 80 3F 88 00 00 00 00 88 00 00 00
00 88 00 00 00 00 88 00 00 10 41 88 00 00 AF 43
[22:13:10.276] [INFO] [read-only] READ 64 byte(s):
88 00 00 A0 41 88 00 00 00 00 88 00 00 48 42 88
00 00 00 00 88 00 00 10 41 88 00 00 AF 43 88 00
00 A0 41 88 00 00 00 00 88 00 00 48 42 B9 0D B9
02 BC 21 00 49 DB 3A C0 05 C3 3B C0 40 9C 3C 6F
[22:13:10.278] [INFO] [read-only] READ 64 byte(s):
3B 5F 3C 6C 1A B5 3C EB 26 79 3C A0 D4 35 3C CF
72 D4 3C A1 00 B9 02 BC 0B 32 30 32 35 2D 31 32
2D 30 35 00 0A B9 02 BC 21 43 4C 45 41 4E 00 AD
BB B9 FA CA 3A F5 AA 7F 3B F7 A7 EA 3B A6 63 AA
[22:13:10.279] [INFO] [read-only] READ 64 byte(s):
39 23 0D 43 3C 37 FA E8 3B 71 05 B9 02 BC 21 4E
6F 6E 65 00 F3 01 BB 7D 5D 6E 80 3B 18 3E D2 3B
72 35 5F 3C 15 46 9E 3B AB D1 89 BA 4B FF 08 BA
D7 04 B9 02 BC 21 4E 6F 6E 65 00 97 86 3B 12 38
[22:13:10.280] [INFO] [read-only] READ 64 byte(s):
E1 3B CD DF F4 3C AC B7 A5 3C BD 00 E0 3B 1D 80
96 BB C0 C9 0F BB 12 04 B9 02 BC 21 4E 6F 6E 65
00 F8 69 3C 79 A9 20 3C 49 09 E3 3B F7 28 25 3B
84 3D 0E BC 1A 92 FD BA 60 B4 04 3C 55 04 B9 02
[22:13:10.281] [INFO] [read-only] READ 64 byte(s):
BC 21 4E 6F 6E 65 00 44 09 BC 2C 0F 55 BC 44 7A
5B BC E9 5D 5E 3B 3E 38 F1 BB 0A 61 4C 3B CC 6C
4D 3C 7B 04 B9 02 BC 21 00 02 0E BC 63 F9 94 BA
DC 5B AA BA CB 76 0D B9 59 9F D9 B8 F6 96 00 3B
[22:13:10.283] [INFO] [read-only] READ 64 byte(s):
32 9F 0D 3C 7D 5E ED 35 3A 55 00 B9 02 BC 21 00
D8 29 BC 9C E8 8E BB 30 87 C0 BB 8A 06 37 3B A8
17 80 BB 9D 4A 01 BC 17 7F 21 3B EB 29 AB BB 8C
00 B9 02 BC 21 00 F4 5C 3C 8B 8E 92 3C F0 26 B9
[22:13:10.284] [INFO] [read-only] READ 64 byte(s):
3B B2 AA 66 3C FE 95 75 3B 3C A9 A3 BB 13 0E C9
3B FD 5E 03 BA D3 00 B9 02 BC 21 00 88 25 3C F8
35 50 3A BE F5 49 BB 75 E5 B3 3B 37 8E 65 3B A0
55 F7 3B 21 44 77 BB 2C A8 45 BB B1 00 B9 02 BC
[22:13:10.286] [INFO] [read-only] READ 64 byte(s):
21 00 5F 74 3C 8B 29 53 38 F9 AC 70 3B B1 45 1D
3C C5 44 94 3C 7F 87 13 3C 7B 57 9A 3C 6D 75 1F
3C A7 00 B9 02 BC 41 00 31 B4 3C C3 26 81 3C 4C
23 15 3C C3 37 1A 3C 8A 52 2C 3B 38 71 6D 3C 20
[22:13:10.287] [INFO] [read-only] READ 45 byte(s):
30 D6 3C 65 24 41 37 3C E0 C7 3C 79 A5 EB 3C 53
D8 5A 3C 7A DB 84 3D F6 68 7D 5D BD DB 9D EA 3D
85 51 A8 BB 80 65 00 00 72 00 A4 E3 7E
[22:13:10.289] [INFO] [read-only] WRITE 21 byte(s):
7E B9 03 81 00 03 82 06 00 80 0B 03 B9 04 0B 01
0B 00 60 C3 7E
[22:13:10.292] [INFO] [read-only] READ 64 byte(s):
7E B9 03 81 04 03 81 9D 08 0B B9 03 01 0B B9 04
B9 02 BC 21 43 72 75 6E 63 68 79 20 52 69 67 68
74 20 42 61 73 73 00 00 00 00 00 00 00 00 00 00
00 00 00 00 00 12 BA 02 88 00 00 00 00 88 00 00
[22:13:10.293] [INFO] [read-only] READ 64 byte(s):
F0 42 BA 03 BA 6D 88 00 00 00 00 88 00 00 80 3F
88 00 00 7C C2 88 00 00 A0 41 88 00 00 70 C2 88
00 00 80 3F 88 00 00 80 3F 88 00 00 B4 C1 88 00
00 00 00 88 00 00 A0 40 88 00 00 80 3F 88 67 66
[22:13:10.294] [INFO] [read-only] READ 64 byte(s):
D6 40 88 00 00 96 43 88 CD CC 4C 40 88 33 33 33
3F 88 00 80 3B 44 88 67 66 C6 40 88 00 80 ED 44
88 00 00 80 3F 88 00 00 00 00 88 9A 99 11 41 88
33 33 0B 41 88 00 00 C8 42 88 00 00 80 3F 88 00
[22:13:10.296] [INFO] [read-only] READ 64 byte(s):
00 00 00 88 00 00 C8 41 88 00 00 A0 40 88 00 00
00 00 88 00 00 C0 3F 88 00 00 00 00 88 00 00 80
3F 88 00 00 C0 3F 88 00 00 00 00 88 00 00 00 00
88 00 00 A0 40 88 00 00 A0 40 88 00 00 80 3F 88
[22:13:10.297] [INFO] [read-only] READ 64 byte(s):
00 00 80 3F 88 00 00 80 40 88 00 00 A0 40 88 00
00 00 00 88 00 00 00 00 88 00 00 F0 41 88 00 00
A0 40 88 00 00 00 00 88 00 00 00 00 88 00 00 F0
41 88 00 00 A0 40 88 00 00 00 00 88 00 00 00 00
[22:13:10.298] [INFO] [read-only] READ 64 byte(s):
88 00 00 F0 41 88 00 00 A0 40 88 00 00 00 00 88
00 00 00 00 88 00 00 F0 41 88 00 00 A0 40 88 00
00 00 00 88 00 00 00 00 88 00 00 00 00 88 00 00
A0 40 88 00 00 00 00 88 00 00 00 00 88 00 00 F0
[22:13:10.299] [INFO] [read-only] READ 64 byte(s):
41 88 00 00 80 3F 88 00 00 00 00 88 00 00 00 00
88 00 00 00 00 88 00 00 70 41 88 00 00 00 3F 88
00 00 48 42 88 00 00 F0 40 88 00 00 00 00 88 00
00 40 40 88 00 00 D0 40 88 00 00 00 00 88 00 00
[22:13:10.300] [INFO] [read-only] READ 64 byte(s):
00 00 88 00 00 C0 40 88 00 00 00 00 88 00 00 70
41 88 00 00 00 3F 88 00 00 48 42 88 00 00 F0 40
88 00 00 00 00 88 00 00 70 41 88 00 00 00 3F 88
00 00 48 42 88 00 00 C8 41 88 00 00 F0 40 88 00
[22:13:10.301] [INFO] [read-only] READ 64 byte(s):
00 00 00 88 00 00 40 40 88 00 00 B4 43 88 00 00
F0 42 88 00 00 48 42 88 00 00 A0 40 88 00 00 80
3F 88 00 00 00 00 88 00 00 00 00 88 00 00 00 00
88 00 00 10 41 88 00 00 AF 43 88 00 00 A0 41 88
[22:13:10.302] [INFO] [read-only] READ 64 byte(s):
00 00 00 00 88 00 00 48 42 88 00 00 00 00 88 00
00 10 41 88 00 00 AF 43 88 00 00 A0 41 88 00 00
00 00 88 00 00 48 42 BA 6D 88 00 00 00 00 88 00
00 00 00 88 00 00 C8 C2 88 00 00 A0 41 88 00 00
[22:13:10.303] [INFO] [read-only] READ 64 byte(s):
70 C2 88 00 00 80 3F 88 00 00 00 00 88 00 00 00
00 88 00 00 00 00 88 00 00 A0 40 88 00 00 80 3F
88 00 00 A0 40 88 00 00 96 43 88 00 00 A0 40 88
33 33 33 3F 88 00 80 3B 44 88 00 00 A0 40 88 00
[22:13:10.304] [INFO] [read-only] READ 64 byte(s):
80 ED 44 88 00 00 80 3F 88 00 00 00 00 88 00 00
A0 40 88 00 00 A0 40 88 00 00 C8 42 88 00 00 80
3F 88 00 00 00 00 88 00 00 C8 41 88 00 00 A0 40
88 00 00 00 00 88 00 00 C0 3F 88 00 00 00 00 88
[22:13:10.305] [INFO] [read-only] READ 64 byte(s):
00 00 80 3F 88 00 00 C0 3F 88 00 00 00 00 88 00
00 00 00 88 00 00 A0 40 88 00 00 A0 40 88 00 00
80 3F 88 00 00 00 00 88 00 00 80 40 88 00 00 A0
40 88 00 00 00 00 88 00 00 00 00 88 00 00 F0 41
[22:13:10.306] [INFO] [read-only] READ 64 byte(s):
88 00 00 A0 40 88 00 00 00 00 88 00 00 00 00 88
00 00 F0 41 88 00 00 A0 40 88 00 00 00 00 88 00
00 00 00 88 00 00 F0 41 88 00 00 A0 40 88 00 00
00 00 88 00 00 00 00 88 00 00 F0 41 88 00 00 A0
[22:13:10.307] [INFO] [read-only] READ 64 byte(s):
40 88 00 00 00 00 88 00 00 00 00 88 00 00 F0 41
88 00 00 A0 40 88 00 00 00 00 88 00 00 00 00 88
00 00 F0 41 88 00 00 80 3F 88 00 00 00 00 88 00
00 00 00 88 00 00 00 00 88 00 00 70 41 88 00 00
[22:13:10.308] [INFO] [read-only] READ 64 byte(s):
00 3F 88 00 00 48 42 88 00 00 F0 40 88 00 00 00
00 88 00 00 40 40 88 00 00 D0 40 88 00 00 00 00
88 00 00 00 00 88 00 00 C0 40 88 00 00 00 00 88
00 00 70 41 88 00 00 00 3F 88 00 00 48 42 88 00
[22:13:10.309] [INFO] [read-only] READ 64 byte(s):
00 F0 40 88 00 00 00 00 88 00 00 70 41 88 00 00
00 3F 88 00 00 48 42 88 00 00 C8 41 88 00 00 F0
40 88 00 00 00 00 88 00 00 40 40 88 00 00 B4 43
88 00 00 F0 42 88 00 00 48 42 88 00 00 A0 40 88
[22:13:10.310] [INFO] [read-only] READ 64 byte(s):
00 00 80 3F 88 00 00 00 00 88 00 00 00 00 88 00
00 00 00 88 00 00 10 41 88 00 00 AF 43 88 00 00
A0 41 88 00 00 00 00 88 00 00 48 42 88 00 00 00
00 88 00 00 10 41 88 00 00 AF 43 88 00 00 A0 41
[22:13:10.311] [INFO] [read-only] READ 64 byte(s):
88 00 00 00 00 88 00 00 48 42 BA 6D 88 00 00 00
00 88 00 00 00 00 88 00 00 C8 C2 88 00 00 A0 41
88 00 00 70 C2 88 00 00 80 3F 88 00 00 00 00 88
00 00 00 00 88 00 00 00 00 88 00 00 A0 40 88 00
[22:13:10.312] [INFO] [read-only] READ 64 byte(s):
00 80 3F 88 00 00 A0 40 88 00 00 96 43 88 00 00
A0 40 88 33 33 33 3F 88 00 80 3B 44 88 00 00 A0
40 88 00 80 ED 44 88 00 00 80 3F 88 00 00 00 00
88 00 00 A0 40 88 00 00 A0 40 88 00 00 C8 42 88
[22:13:10.312] [INFO] [read-only] READ 64 byte(s):
00 00 80 3F 88 00 00 00 00 88 00 00 C8 41 88 00
00 A0 40 88 00 00 00 00 88 00 00 C0 3F 88 00 00
00 00 88 00 00 80 3F 88 00 00 C0 3F 88 00 00 00
00 88 00 00 00 00 88 00 00 A0 40 88 00 00 A0 40
[22:13:10.313] [INFO] [read-only] READ 64 byte(s):
88 00 00 80 3F 88 00 00 00 00 88 00 00 80 40 88
00 00 A0 40 88 00 00 00 00 88 00 00 00 00 88 00
00 F0 41 88 00 00 A0 40 88 00 00 00 00 88 00 00
00 00 88 00 00 F0 41 88 00 00 A0 40 88 00 00 00
[22:13:10.314] [INFO] [read-only] READ 64 byte(s):
00 88 00 00 00 00 88 00 00 F0 41 88 00 00 A0 40
88 00 00 00 00 88 00 00 00 00 88 00 00 F0 41 88
00 00 A0 40 88 00 00 00 00 88 00 00 00 00 88 00
00 F0 41 88 00 00 A0 40 88 00 00 00 00 88 00 00
[22:13:10.315] [INFO] [read-only] READ 64 byte(s):
00 00 88 00 00 F0 41 88 00 00 80 3F 88 00 00 00
00 88 00 00 00 00 88 00 00 00 00 88 00 00 70 41
88 00 00 00 3F 88 00 00 48 42 88 00 00 F0 40 88
00 00 00 00 88 00 00 40 40 88 00 00 D0 40 88 00
[22:13:10.316] [INFO] [read-only] READ 64 byte(s):
00 00 00 88 00 00 00 00 88 00 00 C0 40 88 00 00
00 00 88 00 00 70 41 88 00 00 00 3F 88 00 00 48
42 88 00 00 F0 40 88 00 00 00 00 88 00 00 70 41
88 00 00 00 3F 88 00 00 48 42 88 00 00 C8 41 88
[22:13:10.317] [INFO] [read-only] READ 64 byte(s):
00 00 F0 40 88 00 00 00 00 88 00 00 40 40 88 00
00 B4 43 88 00 00 F0 42 88 00 00 48 42 88 00 00
A0 40 88 00 00 80 3F 88 00 00 00 00 88 00 00 00
00 88 00 00 00 00 88 00 00 10 41 88 00 00 AF 43
[22:13:10.319] [INFO] [read-only] READ 64 byte(s):
88 00 00 A0 41 88 00 00 00 00 88 00 00 48 42 88
00 00 00 00 88 00 00 10 41 88 00 00 AF 43 88 00
00 A0 41 88 00 00 00 00 88 00 00 48 42 B9 0D B9
02 BC 21 00 46 95 3B A0 04 01 3C F7 07 1C 3C 4C
[22:13:10.320] [INFO] [read-only] READ 64 byte(s):
27 83 3C 97 45 FE 3B 1E AD EF 3C 06 B9 30 3A 15
7A FC 3B AB 00 B9 02 BC 0B 32 30 32 35 2D 31 32
2D 30 35 00 0A B9 02 BC 21 44 52 49 56 45 00 13
3C 9A 4B B2 3C 87 90 DC 3B 4D 57 A4 3C 5F 2D 0A
[22:13:10.321] [INFO] [read-only] READ 64 byte(s):
3C 0D 5E 5F 3C 13 6A 42 3B EB 05 B9 02 BC 21 4E
6F 6E 65 00 D4 D6 BB F4 FF 6F 3C 7F FD 55 BB 22
22 19 3C 91 F4 08 3C 4E 3A B2 3B 3D 80 58 3C E9
04 B9 02 BC 21 4E 6F 6E 65 00 BD 0F 3C 97 0D 02
[22:13:10.323] [INFO] [read-only] READ 64 byte(s):
BB A6 58 23 3C 78 E7 98 BB E5 D1 E1 3B 4D D4 FC
BB 14 F2 4B 3C 23 04 B9 02 BC 21 4E 6F 6E 65 00
E1 B0 3A BC C2 2A BA 79 5D C5 3B 98 2A 4B 3C C2
CE EF 3B 63 4F 89 3B 40 6A 91 3B BB 04 B9 02 BC
[22:13:10.324] [INFO] [read-only] READ 64 byte(s):
21 4E 6F 6E 65 00 7D 5E F5 3B FF FF 5C 3C A7 EB
66 3B A6 C1 8E 3B 4C D4 89 3B 0A C8 E2 39 4C E0
65 BB 5F 04 B9 02 BC 21 00 42 C8 BB 02 6C D9 BA
81 71 FF BB 18 22 BC BB C1 BC 34 BC 7D 5E 32 44
[22:13:10.325] [INFO] [read-only] READ 64 byte(s):
BC E5 AB C9 BB A3 E0 3F BC 81 00 B9 02 BC 21 00
F6 D7 BB 24 39 71 3B 20 52 40 3B 93 8F 52 3B CE
40 20 BC 52 D8 E4 3A A1 38 84 3B CB 4A 12 3C 52
00 B9 02 BC 21 00 10 04 3D 40 B8 BE 3C 9C B2 D8
[22:13:10.326] [INFO] [read-only] READ 64 byte(s):
3C 17 BA C5 3C DA 7F 88 3C A5 03 93 3C 75 E8 5B
3C 73 85 7A 3C D8 00 B9 02 BC 21 00 B4 54 BC 1C
88 7D 5D BC CD D1 BD BC 8B DE A4 BC DB 40 14 BC
7F A8 44 BC 50 0E B4 3B 38 FE 21 BC 1A 00 B9 02
[22:13:10.327] [INFO] [read-only] READ 64 byte(s):
BC 21 00 B0 0C 3C F2 33 5A BB D6 6E E9 3A 72 0C
D6 3B 6B 85 48 3C 46 83 D7 3B 98 5E 4C 3B BE 8E
30 3C AE 00 B9 02 BC 41 00 0C F3 3B B4 A8 22 3C
50 49 86 3C C4 4A 8A 3C E4 AF 90 3C 65 B0 BE 3C
[22:13:10.328] [INFO] [read-only] READ 46 byte(s):
73 75 0B 3C 7D 5E 25 FD 3B 28 04 DF 3A 54 29 DF
3C 1A 86 26 BC 29 C8 19 3D FC 9F 43 BC 66 00 66
3D 85 51 A8 BB 80 65 00 00 72 00 70 94 7E
[22:13:10.330] [INFO] [read-only] WRITE 21 byte(s):
7E B9 03 81 00 03 82 06 00 80 0B 03 B9 04 0B 01
0C 00 68 8E 7E
[22:13:10.332] [INFO] [read-only] READ 64 byte(s):
7E B9 03 81 04 03 81 9D 08 0B B9 03 01 0C B9 04
B9 02 BC 21 49 6E 73 74 61 6E 74 20 50 69 63 6B
20 56 32 00 00 00 00 00 00 00 00 00 00 00 00 00
00 00 00 00 00 0F BA 02 88 00 00 00 00 88 00 00
[22:13:10.333] [INFO] [read-only] READ 64 byte(s):
F0 42 BA 03 BA 6D 88 00 00 80 3F 88 00 00 80 3F
88 00 00 38 C2 88 00 00 82 43 88 00 00 B4 C2 88
00 00 80 3F 88 00 00 80 3F 88 00 00 BC C1 88 00
00 00 00 88 00 00 D0 41 88 00 00 80 3F 88 00 00
[22:13:10.334] [INFO] [read-only] READ 64 byte(s):
A0 40 88 00 00 96 43 88 00 00 A0 40 88 33 33 33
3F 88 00 80 3B 44 88 00 00 A0 40 88 00 80 ED 44
88 00 00 80 3F 88 00 00 00 00 88 9A 99 D9 40 88
33 33 33 40 88 00 00 94 42 88 00 00 80 3F 88 00
[22:13:10.336] [INFO] [read-only] READ 64 byte(s):
00 00 40 88 00 00 C8 41 88 00 00 A0 40 88 00 00
00 00 88 00 00 C0 3F 88 00 00 00 00 88 00 00 80
3F 88 00 00 C0 3F 88 00 00 00 00 88 00 00 00 00
88 00 00 A0 40 88 00 00 A0 40 88 00 00 80 3F 88
[22:13:10.337] [INFO] [read-only] READ 64 byte(s):
00 00 00 00 88 00 00 80 40 88 00 00 A0 40 88 00
00 00 00 88 00 00 00 00 88 00 00 F0 41 88 00 00
A0 40 88 00 00 00 00 88 00 00 00 00 88 00 00 F0
41 88 00 00 A0 40 88 00 00 00 00 88 00 00 00 00
[22:13:10.338] [INFO] [read-only] READ 64 byte(s):
88 00 00 F0 41 88 00 00 A0 40 88 00 00 00 00 88
00 00 00 00 88 00 00 F0 41 88 00 00 80 40 88 00
00 00 00 88 00 00 00 00 88 00 00 F0 41 88 00 00
A0 40 88 00 00 00 00 88 00 00 00 00 88 00 00 F0
[22:13:10.339] [INFO] [read-only] READ 64 byte(s):
41 88 00 00 80 3F 88 00 00 00 00 88 00 00 00 00
88 00 00 00 00 88 00 00 70 41 88 00 00 00 3F 88
00 00 48 42 88 00 00 F0 40 88 00 00 00 00 88 00
00 40 40 88 00 00 D0 40 88 00 00 00 00 88 00 00
[22:13:10.340] [INFO] [read-only] READ 64 byte(s):
00 00 88 00 00 C0 40 88 00 00 00 00 88 00 00 70
41 88 00 00 00 3F 88 00 00 48 42 88 00 00 F0 40
88 00 00 00 00 88 00 00 70 41 88 00 00 00 3F 88
00 00 48 42 88 00 00 C8 41 88 00 00 F0 40 88 00
[22:13:10.341] [INFO] [read-only] READ 64 byte(s):
00 00 00 88 00 00 40 40 88 00 00 B4 43 88 00 00
F0 42 88 00 00 48 42 88 00 00 A0 40 88 00 00 80
3F 88 00 00 80 3F 88 00 00 80 3F 88 00 00 00 00
88 00 00 10 41 88 00 00 AF 43 88 00 00 A0 41 88
[22:13:10.342] [INFO] [read-only] READ 64 byte(s):
00 00 00 00 88 00 00 48 42 88 00 00 80 3F 88 00
00 40 40 88 00 80 0E 44 88 00 00 28 42 88 00 00
00 00 88 00 00 48 42 BA 6D 88 00 00 00 00 88 00
00 00 00 88 00 00 C8 C2 88 00 00 A0 41 88 00 00
[22:13:10.343] [INFO] [read-only] READ 64 byte(s):
70 C2 88 00 00 80 3F 88 00 00 00 00 88 00 00 00
00 88 00 00 00 00 88 00 00 A0 40 88 00 00 80 3F
88 00 00 A0 40 88 00 00 96 43 88 00 00 A0 40 88
33 33 33 3F 88 00 80 3B 44 88 00 00 A0 40 88 00
[22:13:10.344] [INFO] [read-only] READ 64 byte(s):
80 ED 44 88 00 00 80 3F 88 00 00 00 00 88 00 00
A0 40 88 00 00 A0 40 88 00 00 C8 42 88 00 00 80
3F 88 00 00 00 00 88 00 00 C8 41 88 00 00 A0 40
88 00 00 00 00 88 00 00 C0 3F 88 00 00 00 00 88
[22:13:10.345] [INFO] [read-only] READ 64 byte(s):
00 00 80 3F 88 00 00 C0 3F 88 00 00 00 00 88 00
00 00 00 88 00 00 A0 40 88 00 00 A0 40 88 00 00
80 3F 88 00 00 00 00 88 00 00 80 40 88 00 00 A0
40 88 00 00 00 00 88 00 00 00 00 88 00 00 F0 41
[22:13:10.346] [INFO] [read-only] READ 64 byte(s):
88 00 00 A0 40 88 00 00 00 00 88 00 00 00 00 88
00 00 F0 41 88 00 00 A0 40 88 00 00 00 00 88 00
00 00 00 88 00 00 F0 41 88 00 00 A0 40 88 00 00
00 00 88 00 00 00 00 88 00 00 F0 41 88 00 00 A0
[22:13:10.347] [INFO] [read-only] READ 64 byte(s):
40 88 00 00 00 00 88 00 00 00 00 88 00 00 F0 41
88 00 00 A0 40 88 00 00 00 00 88 00 00 00 00 88
00 00 F0 41 88 00 00 80 3F 88 00 00 00 00 88 00
00 00 00 88 00 00 00 00 88 00 00 70 41 88 00 00
[22:13:10.348] [INFO] [read-only] READ 64 byte(s):
00 3F 88 00 00 48 42 88 00 00 F0 40 88 00 00 00
00 88 00 00 40 40 88 00 00 D0 40 88 00 00 00 00
88 00 00 00 00 88 00 00 C0 40 88 00 00 00 00 88
00 00 70 41 88 00 00 00 3F 88 00 00 48 42 88 00
[22:13:10.349] [INFO] [read-only] READ 64 byte(s):
00 F0 40 88 00 00 00 00 88 00 00 70 41 88 00 00
00 3F 88 00 00 48 42 88 00 00 C8 41 88 00 00 F0
40 88 00 00 00 00 88 00 00 40 40 88 00 00 B4 43
88 00 00 F0 42 88 00 00 48 42 88 00 00 A0 40 88
[22:13:10.350] [INFO] [read-only] READ 64 byte(s):
00 00 80 3F 88 00 00 00 00 88 00 00 00 00 88 00
00 00 00 88 00 00 10 41 88 00 00 AF 43 88 00 00
A0 41 88 00 00 00 00 88 00 00 48 42 88 00 00 00
00 88 00 00 10 41 88 00 00 AF 43 88 00 00 A0 41
[22:13:10.352] [INFO] [read-only] READ 64 byte(s):
88 00 00 00 00 88 00 00 48 42 BA 6D 88 00 00 00
00 88 00 00 00 00 88 00 00 C8 C2 88 00 00 A0 41
88 00 00 70 C2 88 00 00 80 3F 88 00 00 00 00 88
00 00 00 00 88 00 00 00 00 88 00 00 A0 40 88 00
[22:13:10.353] [INFO] [read-only] READ 64 byte(s):
00 80 3F 88 00 00 A0 40 88 00 00 96 43 88 00 00
A0 40 88 33 33 33 3F 88 00 80 3B 44 88 00 00 A0
40 88 00 80 ED 44 88 00 00 80 3F 88 00 00 00 00
88 00 00 A0 40 88 00 00 A0 40 88 00 00 C8 42 88
[22:13:10.354] [INFO] [read-only] READ 64 byte(s):
00 00 80 3F 88 00 00 00 00 88 00 00 C8 41 88 00
00 A0 40 88 00 00 00 00 88 00 00 C0 3F 88 00 00
00 00 88 00 00 80 3F 88 00 00 C0 3F 88 00 00 00
00 88 00 00 00 00 88 00 00 A0 40 88 00 00 A0 40
[22:13:10.354] [INFO] [read-only] READ 64 byte(s):
88 00 00 80 3F 88 00 00 00 00 88 00 00 80 40 88
00 00 A0 40 88 00 00 00 00 88 00 00 00 00 88 00
00 F0 41 88 00 00 A0 40 88 00 00 00 00 88 00 00
00 00 88 00 00 F0 41 88 00 00 A0 40 88 00 00 00
[22:13:10.356] [INFO] [read-only] READ 64 byte(s):
00 88 00 00 00 00 88 00 00 F0 41 88 00 00 A0 40
88 00 00 00 00 88 00 00 00 00 88 00 00 F0 41 88
00 00 A0 40 88 00 00 00 00 88 00 00 00 00 88 00
00 F0 41 88 00 00 A0 40 88 00 00 00 00 88 00 00
[22:13:10.357] [INFO] [read-only] READ 64 byte(s):
00 00 88 00 00 F0 41 88 00 00 80 3F 88 00 00 00
00 88 00 00 00 00 88 00 00 00 00 88 00 00 70 41
88 00 00 00 3F 88 00 00 48 42 88 00 00 F0 40 88
00 00 00 00 88 00 00 40 40 88 00 00 D0 40 88 00
[22:13:10.358] [INFO] [read-only] READ 64 byte(s):
00 00 00 88 00 00 00 00 88 00 00 C0 40 88 00 00
00 00 88 00 00 70 41 88 00 00 00 3F 88 00 00 48
42 88 00 00 F0 40 88 00 00 00 00 88 00 00 70 41
88 00 00 00 3F 88 00 00 48 42 88 00 00 C8 41 88
[22:13:10.360] [INFO] [read-only] READ 64 byte(s):
00 00 F0 40 88 00 00 00 00 88 00 00 40 40 88 00
00 B4 43 88 00 00 F0 42 88 00 00 48 42 88 00 00
A0 40 88 00 00 80 3F 88 00 00 00 00 88 00 00 00
00 88 00 00 00 00 88 00 00 10 41 88 00 00 AF 43
[22:13:10.361] [INFO] [read-only] READ 64 byte(s):
88 00 00 A0 41 88 00 00 00 00 88 00 00 48 42 88
00 00 00 00 88 00 00 10 41 88 00 00 AF 43 88 00
00 A0 41 88 00 00 00 00 88 00 00 48 42 B9 0D B9
02 BC 21 00 6D 9D BA 37 7A 9F BA 2F CF BC BB F5
[22:13:10.362] [INFO] [read-only] READ 64 byte(s):
D2 C7 39 7B 2A 0E 3C 35 27 EA 3B 29 88 22 3C 43
5F F5 BA 61 00 B9 02 BC 0B 32 30 32 35 2D 31 31
2D 32 38 00 0A B9 02 BC 21 44 52 49 56 45 00 25
BB D6 38 D5 BB 01 55 34 BB E8 6B CF 3B 24 AB D7
[22:13:10.363] [INFO] [read-only] READ 64 byte(s):
3B 9E B9 31 3C 94 37 40 3B DA 05 B9 02 BC 21 4E
6F 6E 65 00 DC 79 3B 47 F4 8D 3B 34 E8 CB 3B FB
88 F8 BA 0F 4F 6E 3A D4 D7 A1 BA 5C DA 16 BB BA
04 B9 02 BC 21 4E 6F 6E 65 00 89 6B 3B 0B 6D 21
[22:13:10.365] [INFO] [read-only] READ 64 byte(s):
3C 7C 99 BE 3B BD 8C FD 3B E2 A7 B2 3B 58 DE 10
BB 45 3B DE 3A FE 04 B9 02 BC 21 4E 6F 6E 65 00
5A AD B9 6D B8 7D 5D 3A 52 D8 09 BB F9 F7 15 3B
0F F4 14 BA CC 2A E1 3B 1E D7 69 3B 41 04 B9 02
[22:13:10.366] [INFO] [read-only] READ 64 byte(s):
BC 21 4E 6F 6E 65 00 1A A1 3B CD 1F DC B9 39 24
3A 3B C5 84 EB 3A 6E 78 3A 3B 6F 7C 17 3B 4F 6F
96 BB 9B 04 B9 02 BC 21 00 D7 72 3B 24 16 20 3B
0E 55 32 39 91 7B A3 3A F2 D5 8F BA 0B F9 B8 3B
[22:13:10.368] [INFO] [read-only] READ 64 byte(s):
DC BE 4D 3B A7 9E A5 3B DF 00 B9 02 BC 21 00 31
11 BA AF 1C FD 39 B8 5C F1 3B 3A 88 C5 3B 40 6A
D8 3B 65 DD D8 3A 64 D2 31 BB 49 49 21 BB 00 00
B9 02 BC 21 00 68 6A B9 9C 60 75 3B F2 D4 8B 3A
[22:13:10.369] [INFO] [read-only] READ 64 byte(s):
41 B9 38 BA 4C 89 C1 3A D9 79 B1 BA D0 2C 33 3B
A5 A4 2C BB D5 00 B9 02 BC 21 00 2A FB 3B 7D 5E
37 10 3C D0 46 66 3B 6F 17 E3 3B DE 88 A7 3A 0B
F0 88 3B D7 F4 83 3B C3 26 67 3B EF 00 B9 02 BC
[22:13:10.371] [INFO] [read-only] READ 64 byte(s):
21 00 1A 62 BA 50 51 E8 BB D8 4A 6F BB A6 37 BD
BB 97 86 B7 3A C4 4F 12 3C D6 00 92 3B 8B 79 68
3B 02 00 B9 02 BC 41 00 82 36 BB A1 38 A0 BA 17
B2 A3 3B 06 A1 FB 3A F2 A3 83 3B 69 24 B5 BB 0E
[22:13:10.373] [INFO] [read-only] READ 45 byte(s):
AE 6A BB 28 22 E9 BB A0 E4 92 BB 7D 5D 6E 9F BA
C1 D7 D1 BB 4F 8B 6E 3B 5C CA AA BA 7A 5D 35 BC
18 13 C4 98 9F 08 00 00 72 00 E4 78 7E
[22:13:10.376] [INFO] [read-only] WRITE 21 byte(s):
7E B9 03 81 00 03 82 06 00 80 0B 03 B9 04 0B 01
0D 00 B0 97 7E
[22:13:10.379] [INFO] [read-only] READ 64 byte(s):
7E B9 03 81 04 03 81 9D 08 0B B9 03 01 0D B9 04
B9 02 BC 21 42 53 20 38 30 30 52 42 00 00 00 00
00 00 00 00 00 00 00 00 00 00 00 00 00 00 00 00
00 00 00 00 00 08 BA 02 88 00 00 00 00 88 00 00
[22:13:10.380] [INFO] [read-only] READ 64 byte(s):
F0 42 BA 03 BA 6D 88 00 00 80 3F 88 00 00 80 3F
88 00 00 44 C2 88 00 00 91 43 88 00 00 96 C2 88
00 00 80 3F 88 00 00 80 3F 88 00 00 EC C1 88 00
00 00 00 88 00 00 C0 41 88 00 00 80 3F 88 CD CC
[22:13:10.382] [INFO] [read-only] READ 64 byte(s):
DC 40 88 00 00 96 43 88 00 00 00 00 88 33 33 33
3F 88 00 80 3B 44 88 9A 99 79 40 88 00 80 ED 44
88 00 00 80 3F 88 00 00 00 00 88 9A 99 99 40 88
CD CC 8C 3F 88 00 00 C8 42 88 00 00 80 3F 88 00
[22:13:10.383] [INFO] [read-only] READ 64 byte(s):
00 00 00 88 00 00 10 42 88 9A 99 A9 40 88 00 00
00 00 88 00 00 C0 3F 88 00 00 00 00 88 00 00 80
3F 88 00 00 00 40 88 00 00 00 00 88 00 00 00 00
88 00 00 A0 40 88 00 00 A0 40 88 00 00 80 3F 88
[22:13:10.384] [INFO] [read-only] READ 64 byte(s):
00 00 00 00 88 00 00 A0 40 88 00 00 A0 40 88 00
00 00 00 88 00 00 00 00 88 00 00 F0 41 88 00 00
A0 40 88 00 00 00 00 88 00 00 00 00 88 00 00 F0
41 88 00 00 A0 40 88 00 00 00 00 88 00 00 00 00
[22:13:10.385] [INFO] [read-only] READ 64 byte(s):
88 00 00 F0 41 88 00 00 A0 40 88 00 00 00 00 88
00 00 00 00 88 00 00 F0 41 88 00 00 A0 40 88 00
00 A0 41 88 00 00 00 00 88 00 00 00 00 88 00 00
20 40 88 00 00 DC 42 88 00 00 20 41 88 00 00 B8
[22:13:10.386] [INFO] [read-only] READ 64 byte(s):
42 88 00 00 80 3F 88 00 00 00 00 88 00 00 00 00
88 00 00 00 00 88 00 00 70 41 88 FF FF FF 3E 88
00 00 48 42 88 00 00 F0 40 88 00 00 00 00 88 00
00 40 40 88 00 00 D0 40 88 00 00 00 00 88 00 00
[22:13:10.387] [INFO] [read-only] READ 64 byte(s):
00 00 88 00 00 C0 40 88 00 00 00 00 88 00 00 70
41 88 FF FF FF 3E 88 00 00 48 42 88 00 00 F0 40
88 00 00 00 00 88 00 00 70 41 88 FF FF FF 3E 88
00 00 48 42 88 00 00 C8 41 88 00 00 F0 40 88 00
[22:13:10.388] [INFO] [read-only] READ 64 byte(s):
00 00 00 88 00 00 40 40 88 00 00 B4 43 88 00 00
F0 42 88 00 00 48 42 88 00 00 A0 40 88 00 00 80
3F 88 00 00 00 00 88 00 00 00 00 88 00 00 00 00
88 00 00 10 41 88 00 00 AF 43 88 00 00 A0 41 88
[22:13:10.390] [INFO] [read-only] READ 64 byte(s):
00 00 00 00 88 00 00 48 42 88 00 00 00 00 88 00
00 10 41 88 00 00 AF 43 88 00 00 A0 41 88 00 00
00 00 88 00 00 48 42 BA 6D 88 00 00 00 00 88 00
00 00 00 88 00 00 C8 C2 88 00 00 A0 41 88 00 00
[22:13:10.391] [INFO] [read-only] READ 64 byte(s):
70 C2 88 00 00 80 3F 88 00 00 00 00 88 00 00 00
00 88 00 00 00 00 88 00 00 A0 40 88 00 00 80 3F
88 00 00 A0 40 88 00 00 96 43 88 00 00 A0 40 88
33 33 33 3F 88 00 80 3B 44 88 00 00 A0 40 88 00
[22:13:10.392] [INFO] [read-only] READ 64 byte(s):
80 ED 44 88 00 00 80 3F 88 00 00 00 00 88 00 00
A0 40 88 00 00 A0 40 88 00 00 C8 42 88 00 00 80
3F 88 00 00 00 00 88 00 00 C8 41 88 00 00 A0 40
88 00 00 00 00 88 00 00 C0 3F 88 00 00 00 00 88
[22:13:10.394] [INFO] [read-only] READ 64 byte(s):
00 00 80 3F 88 00 00 C0 3F 88 00 00 00 00 88 00
00 00 00 88 00 00 A0 40 88 00 00 A0 40 88 00 00
80 3F 88 00 00 00 00 88 00 00 80 40 88 00 00 A0
40 88 00 00 00 00 88 00 00 00 00 88 00 00 F0 41
[22:13:10.395] [INFO] [read-only] READ 64 byte(s):
88 00 00 A0 40 88 00 00 00 00 88 00 00 00 00 88
00 00 F0 41 88 00 00 A0 40 88 00 00 00 00 88 00
00 00 00 88 00 00 F0 41 88 00 00 A0 40 88 00 00
00 00 88 00 00 00 00 88 00 00 F0 41 88 00 00 A0
[22:13:10.396] [INFO] [read-only] READ 64 byte(s):
40 88 00 00 00 00 88 00 00 00 00 88 00 00 F0 41
88 00 00 A0 40 88 00 00 00 00 88 00 00 00 00 88
00 00 F0 41 88 00 00 80 3F 88 00 00 00 00 88 00
00 00 00 88 00 00 00 00 88 00 00 70 41 88 00 00
[22:13:10.398] [INFO] [read-only] READ 64 byte(s):
00 3F 88 00 00 48 42 88 00 00 F0 40 88 00 00 00
00 88 00 00 40 40 88 00 00 D0 40 88 00 00 00 00
88 00 00 00 00 88 00 00 C0 40 88 00 00 00 00 88
00 00 70 41 88 00 00 00 3F 88 00 00 48 42 88 00
[22:13:10.399] [INFO] [read-only] READ 64 byte(s):
00 F0 40 88 00 00 00 00 88 00 00 70 41 88 00 00
00 3F 88 00 00 48 42 88 00 00 C8 41 88 00 00 F0
40 88 00 00 00 00 88 00 00 40 40 88 00 00 B4 43
88 00 00 F0 42 88 00 00 48 42 88 00 00 A0 40 88
[22:13:10.400] [INFO] [read-only] READ 64 byte(s):
00 00 80 3F 88 00 00 00 00 88 00 00 00 00 88 00
00 00 00 88 00 00 10 41 88 00 00 AF 43 88 00 00
A0 41 88 00 00 00 00 88 00 00 48 42 88 00 00 00
00 88 00 00 10 41 88 00 00 AF 43 88 00 00 A0 41
[22:13:10.401] [INFO] [read-only] READ 64 byte(s):
88 00 00 00 00 88 00 00 48 42 BA 6D 88 00 00 00
00 88 00 00 00 00 88 00 00 C8 C2 88 00 00 A0 41
88 00 00 70 C2 88 00 00 80 3F 88 00 00 00 00 88
00 00 00 00 88 00 00 00 00 88 00 00 A0 40 88 00
[22:13:10.402] [INFO] [read-only] READ 64 byte(s):
00 80 3F 88 00 00 A0 40 88 00 00 96 43 88 00 00
A0 40 88 33 33 33 3F 88 00 80 3B 44 88 00 00 A0
40 88 00 80 ED 44 88 00 00 80 3F 88 00 00 00 00
88 00 00 A0 40 88 00 00 A0 40 88 00 00 C8 42 88
[22:13:10.404] [INFO] [read-only] READ 64 byte(s):
00 00 80 3F 88 00 00 00 00 88 00 00 C8 41 88 00
00 A0 40 88 00 00 00 00 88 00 00 C0 3F 88 00 00
00 00 88 00 00 80 3F 88 00 00 C0 3F 88 00 00 00
00 88 00 00 00 00 88 00 00 A0 40 88 00 00 A0 40
[22:13:10.405] [INFO] [read-only] READ 64 byte(s):
88 00 00 80 3F 88 00 00 00 00 88 00 00 80 40 88
00 00 A0 40 88 00 00 00 00 88 00 00 00 00 88 00
00 F0 41 88 00 00 A0 40 88 00 00 00 00 88 00 00
00 00 88 00 00 F0 41 88 00 00 A0 40 88 00 00 00
[22:13:10.406] [INFO] [read-only] READ 64 byte(s):
00 88 00 00 00 00 88 00 00 F0 41 88 00 00 A0 40
88 00 00 00 00 88 00 00 00 00 88 00 00 F0 41 88
00 00 A0 40 88 00 00 00 00 88 00 00 00 00 88 00
00 F0 41 88 00 00 A0 40 88 00 00 00 00 88 00 00
[22:13:10.407] [INFO] [read-only] READ 64 byte(s):
00 00 88 00 00 F0 41 88 00 00 80 3F 88 00 00 00
00 88 00 00 00 00 88 00 00 00 00 88 00 00 70 41
88 00 00 00 3F 88 00 00 48 42 88 00 00 F0 40 88
00 00 00 00 88 00 00 40 40 88 00 00 D0 40 88 00
[22:13:10.408] [INFO] [read-only] READ 64 byte(s):
00 00 00 88 00 00 00 00 88 00 00 C0 40 88 00 00
00 00 88 00 00 70 41 88 00 00 00 3F 88 00 00 48
42 88 00 00 F0 40 88 00 00 00 00 88 00 00 70 41
88 00 00 00 3F 88 00 00 48 42 88 00 00 C8 41 88
[22:13:10.410] [INFO] [read-only] READ 64 byte(s):
00 00 F0 40 88 00 00 00 00 88 00 00 40 40 88 00
00 B4 43 88 00 00 F0 42 88 00 00 48 42 88 00 00
A0 40 88 00 00 80 3F 88 00 00 00 00 88 00 00 00
00 88 00 00 00 00 88 00 00 10 41 88 00 00 AF 43
[22:13:10.412] [INFO] [read-only] READ 64 byte(s):
88 00 00 A0 41 88 00 00 00 00 88 00 00 48 42 88
00 00 00 00 88 00 00 10 41 88 00 00 AF 43 88 00
00 A0 41 88 00 00 00 00 88 00 00 48 42 B9 0D B9
02 BC 21 00 81 C9 BB CA 19 4A BC 87 8E FA BB 9F
[22:13:10.413] [INFO] [read-only] READ 64 byte(s):
B7 9E BB 61 83 54 BC 51 63 0A BC A2 09 6E BC 31
AA 20 BC 57 00 B9 02 BC 0B 32 30 32 35 2D 31 31
2D 32 38 00 0A B9 02 BC 21 44 52 49 56 45 00 7D
5D BB 5E AF 85 BB 30 B9 27 BC D9 37 0A BC CF A5
[22:13:10.414] [INFO] [read-only] READ 64 byte(s):
21 BC 51 4E BC BB 61 B7 C8 BB 7D 5E 05 B9 02 BC
21 45 6C 65 63 74 72 69 63 20 42 61 73 73 00 7F
BB 33 3A AB BB 28 C0 B4 BB C6 E0 D3 BB 8B B3 EA
BB C6 0D B9 02 BC 21 4E 6F 6E 65 00 42 0E BC D3
[22:13:10.416] [INFO] [read-only] READ 64 byte(s):
A6 55 BC 1A 41 46 BC 92 D3 FA BB DE C3 33 BC 77
8D 9C BB 04 18 F7 BB FC 04 B9 02 BC 21 4E 6F 6E
65 00 FB 01 BB 6B 5D 11 BC B5 E0 14 BB 52 DB 23
BC F3 54 CC BB 12 A4 F3 3A 9B 4F 16 BC 54 04 B9
[22:13:10.418] [INFO] [read-only] READ 64 byte(s):
02 BC 21 4E 6F 6E 65 00 CF 93 BB F6 31 03 BC 6B
F1 6F BB 6F 2E 9B BB E1 2F 78 BB 00 AF 93 BA 08
D6 9B BB 78 04 B9 02 BC 21 00 67 C4 BB 4D 4E DE
BB 18 D6 8F BB 87 C5 DE BB AC BE D8 BB 9A 76 05
[22:13:10.419] [INFO] [read-only] READ 64 byte(s):
BC 50 DE 29 BC 48 C8 AD BB A3 00 B9 02 BC 21 00
4A 00 BC 11 47 01 BC 0C A4 62 BB 36 5A 02 BC 81
1F CA BB E8 95 D6 BB D2 B5 4C BB D9 CD 5C BB 88
00 B9 02 BC 21 00 EC 9F BB E3 80 87 BB 50 F2 77
[22:13:10.420] [INFO] [read-only] READ 64 byte(s):
BB 53 9F E0 BB 62 CC 3E BB F6 B2 99 BA A3 4A C7
BB 27 F9 1E BB AC 00 B9 02 BC 21 4E 6F 6E 65 00
B2 99 BB 5A 52 52 3B F4 F7 8B BA 7A D7 D5 3A 02
DC DE B9 32 56 2F BB 46 DC 8A 39 AA 04 B9 02 BC
[22:13:10.422] [INFO] [read-only] READ 64 byte(s):
21 4E 6F 6E 65 00 88 53 BB 22 60 C7 BB 00 E9 27
BB 68 B1 8D BB 98 E0 8F BB 2B 6C DA BB EC 68 D7
BB 4E 04 B9 02 BC 41 49 4B 20 4D 75 6C 74 69 6D
65 64 69 61 20 50 72 65 6D 69 75 6D 20 50 72 65
[22:13:10.423] [INFO] [read-only] READ 44 byte(s):
73 65 74 00 34 AD BB A9 AF 59 BC 63 AC 01 BC EC
4C A7 BB 3B 76 E5 BC B4 2E D2 3C 87 58 27 BD 18
D4 CB 98 9F 08 00 00 72 1C 36 32 7E
[22:13:10.425] [INFO] [read-only] WRITE 21 byte(s):
7E B9 03 81 00 03 82 06 00 80 0B 03 B9 04 0B 01
0E 00 D8 BD 7E
[22:13:10.427] [INFO] [read-only] READ 64 byte(s):
7E B9 03 81 04 03 81 9D 08 0B B9 03 01 0E B9 04
B9 02 BC 21 4D 65 64 69 75 6D 20 43 6C 61 73 73
00 00 00 00 00 00 00 00 00 00 00 00 00 00 00 00
00 00 00 00 00 0C BA 02 88 00 00 00 00 88 00 00
[22:13:10.429] [INFO] [read-only] READ 64 byte(s):
F0 42 BA 03 BA 6D 88 00 00 00 00 88 00 00 80 3F
88 00 00 48 C2 88 00 00 FA 43 88 00 00 C8 C2 88
00 00 00 00 88 00 00 80 3F 88 00 00 48 C1 88 00
00 80 3F 88 00 00 A8 41 88 00 00 80 3F 88 00 00
[22:13:10.430] [INFO] [read-only] READ 64 byte(s):
A0 40 88 00 00 96 43 88 00 00 A0 40 88 33 33 33
3F 88 00 80 3B 44 88 00 00 A0 40 88 00 80 ED 44
88 00 00 80 3F 88 00 00 00 00 88 CD CC 14 41 88
CD CC EC 40 88 00 00 96 42 88 00 00 80 3F 88 00
[22:13:10.432] [INFO] [read-only] READ 64 byte(s):
00 00 00 88 00 00 18 42 88 00 00 A0 40 88 00 00
00 00 88 00 00 C0 3F 88 00 00 00 00 88 00 00 80
3F 88 00 00 C0 3F 88 00 00 00 00 88 00 00 00 00
88 00 00 A0 40 88 00 00 A0 40 88 00 00 80 3F 88
[22:13:10.433] [INFO] [read-only] READ 64 byte(s):
00 00 00 00 88 00 00 80 40 88 00 00 A0 40 88 00
00 00 00 88 00 00 00 00 88 00 00 F0 41 88 00 00
A0 40 88 00 00 00 00 88 00 00 00 00 88 00 00 F0
41 88 00 00 A0 40 88 00 00 00 00 88 00 00 00 00
[22:13:10.434] [INFO] [read-only] READ 64 byte(s):
88 00 00 F0 41 88 00 00 A0 40 88 00 00 00 00 88
00 00 00 00 88 00 00 F0 41 88 00 00 A0 40 88 00
00 00 00 88 00 00 00 00 88 00 00 F0 41 88 00 00
A0 40 88 00 00 00 00 88 00 00 00 00 88 00 00 F0
[22:13:10.436] [INFO] [read-only] READ 64 byte(s):
41 88 00 00 80 3F 88 00 00 00 00 88 00 00 00 00
88 00 00 00 00 88 00 00 70 41 88 FF FF FF 3E 88
00 00 48 42 88 00 00 F0 40 88 00 00 00 00 88 00
00 40 40 88 00 00 D0 40 88 00 00 00 00 88 00 00
[22:13:10.437] [INFO] [read-only] READ 64 byte(s):
00 00 88 00 00 C0 40 88 00 00 00 00 88 00 00 70
41 88 FF FF FF 3E 88 00 00 48 42 88 00 00 F0 40
88 00 00 00 00 88 00 00 70 41 88 FF FF FF 3E 88
00 00 48 42 88 00 00 C8 41 88 00 00 F0 40 88 00
[22:13:10.438] [INFO] [read-only] READ 64 byte(s):
00 00 00 88 00 00 40 40 88 00 00 B4 43 88 00 00
F0 42 88 00 00 48 42 88 00 00 A0 40 88 00 00 80
3F 88 00 00 00 00 88 00 00 80 3F 88 00 00 00 00
88 00 00 10 41 88 00 00 AF 43 88 00 00 A0 41 88
[22:13:10.439] [INFO] [read-only] READ 64 byte(s):
00 00 00 00 88 00 00 48 42 88 00 00 00 00 88 00
00 10 41 88 00 00 A0 41 88 00 00 F0 41 88 00 00
00 00 88 00 00 48 42 BA 6D 88 00 00 00 00 88 00
00 00 00 88 00 00 C8 C2 88 00 00 A0 41 88 00 00
[22:13:10.441] [INFO] [read-only] READ 64 byte(s):
70 C2 88 00 00 80 3F 88 00 00 00 00 88 00 00 00
00 88 00 00 00 00 88 00 00 A0 40 88 00 00 80 3F
88 00 00 A0 40 88 00 00 96 43 88 00 00 A0 40 88
33 33 33 3F 88 00 80 3B 44 88 00 00 A0 40 88 00
[22:13:10.442] [INFO] [read-only] READ 64 byte(s):
80 ED 44 88 00 00 80 3F 88 00 00 00 00 88 00 00
A0 40 88 00 00 A0 40 88 00 00 C8 42 88 00 00 80
3F 88 00 00 00 00 88 00 00 C8 41 88 00 00 A0 40
88 00 00 00 00 88 00 00 C0 3F 88 00 00 00 00 88
[22:13:10.443] [INFO] [read-only] READ 64 byte(s):
00 00 80 3F 88 00 00 C0 3F 88 00 00 00 00 88 00
00 00 00 88 00 00 A0 40 88 00 00 A0 40 88 00 00
80 3F 88 00 00 00 00 88 00 00 80 40 88 00 00 A0
40 88 00 00 00 00 88 00 00 00 00 88 00 00 F0 41
[22:13:10.444] [INFO] [read-only] READ 64 byte(s):
88 00 00 A0 40 88 00 00 00 00 88 00 00 00 00 88
00 00 F0 41 88 00 00 A0 40 88 00 00 00 00 88 00
00 00 00 88 00 00 F0 41 88 00 00 A0 40 88 00 00
00 00 88 00 00 00 00 88 00 00 F0 41 88 00 00 A0
[22:13:10.445] [INFO] [read-only] READ 64 byte(s):
40 88 00 00 00 00 88 00 00 00 00 88 00 00 F0 41
88 00 00 A0 40 88 00 00 00 00 88 00 00 00 00 88
00 00 F0 41 88 00 00 80 3F 88 00 00 00 00 88 00
00 00 00 88 00 00 00 00 88 00 00 70 41 88 00 00
[22:13:10.446] [INFO] [read-only] READ 64 byte(s):
00 3F 88 00 00 48 42 88 00 00 F0 40 88 00 00 00
00 88 00 00 40 40 88 00 00 D0 40 88 00 00 00 00
88 00 00 00 00 88 00 00 C0 40 88 00 00 00 00 88
00 00 70 41 88 00 00 00 3F 88 00 00 48 42 88 00
[22:13:10.447] [INFO] [read-only] READ 64 byte(s):
00 F0 40 88 00 00 00 00 88 00 00 70 41 88 00 00
00 3F 88 00 00 48 42 88 00 00 C8 41 88 00 00 F0
40 88 00 00 00 00 88 00 00 40 40 88 00 00 B4 43
88 00 00 F0 42 88 00 00 48 42 88 00 00 A0 40 88
[22:13:10.448] [INFO] [read-only] READ 64 byte(s):
00 00 80 3F 88 00 00 00 00 88 00 00 00 00 88 00
00 00 00 88 00 00 10 41 88 00 00 AF 43 88 00 00
A0 41 88 00 00 00 00 88 00 00 48 42 88 00 00 00
00 88 00 00 10 41 88 00 00 AF 43 88 00 00 A0 41
[22:13:10.451] [INFO] [read-only] READ 64 byte(s):
88 00 00 00 00 88 00 00 48 42 BA 6D 88 00 00 00
00 88 00 00 00 00 88 00 00 C8 C2 88 00 00 A0 41
88 00 00 70 C2 88 00 00 80 3F 88 00 00 00 00 88
00 00 00 00 88 00 00 00 00 88 00 00 A0 40 88 00
[22:13:10.453] [INFO] [read-only] READ 64 byte(s):
00 80 3F 88 00 00 A0 40 88 00 00 96 43 88 00 00
A0 40 88 33 33 33 3F 88 00 80 3B 44 88 00 00 A0
40 88 00 80 ED 44 88 00 00 80 3F 88 00 00 00 00
88 00 00 A0 40 88 00 00 A0 40 88 00 00 C8 42 88
[22:13:10.454] [INFO] [read-only] READ 64 byte(s):
00 00 80 3F 88 00 00 00 00 88 00 00 C8 41 88 00
00 A0 40 88 00 00 00 00 88 00 00 C0 3F 88 00 00
00 00 88 00 00 80 3F 88 00 00 C0 3F 88 00 00 00
00 88 00 00 00 00 88 00 00 A0 40 88 00 00 A0 40
[22:13:10.456] [INFO] [read-only] READ 64 byte(s):
88 00 00 80 3F 88 00 00 00 00 88 00 00 80 40 88
00 00 A0 40 88 00 00 00 00 88 00 00 00 00 88 00
00 F0 41 88 00 00 A0 40 88 00 00 00 00 88 00 00
00 00 88 00 00 F0 41 88 00 00 A0 40 88 00 00 00
[22:13:10.457] [INFO] [read-only] READ 64 byte(s):
00 88 00 00 00 00 88 00 00 F0 41 88 00 00 A0 40
88 00 00 00 00 88 00 00 00 00 88 00 00 F0 41 88
00 00 A0 40 88 00 00 00 00 88 00 00 00 00 88 00
00 F0 41 88 00 00 A0 40 88 00 00 00 00 88 00 00
[22:13:10.458] [INFO] [read-only] READ 64 byte(s):
00 00 88 00 00 F0 41 88 00 00 80 3F 88 00 00 00
00 88 00 00 00 00 88 00 00 00 00 88 00 00 70 41
88 00 00 00 3F 88 00 00 48 42 88 00 00 F0 40 88
00 00 00 00 88 00 00 40 40 88 00 00 D0 40 88 00
[22:13:10.460] [INFO] [read-only] READ 64 byte(s):
00 00 00 88 00 00 00 00 88 00 00 C0 40 88 00 00
00 00 88 00 00 70 41 88 00 00 00 3F 88 00 00 48
42 88 00 00 F0 40 88 00 00 00 00 88 00 00 70 41
88 00 00 00 3F 88 00 00 48 42 88 00 00 C8 41 88
[22:13:10.462] [INFO] [read-only] READ 64 byte(s):
00 00 F0 40 88 00 00 00 00 88 00 00 40 40 88 00
00 B4 43 88 00 00 F0 42 88 00 00 48 42 88 00 00
A0 40 88 00 00 80 3F 88 00 00 00 00 88 00 00 00
00 88 00 00 00 00 88 00 00 10 41 88 00 00 AF 43
[22:13:10.463] [INFO] [read-only] READ 64 byte(s):
88 00 00 A0 41 88 00 00 00 00 88 00 00 48 42 88
00 00 00 00 88 00 00 10 41 88 00 00 AF 43 88 00
00 A0 41 88 00 00 00 00 88 00 00 48 42 B9 0D B9
02 BC 21 00 45 F2 3B 92 C8 62 3B 99 86 A5 38 5B
[22:13:10.464] [INFO] [read-only] READ 64 byte(s):
27 F2 39 CE C2 C5 3B CC 17 0F 3C 40 3A 13 3C 54
DD 99 3B AB 00 B9 02 BC 0B 32 30 32 35 2D 31 32
2D 30 36 00 0A B9 02 BC 21 44 52 49 56 45 00 04
3C F3 04 E6 3B E6 2F 4D 3B 77 51 68 3B 2A 33 9C
[22:13:10.465] [INFO] [read-only] READ 64 byte(s):
3B 26 4D F1 3B 2B 61 F1 3B 74 05 B9 02 BC 21 4E
6F 6E 65 00 B4 FD 3A 61 71 A2 3A B3 9B 2A 3B 30
2A 8E 3B DF 80 C2 3B 1A B3 C7 3B A8 FA B1 3B FB
04 B9 02 BC 21 4E 6F 6E 65 00 16 19 3C CE 6C FB
[22:13:10.467] [INFO] [read-only] READ 64 byte(s):
3B 68 39 8A 3B 04 FF 81 3B 0C 10 6B 3A 14 34 15
BB B5 93 E3 BA 0C 04 B9 02 BC 21 4E 6F 6E 65 00
CD D2 3B 5D D0 22 3C 9C 32 5A 3C 1C 88 35 3C 24
6A 79 3B A8 08 03 BB 45 7A 97 BB A7 04 B9 02 BC
[22:13:10.468] [INFO] [read-only] READ 64 byte(s):
21 4E 6F 6E 65 00 9B 81 3C 04 90 98 3C E5 CD 68
3C 0F 10 DB 3B C8 86 81 3B 33 12 93 3B 5C 73 E1
3B BA 04 B9 02 BC 21 00 26 6F 3C 56 87 38 3C F6
A3 AF 3B 10 18 DD 3A EF 1F 6D 3B EC 51 22 3C D9
[22:13:10.469] [INFO] [read-only] READ 64 byte(s):
FF 50 3C FC CB 80 3C D6 00 B9 02 BC 21 00 05 C1
3A 4C 77 24 3B 34 06 2F 3B AE DB 6F 3B 5E 65 B9
3B 2E 84 CA 3B AD 34 68 3B 7C 14 80 3B 7A 00 B9
02 BC 21 00 4F E6 3B 44 75 4D 3C 93 ED 66 3C 03
[22:13:10.471] [INFO] [read-only] READ 64 byte(s):
9A 70 3C 7F 98 69 3C C7 A4 E8 3B FB E8 63 3B 68
5A C7 39 3A 00 B9 02 BC 21 00 5A 35 3C B1 D7 B8
3C E4 65 D9 3C 08 CF F9 3C 8D 6E D1 3C 82 46 8E
3C 98 DD 77 3C CC 60 98 3C F2 00 B9 02 BC 21 00
[22:13:10.472] [INFO] [read-only] READ 64 byte(s):
EF 35 3C 03 36 CF 3B 68 80 08 3C 63 2D 17 3C 98
F2 37 3C 1D A4 4A 3C 8E D0 82 3C 49 B7 91 3C 47
00 B9 02 BC 41 00 A2 92 3C CC 8D A3 3C 71 E2 86
3C 9C F2 7D 5D 3C 70 D1 44 3C A7 E7 8D 3C C4 12
[22:13:10.473] [INFO] [read-only] READ 43 byte(s):
6B 3C A7 21 18 3C D1 C2 A6 3B EB 9A 4C BB 94 A2
04 BC 5A 30 C1 BB 85 9C 4A 3B 5E C1 D2 3B 0D 6A
5C 75 46 94 00 00 72 00 37 89 7E
[22:13:10.475] [INFO] [read-only] WRITE 21 byte(s):
7E B9 03 81 00 03 82 06 00 80 0B 03 B9 04 0B 01
0F 00 00 A4 7E
[22:13:10.477] [INFO] [read-only] READ 64 byte(s):
7E B9 03 81 04 03 81 9D 08 0B B9 03 01 0F B9 04
B9 02 BC 21 44 72 69 76 65 6E 20 42 61 73 73 20
34 30 30 2B 2C 20 6E 6F 20 63 61 62 00 00 00 00
00 00 00 00 00 18 BA 02 88 00 00 00 00 88 00 00
[22:13:10.479] [INFO] [read-only] READ 64 byte(s):
F0 42 BA 03 BA 6D 88 00 00 00 00 88 00 00 00 00
88 00 00 C8 C2 88 00 00 A0 41 88 00 00 70 C2 88
00 00 80 3F 88 00 00 00 00 88 00 00 00 00 88 00
00 00 00 88 00 00 A0 40 88 00 00 80 3F 88 00 00
[22:13:10.480] [INFO] [read-only] READ 64 byte(s):
A0 40 88 00 00 96 43 88 00 00 A0 40 88 33 33 33
3F 88 00 80 3B 44 88 00 00 A0 40 88 00 80 ED 44
88 00 00 80 3F 88 00 00 80 3F 88 00 00 A0 40 88
00 00 A0 40 88 00 00 C8 42 88 00 00 80 3F 88 00
[22:13:10.481] [INFO] [read-only] READ 64 byte(s):
00 00 40 88 00 00 C8 41 88 00 00 A0 40 88 00 00
00 00 88 00 00 C0 3F 88 00 00 00 00 88 00 00 80
3F 88 00 00 C0 3F 88 00 00 00 00 88 00 00 00 00
88 00 00 A0 40 88 00 00 A0 40 88 00 00 80 3F 88
[22:13:10.483] [INFO] [read-only] READ 64 byte(s):
00 00 00 00 88 00 00 80 40 88 00 00 A0 40 88 00
00 00 00 88 00 00 00 00 88 00 00 F0 41 88 00 00
A0 40 88 00 00 00 00 88 00 00 00 00 88 00 00 F0
41 88 00 00 A0 40 88 00 00 00 00 88 00 00 00 00
[22:13:10.484] [INFO] [read-only] READ 64 byte(s):
88 00 00 F0 41 88 00 00 A0 40 88 00 00 00 00 88
00 00 00 00 88 00 00 F0 41 88 00 00 A0 40 88 00
00 00 00 88 00 00 00 00 88 00 00 F0 41 88 00 00
A0 40 88 00 00 00 00 88 00 00 00 00 88 00 00 F0
[22:13:10.485] [INFO] [read-only] READ 64 byte(s):
41 88 00 00 80 3F 88 00 00 00 00 88 00 00 00 00
88 00 00 00 00 88 00 00 70 41 88 00 00 00 3F 88
00 00 48 42 88 00 00 F0 40 88 00 00 00 00 88 00
00 40 40 88 00 00 D0 40 88 00 00 00 00 88 00 00
[22:13:10.486] [INFO] [read-only] READ 64 byte(s):
00 00 88 00 00 C0 40 88 00 00 00 00 88 00 00 70
41 88 00 00 00 3F 88 00 00 48 42 88 00 00 F0 40
88 00 00 00 00 88 00 00 70 41 88 00 00 00 3F 88
00 00 48 42 88 00 00 C8 41 88 00 00 F0 40 88 00
[22:13:10.488] [INFO] [read-only] READ 64 byte(s):
00 00 00 88 00 00 40 40 88 00 00 B4 43 88 00 00
F0 42 88 00 00 48 42 88 00 00 A0 40 88 00 00 80
3F 88 00 00 00 00 88 00 00 00 00 88 00 00 00 00
88 00 00 10 41 88 00 00 AF 43 88 00 00 A0 41 88
[22:13:10.489] [INFO] [read-only] READ 64 byte(s):
00 00 00 00 88 00 00 48 42 88 00 00 00 00 88 00
00 10 41 88 00 00 AF 43 88 00 00 A0 41 88 00 00
00 00 88 00 00 48 42 BA 6D 88 00 00 00 00 88 00
00 00 00 88 00 00 C8 C2 88 00 00 A0 41 88 00 00
[22:13:10.490] [INFO] [read-only] READ 64 byte(s):
70 C2 88 00 00 80 3F 88 00 00 00 00 88 00 00 00
00 88 00 00 00 00 88 00 00 A0 40 88 00 00 80 3F
88 00 00 A0 40 88 00 00 96 43 88 00 00 A0 40 88
33 33 33 3F 88 00 80 3B 44 88 00 00 A0 40 88 00
[22:13:10.492] [INFO] [read-only] READ 64 byte(s):
80 ED 44 88 00 00 80 3F 88 00 00 80 3F 88 00 00
A0 40 88 00 00 A0 40 88 00 00 C8 42 88 00 00 80
3F 88 00 00 00 00 88 00 00 C8 41 88 00 00 A0 40
88 00 00 00 00 88 00 00 C0 3F 88 00 00 00 00 88
[22:13:10.493] [INFO] [read-only] READ 64 byte(s):
00 00 80 3F 88 00 00 C0 3F 88 00 00 00 00 88 00
00 00 00 88 00 00 A0 40 88 00 00 A0 40 88 00 00
80 3F 88 00 00 00 00 88 00 00 80 40 88 00 00 A0
40 88 00 00 00 00 88 00 00 00 00 88 00 00 F0 41
[22:13:10.494] [INFO] [read-only] READ 64 byte(s):
88 00 00 A0 40 88 00 00 00 00 88 00 00 00 00 88
00 00 F0 41 88 00 00 A0 40 88 00 00 00 00 88 00
00 00 00 88 00 00 F0 41 88 00 00 A0 40 88 00 00
00 00 88 00 00 00 00 88 00 00 F0 41 88 00 00 A0
[22:13:10.496] [INFO] [read-only] READ 64 byte(s):
40 88 00 00 00 00 88 00 00 00 00 88 00 00 F0 41
88 00 00 A0 40 88 00 00 00 00 88 00 00 00 00 88
00 00 F0 41 88 00 00 80 3F 88 00 00 00 00 88 00
00 00 00 88 00 00 00 00 88 00 00 70 41 88 00 00
[22:13:10.497] [INFO] [read-only] READ 64 byte(s):
00 3F 88 00 00 48 42 88 00 00 F0 40 88 00 00 00
00 88 00 00 40 40 88 00 00 D0 40 88 00 00 00 00
88 00 00 00 00 88 00 00 C0 40 88 00 00 00 00 88
00 00 70 41 88 00 00 00 3F 88 00 00 48 42 88 00
[22:13:10.499] [INFO] [read-only] READ 64 byte(s):
00 F0 40 88 00 00 00 00 88 00 00 70 41 88 00 00
00 3F 88 00 00 48 42 88 00 00 C8 41 88 00 00 F0
40 88 00 00 00 00 88 00 00 40 40 88 00 00 B4 43
88 00 00 F0 42 88 00 00 48 42 88 00 00 A0 40 88
[22:13:10.501] [INFO] [read-only] READ 64 byte(s):
00 00 80 3F 88 00 00 00 00 88 00 00 00 00 88 00
00 00 00 88 00 00 10 41 88 00 00 AF 43 88 00 00
A0 41 88 00 00 00 00 88 00 00 48 42 88 00 00 00
00 88 00 00 10 41 88 00 00 AF 43 88 00 00 A0 41
[22:13:10.502] [INFO] [read-only] READ 64 byte(s):
88 00 00 00 00 88 00 00 48 42 BA 6D 88 00 00 00
00 88 00 00 00 00 88 00 00 C8 C2 88 00 00 A0 41
88 00 00 70 C2 88 00 00 80 3F 88 00 00 00 00 88
00 00 00 00 88 00 00 00 00 88 00 00 A0 40 88 00
[22:13:10.503] [INFO] [read-only] READ 64 byte(s):
00 80 3F 88 00 00 A0 40 88 00 00 96 43 88 00 00
A0 40 88 33 33 33 3F 88 00 80 3B 44 88 00 00 A0
40 88 00 80 ED 44 88 00 00 80 3F 88 00 00 80 3F
88 00 00 A0 40 88 00 00 A0 40 88 00 00 C8 42 88
[22:13:10.505] [INFO] [read-only] READ 64 byte(s):
00 00 80 3F 88 00 00 00 00 88 00 00 C8 41 88 00
00 A0 40 88 00 00 00 00 88 00 00 C0 3F 88 00 00
00 00 88 00 00 80 3F 88 00 00 C0 3F 88 00 00 00
00 88 00 00 00 00 88 00 00 A0 40 88 00 00 A0 40
[22:13:10.507] [INFO] [read-only] READ 64 byte(s):
88 00 00 80 3F 88 00 00 00 00 88 00 00 80 40 88
00 00 A0 40 88 00 00 00 00 88 00 00 00 00 88 00
00 F0 41 88 00 00 A0 40 88 00 00 00 00 88 00 00
00 00 88 00 00 F0 41 88 00 00 A0 40 88 00 00 00
[22:13:10.508] [INFO] [read-only] READ 64 byte(s):
00 88 00 00 00 00 88 00 00 F0 41 88 00 00 A0 40
88 00 00 00 00 88 00 00 00 00 88 00 00 F0 41 88
00 00 A0 40 88 00 00 00 00 88 00 00 00 00 88 00
00 F0 41 88 00 00 A0 40 88 00 00 00 00 88 00 00
[22:13:10.510] [INFO] [read-only] READ 64 byte(s):
00 00 88 00 00 F0 41 88 00 00 80 3F 88 00 00 00
00 88 00 00 00 00 88 00 00 00 00 88 00 00 70 41
88 00 00 00 3F 88 00 00 48 42 88 00 00 F0 40 88
00 00 00 00 88 00 00 40 40 88 00 00 D0 40 88 00
[22:13:10.511] [INFO] [read-only] READ 64 byte(s):
00 00 00 88 00 00 00 00 88 00 00 C0 40 88 00 00
00 00 88 00 00 70 41 88 00 00 00 3F 88 00 00 48
42 88 00 00 F0 40 88 00 00 00 00 88 00 00 70 41
88 00 00 00 3F 88 00 00 48 42 88 00 00 C8 41 88
[22:13:10.513] [INFO] [read-only] READ 64 byte(s):
00 00 F0 40 88 00 00 00 00 88 00 00 40 40 88 00
00 B4 43 88 00 00 F0 42 88 00 00 48 42 88 00 00
A0 40 88 00 00 80 3F 88 00 00 00 00 88 00 00 00
00 88 00 00 00 00 88 00 00 10 41 88 00 00 AF 43
[22:13:10.514] [INFO] [read-only] READ 64 byte(s):
88 00 00 A0 41 88 00 00 00 00 88 00 00 48 42 88
00 00 00 00 88 00 00 10 41 88 00 00 AF 43 88 00
00 A0 41 88 00 00 00 00 88 00 00 48 42 B9 0D B9
02 BC 21 00 A1 82 BC 07 FC 3C BB B3 8F 64 3A DF
[22:13:10.515] [INFO] [read-only] READ 64 byte(s):
A4 0D 3B 13 49 51 BC 30 78 84 BC 23 0C EA 39 24
2A 66 3C 90 00 B9 02 BC 0B 32 30 32 35 2D 31 32
2D 31 30 00 0A B9 02 BC 21 44 52 49 56 45 00 62
BC 75 92 13 BC 17 47 DF BB 4E 2F F4 BB 12 22 A4
[22:13:10.516] [INFO] [read-only] READ 64 byte(s):
BB C0 B4 7C BB E0 C5 B3 38 0A 05 B9 02 BC 21 4E
6F 6E 65 00 DC 11 BC 2D 07 C7 BC 4E A9 AA BC 01
1D 8F BC 62 58 54 BC 4C 0F 7C 3A 2D F7 1F 3B 4D
04 B9 02 BC 21 4E 6F 6E 65 00 74 57 BB 6D 33 44
[22:13:10.517] [INFO] [read-only] READ 64 byte(s):
3C E1 33 68 3C EB 69 57 3C 8F 98 2C 3B 73 B5 62
BA 2C FE A6 BB 28 04 B9 02 BC 21 4E 6F 6E 65 00
A2 2E BC 90 63 50 BC D9 FE AC BB 0D 7A 5E BB 9B
48 5F BB 29 02 10 BC 0D 7B 59 BB 94 04 B9 02 BC
[22:13:10.518] [INFO] [read-only] READ 64 byte(s):
21 4E 6F 6E 65 00 C3 8E BB B6 5E 05 BC EA 71 FB
39 67 82 89 BC 6E C2 22 BC B3 06 9F BB C0 4B F7
36 8E 04 B9 02 BC 21 00 DD 40 BC 4D 78 1A BC 46
67 D9 BA F3 22 CB 3B 6F 4A 57 3C E3 37 54 3C E1
[22:13:10.520] [INFO] [read-only] READ 64 byte(s):
7A 0D BA 67 DC F4 BB 65 00 B9 02 BC 21 00 EA 0C
3A 87 66 97 3B 32 46 5B BB 95 91 63 3B B4 57 E2
3A A9 16 97 3C 37 DE 97 3B B0 88 14 BB 4C 00 B9
02 BC 21 00 43 1D 3C 0D A5 04 BB 4D 40 3E 3C F6
[22:13:10.521] [INFO] [read-only] READ 64 byte(s):
C0 82 BC 72 DD 13 BC 81 F9 97 BA 5F 1B 28 3C 7C
2E CE B9 D0 00 B9 02 BC 21 00 59 7D 5E 3C 52 0F
AC 3B 39 0D 33 BC 22 52 08 BB 4F A0 00 3C B6 07
F7 3B D2 5F FB 3A A6 C5 2C BA 63 00 B9 02 BC 21
[22:13:10.523] [INFO] [read-only] READ 64 byte(s):
00 7F 84 3B 76 A4 25 BC 2D B3 51 3A 93 5D B3 BB
4C 44 AD BA 4E 10 38 BA 7A 13 1D 3B A3 07 9C BC
74 00 B9 02 BC 41 00 D9 04 BA 78 2D 1E 3B 26 BB
DE BB 86 8B 6A 3C E1 6D DF 3C 64 08 32 3C D8 C5
[22:13:10.524] [INFO] [read-only] READ 44 byte(s):
AC BB 6A 07 AB BC 4D 6E 9E BB A9 C7 E2 3B 09 3B
43 3C C7 02 10 3C 06 C2 F7 3C B1 1C 12 3D 7A 38
F5 50 61 7D 5D 00 00 72 00 B3 0E 7E
[22:13:10.526] [INFO] [read-only] WRITE 21 byte(s):
7E B9 03 81 00 03 82 06 00 80 0B 03 B9 04 0B 01
10 00 59 B2 7E
[22:13:10.528] [INFO] [read-only] READ 64 byte(s):
7E B9 03 81 04 03 81 9D 08 0B B9 03 01 10 B9 04
B9 02 BC 21 42 6F 6F 67 69 65 20 34 30 30 20 32
00 00 00 00 00 00 00 00 00 00 00 00 00 00 00 00
00 00 00 00 00 0C BA 02 88 00 00 00 00 88 00 00
[22:13:10.529] [INFO] [read-only] READ 64 byte(s):
F0 42 BA 03 BA 6D 88 00 00 00 00 88 00 00 80 3F
88 00 00 98 C2 88 00 00 FA 43 88 00 00 AA C2 88
00 00 80 3F 88 00 00 80 3F 88 00 00 EC C1 88 00
00 80 40 88 00 00 A0 41 88 00 00 80 3F 88 00 00
[22:13:10.530] [INFO] [read-only] READ 64 byte(s):
A0 40 88 00 00 96 43 88 9A 99 B9 40 88 33 33 33
3F 88 00 80 3B 44 88 00 00 A0 40 88 00 80 ED 44
88 00 00 80 3F 88 00 00 80 3F 88 00 00 20 41 88
00 00 A0 40 88 00 00 A0 42 88 00 00 80 3F 88 00
[22:13:10.531] [INFO] [read-only] READ 64 byte(s):
00 80 3F 88 00 00 10 42 88 00 00 A0 40 88 00 00
00 00 88 00 00 00 00 88 00 00 20 41 88 00 00 80
3F 88 00 00 00 00 88 00 00 00 00 88 00 00 00 00
88 00 00 20 41 88 00 00 A0 40 88 00 00 80 3F 88
[22:13:10.532] [INFO] [read-only] READ 64 byte(s):
00 00 00 00 88 00 00 80 40 88 00 00 A0 40 88 00
00 00 00 88 00 00 00 00 88 00 00 F0 41 88 00 00
A0 40 88 00 00 00 00 88 00 00 00 00 88 00 00 F0
41 88 00 00 A0 40 88 00 00 00 00 88 00 00 00 00
[22:13:10.533] [INFO] [read-only] READ 64 byte(s):
88 00 00 F0 41 88 00 00 A0 40 88 00 00 00 00 88
00 00 00 00 88 00 00 F0 41 88 00 00 A0 40 88 00
00 00 00 88 00 00 00 00 88 00 00 B8 41 88 00 00
A0 40 88 00 00 00 00 88 00 00 00 00 88 00 00 F0
[22:13:10.535] [INFO] [read-only] READ 64 byte(s):
41 88 00 00 80 3F 88 00 00 00 00 88 00 00 00 00
88 00 00 00 00 88 00 00 70 41 88 00 00 00 3F 88
00 00 48 42 88 00 00 F0 40 88 00 00 00 00 88 00
00 40 40 88 00 00 D0 40 88 00 00 00 00 88 00 00
[22:13:10.536] [INFO] [read-only] READ 64 byte(s):
00 00 88 00 00 C0 40 88 00 00 00 00 88 00 00 70
41 88 00 00 00 3F 88 00 00 48 42 88 00 00 F0 40
88 00 00 00 00 88 00 00 70 41 88 00 00 00 3F 88
00 00 48 42 88 00 00 C8 41 88 00 00 F0 40 88 00
[22:13:10.538] [INFO] [read-only] READ 64 byte(s):
00 00 00 88 00 00 40 40 88 00 00 B4 43 88 00 00
F0 42 88 00 00 48 42 88 00 00 A0 40 88 00 00 80
3F 88 00 00 00 00 88 00 00 00 00 88 00 00 00 00
88 00 00 10 41 88 00 00 AF 43 88 00 00 A0 41 88
[22:13:10.540] [INFO] [read-only] READ 64 byte(s):
00 00 00 00 88 00 00 48 42 88 00 00 00 00 88 00
00 10 41 88 00 00 AF 43 88 00 00 A0 41 88 00 00
00 00 88 00 00 48 42 BA 6D 88 00 00 00 00 88 00
00 00 00 88 00 00 C8 C2 88 00 00 A0 41 88 00 00
[22:13:10.542] [INFO] [read-only] READ 64 byte(s):
70 C2 88 00 00 80 3F 88 00 00 00 00 88 00 00 00
00 88 00 00 00 00 88 00 00 A0 40 88 00 00 80 3F
88 00 00 A0 40 88 00 00 96 43 88 00 00 A0 40 88
33 33 33 3F 88 00 80 3B 44 88 00 00 A0 40 88 00
[22:13:10.544] [INFO] [read-only] READ 64 byte(s):
80 ED 44 88 00 00 80 3F 88 00 00 80 3F 88 00 00
A0 40 88 00 00 A0 40 88 00 00 C8 42 88 00 00 80
3F 88 00 00 00 00 88 00 00 C8 41 88 00 00 A0 40
88 00 00 00 00 88 00 00 C0 3F 88 00 00 00 00 88
[22:13:10.547] [INFO] [read-only] READ 64 byte(s):
00 00 80 3F 88 00 00 C0 3F 88 00 00 00 00 88 00
00 00 00 88 00 00 A0 40 88 00 00 A0 40 88 00 00
80 3F 88 00 00 00 00 88 00 00 80 40 88 00 00 A0
40 88 00 00 00 00 88 00 00 00 00 88 00 00 F0 41
[22:13:10.550] [INFO] [read-only] READ 64 byte(s):
88 00 00 A0 40 88 00 00 00 00 88 00 00 00 00 88
00 00 F0 41 88 00 00 A0 40 88 00 00 00 00 88 00
00 00 00 88 00 00 F0 41 88 00 00 A0 40 88 00 00
00 00 88 00 00 00 00 88 00 00 F0 41 88 00 00 A0
[22:13:10.552] [INFO] [read-only] READ 64 byte(s):
40 88 00 00 00 00 88 00 00 00 00 88 00 00 F0 41
88 00 00 A0 40 88 00 00 00 00 88 00 00 00 00 88
00 00 F0 41 88 00 00 80 3F 88 00 00 00 00 88 00
00 00 00 88 00 00 00 00 88 00 00 70 41 88 00 00
[22:13:10.554] [INFO] [read-only] READ 64 byte(s):
00 3F 88 00 00 48 42 88 00 00 F0 40 88 00 00 00
00 88 00 00 40 40 88 00 00 D0 40 88 00 00 00 00
88 00 00 00 00 88 00 00 C0 40 88 00 00 00 00 88
00 00 70 41 88 00 00 00 3F 88 00 00 48 42 88 00
[22:13:10.557] [INFO] [read-only] READ 64 byte(s):
00 F0 40 88 00 00 00 00 88 00 00 70 41 88 00 00
00 3F 88 00 00 48 42 88 00 00 C8 41 88 00 00 F0
40 88 00 00 00 00 88 00 00 40 40 88 00 00 B4 43
88 00 00 F0 42 88 00 00 48 42 88 00 00 A0 40 88
[22:13:10.559] [INFO] [read-only] READ 64 byte(s):
00 00 80 3F 88 00 00 00 00 88 00 00 00 00 88 00
00 00 00 88 00 00 10 41 88 00 00 AF 43 88 00 00
A0 41 88 00 00 00 00 88 00 00 48 42 88 00 00 00
00 88 00 00 10 41 88 00 00 AF 43 88 00 00 A0 41
[22:13:10.561] [INFO] [read-only] READ 64 byte(s):
88 00 00 00 00 88 00 00 48 42 BA 6D 88 00 00 00
00 88 00 00 00 00 88 00 00 C8 C2 88 00 00 A0 41
88 00 00 70 C2 88 00 00 80 3F 88 00 00 00 00 88
00 00 00 00 88 00 00 00 00 88 00 00 A0 40 88 00
[22:13:10.562] [INFO] [read-only] READ 64 byte(s):
00 80 3F 88 00 00 A0 40 88 00 00 96 43 88 00 00
A0 40 88 33 33 33 3F 88 00 80 3B 44 88 00 00 A0
40 88 00 80 ED 44 88 00 00 80 3F 88 00 00 80 3F
88 00 00 A0 40 88 00 00 A0 40 88 00 00 C8 42 88
[22:13:10.564] [INFO] [read-only] READ 64 byte(s):
00 00 80 3F 88 00 00 00 00 88 00 00 C8 41 88 00
00 A0 40 88 00 00 00 00 88 00 00 C0 3F 88 00 00
00 00 88 00 00 80 3F 88 00 00 C0 3F 88 00 00 00
00 88 00 00 00 00 88 00 00 A0 40 88 00 00 A0 40
[22:13:10.565] [INFO] [read-only] READ 64 byte(s):
88 00 00 80 3F 88 00 00 00 00 88 00 00 80 40 88
00 00 A0 40 88 00 00 00 00 88 00 00 00 00 88 00
00 F0 41 88 00 00 A0 40 88 00 00 00 00 88 00 00
00 00 88 00 00 F0 41 88 00 00 A0 40 88 00 00 00
[22:13:10.566] [INFO] [read-only] READ 64 byte(s):
00 88 00 00 00 00 88 00 00 F0 41 88 00 00 A0 40
88 00 00 00 00 88 00 00 00 00 88 00 00 F0 41 88
00 00 A0 40 88 00 00 00 00 88 00 00 00 00 88 00
00 F0 41 88 00 00 A0 40 88 00 00 00 00 88 00 00
[22:13:10.567] [INFO] [read-only] READ 64 byte(s):
00 00 88 00 00 F0 41 88 00 00 80 3F 88 00 00 00
00 88 00 00 00 00 88 00 00 00 00 88 00 00 70 41
88 00 00 00 3F 88 00 00 48 42 88 00 00 F0 40 88
00 00 00 00 88 00 00 40 40 88 00 00 D0 40 88 00
[22:13:10.569] [INFO] [read-only] READ 64 byte(s):
00 00 00 88 00 00 00 00 88 00 00 C0 40 88 00 00
00 00 88 00 00 70 41 88 00 00 00 3F 88 00 00 48
42 88 00 00 F0 40 88 00 00 00 00 88 00 00 70 41
88 00 00 00 3F 88 00 00 48 42 88 00 00 C8 41 88
[22:13:10.570] [INFO] [read-only] READ 64 byte(s):
00 00 F0 40 88 00 00 00 00 88 00 00 40 40 88 00
00 B4 43 88 00 00 F0 42 88 00 00 48 42 88 00 00
A0 40 88 00 00 80 3F 88 00 00 00 00 88 00 00 00
00 88 00 00 00 00 88 00 00 10 41 88 00 00 AF 43
[22:13:10.571] [INFO] [read-only] READ 64 byte(s):
88 00 00 A0 41 88 00 00 00 00 88 00 00 48 42 88
00 00 00 00 88 00 00 10 41 88 00 00 AF 43 88 00
00 A0 41 88 00 00 00 00 88 00 00 48 42 B9 0D B9
02 BC 21 00 EE 04 3B F5 2C 07 3C 93 91 A8 3B 7D
[22:13:10.572] [INFO] [read-only] READ 64 byte(s):
5D 1A C8 3B AC 7D 5D 08 3C CA A5 1C 3B 3B EC FD
3A 25 36 76 3B 85 00 B9 02 BC 0B 32 30 32 35 2D
31 32 2D 31 30 00 0A B9 02 BC 21 44 52 49 56 45
00 DD 3B 99 B6 00 3C 40 03 FB 3A 4A F0 58 39 93
[22:13:10.573] [INFO] [read-only] READ 64 byte(s):
7A 80 3B 34 D4 59 3C D7 E6 C1 3B 47 05 B9 02 BC
21 4E 6F 6E 65 00 82 A5 3B 9E 0C BA 3B 19 6A 62
3B 72 68 DA 3B F3 06 57 3B 93 68 1C 3C 73 6F 10
3C F6 04 B9 02 BC 21 4E 6F 6E 65 00 94 E9 BA E5
[22:13:10.575] [INFO] [read-only] READ 64 byte(s):
44 B1 3B 02 B2 2E 3C FC 05 2F 3C F2 50 92 3B EB
E5 06 BA 23 34 01 3C 47 04 B9 02 BC 21 4E 6F 6E
65 00 E4 F4 3B 0A 28 A6 3B 43 50 A9 3B B3 54 CA
3B 46 7D 5E 39 3B 9C 4D E5 B9 E2 EA 34 3B EC 04
[22:13:10.576] [INFO] [read-only] READ 64 byte(s):
B9 02 BC 21 4E 6F 6E 65 00 1B FD 3B 4A CD 8C 3B
29 3D 74 39 B3 AA 29 BA ED 30 B2 3B 12 15 1B 3C
C5 A2 6A 3B 22 04 B9 02 BC 21 00 1F 55 3C 2D 0A
2F 3C 98 4C 23 3B 76 6A CB BB 92 DD 19 39 2D 82
[22:13:10.577] [INFO] [read-only] READ 64 byte(s):
DD 3B F4 90 CB 3B 91 6E F9 3A D0 00 B9 02 BC 21
00 82 83 3B 00 E2 2A BB 15 89 79 3B 9C 74 1A 3C
6C 97 F4 3B 35 DC 45 BB 8C 5C B0 37 CE 48 23 3B
4F 00 B9 02 BC 21 00 8F 87 3B 2C 86 88 3B 2F 9E
[22:13:10.578] [INFO] [read-only] READ 64 byte(s):
A5 3B 43 EE B5 3B 85 C4 15 3B 79 E9 34 3B F0 65
92 BA C7 1F 8F 3B 26 00 B9 02 BC 21 00 88 93 3B
EE 63 6F 3B 0E B5 7C 37 68 AB 81 3B 84 76 A2 3B
A2 41 B6 3B 1B FB 2E 3B 67 72 72 3A 0B 00 B9 02
[22:13:10.580] [INFO] [read-only] READ 64 byte(s):
BC 21 00 DF 81 3B F2 CA FA 3B 6C 38 98 3B 87 FC
64 3A DF 7C 69 3A B7 91 49 3B B1 9B 93 3B 90 1A
B8 3B 9D 00 B9 02 BC 41 00 3A 32 3A 5C C7 80 3B
D6 32 A4 3B 39 7B 64 3B 98 A2 9E BA 19 14 B6 3A
[22:13:10.581] [INFO] [read-only] READ 46 byte(s):
CF 24 A2 3B AD 35 80 3B 50 C0 8A 3B 75 BF 4B 3B
98 6A 32 BA AD CE 03 3B 1B 9B E8 3B 91 AA 78 3C
0A F2 F4 50 61 7D 5D 00 00 72 00 D7 64 7E
[22:13:10.584] [INFO] [read-only] WRITE 21 byte(s):
7E B9 03 81 00 03 82 06 00 80 0B 03 B9 04 0B 01
11 00 81 AB 7E
[22:13:10.586] [INFO] [read-only] READ 64 byte(s):
7E B9 03 81 04 03 81 9D 08 0B B9 03 01 11 B9 04
B9 02 BC 21 73 75 62 77 61 79 20 63 6C 65 61 6E
00 00 00 00 00 00 00 00 00 00 00 00 00 00 00 00
00 00 00 00 00 0C BA 02 88 00 00 00 00 88 00 00
[22:13:10.588] [INFO] [read-only] READ 64 byte(s):
F0 42 BA 03 BA 6D 88 00 00 00 00 88 00 00 00 00
88 00 00 C8 C2 88 00 00 A0 41 88 00 00 70 C2 88
00 00 80 3F 88 00 00 00 00 88 00 00 00 00 88 00
00 00 00 88 00 00 A0 40 88 00 00 80 3F 88 00 00
[22:13:10.589] [INFO] [read-only] READ 64 byte(s):
A0 40 88 00 00 96 43 88 00 00 A0 40 88 33 33 33
3F 88 00 80 3B 44 88 00 00 A0 40 88 00 80 ED 44
88 00 00 80 3F 88 00 00 80 3F 88 00 00 A0 40 88
00 00 A0 40 88 00 00 C8 42 88 00 00 80 3F 88 00
[22:13:10.590] [INFO] [read-only] READ 64 byte(s):
00 00 40 88 00 00 C8 41 88 00 00 A0 40 88 00 00
00 00 88 00 00 C0 3F 88 00 00 00 00 88 00 00 80
3F 88 00 00 C0 3F 88 00 00 00 00 88 00 00 00 00
88 00 00 A0 40 88 00 00 A0 40 88 00 00 80 3F 88
[22:13:10.592] [INFO] [read-only] READ 64 byte(s):
00 00 00 00 88 00 00 80 40 88 00 00 A0 40 88 00
00 00 00 88 00 00 00 00 88 00 00 F0 41 88 00 00
A0 40 88 00 00 00 00 88 00 00 00 00 88 00 00 F0
41 88 00 00 A0 40 88 00 00 00 00 88 00 00 00 00
[22:13:10.593] [INFO] [read-only] READ 64 byte(s):
88 00 00 F0 41 88 00 00 A0 40 88 00 00 00 00 88
00 00 00 00 88 00 00 F0 41 88 00 00 A0 40 88 00
00 00 00 88 00 00 00 00 88 00 00 F0 41 88 00 00
A0 40 88 00 00 00 00 88 00 00 00 00 88 00 00 F0
[22:13:10.594] [INFO] [read-only] READ 64 byte(s):
41 88 00 00 80 3F 88 00 00 00 00 88 00 00 00 00
88 00 00 00 00 88 00 00 70 41 88 00 00 00 3F 88
00 00 48 42 88 00 00 F0 40 88 00 00 00 00 88 00
00 40 40 88 00 00 D0 40 88 00 00 00 00 88 00 00
[22:13:10.596] [INFO] [read-only] READ 64 byte(s):
00 00 88 00 00 C0 40 88 00 00 00 00 88 00 00 70
41 88 00 00 00 3F 88 00 00 48 42 88 00 00 F0 40
88 00 00 00 00 88 00 00 70 41 88 00 00 00 3F 88
00 00 48 42 88 00 00 C8 41 88 00 00 F0 40 88 00
[22:13:10.598] [INFO] [read-only] READ 64 byte(s):
00 00 00 88 00 00 40 40 88 00 00 B4 43 88 00 00
F0 42 88 00 00 48 42 88 00 00 A0 40 88 00 00 80
3F 88 00 00 00 00 88 00 00 00 00 88 00 00 00 00
88 00 00 10 41 88 00 00 AF 43 88 00 00 A0 41 88
[22:13:10.601] [INFO] [read-only] READ 64 byte(s):
00 00 00 00 88 00 00 48 42 88 00 00 00 00 88 00
00 10 41 88 00 00 AF 43 88 00 00 A0 41 88 00 00
00 00 88 00 00 48 42 BA 6D 88 00 00 00 00 88 00
00 00 00 88 00 00 C8 C2 88 00 00 A0 41 88 00 00
[22:13:10.603] [INFO] [read-only] READ 64 byte(s):
70 C2 88 00 00 80 3F 88 00 00 00 00 88 00 00 00
00 88 00 00 00 00 88 00 00 A0 40 88 00 00 80 3F
88 00 00 A0 40 88 00 00 96 43 88 00 00 A0 40 88
33 33 33 3F 88 00 80 3B 44 88 00 00 A0 40 88 00
[22:13:10.606] [INFO] [read-only] READ 64 byte(s):
80 ED 44 88 00 00 80 3F 88 00 00 80 3F 88 00 00
A0 40 88 00 00 A0 40 88 00 00 C8 42 88 00 00 80
3F 88 00 00 00 00 88 00 00 C8 41 88 00 00 A0 40
88 00 00 00 00 88 00 00 C0 3F 88 00 00 00 00 88
[22:13:10.608] [INFO] [read-only] READ 64 byte(s):
00 00 80 3F 88 00 00 C0 3F 88 00 00 00 00 88 00
00 00 00 88 00 00 A0 40 88 00 00 A0 40 88 00 00
80 3F 88 00 00 00 00 88 00 00 80 40 88 00 00 A0
40 88 00 00 00 00 88 00 00 00 00 88 00 00 F0 41
[22:13:10.612] [INFO] [read-only] READ 64 byte(s):
88 00 00 A0 40 88 00 00 00 00 88 00 00 00 00 88
00 00 F0 41 88 00 00 A0 40 88 00 00 00 00 88 00
00 00 00 88 00 00 F0 41 88 00 00 A0 40 88 00 00
00 00 88 00 00 00 00 88 00 00 F0 41 88 00 00 A0
[22:13:10.615] [INFO] [read-only] READ 64 byte(s):
40 88 00 00 00 00 88 00 00 00 00 88 00 00 F0 41
88 00 00 A0 40 88 00 00 00 00 88 00 00 00 00 88
00 00 F0 41 88 00 00 80 3F 88 00 00 00 00 88 00
00 00 00 88 00 00 00 00 88 00 00 70 41 88 00 00
[22:13:10.617] [INFO] [read-only] READ 64 byte(s):
00 3F 88 00 00 48 42 88 00 00 F0 40 88 00 00 00
00 88 00 00 40 40 88 00 00 D0 40 88 00 00 00 00
88 00 00 00 00 88 00 00 C0 40 88 00 00 00 00 88
00 00 70 41 88 00 00 00 3F 88 00 00 48 42 88 00
[22:13:10.620] [INFO] [read-only] READ 64 byte(s):
00 F0 40 88 00 00 00 00 88 00 00 70 41 88 00 00
00 3F 88 00 00 48 42 88 00 00 C8 41 88 00 00 F0
40 88 00 00 00 00 88 00 00 40 40 88 00 00 B4 43
88 00 00 F0 42 88 00 00 48 42 88 00 00 A0 40 88
[22:13:10.622] [INFO] [read-only] READ 64 byte(s):
00 00 80 3F 88 00 00 00 00 88 00 00 00 00 88 00
00 00 00 88 00 00 10 41 88 00 00 AF 43 88 00 00
A0 41 88 00 00 00 00 88 00 00 48 42 88 00 00 00
00 88 00 00 10 41 88 00 00 AF 43 88 00 00 A0 41
[22:13:10.625] [INFO] [read-only] READ 64 byte(s):
88 00 00 00 00 88 00 00 48 42 BA 6D 88 00 00 00
00 88 00 00 00 00 88 00 00 C8 C2 88 00 00 A0 41
88 00 00 70 C2 88 00 00 80 3F 88 00 00 00 00 88
00 00 00 00 88 00 00 00 00 88 00 00 A0 40 88 00
[22:13:10.627] [INFO] [read-only] READ 64 byte(s):
00 80 3F 88 00 00 A0 40 88 00 00 96 43 88 00 00
A0 40 88 33 33 33 3F 88 00 80 3B 44 88 00 00 A0
40 88 00 80 ED 44 88 00 00 80 3F 88 00 00 80 3F
88 00 00 A0 40 88 00 00 A0 40 88 00 00 C8 42 88
[22:13:10.630] [INFO] [read-only] READ 64 byte(s):
00 00 80 3F 88 00 00 00 00 88 00 00 C8 41 88 00
00 A0 40 88 00 00 00 00 88 00 00 C0 3F 88 00 00
00 00 88 00 00 80 3F 88 00 00 C0 3F 88 00 00 00
00 88 00 00 00 00 88 00 00 A0 40 88 00 00 A0 40
[22:13:10.632] [INFO] [read-only] READ 64 byte(s):
88 00 00 80 3F 88 00 00 00 00 88 00 00 80 40 88
00 00 A0 40 88 00 00 00 00 88 00 00 00 00 88 00
00 F0 41 88 00 00 A0 40 88 00 00 00 00 88 00 00
00 00 88 00 00 F0 41 88 00 00 A0 40 88 00 00 00
[22:13:10.635] [INFO] [read-only] READ 64 byte(s):
00 88 00 00 00 00 88 00 00 F0 41 88 00 00 A0 40
88 00 00 00 00 88 00 00 00 00 88 00 00 F0 41 88
00 00 A0 40 88 00 00 00 00 88 00 00 00 00 88 00
00 F0 41 88 00 00 A0 40 88 00 00 00 00 88 00 00
[22:13:10.637] [INFO] [read-only] READ 64 byte(s):
00 00 88 00 00 F0 41 88 00 00 80 3F 88 00 00 00
00 88 00 00 00 00 88 00 00 00 00 88 00 00 70 41
88 00 00 00 3F 88 00 00 48 42 88 00 00 F0 40 88
00 00 00 00 88 00 00 40 40 88 00 00 D0 40 88 00
[22:13:10.639] [INFO] [read-only] READ 64 byte(s):
00 00 00 88 00 00 00 00 88 00 00 C0 40 88 00 00
00 00 88 00 00 70 41 88 00 00 00 3F 88 00 00 48
42 88 00 00 F0 40 88 00 00 00 00 88 00 00 70 41
88 00 00 00 3F 88 00 00 48 42 88 00 00 C8 41 88
[22:13:10.641] [INFO] [read-only] READ 64 byte(s):
00 00 F0 40 88 00 00 00 00 88 00 00 40 40 88 00
00 B4 43 88 00 00 F0 42 88 00 00 48 42 88 00 00
A0 40 88 00 00 80 3F 88 00 00 00 00 88 00 00 00
00 88 00 00 00 00 88 00 00 10 41 88 00 00 AF 43
[22:13:10.642] [INFO] [read-only] READ 64 byte(s):
88 00 00 A0 41 88 00 00 00 00 88 00 00 48 42 88
00 00 00 00 88 00 00 10 41 88 00 00 AF 43 88 00
00 A0 41 88 00 00 00 00 88 00 00 48 42 B9 0D B9
02 BC 21 00 20 C1 B8 32 94 F7 3A B6 BF 45 3A 3E
[22:13:10.644] [INFO] [read-only] READ 64 byte(s):
9B 81 3A A1 10 42 3B 80 CC B4 37 3D 13 85 BB AF
12 44 BB 99 00 B9 02 BC 0B 32 30 32 35 2D 31 32
2D 31 30 00 0A B9 02 BC 21 43 4C 45 41 4E 00 0B
3A 62 6B 47 3A 8C B3 D6 3A F2 10 08 3B 9D FB 7C
[22:13:10.646] [INFO] [read-only] READ 64 byte(s):
BA AB E3 7A 3B 60 90 35 37 34 05 B9 02 BC 21 4E
6F 6E 65 00 FC 3C BB 30 C2 8A 38 50 81 FA 38 0C
D7 CB BA C2 FA 16 3A B9 A0 33 BB 30 98 37 BA F8
04 B9 02 BC 21 4E 6F 6E 65 00 52 D8 37 36 DD 23
[22:13:10.651] [INFO] [read-only] READ 64 byte(s):
BA 2A 82 3F 3A 02 66 D5 3A 8C C9 8C B9 36 20 32
BB 42 01 4F BB 7D 5E 04 B9 02 BC 21 4E 6F 6E 65
00 57 13 BA 4C 8F 54 3A 0F 98 0D 3B 78 5C 0F 3B
11 D8 C0 3A 8C 36 21 3B 50 1A 65 3B BD 04 B9 02
[22:13:10.654] [INFO] [read-only] READ 64 byte(s):
BC 21 4E 6F 6E 65 00 DA 0C BB 1C 6C 4D 39 7B 77
43 3A 3F 25 27 BB 8F 22 A9 B9 9A FB 8E B8 2E 68
2A BB 14 04 B9 02 BC 21 00 E3 23 BB 9B 4A BD 3A
2C 50 78 BA C4 9F 8D BA AB 3A E4 BA FE F3 A4 BA
[22:13:10.659] [INFO] [read-only] READ 64 byte(s):
4A 1E 4B 3A 26 8A 8B 3A 80 00 B9 02 BC 21 00 6A
22 BA 24 FC 8A BB 18 AC 4B BA C3 D0 B6 3A 2C 07
36 3A F8 49 3C B9 5A D3 00 3B 01 48 A6 3A 24 00
B9 02 BC 21 00 55 7C 3B 49 CD 33 3B 64 EF A4 39
[22:13:10.663] [INFO] [read-only] READ 64 byte(s):
B4 89 76 B9 19 26 EE 3A F7 CD 2E 3B E9 DF 09 3B
9F FD 40 BA B8 00 B9 02 BC 21 00 59 DB BB 7A 76
C4 BB 90 3D 18 BC FC A5 10 BC A4 28 08 BC C6 29
4E BC BC 84 62 BC B0 DF 72 BC 8C 00 B9 02 BC 21
[22:13:10.676] [INFO] [read-only] READ 64 byte(s):
00 F5 70 BC 39 17 47 BC C6 CB B9 BB 76 64 04 3B
BA 79 9E 3B 20 63 B4 3B 82 C1 6E 3B 7C 7D 5D 04
3B 68 00 B9 02 BC 41 00 85 BA BB D1 3D 26 BB 75
4E 1C 3B EB 67 AC 3B 50 CC 82 3B 18 9E 7C 3B A9
[22:13:10.681] [INFO] [read-only] READ 45 byte(s):
38 46 BA 72 53 FF BA 99 73 0C 3B 52 0A FE 3B 75
6B FB 3B 1A CE 53 3A 93 51 54 BC B0 2A CE 38 7A
38 F5 50 61 7D 5D 00 00 72 00 9F AB 7E
[22:13:10.684] [INFO] [read-only] WRITE 21 byte(s):
7E B9 03 81 00 03 82 06 00 80 0B 03 B9 04 0B 01
12 00 E9 81 7E
[22:13:10.688] [INFO] [read-only] READ 64 byte(s):
7E B9 03 81 04 03 81 9D 08 0B B9 03 01 12 B9 04
B9 02 BC 21 48 55 47 45 20 4D 55 46 46 00 00 00
00 00 00 00 00 00 00 00 00 00 00 00 00 00 00 00
00 00 00 00 00 09 BA 02 88 00 00 00 00 88 00 00
[22:13:10.694] [INFO] [read-only] READ 64 byte(s):
F0 42 BA 03 BA 6D 88 00 00 00 00 88 00 00 80 3F
88 00 00 84 C2 88 00 00 A0 41 88 00 00 20 C2 88
00 00 80 3F 88 00 00 80 3F 88 00 00 80 C0 88 00
00 40 C0 88 00 00 A0 40 88 00 00 80 3F 88 00 00
[22:13:10.697] [INFO] [read-only] READ 64 byte(s):
A0 40 88 00 00 96 43 88 00 00 A0 40 88 33 33 33
3F 88 00 80 3B 44 88 00 00 A0 40 88 00 00 FA 44
88 00 00 80 3F 88 00 00 80 3F 88 67 66 A6 40 88
00 00 A0 40 88 00 00 C8 42 88 00 00 80 3F 88 00
[22:13:10.708] [INFO] [read-only] READ 64 byte(s):
00 00 40 88 00 00 C8 41 88 00 00 A0 40 88 00 00
00 00 88 00 00 C0 3F 88 00 00 00 00 88 00 00 80
3F 88 00 00 C0 3F 88 00 00 00 00 88 00 00 00 00
88 00 00 A0 40 88 00 00 A0 40 88 00 00 80 3F 88
[22:13:10.712] [INFO] [read-only] READ 64 byte(s):
00 00 80 3F 88 00 00 80 40 88 00 00 A0 40 88 00
00 00 00 88 00 00 00 00 88 00 00 00 00 88 00 00
A0 40 88 00 00 00 00 88 00 00 00 00 88 00 00 00
00 88 00 00 A0 40 88 00 00 00 00 88 00 00 00 00
[22:13:10.718] [INFO] [read-only] READ 64 byte(s):
88 00 00 00 00 88 00 00 A0 40 88 00 00 00 00 88
00 00 00 00 88 00 00 00 00 88 00 00 A0 40 88 00
00 00 00 88 00 00 00 00 88 00 00 00 00 88 00 00
A0 40 88 00 00 00 00 88 00 00 00 00 88 00 00 00
[22:13:10.725] [INFO] [read-only] READ 64 byte(s):
00 88 00 00 80 3F 88 00 00 00 00 88 00 00 00 00
88 00 00 00 00 88 00 00 70 41 88 00 00 00 3F 88
00 00 48 42 88 00 00 F0 40 88 00 00 00 00 88 00
00 40 40 88 00 00 D0 40 88 00 00 00 00 88 00 00
[22:13:10.731] [INFO] [read-only] READ 64 byte(s):
00 00 88 00 00 C0 40 88 00 00 00 00 88 00 00 70
41 88 00 00 00 3F 88 00 00 48 42 88 00 00 F0 40
88 00 00 00 00 88 00 00 70 41 88 00 00 00 3F 88
00 00 48 42 88 00 00 C8 41 88 00 00 F0 40 88 00
[22:13:10.734] [INFO] [read-only] READ 64 byte(s):
00 00 00 88 00 00 40 40 88 00 00 B4 43 88 00 00
F0 42 88 00 00 48 42 88 00 00 A0 40 88 00 00 80
3F 88 00 00 00 00 88 00 00 00 00 88 00 00 00 00
88 00 00 10 41 88 00 00 AF 43 88 00 00 A0 41 88
[22:13:10.737] [INFO] [read-only] READ 64 byte(s):
00 00 00 00 88 00 00 48 42 88 00 00 00 00 88 00
00 10 41 88 00 00 AF 43 88 00 00 A0 41 88 00 00
00 00 88 00 00 48 42 BA 6D 88 00 00 00 00 88 00
00 00 00 88 00 00 C8 C2 88 00 00 A0 41 88 00 00
[22:13:10.742] [INFO] [read-only] READ 64 byte(s):
70 C2 88 00 00 80 3F 88 00 00 00 00 88 00 00 00
00 88 00 00 00 00 88 00 00 A0 40 88 00 00 80 3F
88 00 00 A0 40 88 00 00 96 43 88 00 00 A0 40 88
33 33 33 3F 88 00 80 3B 44 88 00 00 A0 40 88 00
[22:13:10.745] [INFO] [read-only] READ 64 byte(s):
80 ED 44 88 00 00 80 3F 88 00 00 80 3F 88 00 00
A0 40 88 00 00 A0 40 88 00 00 C8 42 88 00 00 80
3F 88 00 00 00 00 88 00 00 C8 41 88 00 00 A0 40
88 00 00 00 00 88 00 00 C0 3F 88 00 00 00 00 88
[22:13:10.749] [INFO] [read-only] READ 64 byte(s):
00 00 80 3F 88 00 00 C0 3F 88 00 00 00 00 88 00
00 00 00 88 00 00 A0 40 88 00 00 A0 40 88 00 00
80 3F 88 00 00 00 00 88 00 00 80 40 88 00 00 A0
40 88 00 00 00 00 88 00 00 00 00 88 00 00 00 00
[22:13:10.751] [INFO] [read-only] READ 64 byte(s):
88 00 00 A0 40 88 00 00 00 00 88 00 00 00 00 88
00 00 00 00 88 00 00 A0 40 88 00 00 00 00 88 00
00 00 00 88 00 00 00 00 88 00 00 A0 40 88 00 00
00 00 88 00 00 00 00 88 00 00 00 00 88 00 00 A0
[22:13:10.754] [INFO] [read-only] READ 64 byte(s):
40 88 00 00 00 00 88 00 00 00 00 88 00 00 00 00
88 00 00 A0 40 88 00 00 00 00 88 00 00 00 00 88
00 00 00 00 88 00 00 80 3F 88 00 00 00 00 88 00
00 00 00 88 00 00 00 00 88 00 00 70 41 88 00 00
[22:13:10.756] [INFO] [read-only] READ 64 byte(s):
00 3F 88 00 00 48 42 88 00 00 F0 40 88 00 00 00
00 88 00 00 40 40 88 00 00 D0 40 88 00 00 00 00
88 00 00 00 00 88 00 00 C0 40 88 00 00 00 00 88
00 00 70 41 88 00 00 00 3F 88 00 00 48 42 88 00
[22:13:10.759] [INFO] [read-only] READ 64 byte(s):
00 F0 40 88 00 00 00 00 88 00 00 70 41 88 00 00
00 3F 88 00 00 48 42 88 00 00 C8 41 88 00 00 F0
40 88 00 00 00 00 88 00 00 40 40 88 00 00 B4 43
88 00 00 F0 42 88 00 00 48 42 88 00 00 A0 40 88
[22:13:10.761] [INFO] [read-only] READ 64 byte(s):
00 00 80 3F 88 00 00 00 00 88 00 00 00 00 88 00
00 00 00 88 00 00 10 41 88 00 00 AF 43 88 00 00
A0 41 88 00 00 00 00 88 00 00 48 42 88 00 00 00
00 88 00 00 10 41 88 00 00 AF 43 88 00 00 A0 41
[22:13:10.765] [INFO] [read-only] READ 64 byte(s):
88 00 00 00 00 88 00 00 48 42 BA 6D 88 00 00 00
00 88 00 00 00 00 88 00 00 C8 C2 88 00 00 A0 41
88 00 00 70 C2 88 00 00 80 3F 88 00 00 00 00 88
00 00 00 00 88 00 00 00 00 88 00 00 A0 40 88 00
[22:13:10.767] [INFO] [read-only] READ 64 byte(s):
00 80 3F 88 00 00 A0 40 88 00 00 96 43 88 00 00
A0 40 88 33 33 33 3F 88 00 80 3B 44 88 00 00 A0
40 88 00 80 ED 44 88 00 00 80 3F 88 00 00 80 3F
88 00 00 A0 40 88 00 00 A0 40 88 00 00 C8 42 88
[22:13:10.772] [INFO] [read-only] READ 64 byte(s):
00 00 80 3F 88 00 00 00 00 88 00 00 C8 41 88 00
00 A0 40 88 00 00 00 00 88 00 00 C0 3F 88 00 00
00 00 88 00 00 80 3F 88 00 00 C0 3F 88 00 00 00
00 88 00 00 00 00 88 00 00 A0 40 88 00 00 A0 40
[22:13:10.776] [INFO] [read-only] READ 64 byte(s):
88 00 00 80 3F 88 00 00 00 00 88 00 00 80 40 88
00 00 A0 40 88 00 00 00 00 88 00 00 00 00 88 00
00 00 00 88 00 00 A0 40 88 00 00 00 00 88 00 00
00 00 88 00 00 00 00 88 00 00 A0 40 88 00 00 00
[22:13:10.778] [INFO] [read-only] READ 64 byte(s):
00 88 00 00 00 00 88 00 00 00 00 88 00 00 A0 40
88 00 00 00 00 88 00 00 00 00 88 00 00 00 00 88
00 00 A0 40 88 00 00 00 00 88 00 00 00 00 88 00
00 00 00 88 00 00 A0 40 88 00 00 00 00 88 00 00
[22:13:10.780] [INFO] [read-only] READ 64 byte(s):
00 00 88 00 00 00 00 88 00 00 80 3F 88 00 00 00
00 88 00 00 00 00 88 00 00 00 00 88 00 00 70 41
88 00 00 00 3F 88 00 00 48 42 88 00 00 F0 40 88
00 00 00 00 88 00 00 40 40 88 00 00 D0 40 88 00
[22:13:10.783] [INFO] [read-only] READ 64 byte(s):
00 00 00 88 00 00 00 00 88 00 00 C0 40 88 00 00
00 00 88 00 00 70 41 88 00 00 00 3F 88 00 00 48
42 88 00 00 F0 40 88 00 00 00 00 88 00 00 70 41
88 00 00 00 3F 88 00 00 48 42 88 00 00 C8 41 88
[22:13:10.788] [INFO] [read-only] READ 64 byte(s):
00 00 F0 40 88 00 00 00 00 88 00 00 40 40 88 00
00 B4 43 88 00 00 F0 42 88 00 00 48 42 88 00 00
A0 40 88 00 00 80 3F 88 00 00 00 00 88 00 00 00
00 88 00 00 00 00 88 00 00 10 41 88 00 00 AF 43
[22:13:10.792] [INFO] [read-only] READ 64 byte(s):
88 00 00 A0 41 88 00 00 00 00 88 00 00 48 42 88
00 00 00 00 88 00 00 10 41 88 00 00 AF 43 88 00
00 A0 41 88 00 00 00 00 88 00 00 48 42 B9 0D B9
02 BC 21 00 36 C2 3B 5F CB A0 3A B0 B4 87 BA E0
[22:13:10.795] [INFO] [read-only] READ 64 byte(s):
38 42 3C F2 9A 19 3C 89 37 BA 3B DC F4 91 BA D6
E1 0B BB E3 00 B9 02 BC 0B 32 30 32 34 2D 30 33
2D 32 32 00 0A B9 02 BC 21 53 54 4F 4D 50 20 2D
20 46 55 5A 5A 00 A1 37 3C 3E B2 D6 3A E2 58 A8
[22:13:10.798] [INFO] [read-only] READ 64 byte(s):
3B 67 FA 89 BB B8 78 06 BB E0 0C B9 02 BC 21 45
6C 65 63 74 72 69 63 20 47 75 69 74 61 72 00 CB
1D 49 3B FC 17 10 3B 08 61 19 3B 18 3A 2E BA F2
0F B9 02 BC 21 53 6F 6C 69 64 20 42 6F 64 79 00
[22:13:10.804] [INFO] [read-only] READ 64 byte(s):
3A 65 9E 9A 3B B8 2C B2 BA A7 B8 60 3B E0 31 84
BB 28 0E C0 BA 54 0A B9 02 BC 21 00 1A DE BA 88
E6 C2 BA 44 EB F1 BB 8E 8B 69 BA 5F 50 EC 3B 61
63 A7 BA A7 94 4A 3B 73 79 2E 3A 0C 00 B9 02 BC
[22:13:10.812] [INFO] [read-only] READ 64 byte(s):
21 00 A7 2C BC DC A6 17 BC A4 A4 F5 3B 70 1C 9E
3B 0E 8C C4 3B 74 40 09 3B D4 AF 8D BC 50 B9 6C
BB F9 00 B9 02 BC 21 00 8B D2 BB 7A 5C 62 BC 71
B6 3F BC 56 4E 29 3C 51 12 B2 3B 2D 18 D6 BB C7
[22:13:10.815] [INFO] [read-only] READ 64 byte(s):
6E A5 3B 2E 2A 1E BC D6 00 B9 02 BC 21 00 A3 0A
BC 2E 81 24 39 17 12 BC 3B F9 02 C1 BB 9D D9 84
3B 02 F9 B0 3B A8 DA 04 BC 67 60 98 BC 05 00 B9
02 BC 21 00 18 90 3B 7F 6D A7 3C 4B F3 73 BB 6F
[22:13:10.818] [INFO] [read-only] READ 64 byte(s):
12 E7 3B EC 96 1A BC F3 05 1D BC F6 95 5C 3B DD
41 94 BA 91 00 B9 02 BC 21 00 78 F8 3B 93 64 2C
BC 76 69 23 3B C0 7A BD BB 5A F5 F1 39 7B 61 8D
3B FE 8A B6 BC 77 F8 6A BC 97 00 B9 02 BC 21 00
[22:13:10.824] [INFO] [read-only] READ 64 byte(s):
3D C9 3B C8 2A 0C BC 09 60 47 BC B5 82 0F 3C 20
EF 0F BB 4C 9C 6E BC E8 EC 1C BB 48 9E 11 BC 84
00 B9 02 BC 41 49 4B 20 4D 75 6C 74 69 6D 65 64
69 61 20 50 72 65 6D 69 75 6D 20 50 72 65 73 65
[22:13:10.827] [INFO] [read-only] READ 42 byte(s):
74 00 BC B1 BC 3F 40 3B 3B 58 CD 88 BC AC 62 05
BC 7C 14 28 BC E0 E4 2F E3 0B 00 00 00 12 00 00
00 00 00 00 00 10 1C C9 8D 7E
[22:13:10.832] [INFO] [read-only] WRITE 21 byte(s):
7E B9 03 81 00 03 82 06 00 80 0B 03 B9 04 0B 01
13 00 31 98 7E
[22:13:10.837] [INFO] [read-only] READ 64 byte(s):
7E B9 03 81 04 03 81 9D 08 0B B9 03 01 13 B9 04
B9 02 BC 21 41 6C 6C 20 41 72 6F 75 6E 64 20 44
72 69 76 65 00 00 00 00 00 00 00 00 00 00 00 00
00 00 00 00 00 10 BA 02 88 00 00 00 00 88 00 00
[22:13:10.840] [INFO] [read-only] READ 64 byte(s):
F0 42 BA 03 BA 6D 88 00 00 00 00 88 00 00 80 3F
88 00 00 C8 C2 88 00 00 A0 41 88 00 00 70 C2 88
00 00 80 3F 88 00 00 80 3F 88 00 00 98 C1 88 00
00 80 3F 88 00 00 A0 40 88 00 00 80 3F 88 00 00
[22:13:10.843] [INFO] [read-only] READ 64 byte(s):
A0 40 88 00 00 96 43 88 00 00 A0 40 88 33 33 33
3F 88 00 80 3B 44 88 00 00 A0 40 88 00 80 ED 44
88 00 00 80 3F 88 00 00 00 00 88 67 66 D6 40 88
00 00 A0 40 88 00 00 C8 42 88 00 00 80 3F 88 00
[22:13:10.846] [INFO] [read-only] READ 64 byte(s):
00 00 00 88 00 00 C8 41 88 00 00 A0 40 88 00 00
00 00 88 00 00 C0 3F 88 00 00 00 00 88 00 00 80
3F 88 00 00 C0 3F 88 00 00 00 00 88 00 00 00 00
88 00 00 A0 40 88 00 00 A0 40 88 00 00 80 3F 88
[22:13:10.849] [INFO] [read-only] READ 64 byte(s):
00 00 80 3F 88 00 00 80 40 88 00 00 A0 40 88 00
00 00 00 88 00 00 00 00 88 00 00 F0 41 88 00 00
A0 40 88 00 00 00 00 88 00 00 00 00 88 00 00 F0
41 88 00 00 A0 40 88 00 00 00 00 88 00 00 00 00
[22:13:10.853] [INFO] [read-only] READ 64 byte(s):
88 00 00 F0 41 88 00 00 A0 40 88 00 00 00 00 88
00 00 00 00 88 00 00 F0 41 88 00 00 A0 40 88 00
00 00 00 88 00 00 00 00 88 00 00 00 00 88 00 00
A0 40 88 00 00 00 00 88 00 00 00 00 88 00 00 F0
[22:13:10.856] [INFO] [read-only] READ 64 byte(s):
41 88 00 00 80 3F 88 00 00 00 00 88 00 00 00 00
88 00 00 00 00 88 00 00 70 41 88 00 00 00 3F 88
00 00 48 42 88 00 00 F0 40 88 00 00 00 00 88 00
00 40 40 88 00 00 D0 40 88 00 00 00 00 88 00 00
[22:13:10.861] [INFO] [read-only] READ 64 byte(s):
00 00 88 00 00 C0 40 88 00 00 00 00 88 00 00 70
41 88 00 00 00 3F 88 00 00 48 42 88 00 00 F0 40
88 00 00 00 00 88 00 00 70 41 88 00 00 00 3F 88
00 00 48 42 88 00 00 C8 41 88 00 00 F0 40 88 00
[22:13:10.864] [INFO] [read-only] READ 64 byte(s):
00 00 00 88 00 00 40 40 88 00 00 B4 43 88 00 00
F0 42 88 00 00 48 42 88 00 00 A0 40 88 00 00 80
3F 88 00 00 00 00 88 00 00 00 00 88 00 00 00 00
88 00 00 10 41 88 00 00 AF 43 88 00 00 A0 41 88
[22:13:10.867] [INFO] [read-only] READ 64 byte(s):
00 00 00 00 88 00 00 48 42 88 00 00 00 00 88 00
00 10 41 88 00 00 AF 43 88 00 00 A0 41 88 00 00
00 00 88 00 00 48 42 BA 6D 88 00 00 00 00 88 00
00 00 00 88 00 00 C8 C2 88 00 00 A0 41 88 00 00
[22:13:10.870] [INFO] [read-only] READ 64 byte(s):
70 C2 88 00 00 80 3F 88 00 00 00 00 88 00 00 00
00 88 00 00 00 00 88 00 00 A0 40 88 00 00 80 3F
88 00 00 A0 40 88 00 00 96 43 88 00 00 A0 40 88
33 33 33 3F 88 00 80 3B 44 88 00 00 A0 40 88 00
[22:13:10.873] [INFO] [read-only] READ 64 byte(s):
80 ED 44 88 00 00 80 3F 88 00 00 00 00 88 00 00
A0 40 88 00 00 A0 40 88 00 00 C8 42 88 00 00 80
3F 88 00 00 00 00 88 00 00 C8 41 88 00 00 A0 40
88 00 00 00 00 88 00 00 C0 3F 88 00 00 00 00 88
[22:13:10.877] [INFO] [read-only] READ 64 byte(s):
00 00 80 3F 88 00 00 C0 3F 88 00 00 00 00 88 00
00 00 00 88 00 00 A0 40 88 00 00 A0 40 88 00 00
80 3F 88 00 00 00 00 88 00 00 80 40 88 00 00 A0
40 88 00 00 00 00 88 00 00 00 00 88 00 00 F0 41
[22:13:10.881] [INFO] [read-only] READ 64 byte(s):
88 00 00 A0 40 88 00 00 00 00 88 00 00 00 00 88
00 00 F0 41 88 00 00 A0 40 88 00 00 00 00 88 00
00 00 00 88 00 00 F0 41 88 00 00 A0 40 88 00 00
00 00 88 00 00 00 00 88 00 00 F0 41 88 00 00 A0
[22:13:10.886] [INFO] [read-only] READ 64 byte(s):
40 88 00 00 00 00 88 00 00 00 00 88 00 00 F0 41
88 00 00 A0 40 88 00 00 00 00 88 00 00 00 00 88
00 00 F0 41 88 00 00 80 3F 88 00 00 00 00 88 00
00 00 00 88 00 00 00 00 88 00 00 70 41 88 00 00
[22:13:10.889] [INFO] [read-only] READ 64 byte(s):
00 3F 88 00 00 48 42 88 00 00 F0 40 88 00 00 00
00 88 00 00 40 40 88 00 00 D0 40 88 00 00 00 00
88 00 00 00 00 88 00 00 C0 40 88 00 00 00 00 88
00 00 70 41 88 00 00 00 3F 88 00 00 48 42 88 00
[22:13:10.894] [INFO] [read-only] READ 64 byte(s):
00 F0 40 88 00 00 00 00 88 00 00 70 41 88 00 00
00 3F 88 00 00 48 42 88 00 00 C8 41 88 00 00 F0
40 88 00 00 00 00 88 00 00 40 40 88 00 00 B4 43
88 00 00 F0 42 88 00 00 48 42 88 00 00 A0 40 88
[22:13:10.897] [INFO] [read-only] READ 64 byte(s):
00 00 80 3F 88 00 00 00 00 88 00 00 00 00 88 00
00 00 00 88 00 00 10 41 88 00 00 AF 43 88 00 00
A0 41 88 00 00 00 00 88 00 00 48 42 88 00 00 00
00 88 00 00 10 41 88 00 00 AF 43 88 00 00 A0 41
[22:13:10.901] [INFO] [read-only] READ 64 byte(s):
88 00 00 00 00 88 00 00 48 42 BA 6D 88 00 00 00
00 88 00 00 00 00 88 00 00 C8 C2 88 00 00 A0 41
88 00 00 70 C2 88 00 00 80 3F 88 00 00 00 00 88
00 00 00 00 88 00 00 00 00 88 00 00 A0 40 88 00
[22:13:10.906] [INFO] [read-only] READ 64 byte(s):
00 80 3F 88 00 00 A0 40 88 00 00 96 43 88 00 00
A0 40 88 33 33 33 3F 88 00 80 3B 44 88 00 00 A0
40 88 00 80 ED 44 88 00 00 80 3F 88 00 00 00 00
88 00 00 A0 40 88 00 00 A0 40 88 00 00 C8 42 88
[22:13:10.910] [INFO] [read-only] READ 64 byte(s):
00 00 80 3F 88 00 00 00 00 88 00 00 C8 41 88 00
00 A0 40 88 00 00 00 00 88 00 00 C0 3F 88 00 00
00 00 88 00 00 80 3F 88 00 00 C0 3F 88 00 00 00
00 88 00 00 00 00 88 00 00 A0 40 88 00 00 A0 40
[22:13:10.913] [INFO] [read-only] READ 64 byte(s):
88 00 00 80 3F 88 00 00 00 00 88 00 00 80 40 88
00 00 A0 40 88 00 00 00 00 88 00 00 00 00 88 00
00 F0 41 88 00 00 A0 40 88 00 00 00 00 88 00 00
00 00 88 00 00 F0 41 88 00 00 A0 40 88 00 00 00
[22:13:10.920] [INFO] [read-only] READ 64 byte(s):
00 88 00 00 00 00 88 00 00 F0 41 88 00 00 A0 40
88 00 00 00 00 88 00 00 00 00 88 00 00 F0 41 88
00 00 A0 40 88 00 00 00 00 88 00 00 00 00 88 00
00 F0 41 88 00 00 A0 40 88 00 00 00 00 88 00 00
[22:13:10.947] [INFO] [read-only] READ 64 byte(s):
00 00 88 00 00 F0 41 88 00 00 80 3F 88 00 00 00
00 88 00 00 00 00 88 00 00 00 00 88 00 00 70 41
88 00 00 00 3F 88 00 00 48 42 88 00 00 F0 40 88
00 00 00 00 88 00 00 40 40 88 00 00 D0 40 88 00
[22:13:10.956] [INFO] [read-only] READ 64 byte(s):
00 00 00 88 00 00 00 00 88 00 00 C0 40 88 00 00
00 00 88 00 00 70 41 88 00 00 00 3F 88 00 00 48
42 88 00 00 F0 40 88 00 00 00 00 88 00 00 70 41
88 00 00 00 3F 88 00 00 48 42 88 00 00 C8 41 88
[22:13:10.960] [INFO] [read-only] READ 64 byte(s):
00 00 F0 40 88 00 00 00 00 88 00 00 40 40 88 00
00 B4 43 88 00 00 F0 42 88 00 00 48 42 88 00 00
A0 40 88 00 00 80 3F 88 00 00 00 00 88 00 00 00
00 88 00 00 00 00 88 00 00 10 41 88 00 00 AF 43
[22:13:10.967] [INFO] [read-only] READ 64 byte(s):
88 00 00 A0 41 88 00 00 00 00 88 00 00 48 42 88
00 00 00 00 88 00 00 10 41 88 00 00 AF 43 88 00
00 A0 41 88 00 00 00 00 88 00 00 48 42 B9 0D B9
02 BC 21 00 E7 74 BA B4 6C 0B 3B B2 E9 95 BC 65
[22:13:10.971] [INFO] [read-only] READ 64 byte(s):
22 01 BD 06 44 B4 BC 03 F2 B4 BC 58 DC EA 3A F5
D1 6A 3B 1F 00 B9 02 BC 0B 32 30 32 36 2D 30 31
2D 30 34 00 0A B9 02 BC 21 44 52 49 56 45 00 B4
BC FA 91 D5 BC 16 9F AD BC 32 FF 1F BC B7 FC 30
[22:13:10.972] [INFO] [read-only] READ 64 byte(s):
BA 02 5D AB BC 66 38 52 BD 6E 05 B9 02 BC 21 4E
6F 6E 65 00 9D B0 BC 60 23 EA BC 30 A0 4E BD 84
43 48 BD 32 D7 4E BD F9 5E 22 BD 13 AE BB BC CF
04 B9 02 BC 21 4E 6F 6E 65 00 79 42 BD 80 1F 25
[22:13:10.975] [INFO] [read-only] READ 64 byte(s):
BD A5 9A AA B9 1D 55 F4 3B 1A BE 82 BC 97 3A 25
BD 36 19 EC BC FF 04 B9 02 BC 21 4E 6F 6E 65 00
C1 FD BB B4 6F 1E 3C D7 5E 22 BA E8 89 0A BC E7
84 9D BA 01 A4 48 3C 07 7F F4 3C CA 04 B9 02 BC
[22:13:10.978] [INFO] [read-only] READ 64 byte(s):
21 4E 6F 6E 65 00 DD DC BB FF 64 55 3C 66 55 82
BB 61 38 B7 BC 7A 4D 90 BC 21 68 73 BB E9 CA 0A
BC A6 04 B9 02 BC 21 00 52 89 BC 28 5D A0 BB B5
2A 7D 5D BC 58 8F 39 BC A5 6F D0 B7 D9 12 AC B9
[22:13:10.980] [INFO] [read-only] READ 64 byte(s):
91 48 41 BC AF 82 02 BD 50 00 B9 02 BC 21 00 3E
6C BC 86 03 17 BD F0 DE 13 BD 13 2E 26 BC 9D 9A
C6 BB 75 50 32 BC 49 5E 00 BD 88 42 FC BC CF 00
B9 02 BC 21 00 4E 92 BC E4 9F 1A BB 96 01 5A 3C
[22:13:10.984] [INFO] [read-only] READ 64 byte(s):
B1 BC 00 BC 4E E8 CA BC EA ED 21 BD 9A 34 73 BC
77 CE 01 3C 4C 00 B9 02 BC 21 00 E3 81 BC 9D 44
2C 3C CE 21 19 3C F8 B9 01 3C 0E 2A A4 BB F1 EB
AB BB 9C 13 EE 3B 09 5E 88 3C A6 00 B9 02 BC 21
[22:13:10.988] [INFO] [read-only] READ 64 byte(s):
00 B9 92 3C 85 D0 67 BB 81 8C 0A BC F3 0F AB 3C
27 23 54 3D E5 33 81 3D 55 C5 05 3D 88 1C 4A 3C
0B 00 B9 02 BC 41 00 BF B1 3D DC C1 7A 3D 77 F9
C6 3C 84 38 C4 3C 6B 81 25 3D 82 71 46 3D ED 63
[22:13:10.990] [INFO] [read-only] READ 43 byte(s):
A0 3D 17 38 DA 3D C2 5D BC 3D 65 D0 31 3D 4D 48
14 3C C6 DE 71 BD 01 1C 80 BD 90 E5 01 3F 51 BE
63 B5 7A 25 00 00 72 00 5E 91 7E
[22:13:10.993] [INFO] [read-only] WRITE 21 byte(s):
7E B9 03 81 00 03 82 06 00 80 0B 03 B9 04 0B 01
00 00 C8 27 7E
[22:13:10.998] [INFO] [read-only] READ 64 byte(s):
7E B9 03 81 04 03 81 9D 08 0B B9 03 01 00 B9 04
B9 02 BC 21 4D 6F 64 65 72 6E 20 54 72 69 70 6C
65 00 00 00 00 00 00 00 00 00 00 00 00 00 00 00
00 00 00 00 00 0D BA 02 88 00 00 00 00 88 00 00
[22:13:11.006] [INFO] [read-only] READ 64 byte(s):
F0 42 BA 03 BA 6D 88 00 00 00 00 88 00 00 00 00
88 00 00 C8 C2 88 00 00 A0 41 88 00 00 70 C2 88
00 00 80 3F 88 00 00 00 00 88 00 00 00 00 88 00
00 00 00 88 00 00 A0 40 88 00 00 80 3F 88 00 00
[22:13:11.013] [INFO] [read-only] READ 64 byte(s):
A0 40 88 00 00 96 43 88 00 00 A0 40 88 33 33 33
3F 88 00 80 3B 44 88 00 00 A0 40 88 00 80 ED 44
88 00 00 80 3F 88 00 00 00 00 88 CD CC AC 40 88
00 00 E0 40 88 00 00 C8 42 88 00 00 80 3F 88 00
[22:13:11.025] [INFO] [read-only] READ 64 byte(s):
00 00 00 88 00 00 C8 41 88 00 00 A0 40 88 00 00
00 00 88 00 00 C0 3F 88 00 00 00 00 88 00 00 80
3F 88 00 00 C0 3F 88 00 00 00 00 88 00 00 00 00
88 00 00 A0 40 88 00 00 A0 40 88 00 00 80 3F 88
[22:13:11.029] [INFO] [read-only] READ 64 byte(s):
00 00 00 00 88 00 00 80 40 88 00 00 A0 40 88 00
00 00 00 88 00 00 00 00 88 00 00 F0 41 88 00 00
A0 40 88 00 00 00 00 88 00 00 00 00 88 00 00 F0
41 88 00 00 A0 40 88 00 00 00 00 88 00 00 00 00
[22:13:11.032] [INFO] [read-only] READ 64 byte(s):
88 00 00 F0 41 88 00 00 A0 40 88 00 00 00 00 88
00 00 00 00 88 00 00 F0 41 88 00 00 A0 40 88 00
00 00 00 88 00 00 00 00 88 00 00 F0 41 88 00 00
A0 40 88 00 00 00 00 88 00 00 00 00 88 00 00 F0
[22:13:11.043] [INFO] [read-only] READ 64 byte(s):
41 88 00 00 80 3F 88 00 00 00 00 88 00 00 00 00
88 00 00 00 00 88 00 00 70 41 88 00 00 00 3F 88
00 00 48 42 88 00 00 F0 40 88 00 00 00 00 88 00
00 40 40 88 00 00 D0 40 88 00 00 00 00 88 00 00
[22:13:11.047] [INFO] [read-only] READ 64 byte(s):
00 00 88 00 00 C0 40 88 00 00 00 00 88 00 00 70
41 88 00 00 00 3F 88 00 00 48 42 88 00 00 F0 40
88 00 00 00 00 88 00 00 70 41 88 00 00 00 3F 88
00 00 48 42 88 00 00 C8 41 88 00 00 F0 40 88 00
[22:13:11.050] [INFO] [read-only] READ 64 byte(s):
00 00 00 88 00 00 40 40 88 00 00 B4 43 88 00 00
F0 42 88 00 00 48 42 88 00 00 A0 40 88 00 00 80
3F 88 00 00 00 00 88 00 00 00 00 88 00 00 00 00
88 00 00 10 41 88 00 00 AF 43 88 00 00 A0 41 88
[22:13:11.056] [INFO] [read-only] READ 64 byte(s):
00 00 00 00 88 00 00 48 42 88 00 00 00 00 88 00
00 10 41 88 00 00 AF 43 88 00 00 A0 41 88 00 00
00 00 88 00 00 48 42 BA 6D 88 00 00 00 00 88 00
00 00 00 88 00 00 C8 C2 88 00 00 A0 41 88 00 00
[22:13:11.061] [INFO] [read-only] READ 64 byte(s):
70 C2 88 00 00 80 3F 88 00 00 00 00 88 00 00 00
00 88 00 00 00 00 88 00 00 A0 40 88 00 00 80 3F
88 00 00 A0 40 88 00 00 96 43 88 00 00 A0 40 88
33 33 33 3F 88 00 80 3B 44 88 00 00 A0 40 88 00
[22:13:11.064] [INFO] [read-only] READ 64 byte(s):
80 ED 44 88 00 00 80 3F 88 00 00 00 00 88 00 00
A0 40 88 00 00 A0 40 88 00 00 C8 42 88 00 00 80
3F 88 00 00 00 00 88 00 00 C8 41 88 00 00 A0 40
88 00 00 00 00 88 00 00 C0 3F 88 00 00 00 00 88
[22:13:11.067] [INFO] [read-only] READ 64 byte(s):
00 00 80 3F 88 00 00 C0 3F 88 00 00 00 00 88 00
00 00 00 88 00 00 A0 40 88 00 00 A0 40 88 00 00
80 3F 88 00 00 00 00 88 00 00 80 40 88 00 00 A0
40 88 00 00 00 00 88 00 00 00 00 88 00 00 F0 41
[22:13:11.069] [INFO] [read-only] READ 64 byte(s):
88 00 00 A0 40 88 00 00 00 00 88 00 00 00 00 88
00 00 F0 41 88 00 00 A0 40 88 00 00 00 00 88 00
00 00 00 88 00 00 F0 41 88 00 00 A0 40 88 00 00
00 00 88 00 00 00 00 88 00 00 F0 41 88 00 00 A0
[22:13:11.077] [INFO] [read-only] READ 64 byte(s):
40 88 00 00 00 00 88 00 00 00 00 88 00 00 F0 41
88 00 00 A0 40 88 00 00 00 00 88 00 00 00 00 88
00 00 F0 41 88 00 00 80 3F 88 00 00 00 00 88 00
00 00 00 88 00 00 00 00 88 00 00 70 41 88 00 00
[22:13:11.079] [INFO] [read-only] READ 64 byte(s):
00 3F 88 00 00 48 42 88 00 00 F0 40 88 00 00 00
00 88 00 00 40 40 88 00 00 D0 40 88 00 00 00 00
88 00 00 00 00 88 00 00 C0 40 88 00 00 00 00 88
00 00 70 41 88 00 00 00 3F 88 00 00 48 42 88 00
[22:13:11.081] [INFO] [read-only] READ 64 byte(s):
00 F0 40 88 00 00 00 00 88 00 00 70 41 88 00 00
00 3F 88 00 00 48 42 88 00 00 C8 41 88 00 00 F0
40 88 00 00 00 00 88 00 00 40 40 88 00 00 B4 43
88 00 00 F0 42 88 00 00 48 42 88 00 00 A0 40 88
[22:13:11.083] [INFO] [read-only] READ 64 byte(s):
00 00 80 3F 88 00 00 00 00 88 00 00 00 00 88 00
00 00 00 88 00 00 10 41 88 00 00 AF 43 88 00 00
A0 41 88 00 00 00 00 88 00 00 48 42 88 00 00 00
00 88 00 00 10 41 88 00 00 AF 43 88 00 00 A0 41
[22:13:11.085] [INFO] [read-only] READ 64 byte(s):
88 00 00 00 00 88 00 00 48 42 BA 6D 88 00 00 00
00 88 00 00 00 00 88 00 00 C8 C2 88 00 00 A0 41
88 00 00 70 C2 88 00 00 80 3F 88 00 00 00 00 88
00 00 00 00 88 00 00 00 00 88 00 00 A0 40 88 00
[22:13:11.089] [INFO] [read-only] READ 64 byte(s):
00 80 3F 88 00 00 A0 40 88 00 00 96 43 88 00 00
A0 40 88 33 33 33 3F 88 00 80 3B 44 88 00 00 A0
40 88 00 80 ED 44 88 00 00 80 3F 88 00 00 00 00
88 00 00 A0 40 88 00 00 A0 40 88 00 00 C8 42 88
[22:13:11.093] [INFO] [read-only] READ 64 byte(s):
00 00 80 3F 88 00 00 00 00 88 00 00 C8 41 88 00
00 A0 40 88 00 00 00 00 88 00 00 C0 3F 88 00 00
00 00 88 00 00 80 3F 88 00 00 C0 3F 88 00 00 00
00 88 00 00 00 00 88 00 00 A0 40 88 00 00 A0 40
[22:13:11.096] [INFO] [read-only] READ 64 byte(s):
88 00 00 80 3F 88 00 00 00 00 88 00 00 80 40 88
00 00 A0 40 88 00 00 00 00 88 00 00 00 00 88 00
00 F0 41 88 00 00 A0 40 88 00 00 00 00 88 00 00
00 00 88 00 00 F0 41 88 00 00 A0 40 88 00 00 00
[22:13:11.100] [INFO] [read-only] READ 64 byte(s):
00 88 00 00 00 00 88 00 00 F0 41 88 00 00 A0 40
88 00 00 00 00 88 00 00 00 00 88 00 00 F0 41 88
00 00 A0 40 88 00 00 00 00 88 00 00 00 00 88 00
00 F0 41 88 00 00 A0 40 88 00 00 00 00 88 00 00
[22:13:11.102] [INFO] [read-only] READ 64 byte(s):
00 00 88 00 00 F0 41 88 00 00 80 3F 88 00 00 00
00 88 00 00 00 00 88 00 00 00 00 88 00 00 70 41
88 00 00 00 3F 88 00 00 48 42 88 00 00 F0 40 88
00 00 00 00 88 00 00 40 40 88 00 00 D0 40 88 00
[22:13:11.105] [INFO] [read-only] READ 64 byte(s):
00 00 00 88 00 00 00 00 88 00 00 C0 40 88 00 00
00 00 88 00 00 70 41 88 00 00 00 3F 88 00 00 48
42 88 00 00 F0 40 88 00 00 00 00 88 00 00 70 41
88 00 00 00 3F 88 00 00 48 42 88 00 00 C8 41 88
[22:13:11.108] [INFO] [read-only] READ 64 byte(s):
00 00 F0 40 88 00 00 00 00 88 00 00 40 40 88 00
00 B4 43 88 00 00 F0 42 88 00 00 48 42 88 00 00
A0 40 88 00 00 80 3F 88 00 00 00 00 88 00 00 00
00 88 00 00 00 00 88 00 00 10 41 88 00 00 AF 43
[22:13:11.110] [INFO] [read-only] READ 64 byte(s):
88 00 00 A0 41 88 00 00 00 00 88 00 00 48 42 88
00 00 00 00 88 00 00 10 41 88 00 00 AF 43 88 00
00 A0 41 88 00 00 00 00 88 00 00 48 42 B9 0D B9
02 BC 21 00 6B 01 BC DE C0 C7 BA 72 C3 F8 BA B6
[22:13:11.112] [INFO] [read-only] READ 64 byte(s):
3B D5 BB F8 23 DF BB E4 BE 15 BC 1B 94 32 BC B2
3B 1C BC 83 00 B9 02 BC 0B 32 30 32 36 2D 30 32
2D 31 34 00 0A B9 02 BC 21 48 49 2D 47 41 49 4E
00 8A 8B 74 BB 19 F5 72 3B 33 6A A2 BB 70 BA 7D
[22:13:11.116] [INFO] [read-only] READ 64 byte(s):
5E BC 7F 46 4F BC 1A 89 24 BC 3F 07 B9 02 BC 21
4E 6F 6E 65 00 25 77 3B 3B 80 28 3C D6 D7 6F BA
68 80 CA BB A4 E0 C3 B9 95 0D 92 3B 39 B4 95 BB
DA 04 B9 02 BC 21 4E 6F 6E 65 00 8E 3B BA E0 F1
[22:13:11.118] [INFO] [read-only] READ 64 byte(s):
00 BB 16 33 24 BA FD 13 07 BB E5 23 28 BC 94 CD
18 BC AE D2 76 BB 07 04 B9 02 BC 21 4E 6F 6E 65
00 AB 34 BB 6E 56 B8 BA B4 66 AF B9 BB D3 2A 3C
8D EB 01 3C CC 1B 16 BB 72 9C 2D BB FC 04 B9 02
[22:13:11.120] [INFO] [read-only] READ 64 byte(s):
BC 21 4E 6F 6E 65 00 4C 62 BB CC 71 79 BC F5 13
00 BC F8 41 15 3C C8 A3 23 3C 62 37 FC 3B 4D 46
C1 3B 24 04 B9 02 BC 21 00 29 45 BC 3C 2B 32 BC
90 40 67 B9 CA EB F2 3B 48 4C 80 3A D3 16 3E 3C
[22:13:11.122] [INFO] [read-only] READ 64 byte(s):
75 CC 53 3C CB 67 10 BC 8E 00 B9 02 BC 21 00 C9
B8 BB A4 03 37 3C CF 5F CA 3C 90 EC 8C 3C 78 96
59 3C E8 47 4B 3B B9 CA 30 BB D2 B5 11 BC 60 00
B9 02 BC 21 00 5D 04 3C D6 60 33 3C EB 46 2C 3C
[22:13:11.124] [INFO] [read-only] READ 64 byte(s):
3F BF 1F 3C 38 37 23 B9 7C 60 16 3C 92 C6 60 3B
82 C0 CD 3B 7D 5E 00 B9 02 BC 21 00 18 0F 3C DC
40 3F 3C 3B 93 59 3C 43 BC D3 3B FC F6 C9 3B A1
78 25 BC 4B 6D CB 3B 63 D5 08 3C 0E 00 B9 02 BC
[22:13:11.125] [INFO] [read-only] READ 64 byte(s):
21 00 57 91 BC ED 04 58 BC CC AA 6E BB 91 67 1C
BC B5 53 17 BC D2 12 9F 3C 93 4D C0 3B EA 28 5D
BB 94 00 B9 02 BC 41 00 77 0D 3D 41 4E 1D 3D AE
E8 3F BC E0 AA 19 3D 28 89 CB 3C B1 9F 71 BB F7
[22:13:11.127] [INFO] [read-only] READ 44 byte(s):
66 2C BD 80 30 0D BC 96 1B A0 BC 97 66 D3 BC 8E
A2 74 3B 15 61 88 BC 0B F2 99 BC AB 90 17 BC 5E
DF 9A 8B 12 99 00 00 72 00 67 0E 7E
[22:13:11.130] [INFO] connect() reached Ready — handshake, state-blob read, and preset-name harvest all succeeded.
[22:13:11.131] [FINDING] Firmware version: :protocol does not parse or expose a firmware-version field from any known pedal message (TonexMessage.Hello's payload is documented as carrying nothing further extractable, and no other catalogued message carries a version string). No firmware version could be recorded automatically this run. If the IK ToneX Editor / companion app shows a firmware version for this pedal, please note it manually as a comment on issue #25 — S8's offset table is currently only pinned to an upstream source commit as a proxy, not a real observed firmware version.
[22:13:11.133] [FINDING] request_preset_details (SUMMARY, wire type 0x0300 / response 0x0304): CONFIRMED WORKING — 20/20 preset names harvested successfully during connect().
[22:13:11.134] [FINDING] State blob (GetState, wire type 0x0306) was read and parsed by StateBlobReader without error — implies this firmware's state-blob size/shape is at least structurally compatible with the offsets StateBlobOffsets currently pins. This is NOT a full byte-level confirmation of every S8 offset; that needs a hand-checked comparison against a real captured blob, which this harness does not attempt.
[22:13:11.135] [INFO] Active preset: slot 0
[22:13:11.137] [INFO]   preset 0: "Modern Triple"
[22:13:11.139] [INFO]   preset 1: "Pushed Triple"
[22:13:11.142] [INFO]   preset 2: "Dark & Driven"
[22:13:11.144] [INFO]   preset 3: "Super Shredding"
[22:13:11.146] [INFO]   preset 4: "Toronto's Beast"
[22:13:11.147] [INFO]   preset 5: "Driven Bass Melter"
[22:13:11.149] [INFO]   preset 6: "Lower Bass Melter"
[22:13:11.150] [INFO]   preset 7: "64 Lo Gain Feels"
[22:13:11.152] [INFO]   preset 8: "64 Mid Gain Feels"
[22:13:11.153] [INFO]   preset 9: "66 Lo Gain Feels"
[22:13:11.155] [INFO]   preset 10: "Traditional LoGain"
[22:13:11.162] [INFO]   preset 11: "Crunchy Right Bass"
[22:13:11.163] [INFO]   preset 12: "Instant Pick V2"
[22:13:11.164] [INFO]   preset 13: "BS 800RB"
[22:13:11.165] [INFO]   preset 14: "Medium Class"
[22:13:11.166] [INFO]   preset 15: "Driven Bass 400+, no cab"
[22:13:11.167] [INFO]   preset 16: "Boogie 400 2"
[22:13:11.168] [INFO]   preset 17: "subway clean"
[22:13:11.170] [INFO]   preset 18: "HUGE MUFF"
[22:13:11.171] [INFO]   preset 19: "All Around Drive"
[22:13:11.174] [FINDING] parameterValues after connect(): 109 entries known (expected up to 109 preset-scoped + up to 7 global, minus master volume since capabilities.supportsSingleParameterWrite=false was used for this read-only pass).
[22:13:11.178] [FINDING] CABINET_TYPE (index 24) current value on this preset: 0.0 (registered range 0.0..2.0). Cross-check against what the pedal's own front panel or the IK editor currently shows for this preset's setting, and note the correspondence as a comment on issue #25 — a single read confirms the value is in-range but does not by itself resolve the max/ordering question; a value found OUTSIDE the registered range would, however, immediately disprove the current registry entry.
[22:13:11.180] [FINDING] VIR_MIC_2_X (index 31) current value on this preset: 1.5 (registered range 0.0..2.0). Cross-check against what the pedal's own front panel or the IK editor currently shows for this preset's setting, and note the correspondence as a comment on issue #25 — a single read confirms the value is in-range but does not by itself resolve the max/ordering question; a value found OUTSIDE the registered range would, however, immediately disprove the current registry entry.
[22:13:11.539] [INFO] === Read-only diagnostic pass complete; disconnected ===
[22:13:12.311] [WARN] === S22 safety drill: full backup starting (issue #27 §1 — read-only) ===
[22:13:12.320] [INFO] [connection-health:s22-backup] connectionState -> Hello
[22:13:12.321] [INFO] [s22-backup] WRITE 17 byte(s):
7E B9 03 00 82 04 00 80 0B 01 B9 02 02 0B 17 8C
7E
[22:13:12.326] [INFO] [s22-backup] READ 52 byte(s):
7E B9 03 02 2B 0B B9 07 00 80 C7 B9 03 02 01 00
B9 03 01 03 0F BC 14 6B 8D C2 72 D6 FA 9B 73 06
A3 3D D9 08 13 CD 0E FD 09 78 36 82 1B 45 0F 00
00 F0 F3 7E
[22:13:12.328] [INFO] [connection-health:s22-backup] connectionState -> GetState
[22:13:12.328] [INFO] [s22-backup] WRITE 19 byte(s):
7E B9 03 00 82 06 00 80 0B 03 B9 02 81 06 03 0B
44 66 7E
[22:13:12.340] [INFO] [s22-backup] READ 64 byte(s):
7E B9 03 81 06 03 80 A0 0B B9 01 B9 0E 82 4C 42
4C 47 B9 03 00 04 00 88 00 00 20 40 00 00 01 BA
14 B9 03 00 80 FF 00 B9 03 00 00 80 FF B9 03 80
FF 00 00 B9 03 80 FF 00 00 B9 03 00 00 80 FF B9
[22:13:12.344] [INFO] [s22-backup] READ 64 byte(s):
03 80 FF 00 00 B9 03 80 BF 80 BF 80 BF B9 03 0F
80 FF 2F B9 03 80 FF 00 00 B9 03 2F 00 80 FF B9
03 11 11 00 B9 03 00 00 80 FF B9 03 05 00 11 B9
03 80 FF 00 00 B9 03 80 FF 00 00 B9 03 11 00 00
[22:13:12.346] [INFO] [s22-backup] READ 44 byte(s):
B9 03 00 80 FF 00 B9 03 0B 0B 0B B9 03 11 22 00
B9 03 00 19 19 BC 06 00 00 0A 00 03 00 00 00 81
B8 01 01 00 88 00 00 70 43 AC 11 7E
[22:13:12.350] [INFO] [connection-health:s22-backup] connectionState -> Ready
[22:13:12.351] [INFO] [s22-backup] WRITE 21 byte(s):
7E B9 03 81 00 03 82 06 00 80 0B 03 B9 04 0B 01
00 00 C8 27 7E
[22:13:12.356] [INFO] [s22-backup] READ 64 byte(s):
7E B9 03 81 04 03 81 9D 08 0B B9 03 01 00 B9 04
B9 02 BC 21 4D 6F 64 65 72 6E 20 54 72 69 70 6C
65 00 00 00 00 00 00 00 00 00 00 00 00 00 00 00
00 00 00 00 00 0D BA 02 88 00 00 00 00 88 00 00
[22:13:12.361] [INFO] [s22-backup] READ 64 byte(s):
F0 42 BA 03 BA 6D 88 00 00 00 00 88 00 00 00 00
88 00 00 C8 C2 88 00 00 A0 41 88 00 00 70 C2 88
00 00 80 3F 88 00 00 00 00 88 00 00 00 00 88 00
00 00 00 88 00 00 A0 40 88 00 00 80 3F 88 00 00
[22:13:12.366] [INFO] [s22-backup] READ 64 byte(s):
A0 40 88 00 00 96 43 88 00 00 A0 40 88 33 33 33
3F 88 00 80 3B 44 88 00 00 A0 40 88 00 80 ED 44
88 00 00 80 3F 88 00 00 00 00 88 CD CC AC 40 88
00 00 E0 40 88 00 00 C8 42 88 00 00 80 3F 88 00
[22:13:12.371] [INFO] [s22-backup] READ 64 byte(s):
00 00 00 88 00 00 C8 41 88 00 00 A0 40 88 00 00
00 00 88 00 00 C0 3F 88 00 00 00 00 88 00 00 80
3F 88 00 00 C0 3F 88 00 00 00 00 88 00 00 00 00
88 00 00 A0 40 88 00 00 A0 40 88 00 00 80 3F 88
[22:13:12.374] [INFO] [s22-backup] READ 64 byte(s):
00 00 00 00 88 00 00 80 40 88 00 00 A0 40 88 00
00 00 00 88 00 00 00 00 88 00 00 F0 41 88 00 00
A0 40 88 00 00 00 00 88 00 00 00 00 88 00 00 F0
41 88 00 00 A0 40 88 00 00 00 00 88 00 00 00 00
[22:13:12.377] [INFO] [s22-backup] READ 64 byte(s):
88 00 00 F0 41 88 00 00 A0 40 88 00 00 00 00 88
00 00 00 00 88 00 00 F0 41 88 00 00 A0 40 88 00
00 00 00 88 00 00 00 00 88 00 00 F0 41 88 00 00
A0 40 88 00 00 00 00 88 00 00 00 00 88 00 00 F0
[22:13:12.379] [INFO] [s22-backup] READ 64 byte(s):
41 88 00 00 80 3F 88 00 00 00 00 88 00 00 00 00
88 00 00 00 00 88 00 00 70 41 88 00 00 00 3F 88
00 00 48 42 88 00 00 F0 40 88 00 00 00 00 88 00
00 40 40 88 00 00 D0 40 88 00 00 00 00 88 00 00
[22:13:12.381] [INFO] [s22-backup] READ 64 byte(s):
00 00 88 00 00 C0 40 88 00 00 00 00 88 00 00 70
41 88 00 00 00 3F 88 00 00 48 42 88 00 00 F0 40
88 00 00 00 00 88 00 00 70 41 88 00 00 00 3F 88
00 00 48 42 88 00 00 C8 41 88 00 00 F0 40 88 00
[22:13:12.386] [INFO] [s22-backup] READ 64 byte(s):
00 00 00 88 00 00 40 40 88 00 00 B4 43 88 00 00
F0 42 88 00 00 48 42 88 00 00 A0 40 88 00 00 80
3F 88 00 00 00 00 88 00 00 00 00 88 00 00 00 00
88 00 00 10 41 88 00 00 AF 43 88 00 00 A0 41 88
[22:13:12.389] [INFO] [s22-backup] READ 64 byte(s):
00 00 00 00 88 00 00 48 42 88 00 00 00 00 88 00
00 10 41 88 00 00 AF 43 88 00 00 A0 41 88 00 00
00 00 88 00 00 48 42 BA 6D 88 00 00 00 00 88 00
00 00 00 88 00 00 C8 C2 88 00 00 A0 41 88 00 00
[22:13:12.391] [INFO] [s22-backup] READ 64 byte(s):
70 C2 88 00 00 80 3F 88 00 00 00 00 88 00 00 00
00 88 00 00 00 00 88 00 00 A0 40 88 00 00 80 3F
88 00 00 A0 40 88 00 00 96 43 88 00 00 A0 40 88
33 33 33 3F 88 00 80 3B 44 88 00 00 A0 40 88 00
[22:13:12.395] [INFO] [s22-backup] READ 64 byte(s):
80 ED 44 88 00 00 80 3F 88 00 00 00 00 88 00 00
A0 40 88 00 00 A0 40 88 00 00 C8 42 88 00 00 80
3F 88 00 00 00 00 88 00 00 C8 41 88 00 00 A0 40
88 00 00 00 00 88 00 00 C0 3F 88 00 00 00 00 88
[22:13:12.397] [INFO] [s22-backup] READ 64 byte(s):
00 00 80 3F 88 00 00 C0 3F 88 00 00 00 00 88 00
00 00 00 88 00 00 A0 40 88 00 00 A0 40 88 00 00
80 3F 88 00 00 00 00 88 00 00 80 40 88 00 00 A0
40 88 00 00 00 00 88 00 00 00 00 88 00 00 F0 41
[22:13:12.399] [INFO] [s22-backup] READ 64 byte(s):
88 00 00 A0 40 88 00 00 00 00 88 00 00 00 00 88
00 00 F0 41 88 00 00 A0 40 88 00 00 00 00 88 00
00 00 00 88 00 00 F0 41 88 00 00 A0 40 88 00 00
00 00 88 00 00 00 00 88 00 00 F0 41 88 00 00 A0
[22:13:12.405] [INFO] [s22-backup] READ 64 byte(s):
40 88 00 00 00 00 88 00 00 00 00 88 00 00 F0 41
88 00 00 A0 40 88 00 00 00 00 88 00 00 00 00 88
00 00 F0 41 88 00 00 80 3F 88 00 00 00 00 88 00
00 00 00 88 00 00 00 00 88 00 00 70 41 88 00 00
[22:13:12.408] [INFO] [s22-backup] READ 64 byte(s):
00 3F 88 00 00 48 42 88 00 00 F0 40 88 00 00 00
00 88 00 00 40 40 88 00 00 D0 40 88 00 00 00 00
88 00 00 00 00 88 00 00 C0 40 88 00 00 00 00 88
00 00 70 41 88 00 00 00 3F 88 00 00 48 42 88 00
[22:13:12.410] [INFO] [s22-backup] READ 64 byte(s):
00 F0 40 88 00 00 00 00 88 00 00 70 41 88 00 00
00 3F 88 00 00 48 42 88 00 00 C8 41 88 00 00 F0
40 88 00 00 00 00 88 00 00 40 40 88 00 00 B4 43
88 00 00 F0 42 88 00 00 48 42 88 00 00 A0 40 88
[22:13:12.412] [INFO] [s22-backup] READ 64 byte(s):
00 00 80 3F 88 00 00 00 00 88 00 00 00 00 88 00
00 00 00 88 00 00 10 41 88 00 00 AF 43 88 00 00
A0 41 88 00 00 00 00 88 00 00 48 42 88 00 00 00
00 88 00 00 10 41 88 00 00 AF 43 88 00 00 A0 41
[22:13:12.414] [INFO] [s22-backup] READ 64 byte(s):
88 00 00 00 00 88 00 00 48 42 BA 6D 88 00 00 00
00 88 00 00 00 00 88 00 00 C8 C2 88 00 00 A0 41
88 00 00 70 C2 88 00 00 80 3F 88 00 00 00 00 88
00 00 00 00 88 00 00 00 00 88 00 00 A0 40 88 00
[22:13:12.420] [INFO] [s22-backup] READ 64 byte(s):
00 80 3F 88 00 00 A0 40 88 00 00 96 43 88 00 00
A0 40 88 33 33 33 3F 88 00 80 3B 44 88 00 00 A0
40 88 00 80 ED 44 88 00 00 80 3F 88 00 00 00 00
88 00 00 A0 40 88 00 00 A0 40 88 00 00 C8 42 88
[22:13:12.424] [INFO] [s22-backup] READ 64 byte(s):
00 00 80 3F 88 00 00 00 00 88 00 00 C8 41 88 00
00 A0 40 88 00 00 00 00 88 00 00 C0 3F 88 00 00
00 00 88 00 00 80 3F 88 00 00 C0 3F 88 00 00 00
00 88 00 00 00 00 88 00 00 A0 40 88 00 00 A0 40
[22:13:12.428] [INFO] [s22-backup] READ 64 byte(s):
88 00 00 80 3F 88 00 00 00 00 88 00 00 80 40 88
00 00 A0 40 88 00 00 00 00 88 00 00 00 00 88 00
00 F0 41 88 00 00 A0 40 88 00 00 00 00 88 00 00
00 00 88 00 00 F0 41 88 00 00 A0 40 88 00 00 00
[22:13:12.432] [INFO] [s22-backup] READ 64 byte(s):
00 88 00 00 00 00 88 00 00 F0 41 88 00 00 A0 40
88 00 00 00 00 88 00 00 00 00 88 00 00 F0 41 88
00 00 A0 40 88 00 00 00 00 88 00 00 00 00 88 00
00 F0 41 88 00 00 A0 40 88 00 00 00 00 88 00 00
[22:13:12.439] [INFO] [s22-backup] READ 64 byte(s):
00 00 88 00 00 F0 41 88 00 00 80 3F 88 00 00 00
00 88 00 00 00 00 88 00 00 00 00 88 00 00 70 41
88 00 00 00 3F 88 00 00 48 42 88 00 00 F0 40 88
00 00 00 00 88 00 00 40 40 88 00 00 D0 40 88 00
[22:13:12.443] [INFO] [s22-backup] READ 64 byte(s):
00 00 00 88 00 00 00 00 88 00 00 C0 40 88 00 00
00 00 88 00 00 70 41 88 00 00 00 3F 88 00 00 48
42 88 00 00 F0 40 88 00 00 00 00 88 00 00 70 41
88 00 00 00 3F 88 00 00 48 42 88 00 00 C8 41 88
[22:13:12.445] [INFO] [s22-backup] READ 64 byte(s):
00 00 F0 40 88 00 00 00 00 88 00 00 40 40 88 00
00 B4 43 88 00 00 F0 42 88 00 00 48 42 88 00 00
A0 40 88 00 00 80 3F 88 00 00 00 00 88 00 00 00
00 88 00 00 00 00 88 00 00 10 41 88 00 00 AF 43
[22:13:12.448] [INFO] [s22-backup] READ 64 byte(s):
88 00 00 A0 41 88 00 00 00 00 88 00 00 48 42 88
00 00 00 00 88 00 00 10 41 88 00 00 AF 43 88 00
00 A0 41 88 00 00 00 00 88 00 00 48 42 B9 0D B9
02 BC 21 00 6B 01 BC DE C0 C7 BA 72 C3 F8 BA B6
[22:13:12.450] [INFO] [s22-backup] READ 64 byte(s):
3B D5 BB F8 23 DF BB E4 BE 15 BC 1B 94 32 BC B2
3B 1C BC 83 00 B9 02 BC 0B 32 30 32 36 2D 30 32
2D 31 34 00 0A B9 02 BC 21 48 49 2D 47 41 49 4E
00 8A 8B 74 BB 19 F5 72 3B 33 6A A2 BB 70 BA 7D
[22:13:12.457] [INFO] [s22-backup] READ 64 byte(s):
5E BC 7F 46 4F BC 1A 89 24 BC 3F 07 B9 02 BC 21
4E 6F 6E 65 00 25 77 3B 3B 80 28 3C D6 D7 6F BA
68 80 CA BB A4 E0 C3 B9 95 0D 92 3B 39 B4 95 BB
DA 04 B9 02 BC 21 4E 6F 6E 65 00 8E 3B BA E0 F1
[22:13:12.460] [INFO] [s22-backup] READ 64 byte(s):
00 BB 16 33 24 BA FD 13 07 BB E5 23 28 BC 94 CD
18 BC AE D2 76 BB 07 04 B9 02 BC 21 4E 6F 6E 65
00 AB 34 BB 6E 56 B8 BA B4 66 AF B9 BB D3 2A 3C
8D EB 01 3C CC 1B 16 BB 72 9C 2D BB FC 04 B9 02
[22:13:12.463] [INFO] [s22-backup] READ 64 byte(s):
BC 21 4E 6F 6E 65 00 4C 62 BB CC 71 79 BC F5 13
00 BC F8 41 15 3C C8 A3 23 3C 62 37 FC 3B 4D 46
C1 3B 24 04 B9 02 BC 21 00 29 45 BC 3C 2B 32 BC
90 40 67 B9 CA EB F2 3B 48 4C 80 3A D3 16 3E 3C
[22:13:12.466] [INFO] [s22-backup] READ 64 byte(s):
75 CC 53 3C CB 67 10 BC 8E 00 B9 02 BC 21 00 C9
B8 BB A4 03 37 3C CF 5F CA 3C 90 EC 8C 3C 78 96
59 3C E8 47 4B 3B B9 CA 30 BB D2 B5 11 BC 60 00
B9 02 BC 21 00 5D 04 3C D6 60 33 3C EB 46 2C 3C
[22:13:12.472] [INFO] [s22-backup] READ 64 byte(s):
3F BF 1F 3C 38 37 23 B9 7C 60 16 3C 92 C6 60 3B
82 C0 CD 3B 7D 5E 00 B9 02 BC 21 00 18 0F 3C DC
40 3F 3C 3B 93 59 3C 43 BC D3 3B FC F6 C9 3B A1
78 25 BC 4B 6D CB 3B 63 D5 08 3C 0E 00 B9 02 BC
[22:13:12.476] [INFO] [s22-backup] READ 64 byte(s):
21 00 57 91 BC ED 04 58 BC CC AA 6E BB 91 67 1C
BC B5 53 17 BC D2 12 9F 3C 93 4D C0 3B EA 28 5D
BB 94 00 B9 02 BC 41 00 77 0D 3D 41 4E 1D 3D AE
E8 3F BC E0 AA 19 3D 28 89 CB 3C B1 9F 71 BB F7
[22:13:12.479] [INFO] [s22-backup] READ 44 byte(s):
66 2C BD 80 30 0D BC 96 1B A0 BC 97 66 D3 BC 8E
A2 74 3B 15 61 88 BC 0B F2 99 BC AB 90 17 BC 5E
DF 9A 8B 12 99 00 00 72 00 67 0E 7E
[22:13:12.483] [INFO] [s22-backup] WRITE 21 byte(s):
7E B9 03 81 00 03 82 06 00 80 0B 03 B9 04 0B 01
01 00 10 3E 7E
[22:13:12.491] [INFO] [s22-backup] READ 64 byte(s):
7E B9 03 81 04 03 81 9D 08 0B B9 03 01 01 B9 04
B9 02 BC 21 50 75 73 68 65 64 20 54 72 69 70 6C
65 00 00 00 00 00 00 00 00 00 00 00 00 00 00 00
00 00 00 00 00 0D BA 02 88 00 00 00 00 88 00 00
[22:13:12.495] [INFO] [s22-backup] READ 64 byte(s):
F0 42 BA 03 BA 6D 88 00 00 00 00 88 00 00 00 00
88 00 00 C8 C2 88 00 00 A0 41 88 00 00 70 C2 88
00 00 80 3F 88 00 00 00 00 88 00 00 00 00 88 00
00 00 00 88 00 00 A0 40 88 00 00 80 3F 88 00 00
[22:13:12.498] [INFO] [s22-backup] READ 64 byte(s):
A0 40 88 00 00 96 43 88 00 00 A0 40 88 33 33 33
3F 88 00 80 3B 44 88 00 00 A0 40 88 00 80 ED 44
88 00 00 80 3F 88 00 00 00 00 88 00 00 A0 40 88
CD CC BC 40 88 00 00 C8 42 88 00 00 80 3F 88 00
[22:13:12.502] [INFO] [s22-backup] READ 64 byte(s):
00 00 00 88 00 00 C8 41 88 00 00 A0 40 88 00 00
00 00 88 00 00 C0 3F 88 00 00 00 00 88 00 00 80
3F 88 00 00 C0 3F 88 00 00 00 00 88 00 00 00 00
88 00 00 A0 40 88 00 00 A0 40 88 00 00 80 3F 88
[22:13:12.506] [INFO] [s22-backup] READ 64 byte(s):
00 00 00 00 88 00 00 80 40 88 00 00 A0 40 88 00
00 00 00 88 00 00 00 00 88 00 00 F0 41 88 00 00
A0 40 88 00 00 00 00 88 00 00 00 00 88 00 00 F0
41 88 00 00 A0 40 88 00 00 00 00 88 00 00 00 00
[22:13:12.510] [INFO] [s22-backup] READ 64 byte(s):
88 00 00 F0 41 88 00 00 A0 40 88 00 00 00 00 88
00 00 00 00 88 00 00 F0 41 88 00 00 A0 40 88 00
00 00 00 88 00 00 00 00 88 00 00 F0 41 88 00 00
A0 40 88 00 00 00 00 88 00 00 00 00 88 00 00 F0
[22:13:12.513] [INFO] [s22-backup] READ 64 byte(s):
41 88 00 00 80 3F 88 00 00 00 00 88 00 00 00 00
88 00 00 00 00 88 00 00 70 41 88 00 00 00 3F 88
00 00 48 42 88 00 00 F0 40 88 00 00 00 00 88 00
00 40 40 88 00 00 D0 40 88 00 00 00 00 88 00 00
[22:13:12.516] [INFO] [s22-backup] READ 64 byte(s):
00 00 88 00 00 C0 40 88 00 00 00 00 88 00 00 70
41 88 00 00 00 3F 88 00 00 48 42 88 00 00 F0 40
88 00 00 00 00 88 00 00 70 41 88 00 00 00 3F 88
00 00 48 42 88 00 00 C8 41 88 00 00 F0 40 88 00
[22:13:12.521] [INFO] [s22-backup] READ 64 byte(s):
00 00 00 88 00 00 40 40 88 00 00 B4 43 88 00 00
F0 42 88 00 00 48 42 88 00 00 A0 40 88 00 00 80
3F 88 00 00 00 00 88 00 00 00 00 88 00 00 00 00
88 00 00 10 41 88 00 00 AF 43 88 00 00 A0 41 88
[22:13:12.524] [INFO] [s22-backup] READ 64 byte(s):
00 00 00 00 88 00 00 48 42 88 00 00 00 00 88 00
00 10 41 88 00 00 AF 43 88 00 00 A0 41 88 00 00
00 00 88 00 00 48 42 BA 6D 88 00 00 00 00 88 00
00 00 00 88 00 00 C8 C2 88 00 00 A0 41 88 00 00
[22:13:12.528] [INFO] [s22-backup] READ 64 byte(s):
70 C2 88 00 00 80 3F 88 00 00 00 00 88 00 00 00
00 88 00 00 00 00 88 00 00 A0 40 88 00 00 80 3F
88 00 00 A0 40 88 00 00 96 43 88 00 00 A0 40 88
33 33 33 3F 88 00 80 3B 44 88 00 00 A0 40 88 00
[22:13:12.534] [INFO] [s22-backup] READ 64 byte(s):
80 ED 44 88 00 00 80 3F 88 00 00 00 00 88 00 00
A0 40 88 00 00 A0 40 88 00 00 C8 42 88 00 00 80
3F 88 00 00 00 00 88 00 00 C8 41 88 00 00 A0 40
88 00 00 00 00 88 00 00 C0 3F 88 00 00 00 00 88
[22:13:12.542] [INFO] [s22-backup] READ 64 byte(s):
00 00 80 3F 88 00 00 C0 3F 88 00 00 00 00 88 00
00 00 00 88 00 00 A0 40 88 00 00 A0 40 88 00 00
80 3F 88 00 00 00 00 88 00 00 80 40 88 00 00 A0
40 88 00 00 00 00 88 00 00 00 00 88 00 00 F0 41
[22:13:12.544] [INFO] [s22-backup] READ 64 byte(s):
88 00 00 A0 40 88 00 00 00 00 88 00 00 00 00 88
00 00 F0 41 88 00 00 A0 40 88 00 00 00 00 88 00
00 00 00 88 00 00 F0 41 88 00 00 A0 40 88 00 00
00 00 88 00 00 00 00 88 00 00 F0 41 88 00 00 A0
[22:13:12.545] [INFO] [s22-backup] READ 64 byte(s):
40 88 00 00 00 00 88 00 00 00 00 88 00 00 F0 41
88 00 00 A0 40 88 00 00 00 00 88 00 00 00 00 88
00 00 F0 41 88 00 00 80 3F 88 00 00 00 00 88 00
00 00 00 88 00 00 00 00 88 00 00 70 41 88 00 00
[22:13:12.548] [INFO] [s22-backup] READ 64 byte(s):
00 3F 88 00 00 48 42 88 00 00 F0 40 88 00 00 00
00 88 00 00 40 40 88 00 00 D0 40 88 00 00 00 00
88 00 00 00 00 88 00 00 C0 40 88 00 00 00 00 88
00 00 70 41 88 00 00 00 3F 88 00 00 48 42 88 00
[22:13:12.550] [INFO] [s22-backup] READ 64 byte(s):
00 F0 40 88 00 00 00 00 88 00 00 70 41 88 00 00
00 3F 88 00 00 48 42 88 00 00 C8 41 88 00 00 F0
40 88 00 00 00 00 88 00 00 40 40 88 00 00 B4 43
88 00 00 F0 42 88 00 00 48 42 88 00 00 A0 40 88
[22:13:12.554] [INFO] [s22-backup] READ 64 byte(s):
00 00 80 3F 88 00 00 00 00 88 00 00 00 00 88 00
00 00 00 88 00 00 10 41 88 00 00 AF 43 88 00 00
A0 41 88 00 00 00 00 88 00 00 48 42 88 00 00 00
00 88 00 00 10 41 88 00 00 AF 43 88 00 00 A0 41
[22:13:12.556] [INFO] [s22-backup] READ 64 byte(s):
88 00 00 00 00 88 00 00 48 42 BA 6D 88 00 00 00
00 88 00 00 00 00 88 00 00 C8 C2 88 00 00 A0 41
88 00 00 70 C2 88 00 00 80 3F 88 00 00 00 00 88
00 00 00 00 88 00 00 00 00 88 00 00 A0 40 88 00
[22:13:12.558] [INFO] [s22-backup] READ 64 byte(s):
00 80 3F 88 00 00 A0 40 88 00 00 96 43 88 00 00
A0 40 88 33 33 33 3F 88 00 80 3B 44 88 00 00 A0
40 88 00 80 ED 44 88 00 00 80 3F 88 00 00 00 00
88 00 00 A0 40 88 00 00 A0 40 88 00 00 C8 42 88
[22:13:12.560] [INFO] [s22-backup] READ 64 byte(s):
00 00 80 3F 88 00 00 00 00 88 00 00 C8 41 88 00
00 A0 40 88 00 00 00 00 88 00 00 C0 3F 88 00 00
00 00 88 00 00 80 3F 88 00 00 C0 3F 88 00 00 00
00 88 00 00 00 00 88 00 00 A0 40 88 00 00 A0 40
[22:13:12.562] [INFO] [s22-backup] READ 64 byte(s):
88 00 00 80 3F 88 00 00 00 00 88 00 00 80 40 88
00 00 A0 40 88 00 00 00 00 88 00 00 00 00 88 00
00 F0 41 88 00 00 A0 40 88 00 00 00 00 88 00 00
00 00 88 00 00 F0 41 88 00 00 A0 40 88 00 00 00
[22:13:12.563] [INFO] [s22-backup] READ 64 byte(s):
00 88 00 00 00 00 88 00 00 F0 41 88 00 00 A0 40
88 00 00 00 00 88 00 00 00 00 88 00 00 F0 41 88
00 00 A0 40 88 00 00 00 00 88 00 00 00 00 88 00
00 F0 41 88 00 00 A0 40 88 00 00 00 00 88 00 00
[22:13:12.566] [INFO] [s22-backup] READ 64 byte(s):
00 00 88 00 00 F0 41 88 00 00 80 3F 88 00 00 00
00 88 00 00 00 00 88 00 00 00 00 88 00 00 70 41
88 00 00 00 3F 88 00 00 48 42 88 00 00 F0 40 88
00 00 00 00 88 00 00 40 40 88 00 00 D0 40 88 00
[22:13:12.568] [INFO] [s22-backup] READ 64 byte(s):
00 00 00 88 00 00 00 00 88 00 00 C0 40 88 00 00
00 00 88 00 00 70 41 88 00 00 00 3F 88 00 00 48
42 88 00 00 F0 40 88 00 00 00 00 88 00 00 70 41
88 00 00 00 3F 88 00 00 48 42 88 00 00 C8 41 88
[22:13:12.571] [INFO] [s22-backup] READ 64 byte(s):
00 00 F0 40 88 00 00 00 00 88 00 00 40 40 88 00
00 B4 43 88 00 00 F0 42 88 00 00 48 42 88 00 00
A0 40 88 00 00 80 3F 88 00 00 00 00 88 00 00 00
00 88 00 00 00 00 88 00 00 10 41 88 00 00 AF 43
[22:13:12.575] [INFO] [s22-backup] READ 64 byte(s):
88 00 00 A0 41 88 00 00 00 00 88 00 00 48 42 88
00 00 00 00 88 00 00 10 41 88 00 00 AF 43 88 00
00 A0 41 88 00 00 00 00 88 00 00 48 42 B9 0D B9
02 BC 21 00 44 3B BC 36 C0 77 BA 13 01 09 BB 6B
[22:13:12.578] [INFO] [s22-backup] READ 64 byte(s):
36 38 3C FD A6 65 3C C5 85 15 BB 13 A6 86 BB 94
8D CD BA 90 00 B9 02 BC 0B 32 30 32 36 2D 30 32
2D 31 34 00 0A B9 02 BC 21 44 52 49 56 45 00 2F
3B B4 32 E4 39 67 F4 A3 3A 6E 21 1B 3C 98 30 2F
[22:13:12.580] [INFO] [s22-backup] READ 64 byte(s):
3B 7F A4 8C 39 A4 BA BD BB FD 05 B9 02 BC 21 4E
6F 6E 65 00 1A CF BA DC F9 F4 BB 60 87 D5 39 99
BE D5 3B A7 B3 EB 3B 1A 4B D1 3B 59 54 2C 3B A1
04 B9 02 BC 21 4E 6F 6E 65 00 BD 56 BA 30 08 1B
[22:13:12.583] [INFO] [s22-backup] READ 64 byte(s):
B9 E6 EC 2C BB 08 61 E4 BB F1 4B AC BB 2F 2E E0
3B 55 7D 5D 95 3C 37 04 B9 02 BC 21 4E 6F 6E 65
00 74 46 BA F5 96 96 3B BF F8 11 3C 81 E6 81 3C
E6 78 84 3C 78 B0 9C 39 36 A7 4B BC 15 04 B9 02
[22:13:12.585] [INFO] [s22-backup] READ 64 byte(s):
BC 21 4E 6F 6E 65 00 E5 BA 3B 34 4F EF B9 64 BE
02 BC 06 AA 1B BB 5E E1 94 3B E8 FD 44 3B 6F 90
02 3C F2 04 B9 02 BC 21 00 85 AB 3A C2 56 E4 B9
B8 21 0A 38 44 3B 47 B9 95 99 9D BA FD 5E 90 3B
[22:13:12.587] [INFO] [s22-backup] READ 64 byte(s):
F3 3B 3E 3C E0 4D 01 3C D4 00 B9 02 BC 21 00 B0
A7 3B CD C2 7D 5D 3C A8 A2 D6 3B EE 51 62 3B 20
3C B7 3B 6D D6 24 3C 32 C1 0E 3C 09 69 33 BA 90
00 B9 02 BC 21 00 A4 11 3A 70 A0 9B B9 17 FF F3
[22:13:12.591] [INFO] [s22-backup] READ 64 byte(s):
3B AC 1E A4 3B CB 03 AF 3B 7F 5C 8E 3C 20 7C 8B
3C 23 85 0B 3C 3C 00 B9 02 BC 21 00 12 D0 3B 15
7B 83 BB 56 D5 15 BC DE 03 D1 BB 0C 95 17 3A F1
4E 13 3B 18 09 55 3B 74 D8 32 3A 64 00 B9 02 BC
[22:13:12.594] [INFO] [s22-backup] READ 64 byte(s):
21 00 E5 D8 3B 62 B5 97 BB 1F 6D DE BB FC CE 76
BC CE 47 88 BC FB EC 0C BC CD C0 34 BC 18 16 71
BC 49 00 B9 02 BC 41 00 03 E0 BC EE 6A E4 BC 9D
35 CC BC 54 F5 D5 BC 81 EC 88 BC CA 51 8E BC 4B
[22:13:12.598] [INFO] [s22-backup] READ 44 byte(s):
26 93 BC AE BD 77 BC 12 C7 54 BC EE 4B 0C BB 6C
39 31 3C 5C A6 76 BC AE AA BE BC A3 90 F2 BC 5E
DF 9A 8B 12 99 00 00 72 00 DA 96 7E
[22:13:12.602] [INFO] [s22-backup] WRITE 21 byte(s):
7E B9 03 81 00 03 82 06 00 80 0B 03 B9 04 0B 01
02 00 78 14 7E
[22:13:12.606] [INFO] [s22-backup] READ 64 byte(s):
7E B9 03 81 04 03 81 9D 08 0B B9 03 01 02 B9 04
B9 02 BC 21 44 61 72 6B 20 26 20 44 72 69 76 65
6E 00 00 00 00 00 00 00 00 00 00 00 00 00 00 00
00 00 00 00 00 0D BA 02 88 00 00 00 00 88 00 00
[22:13:12.608] [INFO] [s22-backup] READ 64 byte(s):
F0 42 BA 03 BA 6D 88 00 00 00 00 88 00 00 00 00
88 00 00 C8 C2 88 00 00 A0 41 88 00 00 70 C2 88
00 00 80 3F 88 00 00 00 00 88 00 00 00 00 88 00
00 00 00 88 00 00 A0 40 88 00 00 80 3F 88 CD CC
[22:13:12.610] [INFO] [s22-backup] READ 64 byte(s):
6C 40 88 00 00 96 43 88 00 00 A0 40 88 33 33 33
3F 88 00 80 3B 44 88 00 00 20 41 88 00 80 ED 44
88 00 00 80 3F 88 00 00 00 00 88 00 00 A0 40 88
9A 99 A9 40 88 00 00 C8 42 88 00 00 80 3F 88 00
[22:13:12.611] [INFO] [s22-backup] READ 64 byte(s):
00 00 40 88 00 00 C8 41 88 00 00 A0 40 88 00 00
00 00 88 00 00 C0 3F 88 00 00 00 00 88 00 00 80
3F 88 00 00 C0 3F 88 00 00 00 00 88 00 00 00 00
88 00 00 A0 40 88 9A 99 B9 40 88 00 00 80 3F 88
[22:13:12.614] [INFO] [s22-backup] READ 64 byte(s):
00 00 00 00 88 00 00 80 40 88 00 00 A0 40 88 00
00 00 00 88 00 00 00 00 88 00 00 F0 41 88 00 00
A0 40 88 00 00 00 00 88 00 00 00 00 88 00 00 F0
41 88 00 00 A0 40 88 00 00 00 00 88 00 00 00 00
[22:13:12.618] [INFO] [s22-backup] READ 64 byte(s):
88 00 00 F0 41 88 00 00 A0 40 88 00 00 00 00 88
00 00 00 00 88 00 00 F0 41 88 00 00 A0 40 88 00
00 00 00 88 00 00 00 00 88 00 00 F0 41 88 00 00
A0 40 88 00 00 00 00 88 00 00 00 00 88 00 00 F0
[22:13:12.623] [INFO] [s22-backup] READ 64 byte(s):
41 88 00 00 80 3F 88 00 00 00 00 88 00 00 00 00
88 00 00 00 00 88 00 00 70 41 88 FF FF FF 3E 88
00 00 48 42 88 00 00 F0 40 88 00 00 00 00 88 00
00 40 40 88 00 00 D0 40 88 00 00 00 00 88 00 00
[22:13:12.624] [INFO] [s22-backup] READ 64 byte(s):
00 00 88 00 00 C0 40 88 00 00 00 00 88 00 00 70
41 88 FF FF FF 3E 88 00 00 48 42 88 00 00 F0 40
88 00 00 00 00 88 00 00 70 41 88 FF FF FF 3E 88
00 00 48 42 88 00 00 C8 41 88 00 00 F0 40 88 00
[22:13:12.627] [INFO] [s22-backup] READ 64 byte(s):
00 00 00 88 00 00 40 40 88 00 00 B4 43 88 00 00
F0 42 88 00 00 48 42 88 00 00 A0 40 88 00 00 80
3F 88 00 00 00 00 88 00 00 00 00 88 00 00 00 00
88 00 00 10 41 88 00 00 AF 43 88 00 00 A0 41 88
[22:13:12.628] [INFO] [s22-backup] READ 64 byte(s):
00 00 00 00 88 00 00 48 42 88 00 00 00 00 88 00
00 10 41 88 00 00 AF 43 88 00 00 A0 41 88 00 00
00 00 88 00 00 48 42 BA 6D 88 00 00 00 00 88 00
00 00 00 88 00 00 C8 C2 88 00 00 A0 41 88 00 00
[22:13:12.631] [INFO] [s22-backup] READ 64 byte(s):
70 C2 88 00 00 80 3F 88 00 00 00 00 88 00 00 00
00 88 00 00 00 00 88 00 00 A0 40 88 00 00 80 3F
88 00 00 A0 40 88 00 00 96 43 88 00 00 A0 40 88
33 33 33 3F 88 00 80 3B 44 88 00 00 A0 40 88 00
[22:13:12.634] [INFO] [s22-backup] READ 64 byte(s):
80 ED 44 88 00 00 80 3F 88 00 00 00 00 88 00 00
A0 40 88 00 00 A0 40 88 00 00 C8 42 88 00 00 80
3F 88 00 00 00 00 88 00 00 C8 41 88 00 00 A0 40
88 00 00 00 00 88 00 00 C0 3F 88 00 00 00 00 88
[22:13:12.638] [INFO] [s22-backup] READ 64 byte(s):
00 00 80 3F 88 00 00 C0 3F 88 00 00 00 00 88 00
00 00 00 88 00 00 A0 40 88 00 00 A0 40 88 00 00
80 3F 88 00 00 00 00 88 00 00 80 40 88 00 00 A0
40 88 00 00 00 00 88 00 00 00 00 88 00 00 F0 41
[22:13:12.641] [INFO] [s22-backup] READ 64 byte(s):
88 00 00 A0 40 88 00 00 00 00 88 00 00 00 00 88
00 00 F0 41 88 00 00 A0 40 88 00 00 00 00 88 00
00 00 00 88 00 00 F0 41 88 00 00 A0 40 88 00 00
00 00 88 00 00 00 00 88 00 00 F0 41 88 00 00 A0
[22:13:12.645] [INFO] [s22-backup] READ 64 byte(s):
40 88 00 00 00 00 88 00 00 00 00 88 00 00 F0 41
88 00 00 A0 40 88 00 00 00 00 88 00 00 00 00 88
00 00 F0 41 88 00 00 80 3F 88 00 00 00 00 88 00
00 00 00 88 00 00 00 00 88 00 00 70 41 88 00 00
[22:13:12.648] [INFO] [s22-backup] READ 64 byte(s):
00 3F 88 00 00 48 42 88 00 00 F0 40 88 00 00 00
00 88 00 00 40 40 88 00 00 D0 40 88 00 00 00 00
88 00 00 00 00 88 00 00 C0 40 88 00 00 00 00 88
00 00 70 41 88 00 00 00 3F 88 00 00 48 42 88 00
[22:13:12.651] [INFO] [s22-backup] READ 64 byte(s):
00 F0 40 88 00 00 00 00 88 00 00 70 41 88 00 00
00 3F 88 00 00 48 42 88 00 00 C8 41 88 00 00 F0
40 88 00 00 00 00 88 00 00 40 40 88 00 00 B4 43
88 00 00 F0 42 88 00 00 48 42 88 00 00 A0 40 88
[22:13:12.655] [INFO] [s22-backup] READ 64 byte(s):
00 00 80 3F 88 00 00 00 00 88 00 00 00 00 88 00
00 00 00 88 00 00 10 41 88 00 00 AF 43 88 00 00
A0 41 88 00 00 00 00 88 00 00 48 42 88 00 00 00
00 88 00 00 10 41 88 00 00 AF 43 88 00 00 A0 41
[22:13:12.657] [INFO] [s22-backup] READ 64 byte(s):
88 00 00 00 00 88 00 00 48 42 BA 6D 88 00 00 00
00 88 00 00 00 00 88 00 00 C8 C2 88 00 00 A0 41
88 00 00 70 C2 88 00 00 80 3F 88 00 00 00 00 88
00 00 00 00 88 00 00 00 00 88 00 00 A0 40 88 00
[22:13:12.659] [INFO] [s22-backup] READ 64 byte(s):
00 80 3F 88 00 00 A0 40 88 00 00 96 43 88 00 00
A0 40 88 33 33 33 3F 88 00 80 3B 44 88 00 00 A0
40 88 00 80 ED 44 88 00 00 80 3F 88 00 00 00 00
88 00 00 A0 40 88 00 00 A0 40 88 00 00 C8 42 88
[22:13:12.662] [INFO] [s22-backup] READ 64 byte(s):
00 00 80 3F 88 00 00 00 00 88 00 00 C8 41 88 00
00 A0 40 88 00 00 00 00 88 00 00 C0 3F 88 00 00
00 00 88 00 00 80 3F 88 00 00 C0 3F 88 00 00 00
00 88 00 00 00 00 88 00 00 A0 40 88 00 00 A0 40
[22:13:12.665] [INFO] [s22-backup] READ 64 byte(s):
88 00 00 80 3F 88 00 00 00 00 88 00 00 80 40 88
00 00 A0 40 88 00 00 00 00 88 00 00 00 00 88 00
00 F0 41 88 00 00 A0 40 88 00 00 00 00 88 00 00
00 00 88 00 00 F0 41 88 00 00 A0 40 88 00 00 00
[22:13:12.668] [INFO] [s22-backup] READ 64 byte(s):
00 88 00 00 00 00 88 00 00 F0 41 88 00 00 A0 40
88 00 00 00 00 88 00 00 00 00 88 00 00 F0 41 88
00 00 A0 40 88 00 00 00 00 88 00 00 00 00 88 00
00 F0 41 88 00 00 A0 40 88 00 00 00 00 88 00 00
[22:13:12.671] [INFO] [s22-backup] READ 64 byte(s):
00 00 88 00 00 F0 41 88 00 00 80 3F 88 00 00 00
00 88 00 00 00 00 88 00 00 00 00 88 00 00 70 41
88 00 00 00 3F 88 00 00 48 42 88 00 00 F0 40 88
00 00 00 00 88 00 00 40 40 88 00 00 D0 40 88 00
[22:13:12.673] [INFO] [s22-backup] READ 64 byte(s):
00 00 00 88 00 00 00 00 88 00 00 C0 40 88 00 00
00 00 88 00 00 70 41 88 00 00 00 3F 88 00 00 48
42 88 00 00 F0 40 88 00 00 00 00 88 00 00 70 41
88 00 00 00 3F 88 00 00 48 42 88 00 00 C8 41 88
[22:13:12.676] [INFO] [s22-backup] READ 64 byte(s):
00 00 F0 40 88 00 00 00 00 88 00 00 40 40 88 00
00 B4 43 88 00 00 F0 42 88 00 00 48 42 88 00 00
A0 40 88 00 00 80 3F 88 00 00 00 00 88 00 00 00
00 88 00 00 00 00 88 00 00 10 41 88 00 00 AF 43
[22:13:12.678] [INFO] [s22-backup] READ 64 byte(s):
88 00 00 A0 41 88 00 00 00 00 88 00 00 48 42 88
00 00 00 00 88 00 00 10 41 88 00 00 AF 43 88 00
00 A0 41 88 00 00 00 00 88 00 00 48 42 B9 0D B9
02 BC 21 00 0A F7 3A 94 5B 21 3C 55 FA C5 3B 10
[22:13:12.681] [INFO] [s22-backup] READ 64 byte(s):
41 E0 3B 10 F3 77 BB EC 3E 25 BC 47 DA 2E BC C0
FD BA BB FE 00 B9 02 BC 0B 32 30 32 35 2D 31 31
2D 32 38 00 0A B9 02 BC 21 48 49 2D 47 41 49 4E
00 1B 01 8D 3C 07 57 60 3C A7 CE 54 3C 52 9A 1C
[22:13:12.684] [INFO] [s22-backup] READ 64 byte(s):
3C 64 EA 9D 3A 90 00 46 BA DD 07 B9 02 BC 21 4E
6F 6E 65 00 0C E5 3B 87 4A D2 3C 4B 89 E1 3C EA
24 C3 3C AE 42 18 3C 01 21 11 BB 5D 09 9A BB BE
04 B9 02 BC 21 4E 6F 6E 65 00 79 36 BC DE EE 25
[22:13:12.687] [INFO] [s22-backup] READ 64 byte(s):
BB BE 35 6A BB 8D 61 97 BA 17 2A B6 BB 71 3C 79
BC 94 00 63 BC 33 04 B9 02 BC 21 4E 6F 6E 65 00
CA 88 BC D0 24 73 BC 4C 91 BD BC 4C AF A0 BC 5B
51 9B BC 79 13 5E BC 44 41 5E BC C6 04 B9 02 BC
[22:13:12.690] [INFO] [s22-backup] READ 64 byte(s):
21 4E 6F 6E 65 00 4B 94 BC AC BE 6B BC 2A 61 CE
BC 8D 29 E7 BC 5B D6 16 BD A5 DB 11 BD F9 7B E8
BC A2 04 B9 02 BC 21 00 40 08 BD 45 F5 3B BD F7
C9 30 BD C9 39 3E BD DC 6E 0B BD 87 DC AA BC F5
[22:13:12.692] [INFO] [s22-backup] READ 64 byte(s):
36 93 BC 25 19 BB BC 08 00 B9 02 BC 21 00 5A 13
BD 5D E7 D3 BC 5D 96 62 BC 75 8E 84 BC 87 A4 E7
BC 1B 06 1B BD 93 D2 2B BD 95 7C 2B BD CE 00 B9
02 BC 21 00 5A DF BC 3C FC F0 BC 3B D6 DD BC 14
[22:13:12.695] [INFO] [s22-backup] READ 64 byte(s):
52 D4 BC 77 02 0B BD 2B E2 0E BD CC 1B 21 BD 22
92 11 BD 84 00 B9 02 BC 21 00 CA 00 BD CF D1 B0
BC E7 A0 BF BC D3 C9 F2 BC 08 11 52 BD D0 5B 72
BD 0F 22 77 BD 32 CE 52 BD 31 00 B9 02 BC 21 00
[22:13:12.698] [INFO] [s22-backup] READ 64 byte(s):
C8 BD BC AC 70 D5 BC C8 23 15 BD 61 A7 0C BD 9B
BA 17 BD BF 92 14 BD 8C BD 29 BD CD 4F 44 BD 16
00 B9 02 BC 41 00 3D C3 BC B1 A7 CC BC F1 DE A4
BB BB 46 36 3B 28 15 6E 3C AB 6E 06 3B 5E B6 96
[22:13:12.700] [INFO] [s22-backup] READ 43 byte(s):
3B DC 2A CF BB 48 63 81 3B 9A 46 60 BB 3E EA 0B
3B 08 D6 CA BB 99 72 7D 5E 3B E9 80 F9 BB F5 A3
AB BB 80 65 00 00 72 00 69 A9 7E
[22:13:12.704] [INFO] [s22-backup] WRITE 21 byte(s):
7E B9 03 81 00 03 82 06 00 80 0B 03 B9 04 0B 01
03 00 A0 0D 7E
[22:13:12.709] [INFO] [s22-backup] READ 64 byte(s):
7E B9 03 81 04 03 81 9D 08 0B B9 03 01 03 B9 04
B9 02 BC 21 53 75 70 65 72 20 53 68 72 65 64 64
69 6E 67 00 00 00 00 00 00 00 00 00 00 00 00 00
00 00 00 00 00 0F BA 02 88 00 00 00 00 88 00 00
[22:13:12.714] [INFO] [s22-backup] READ 64 byte(s):
F0 42 BA 03 BA 6D 88 00 00 00 00 88 00 00 80 3F
88 00 00 C8 C2 88 00 00 A0 41 88 00 00 70 C2 88
00 00 80 3F 88 00 00 00 00 88 00 00 00 00 88 00
00 00 00 88 00 00 A0 40 88 00 00 80 3F 88 00 00
[22:13:12.718] [INFO] [s22-backup] READ 64 byte(s):
A0 40 88 00 00 96 43 88 9A 99 99 40 88 33 33 33
3F 88 00 80 3B 44 88 9A 99 A9 40 88 00 80 ED 44
88 00 00 80 3F 88 00 00 00 00 88 00 00 A0 40 88
00 00 20 41 88 00 00 C8 42 88 00 00 80 3F 88 00
[22:13:12.721] [INFO] [s22-backup] READ 64 byte(s):
00 00 00 88 00 00 C8 41 88 00 00 A0 40 88 00 00
00 00 88 00 00 C0 3F 88 00 00 00 00 88 00 00 80
3F 88 00 00 C0 3F 88 00 00 00 00 88 00 00 00 00
88 00 00 A0 40 88 00 00 A0 40 88 00 00 80 3F 88
[22:13:12.724] [INFO] [s22-backup] READ 64 byte(s):
00 00 00 00 88 00 00 80 40 88 00 00 A0 40 88 00
00 00 00 88 00 00 00 00 88 00 00 F0 41 88 00 00
A0 40 88 00 00 00 00 88 00 00 00 00 88 00 00 F0
41 88 00 00 A0 40 88 00 00 00 00 88 00 00 00 00
[22:13:12.728] [INFO] [s22-backup] READ 64 byte(s):
88 00 00 F0 41 88 00 00 A0 40 88 00 00 00 00 88
00 00 00 00 88 00 00 F0 41 88 00 00 A0 40 88 00
00 00 00 88 00 00 00 00 88 00 00 F0 41 88 00 00
A0 40 88 00 00 00 00 88 00 00 00 00 88 00 00 F0
[22:13:12.734] [INFO] [s22-backup] READ 64 byte(s):
41 88 00 00 80 3F 88 00 00 00 00 88 00 00 00 00
88 00 00 00 00 88 00 00 70 41 88 00 00 00 3F 88
00 00 48 42 88 00 00 F0 40 88 00 00 00 00 88 00
00 40 40 88 00 00 D0 40 88 00 00 00 00 88 00 00
[22:13:12.737] [INFO] [s22-backup] READ 64 byte(s):
00 00 88 00 00 C0 40 88 00 00 00 00 88 00 00 70
41 88 00 00 00 3F 88 00 00 48 42 88 00 00 F0 40
88 00 00 00 00 88 00 00 70 41 88 00 00 00 3F 88
00 00 48 42 88 00 00 C8 41 88 00 00 F0 40 88 00
[22:13:12.744] [INFO] [s22-backup] READ 64 byte(s):
00 00 00 88 00 00 40 40 88 00 00 B4 43 88 00 00
F0 42 88 00 00 48 42 88 00 00 A0 40 88 00 00 80
3F 88 00 00 00 00 88 00 00 00 00 88 00 00 00 00
88 00 00 10 41 88 00 00 AF 43 88 00 00 A0 41 88
[22:13:12.750] [INFO] [s22-backup] READ 64 byte(s):
00 00 00 00 88 00 00 48 42 88 00 00 00 00 88 00
00 10 41 88 00 00 AF 43 88 00 00 A0 41 88 00 00
00 00 88 00 00 48 42 BA 6D 88 00 00 00 00 88 00
00 00 00 88 00 00 C8 C2 88 00 00 A0 41 88 00 00
[22:13:12.757] [INFO] [s22-backup] READ 64 byte(s):
70 C2 88 00 00 80 3F 88 00 00 00 00 88 00 00 00
00 88 00 00 00 00 88 00 00 A0 40 88 00 00 80 3F
88 00 00 A0 40 88 00 00 96 43 88 00 00 A0 40 88
33 33 33 3F 88 00 80 3B 44 88 00 00 A0 40 88 00
[22:13:12.762] [INFO] [s22-backup] READ 64 byte(s):
80 ED 44 88 00 00 80 3F 88 00 00 00 00 88 00 00
A0 40 88 00 00 A0 40 88 00 00 C8 42 88 00 00 80
3F 88 00 00 00 00 88 00 00 C8 41 88 00 00 A0 40
88 00 00 00 00 88 00 00 C0 3F 88 00 00 00 00 88
[22:13:12.766] [INFO] [s22-backup] READ 64 byte(s):
00 00 80 3F 88 00 00 C0 3F 88 00 00 00 00 88 00
00 00 00 88 00 00 A0 40 88 00 00 A0 40 88 00 00
80 3F 88 00 00 00 00 88 00 00 80 40 88 00 00 A0
40 88 00 00 00 00 88 00 00 00 00 88 00 00 F0 41
[22:13:12.775] [INFO] [s22-backup] READ 64 byte(s):
88 00 00 A0 40 88 00 00 00 00 88 00 00 00 00 88
00 00 F0 41 88 00 00 A0 40 88 00 00 00 00 88 00
00 00 00 88 00 00 F0 41 88 00 00 A0 40 88 00 00
00 00 88 00 00 00 00 88 00 00 F0 41 88 00 00 A0
[22:13:12.779] [INFO] [s22-backup] READ 64 byte(s):
40 88 00 00 00 00 88 00 00 00 00 88 00 00 F0 41
88 00 00 A0 40 88 00 00 00 00 88 00 00 00 00 88
00 00 F0 41 88 00 00 80 3F 88 00 00 00 00 88 00
00 00 00 88 00 00 00 00 88 00 00 70 41 88 00 00
[22:13:12.782] [INFO] [s22-backup] READ 64 byte(s):
00 3F 88 00 00 48 42 88 00 00 F0 40 88 00 00 00
00 88 00 00 40 40 88 00 00 D0 40 88 00 00 00 00
88 00 00 00 00 88 00 00 C0 40 88 00 00 00 00 88
00 00 70 41 88 00 00 00 3F 88 00 00 48 42 88 00
[22:13:12.786] [INFO] [s22-backup] READ 64 byte(s):
00 F0 40 88 00 00 00 00 88 00 00 70 41 88 00 00
00 3F 88 00 00 48 42 88 00 00 C8 41 88 00 00 F0
40 88 00 00 00 00 88 00 00 40 40 88 00 00 B4 43
88 00 00 F0 42 88 00 00 48 42 88 00 00 A0 40 88
[22:13:12.791] [INFO] [s22-backup] READ 64 byte(s):
00 00 80 3F 88 00 00 00 00 88 00 00 00 00 88 00
00 00 00 88 00 00 10 41 88 00 00 AF 43 88 00 00
A0 41 88 00 00 00 00 88 00 00 48 42 88 00 00 00
00 88 00 00 10 41 88 00 00 AF 43 88 00 00 A0 41
[22:13:12.795] [INFO] [s22-backup] READ 64 byte(s):
88 00 00 00 00 88 00 00 48 42 BA 6D 88 00 00 00
00 88 00 00 00 00 88 00 00 C8 C2 88 00 00 A0 41
88 00 00 70 C2 88 00 00 80 3F 88 00 00 00 00 88
00 00 00 00 88 00 00 00 00 88 00 00 A0 40 88 00
[22:13:12.799] [INFO] [s22-backup] READ 64 byte(s):
00 80 3F 88 00 00 A0 40 88 00 00 96 43 88 00 00
A0 40 88 33 33 33 3F 88 00 80 3B 44 88 00 00 A0
40 88 00 80 ED 44 88 00 00 80 3F 88 00 00 00 00
88 00 00 A0 40 88 00 00 A0 40 88 00 00 C8 42 88
[22:13:12.803] [INFO] [s22-backup] READ 64 byte(s):
00 00 80 3F 88 00 00 00 00 88 00 00 C8 41 88 00
00 A0 40 88 00 00 00 00 88 00 00 C0 3F 88 00 00
00 00 88 00 00 80 3F 88 00 00 C0 3F 88 00 00 00
00 88 00 00 00 00 88 00 00 A0 40 88 00 00 A0 40
[22:13:12.809] [INFO] [s22-backup] READ 64 byte(s):
88 00 00 80 3F 88 00 00 00 00 88 00 00 80 40 88
00 00 A0 40 88 00 00 00 00 88 00 00 00 00 88 00
00 F0 41 88 00 00 A0 40 88 00 00 00 00 88 00 00
00 00 88 00 00 F0 41 88 00 00 A0 40 88 00 00 00
[22:13:12.813] [INFO] [s22-backup] READ 64 byte(s):
00 88 00 00 00 00 88 00 00 F0 41 88 00 00 A0 40
88 00 00 00 00 88 00 00 00 00 88 00 00 F0 41 88
00 00 A0 40 88 00 00 00 00 88 00 00 00 00 88 00
00 F0 41 88 00 00 A0 40 88 00 00 00 00 88 00 00
[22:13:12.818] [INFO] [s22-backup] READ 64 byte(s):
00 00 88 00 00 F0 41 88 00 00 80 3F 88 00 00 00
00 88 00 00 00 00 88 00 00 00 00 88 00 00 70 41
88 00 00 00 3F 88 00 00 48 42 88 00 00 F0 40 88
00 00 00 00 88 00 00 40 40 88 00 00 D0 40 88 00
[22:13:12.823] [INFO] [s22-backup] READ 64 byte(s):
00 00 00 88 00 00 00 00 88 00 00 C0 40 88 00 00
00 00 88 00 00 70 41 88 00 00 00 3F 88 00 00 48
42 88 00 00 F0 40 88 00 00 00 00 88 00 00 70 41
88 00 00 00 3F 88 00 00 48 42 88 00 00 C8 41 88
[22:13:12.830] [INFO] [s22-backup] READ 64 byte(s):
00 00 F0 40 88 00 00 00 00 88 00 00 40 40 88 00
00 B4 43 88 00 00 F0 42 88 00 00 48 42 88 00 00
A0 40 88 00 00 80 3F 88 00 00 00 00 88 00 00 00
00 88 00 00 00 00 88 00 00 10 41 88 00 00 AF 43
[22:13:12.832] [INFO] [s22-backup] READ 64 byte(s):
88 00 00 A0 41 88 00 00 00 00 88 00 00 48 42 88
00 00 00 00 88 00 00 10 41 88 00 00 AF 43 88 00
00 A0 41 88 00 00 00 00 88 00 00 48 42 B9 0D B9
02 BC 21 00 60 8E BB 70 B9 D8 B9 BB 1C 6C BB 3D
[22:13:12.836] [INFO] [s22-backup] READ 64 byte(s):
CA E7 BB 47 B5 0F BC CE 27 DA BA 78 48 DF 3B 96
8F 84 3C 6D 00 B9 02 BC 0B 32 30 32 36 2D 30 32
2D 31 34 00 0A B9 02 BC 21 48 49 2D 47 41 49 4E
00 FA B2 F9 3B 25 C8 FA 3B AA C3 6D 3C 0A 03 76
[22:13:12.844] [INFO] [s22-backup] READ 64 byte(s):
3C AE 58 91 3B 95 32 1A BB DA 07 B9 02 BC 21 4E
6F 6E 65 00 E6 05 3C 03 79 73 BA 49 11 ED 3A FF
64 75 3C DE 69 18 3C 5E AF 62 B9 B0 03 B5 3A 80
04 B9 02 BC 21 4E 6F 6E 65 00 94 9D 3B EC A1 21
[22:13:12.847] [INFO] [s22-backup] READ 64 byte(s):
3C 1F 96 00 3C 4F 22 2A 3C CA 0D 16 3C 36 1F 1A
3C 3E 10 64 3B BA 04 B9 02 BC 21 4E 6F 6E 65 00
87 4A 3C E2 03 EE 3B C0 15 14 3C E5 26 EC 3B 1A
FF 5B BB 9E 16 FB 3B 8E 85 01 3C 65 04 B9 02 BC
[22:13:12.851] [INFO] [s22-backup] READ 64 byte(s):
21 4E 6F 6E 65 00 16 BB 3B 70 DC F4 BA D7 9B B9
BB A6 87 4B BC 95 19 48 BB 95 74 61 3C 5F 28 8A
3C 82 04 B9 02 BC 21 00 49 B9 3A A4 56 8A BB 33
B5 8E 3B 08 6B 86 3B 84 87 BB 3B 8F 11 3E 3B 58
[22:13:12.856] [INFO] [s22-backup] READ 64 byte(s):
DD EE BB 25 BA D9 BB ED 00 B9 02 BC 21 00 DB D5
BB 0D 00 5E 3B 2A 0A A8 3A 22 78 AC BB E8 76 81
3A E6 36 3D 3C A4 C3 60 BC 4A 21 87 BB 88 00 B9
02 BC 21 00 18 C5 BB 00 EF F5 B7 73 9A A8 3C 7F
[22:13:12.865] [INFO] [s22-backup] READ 64 byte(s):
AB B4 3B 5B C2 AC 3B D8 78 EE 3B 9A BF 90 3C 86
F0 68 3C 1C 00 B9 02 BC 21 00 B1 63 3C 41 B3 D2
BB 74 E0 CB 3A 24 CE 78 3A DE 57 23 3C EC BA 0E
BC 11 AF 65 BA C6 9D 04 BC 12 00 B9 02 BC 21 00
[22:13:12.871] [INFO] [s22-backup] READ 64 byte(s):
07 02 3C AA 1A AE 3B B4 11 56 3A 32 22 FC 3B 26
32 18 3C D5 B3 36 3C 34 3D 2C BC C6 92 0D BD 49
00 B9 02 BC 41 00 E7 43 BB 24 3E 14 BC 32 16 2F
BB 02 B3 2C 3C 48 45 1D BD A3 ED 45 BD 22 F3 EF
[22:13:12.876] [INFO] [s22-backup] READ 42 byte(s):
BC 82 33 1A BD 0C 97 40 BC 38 6B 50 BC CE 27 14
3D B1 DA 80 3D FD 5D 7F 3D 6D C0 29 3B 3D 35 35
21 8A FF 00 00 72 00 3D 87 7E
[22:13:12.885] [INFO] [s22-backup] WRITE 21 byte(s):
7E B9 03 81 00 03 82 06 00 80 0B 03 B9 04 0B 01
04 00 A8 40 7E
[22:13:12.893] [INFO] [s22-backup] READ 64 byte(s):
7E B9 03 81 04 03 81 9D 08 0B B9 03 01 04 B9 04
B9 02 BC 21 54 6F 72 6F 6E 74 6F 27 73 20 42 65
61 73 74 00 00 00 00 00 00 00 00 00 00 00 00 00
00 00 00 00 00 0F BA 02 88 00 00 00 00 88 00 00
[22:13:12.898] [INFO] [s22-backup] READ 64 byte(s):
F0 42 BA 03 BA 6D 88 00 00 00 00 88 00 00 00 00
88 00 00 C8 C2 88 00 00 A0 41 88 00 00 70 C2 88
00 00 80 3F 88 00 00 00 00 88 00 00 00 00 88 00
00 00 00 88 00 00 A0 40 88 00 00 80 3F 88 CD CC
[22:13:12.900] [INFO] [s22-backup] READ 64 byte(s):
DC 40 88 00 00 96 43 88 00 00 A0 40 88 33 33 33
3F 88 00 80 3B 44 88 00 00 A0 40 88 00 80 ED 44
88 00 00 80 3F 88 00 00 80 3F 88 00 00 20 41 88
9A 99 79 40 88 00 00 60 42 88 00 00 80 3F 88 00
[22:13:12.902] [INFO] [s22-backup] READ 64 byte(s):
00 00 40 88 00 00 C8 41 88 00 00 A0 40 88 00 00
00 00 88 00 00 C0 3F 88 00 00 00 00 88 00 00 80
3F 88 00 00 C0 3F 88 00 00 00 00 88 00 00 00 00
88 00 00 A0 40 88 00 00 A0 40 88 00 00 80 3F 88
[22:13:12.905] [INFO] [s22-backup] READ 64 byte(s):
00 00 00 00 88 00 00 80 40 88 00 00 A0 40 88 00
00 00 00 88 00 00 00 00 88 00 00 F0 41 88 00 00
A0 40 88 00 00 00 00 88 00 00 00 00 88 00 00 F0
41 88 00 00 A0 40 88 00 00 00 00 88 00 00 00 00
[22:13:12.908] [INFO] [s22-backup] READ 64 byte(s):
88 00 00 F0 41 88 00 00 A0 40 88 00 00 00 00 88
00 00 00 00 88 00 00 F0 41 88 00 00 A0 40 88 00
00 00 00 88 00 00 00 00 88 00 00 F0 41 88 00 00
A0 40 88 00 00 00 00 88 00 00 00 00 88 00 00 F0
[22:13:12.912] [INFO] [s22-backup] READ 64 byte(s):
41 88 00 00 80 3F 88 00 00 00 00 88 00 00 00 00
88 00 00 00 00 88 00 00 70 41 88 00 00 00 3F 88
00 00 48 42 88 00 00 F0 40 88 00 00 00 00 88 00
00 40 40 88 00 00 D0 40 88 00 00 00 00 88 00 00
[22:13:12.915] [INFO] [s22-backup] READ 64 byte(s):
00 00 88 00 00 C0 40 88 00 00 00 00 88 00 00 70
41 88 00 00 00 3F 88 00 00 48 42 88 00 00 F0 40
88 00 00 00 00 88 00 00 70 41 88 00 00 00 3F 88
00 00 48 42 88 00 00 C8 41 88 00 00 F0 40 88 00
[22:13:12.917] [INFO] [s22-backup] READ 64 byte(s):
00 00 00 88 00 00 40 40 88 00 00 B4 43 88 00 00
F0 42 88 00 00 48 42 88 00 00 A0 40 88 00 00 80
3F 88 00 00 00 00 88 00 00 00 00 88 00 00 00 00
88 00 00 10 41 88 00 00 AF 43 88 00 00 A0 41 88
[22:13:12.922] [INFO] [s22-backup] READ 64 byte(s):
00 00 00 00 88 00 00 48 42 88 00 00 00 00 88 00
00 10 41 88 00 00 AF 43 88 00 00 A0 41 88 00 00
00 00 88 00 00 48 42 BA 6D 88 00 00 00 00 88 00
00 00 00 88 00 00 C8 C2 88 00 00 A0 41 88 00 00
[22:13:12.924] [INFO] [s22-backup] READ 64 byte(s):
70 C2 88 00 00 80 3F 88 00 00 00 00 88 00 00 00
00 88 00 00 00 00 88 00 00 A0 40 88 00 00 80 3F
88 00 00 A0 40 88 00 00 96 43 88 00 00 A0 40 88
33 33 33 3F 88 00 80 3B 44 88 00 00 A0 40 88 00
[22:13:12.928] [INFO] [s22-backup] READ 64 byte(s):
80 ED 44 88 00 00 80 3F 88 00 00 80 3F 88 00 00
A0 40 88 00 00 A0 40 88 00 00 C8 42 88 00 00 80
3F 88 00 00 00 00 88 00 00 C8 41 88 00 00 A0 40
88 00 00 00 00 88 00 00 C0 3F 88 00 00 00 00 88
[22:13:12.931] [INFO] [s22-backup] READ 64 byte(s):
00 00 80 3F 88 00 00 C0 3F 88 00 00 00 00 88 00
00 00 00 88 00 00 A0 40 88 00 00 A0 40 88 00 00
80 3F 88 00 00 00 00 88 00 00 80 40 88 00 00 A0
40 88 00 00 00 00 88 00 00 00 00 88 00 00 F0 41
[22:13:12.934] [INFO] [s22-backup] READ 64 byte(s):
88 00 00 A0 40 88 00 00 00 00 88 00 00 00 00 88
00 00 F0 41 88 00 00 A0 40 88 00 00 00 00 88 00
00 00 00 88 00 00 F0 41 88 00 00 A0 40 88 00 00
00 00 88 00 00 00 00 88 00 00 F0 41 88 00 00 A0
[22:13:12.937] [INFO] [s22-backup] READ 64 byte(s):
40 88 00 00 00 00 88 00 00 00 00 88 00 00 F0 41
88 00 00 A0 40 88 00 00 00 00 88 00 00 00 00 88
00 00 F0 41 88 00 00 80 3F 88 00 00 00 00 88 00
00 00 00 88 00 00 00 00 88 00 00 70 41 88 00 00
[22:13:12.942] [INFO] [s22-backup] READ 64 byte(s):
00 3F 88 00 00 48 42 88 00 00 F0 40 88 00 00 00
00 88 00 00 40 40 88 00 00 D0 40 88 00 00 00 00
88 00 00 00 00 88 00 00 C0 40 88 00 00 00 00 88
00 00 70 41 88 00 00 00 3F 88 00 00 48 42 88 00
[22:13:12.946] [INFO] [s22-backup] READ 64 byte(s):
00 F0 40 88 00 00 00 00 88 00 00 70 41 88 00 00
00 3F 88 00 00 48 42 88 00 00 C8 41 88 00 00 F0
40 88 00 00 00 00 88 00 00 40 40 88 00 00 B4 43
88 00 00 F0 42 88 00 00 48 42 88 00 00 A0 40 88
[22:13:12.949] [INFO] [s22-backup] READ 64 byte(s):
00 00 80 3F 88 00 00 00 00 88 00 00 00 00 88 00
00 00 00 88 00 00 10 41 88 00 00 AF 43 88 00 00
A0 41 88 00 00 00 00 88 00 00 48 42 88 00 00 00
00 88 00 00 10 41 88 00 00 AF 43 88 00 00 A0 41
[22:13:12.952] [INFO] [s22-backup] READ 64 byte(s):
88 00 00 00 00 88 00 00 48 42 BA 6D 88 00 00 00
00 88 00 00 00 00 88 00 00 C8 C2 88 00 00 A0 41
88 00 00 70 C2 88 00 00 80 3F 88 00 00 00 00 88
00 00 00 00 88 00 00 00 00 88 00 00 A0 40 88 00
[22:13:12.955] [INFO] [s22-backup] READ 64 byte(s):
00 80 3F 88 00 00 A0 40 88 00 00 96 43 88 00 00
A0 40 88 33 33 33 3F 88 00 80 3B 44 88 00 00 A0
40 88 00 80 ED 44 88 00 00 80 3F 88 00 00 80 3F
88 00 00 A0 40 88 00 00 A0 40 88 00 00 C8 42 88
[22:13:12.957] [INFO] [s22-backup] READ 64 byte(s):
00 00 80 3F 88 00 00 00 00 88 00 00 C8 41 88 00
00 A0 40 88 00 00 00 00 88 00 00 C0 3F 88 00 00
00 00 88 00 00 80 3F 88 00 00 C0 3F 88 00 00 00
00 88 00 00 00 00 88 00 00 A0 40 88 00 00 A0 40
[22:13:12.960] [INFO] [s22-backup] READ 64 byte(s):
88 00 00 80 3F 88 00 00 00 00 88 00 00 80 40 88
00 00 A0 40 88 00 00 00 00 88 00 00 00 00 88 00
00 F0 41 88 00 00 A0 40 88 00 00 00 00 88 00 00
00 00 88 00 00 F0 41 88 00 00 A0 40 88 00 00 00
[22:13:12.962] [INFO] [s22-backup] READ 64 byte(s):
00 88 00 00 00 00 88 00 00 F0 41 88 00 00 A0 40
88 00 00 00 00 88 00 00 00 00 88 00 00 F0 41 88
00 00 A0 40 88 00 00 00 00 88 00 00 00 00 88 00
00 F0 41 88 00 00 A0 40 88 00 00 00 00 88 00 00
[22:13:12.965] [INFO] [s22-backup] READ 64 byte(s):
00 00 88 00 00 F0 41 88 00 00 80 3F 88 00 00 00
00 88 00 00 00 00 88 00 00 00 00 88 00 00 70 41
88 00 00 00 3F 88 00 00 48 42 88 00 00 F0 40 88
00 00 00 00 88 00 00 40 40 88 00 00 D0 40 88 00
[22:13:12.968] [INFO] [s22-backup] READ 64 byte(s):
00 00 00 88 00 00 00 00 88 00 00 C0 40 88 00 00
00 00 88 00 00 70 41 88 00 00 00 3F 88 00 00 48
42 88 00 00 F0 40 88 00 00 00 00 88 00 00 70 41
88 00 00 00 3F 88 00 00 48 42 88 00 00 C8 41 88
[22:13:12.970] [INFO] [s22-backup] READ 64 byte(s):
00 00 F0 40 88 00 00 00 00 88 00 00 40 40 88 00
00 B4 43 88 00 00 F0 42 88 00 00 48 42 88 00 00
A0 40 88 00 00 80 3F 88 00 00 00 00 88 00 00 00
00 88 00 00 00 00 88 00 00 10 41 88 00 00 AF 43
[22:13:12.973] [INFO] [s22-backup] READ 64 byte(s):
88 00 00 A0 41 88 00 00 00 00 88 00 00 48 42 88
00 00 00 00 88 00 00 10 41 88 00 00 AF 43 88 00
00 A0 41 88 00 00 00 00 88 00 00 48 42 B9 0D B9
02 BC 21 00 66 96 BC 5B BD 4F BC 06 15 60 3B 9F
[22:13:12.976] [INFO] [s22-backup] READ 64 byte(s):
3D EB BC F5 2E CC BB 62 AE C7 BB FA B3 E7 BC 7B
1C 9B 3A 35 00 B9 02 BC 0B 32 30 32 35 2D 31 32
2D 30 35 00 0A B9 02 BC 21 53 54 4F 4D 50 20 2D
20 44 49 53 54 4F 52 54 49 4F 4E 00 BB 94 62 30
[22:13:12.978] [INFO] [s22-backup] READ 64 byte(s):
3A 27 38 D0 BC 06 5D 88 3B 3B 12 B9 02 BC 21 4E
6F 6E 65 00 FF A5 BC 96 C6 D4 BC 39 17 CD 3B 39
1A FE BB 12 F9 49 BC 71 0F AC BB 6A 40 C6 BC 90
04 B9 02 BC 21 4E 6F 6E 65 00 27 B6 BC D2 38 03
[22:13:12.981] [INFO] [s22-backup] READ 64 byte(s):
3A 26 52 7D 5D BC 22 7D 5D B5 BC 34 51 57 3B 28
91 A0 BC AD 1A B8 BC 1F 04 B9 02 BC 21 4E 6F 6E
65 00 24 44 BB 24 21 AA BC E0 F8 E0 BB 8A C2 BF
BC 8B 33 97 BC 31 46 F2 BB 09 9F 94 BC C5 04 B9
[22:13:12.984] [INFO] [s22-backup] READ 64 byte(s):
02 BC 21 4E 6F 6E 65 00 FC 3A BC 34 05 B2 BC 21
28 4D BC FE DB 84 BC F1 BB A4 BC 7C 64 DF BB 73
73 AD BC 96 04 B9 02 BC 21 00 B3 B5 BC F2 E5 4F
BC E6 34 6E BC DF 22 C2 BC 09 36 58 BC ED 12 3C
[22:13:12.987] [INFO] [s22-backup] READ 64 byte(s):
BC 23 B9 06 BC 13 DB C5 BC 56 00 B9 02 BC 21 00
8A 80 BC ED 2C 5D BB 63 35 D9 BC D7 B7 34 BC AA
BF 1D BB 00 CF CD BC CA 8D 2F 3C 9C FC 9B BC 24
00 B9 02 BC 21 00 2D 8F BC 78 5B 98 BC A5 BB 03
[22:13:12.989] [INFO] [s22-backup] READ 64 byte(s):
3C E7 E1 ED BC 47 49 C3 BC 3D BA 4D B9 03 68 9F
BC 97 4F D7 3A 69 00 B9 02 BC 21 00 5B 91 BC E0
99 2B 3C 1E AF E8 BC 43 0A 9D BA 32 4F 53 3A 68
FC CE BC 5C D6 81 3C EF B0 57 BC 0F 00 B9 02 BC
[22:13:12.991] [INFO] [s22-backup] READ 64 byte(s):
21 00 5D EB BC ED E4 A9 3B 44 94 D8 3B D9 54 07
BD 7A 10 94 3B 8B 4A 1E 3C 9D 18 DF BC E2 FE 9C
3B 3D 00 B9 02 BC 41 00 9D 9C 3B 9D 20 1E BB F7
15 D6 BC 1B 44 25 3C 7D 5D 74 62 BC D9 C9 E7 BC
[22:13:12.994] [INFO] [s22-backup] READ 45 byte(s):
68 E3 46 3C 55 52 7B BC BF AA DE BC FF 8B 1D 3D
69 01 33 BD FB 23 70 BB F6 85 D9 3C B4 99 88 BD
55 5E A8 BB 80 65 00 00 72 00 FC 16 7E
[22:13:12.998] [INFO] [s22-backup] WRITE 21 byte(s):
7E B9 03 81 00 03 82 06 00 80 0B 03 B9 04 0B 01
05 00 70 59 7E
[22:13:13.001] [INFO] [s22-backup] READ 64 byte(s):
7E B9 03 81 04 03 81 9D 08 0B B9 03 01 05 B9 04
B9 02 BC 21 44 72 69 76 65 6E 20 42 61 73 73 20
4D 65 6C 74 65 72 00 00 00 00 00 00 00 00 00 00
00 00 00 00 00 12 BA 02 88 00 00 00 00 88 00 00
[22:13:13.006] [INFO] [s22-backup] READ 64 byte(s):
F0 42 BA 03 BA 6D 88 00 00 00 00 88 00 00 00 00
88 00 00 C8 C2 88 00 00 A0 41 88 00 00 70 C2 88
00 00 80 3F 88 00 00 00 00 88 00 00 00 00 88 00
00 00 00 88 00 00 A0 40 88 00 00 80 3F 88 00 00
[22:13:13.010] [INFO] [s22-backup] READ 64 byte(s):
A0 40 88 00 00 96 43 88 00 00 A0 40 88 33 33 33
3F 88 00 80 3B 44 88 00 00 A0 40 88 00 80 ED 44
88 00 00 80 3F 88 00 00 00 00 88 00 00 A0 40 88
00 00 A0 40 88 00 00 C8 42 88 00 00 80 3F 88 00
[22:13:13.016] [INFO] [s22-backup] READ 64 byte(s):
00 00 00 88 00 00 C8 41 88 00 00 A0 40 88 00 00
00 00 88 00 00 C0 3F 88 00 00 00 00 88 00 00 80
3F 88 00 00 C0 3F 88 00 00 00 00 88 00 00 00 00
88 00 00 A0 40 88 00 00 A0 40 88 00 00 80 3F 88
[22:13:13.023] [INFO] [s22-backup] READ 64 byte(s):
00 00 00 00 88 00 00 80 40 88 00 00 A0 40 88 00
00 00 00 88 00 00 00 00 88 00 00 F0 41 88 00 00
A0 40 88 00 00 00 00 88 00 00 00 00 88 00 00 F0
41 88 00 00 A0 40 88 00 00 00 00 88 00 00 00 00
[22:13:13.029] [INFO] [s22-backup] READ 64 byte(s):
88 00 00 F0 41 88 00 00 A0 40 88 00 00 00 00 88
00 00 00 00 88 00 00 F0 41 88 00 00 A0 40 88 00
00 00 00 88 00 00 00 00 88 00 00 F0 41 88 00 00
A0 40 88 00 00 00 00 88 00 00 00 00 88 00 00 F0
[22:13:13.032] [INFO] [s22-backup] READ 64 byte(s):
41 88 00 00 80 3F 88 00 00 00 00 88 00 00 00 00
88 00 00 00 00 88 00 00 70 41 88 FF FF FF 3E 88
00 00 48 42 88 00 00 F0 40 88 00 00 00 00 88 00
00 40 40 88 00 00 D0 40 88 00 00 00 00 88 00 00
[22:13:13.036] [INFO] [s22-backup] READ 64 byte(s):
00 00 88 00 00 C0 40 88 00 00 00 00 88 00 00 70
41 88 FF FF FF 3E 88 00 00 48 42 88 00 00 F0 40
88 00 00 00 00 88 00 00 70 41 88 FF FF FF 3E 88
00 00 48 42 88 00 00 C8 41 88 00 00 F0 40 88 00
[22:13:13.042] [INFO] [s22-backup] READ 64 byte(s):
00 00 00 88 00 00 40 40 88 00 00 B4 43 88 00 00
F0 42 88 00 00 48 42 88 00 00 A0 40 88 00 00 80
3F 88 00 00 00 00 88 00 00 00 00 88 00 00 00 00
88 00 00 10 41 88 00 00 AF 43 88 00 00 A0 41 88
[22:13:13.047] [INFO] [s22-backup] READ 64 byte(s):
00 00 00 00 88 00 00 48 42 88 00 00 00 00 88 00
00 10 41 88 00 00 AF 43 88 00 00 A0 41 88 00 00
00 00 88 00 00 48 42 BA 6D 88 00 00 00 00 88 00
00 00 00 88 00 00 C8 C2 88 00 00 A0 41 88 00 00
[22:13:13.050] [INFO] [s22-backup] READ 64 byte(s):
70 C2 88 00 00 80 3F 88 00 00 00 00 88 00 00 00
00 88 00 00 00 00 88 00 00 A0 40 88 00 00 80 3F
88 00 00 A0 40 88 00 00 96 43 88 00 00 A0 40 88
33 33 33 3F 88 00 80 3B 44 88 00 00 A0 40 88 00
[22:13:13.054] [INFO] [s22-backup] READ 64 byte(s):
80 ED 44 88 00 00 80 3F 88 00 00 00 00 88 00 00
A0 40 88 00 00 A0 40 88 00 00 C8 42 88 00 00 80
3F 88 00 00 00 00 88 00 00 C8 41 88 00 00 A0 40
88 00 00 00 00 88 00 00 C0 3F 88 00 00 00 00 88
[22:13:13.056] [INFO] [s22-backup] READ 64 byte(s):
00 00 80 3F 88 00 00 C0 3F 88 00 00 00 00 88 00
00 00 00 88 00 00 A0 40 88 00 00 A0 40 88 00 00
80 3F 88 00 00 00 00 88 00 00 80 40 88 00 00 A0
40 88 00 00 00 00 88 00 00 00 00 88 00 00 F0 41
[22:13:13.061] [INFO] [s22-backup] READ 64 byte(s):
88 00 00 A0 40 88 00 00 00 00 88 00 00 00 00 88
00 00 F0 41 88 00 00 A0 40 88 00 00 00 00 88 00
00 00 00 88 00 00 F0 41 88 00 00 A0 40 88 00 00
00 00 88 00 00 00 00 88 00 00 F0 41 88 00 00 A0
[22:13:13.064] [INFO] [s22-backup] READ 64 byte(s):
40 88 00 00 00 00 88 00 00 00 00 88 00 00 F0 41
88 00 00 A0 40 88 00 00 00 00 88 00 00 00 00 88
00 00 F0 41 88 00 00 80 3F 88 00 00 00 00 88 00
00 00 00 88 00 00 00 00 88 00 00 70 41 88 00 00
[22:13:13.068] [INFO] [s22-backup] READ 64 byte(s):
00 3F 88 00 00 48 42 88 00 00 F0 40 88 00 00 00
00 88 00 00 40 40 88 00 00 D0 40 88 00 00 00 00
88 00 00 00 00 88 00 00 C0 40 88 00 00 00 00 88
00 00 70 41 88 00 00 00 3F 88 00 00 48 42 88 00
[22:13:13.074] [INFO] [s22-backup] READ 64 byte(s):
00 F0 40 88 00 00 00 00 88 00 00 70 41 88 00 00
00 3F 88 00 00 48 42 88 00 00 C8 41 88 00 00 F0
40 88 00 00 00 00 88 00 00 40 40 88 00 00 B4 43
88 00 00 F0 42 88 00 00 48 42 88 00 00 A0 40 88
[22:13:13.079] [INFO] [s22-backup] READ 64 byte(s):
00 00 80 3F 88 00 00 00 00 88 00 00 00 00 88 00
00 00 00 88 00 00 10 41 88 00 00 AF 43 88 00 00
A0 41 88 00 00 00 00 88 00 00 48 42 88 00 00 00
00 88 00 00 10 41 88 00 00 AF 43 88 00 00 A0 41
[22:13:13.083] [INFO] [s22-backup] READ 64 byte(s):
88 00 00 00 00 88 00 00 48 42 BA 6D 88 00 00 00
00 88 00 00 00 00 88 00 00 C8 C2 88 00 00 A0 41
88 00 00 70 C2 88 00 00 80 3F 88 00 00 00 00 88
00 00 00 00 88 00 00 00 00 88 00 00 A0 40 88 00
[22:13:13.089] [INFO] [s22-backup] READ 64 byte(s):
00 80 3F 88 00 00 A0 40 88 00 00 96 43 88 00 00
A0 40 88 33 33 33 3F 88 00 80 3B 44 88 00 00 A0
40 88 00 80 ED 44 88 00 00 80 3F 88 00 00 00 00
88 00 00 A0 40 88 00 00 A0 40 88 00 00 C8 42 88
[22:13:13.092] [INFO] [s22-backup] READ 64 byte(s):
00 00 80 3F 88 00 00 00 00 88 00 00 C8 41 88 00
00 A0 40 88 00 00 00 00 88 00 00 C0 3F 88 00 00
00 00 88 00 00 80 3F 88 00 00 C0 3F 88 00 00 00
00 88 00 00 00 00 88 00 00 A0 40 88 00 00 A0 40
[22:13:13.095] [INFO] [s22-backup] READ 64 byte(s):
88 00 00 80 3F 88 00 00 00 00 88 00 00 80 40 88
00 00 A0 40 88 00 00 00 00 88 00 00 00 00 88 00
00 F0 41 88 00 00 A0 40 88 00 00 00 00 88 00 00
00 00 88 00 00 F0 41 88 00 00 A0 40 88 00 00 00
[22:13:13.098] [INFO] [s22-backup] READ 64 byte(s):
00 88 00 00 00 00 88 00 00 F0 41 88 00 00 A0 40
88 00 00 00 00 88 00 00 00 00 88 00 00 F0 41 88
00 00 A0 40 88 00 00 00 00 88 00 00 00 00 88 00
00 F0 41 88 00 00 A0 40 88 00 00 00 00 88 00 00
[22:13:13.102] [INFO] [s22-backup] READ 64 byte(s):
00 00 88 00 00 F0 41 88 00 00 80 3F 88 00 00 00
00 88 00 00 00 00 88 00 00 00 00 88 00 00 70 41
88 00 00 00 3F 88 00 00 48 42 88 00 00 F0 40 88
00 00 00 00 88 00 00 40 40 88 00 00 D0 40 88 00
[22:13:13.106] [INFO] [s22-backup] READ 64 byte(s):
00 00 00 88 00 00 00 00 88 00 00 C0 40 88 00 00
00 00 88 00 00 70 41 88 00 00 00 3F 88 00 00 48
42 88 00 00 F0 40 88 00 00 00 00 88 00 00 70 41
88 00 00 00 3F 88 00 00 48 42 88 00 00 C8 41 88
[22:13:13.110] [INFO] [s22-backup] READ 64 byte(s):
00 00 F0 40 88 00 00 00 00 88 00 00 40 40 88 00
00 B4 43 88 00 00 F0 42 88 00 00 48 42 88 00 00
A0 40 88 00 00 80 3F 88 00 00 00 00 88 00 00 00
00 88 00 00 00 00 88 00 00 10 41 88 00 00 AF 43
[22:13:13.116] [INFO] [s22-backup] READ 64 byte(s):
88 00 00 A0 41 88 00 00 00 00 88 00 00 48 42 88
00 00 00 00 88 00 00 10 41 88 00 00 AF 43 88 00
00 A0 41 88 00 00 00 00 88 00 00 48 42 B9 0D B9
02 BC 21 00 29 1C B7 14 AC E7 3C C9 A6 9A 3C 8B
[22:13:13.120] [INFO] [s22-backup] READ 64 byte(s):
DA 94 3C D8 C9 E4 3C C0 86 8B 3C CC 12 0D 3D EB
B9 E1 3C 7A 00 B9 02 BC 0B 32 30 32 35 2D 31 32
2D 30 35 00 0A B9 02 BC 21 44 52 49 56 45 00 AC
3C A5 8D 63 3C 8D 41 2B 3C 70 77 80 3C 1D BB EB
[22:13:13.123] [INFO] [s22-backup] READ 64 byte(s):
3C DB 6E 50 3C 7B E0 05 3D 99 05 B9 02 BC 21 4E
6F 6E 65 00 87 1E 3C D1 04 0C 3C 22 D8 F8 3A 02
A9 77 3B 96 72 14 3C 5B 62 87 BB D5 BE 12 3C 65
04 B9 02 BC 21 4E 6F 6E 65 00 A7 9A BA 6D BD A9
[22:13:13.128] [INFO] [s22-backup] READ 64 byte(s):
3B C6 41 16 3C F0 F0 2E 3C 7D 5E 1C 2A 3C 21 DF
01 3C BC 3C 7D 5D BC 9A 04 B9 02 BC 21 4E 6F 6E
65 00 0D FE BB CE E2 38 3A F5 AA 9A 3C 14 48 AA
3A B0 00 14 3C D3 23 09 BB 42 7F AB 3B C2 04 B9
[22:13:13.131] [INFO] [s22-backup] READ 64 byte(s):
02 BC 21 4E 6F 6E 65 00 C2 AF 3C 67 AF 5E 3C C6
32 C5 3A 9A D0 87 39 C1 97 6A BB B5 EC E0 BB F4
FD D7 39 2D 04 B9 02 BC 21 00 87 12 3C F1 62 14
39 FB 20 1F 3B 3F D0 F1 BB 95 84 20 3B C0 25 08
[22:13:13.135] [INFO] [s22-backup] READ 64 byte(s):
B8 39 A1 1B 3C D5 EA 24 3C 4B 00 B9 02 BC 21 00
1E FF BB 7D 5E C6 9F BB FD EF 85 BC 2E E5 A3 BB
E7 BF 6A BC 09 CD 43 BB FA B6 DC BB 3C 0B 48 3C
07 00 B9 02 BC 21 00 4F 1C 3A 58 4C E7 3B 21 47
[22:13:13.144] [INFO] [s22-backup] READ 64 byte(s):
87 3B 65 44 87 3A B9 F5 11 3C 63 81 0F BC EE BC
F0 BA 43 66 85 BC 9F 00 B9 02 BC 21 00 73 3B BC
34 12 42 3B 7D 5D 73 C9 3C 0D 1B BE 3C 3A D5 A0
3C 66 6B F4 3C FB 55 18 3C 70 B3 60 3C 55 00 B9
[22:13:13.146] [INFO] [s22-backup] READ 64 byte(s):
02 BC 21 00 EF 15 BB 7C F5 15 BC DA 27 D3 3B 8A
15 FC 3A 13 05 69 3C D7 E4 24 3C E5 4F 90 3C 5F
0D 91 3C D8 00 B9 02 BC 41 00 90 1B 3D 9B D2 15
BC 97 E4 07 3C 09 87 B1 3C 52 EE 27 3C 38 DB 15
[22:13:13.148] [INFO] [s22-backup] READ 46 byte(s):
3C C1 38 DE 3C EC 91 8A 3A FA 6C E3 3C 0A 51 6A
3C 51 EA D3 3C 20 D4 31 3D CC 88 1E BD 71 D4 C5
3D 93 4F EE AC 5B 88 00 00 72 00 5C E7 7E
[22:13:13.152] [INFO] [s22-backup] WRITE 21 byte(s):
7E B9 03 81 00 03 82 06 00 80 0B 03 B9 04 0B 01
06 00 18 73 7E
[22:13:13.159] [INFO] [s22-backup] READ 64 byte(s):
7E B9 03 81 04 03 81 9D 08 0B B9 03 01 06 B9 04
B9 02 BC 21 4C 6F 77 65 72 20 42 61 73 73 20 4D
65 6C 74 65 72 00 00 00 00 00 00 00 00 00 00 00
00 00 00 00 00 11 BA 02 88 00 00 00 00 88 00 00
[22:13:13.166] [INFO] [s22-backup] READ 64 byte(s):
F0 42 BA 03 BA 6D 88 00 00 00 00 88 00 00 80 3F
88 00 00 D8 C1 88 00 00 FA 43 88 00 00 70 C2 88
00 00 00 00 88 00 00 80 3F 88 00 00 48 C1 88 00
00 20 41 88 00 00 88 41 88 00 00 80 3F 88 00 00
[22:13:13.170] [INFO] [s22-backup] READ 64 byte(s):
A0 40 88 00 00 96 43 88 00 00 A0 40 88 33 33 33
3F 88 00 80 3B 44 88 00 00 A0 40 88 00 80 ED 44
88 00 00 80 3F 88 00 00 00 00 88 00 00 20 40 88
00 00 40 40 88 00 00 8A 42 88 00 00 80 3F 88 00
[22:13:13.175] [INFO] [s22-backup] READ 64 byte(s):
00 00 00 88 00 00 C8 41 88 00 00 A0 40 88 00 00
00 00 88 00 00 C0 3F 88 00 00 00 00 88 00 00 80
3F 88 00 00 C0 3F 88 00 00 00 00 88 00 00 00 00
88 00 00 20 41 88 00 00 20 41 88 00 00 80 3F 88
[22:13:13.178] [INFO] [s22-backup] READ 64 byte(s):
00 00 80 3F 88 00 00 80 40 88 00 00 A0 40 88 00
00 00 00 88 00 00 00 00 88 00 00 F0 41 88 00 00
A0 40 88 00 00 00 00 88 00 00 00 00 88 00 00 F0
41 88 00 00 A0 40 88 00 00 00 00 88 00 00 00 00
[22:13:13.182] [INFO] [s22-backup] READ 64 byte(s):
88 00 00 F0 41 88 00 00 A0 40 88 00 00 00 00 88
00 00 00 00 88 00 00 F0 41 88 00 00 A0 40 88 00
00 00 00 88 00 00 00 00 88 00 00 00 00 88 00 00
A0 40 88 00 00 00 00 88 00 00 00 00 88 00 00 F0
[22:13:13.185] [INFO] [s22-backup] READ 64 byte(s):
41 88 00 00 80 3F 88 00 00 00 00 88 00 00 00 00
88 00 00 00 00 88 00 00 70 41 88 14 AE 87 3F 88
00 00 98 41 88 00 00 F0 40 88 00 00 00 00 88 00
00 40 40 88 00 00 D0 40 88 00 00 00 00 88 00 00
[22:13:13.192] [INFO] [s22-backup] READ 64 byte(s):
00 00 88 00 00 C0 40 88 00 00 00 00 88 00 00 70
41 88 FF FF FF 3E 88 00 00 48 42 88 00 00 F0 40
88 00 00 00 00 88 00 00 70 41 88 FF FF FF 3E 88
00 00 48 42 88 00 00 C8 41 88 00 00 F0 40 88 00
[22:13:13.197] [INFO] [s22-backup] READ 64 byte(s):
00 00 00 88 00 00 40 40 88 00 00 B4 43 88 00 00
F0 42 88 00 00 48 42 88 00 00 A0 40 88 00 00 80
3F 88 00 00 00 00 88 00 00 00 00 88 00 00 00 00
88 00 00 10 41 88 00 00 AF 43 88 00 00 A0 41 88
[22:13:13.204] [INFO] [s22-backup] READ 64 byte(s):
00 00 00 00 88 00 00 48 42 88 00 00 00 00 88 00
00 10 41 88 00 00 AF 43 88 00 00 A0 41 88 00 00
00 00 88 00 00 48 42 BA 6D 88 00 00 00 00 88 00
00 00 00 88 00 00 C8 C2 88 00 00 A0 41 88 00 00
[22:13:13.208] [INFO] [s22-backup] READ 64 byte(s):
70 C2 88 00 00 80 3F 88 00 00 00 00 88 00 00 00
00 88 00 00 00 00 88 00 00 A0 40 88 00 00 80 3F
88 00 00 A0 40 88 00 00 96 43 88 00 00 A0 40 88
33 33 33 3F 88 00 80 3B 44 88 00 00 A0 40 88 00
[22:13:13.212] [INFO] [s22-backup] READ 64 byte(s):
80 ED 44 88 00 00 80 3F 88 00 00 00 00 88 00 00
A0 40 88 00 00 A0 40 88 00 00 C8 42 88 00 00 80
3F 88 00 00 00 00 88 00 00 C8 41 88 00 00 A0 40
88 00 00 00 00 88 00 00 C0 3F 88 00 00 00 00 88
[22:13:13.216] [INFO] [s22-backup] READ 64 byte(s):
00 00 80 3F 88 00 00 C0 3F 88 00 00 00 00 88 00
00 00 00 88 00 00 A0 40 88 00 00 A0 40 88 00 00
80 3F 88 00 00 00 00 88 00 00 80 40 88 00 00 A0
40 88 00 00 00 00 88 00 00 00 00 88 00 00 F0 41
[22:13:13.219] [INFO] [s22-backup] READ 64 byte(s):
88 00 00 A0 40 88 00 00 00 00 88 00 00 00 00 88
00 00 F0 41 88 00 00 A0 40 88 00 00 00 00 88 00
00 00 00 88 00 00 F0 41 88 00 00 A0 40 88 00 00
00 00 88 00 00 00 00 88 00 00 F0 41 88 00 00 A0
[22:13:13.225] [INFO] [s22-backup] READ 64 byte(s):
40 88 00 00 00 00 88 00 00 00 00 88 00 00 F0 41
88 00 00 A0 40 88 00 00 00 00 88 00 00 00 00 88
00 00 F0 41 88 00 00 80 3F 88 00 00 00 00 88 00
00 00 00 88 00 00 00 00 88 00 00 70 41 88 00 00
[22:13:13.229] [INFO] [s22-backup] READ 64 byte(s):
00 3F 88 00 00 48 42 88 00 00 F0 40 88 00 00 00
00 88 00 00 40 40 88 00 00 D0 40 88 00 00 00 00
88 00 00 00 00 88 00 00 C0 40 88 00 00 00 00 88
00 00 70 41 88 00 00 00 3F 88 00 00 48 42 88 00
[22:13:13.232] [INFO] [s22-backup] READ 64 byte(s):
00 F0 40 88 00 00 00 00 88 00 00 70 41 88 00 00
00 3F 88 00 00 48 42 88 00 00 C8 41 88 00 00 F0
40 88 00 00 00 00 88 00 00 40 40 88 00 00 B4 43
88 00 00 F0 42 88 00 00 48 42 88 00 00 A0 40 88
[22:13:13.235] [INFO] [s22-backup] READ 64 byte(s):
00 00 80 3F 88 00 00 00 00 88 00 00 00 00 88 00
00 00 00 88 00 00 10 41 88 00 00 AF 43 88 00 00
A0 41 88 00 00 00 00 88 00 00 48 42 88 00 00 00
00 88 00 00 10 41 88 00 00 AF 43 88 00 00 A0 41
[22:13:13.240] [INFO] [s22-backup] READ 64 byte(s):
88 00 00 00 00 88 00 00 48 42 BA 6D 88 00 00 00
00 88 00 00 00 00 88 00 00 C8 C2 88 00 00 A0 41
88 00 00 70 C2 88 00 00 80 3F 88 00 00 00 00 88
00 00 00 00 88 00 00 00 00 88 00 00 A0 40 88 00
[22:13:13.245] [INFO] [s22-backup] READ 64 byte(s):
00 80 3F 88 00 00 A0 40 88 00 00 96 43 88 00 00
A0 40 88 33 33 33 3F 88 00 80 3B 44 88 00 00 A0
40 88 00 80 ED 44 88 00 00 80 3F 88 00 00 00 00
88 00 00 A0 40 88 00 00 A0 40 88 00 00 C8 42 88
[22:13:13.249] [INFO] [s22-backup] READ 64 byte(s):
00 00 80 3F 88 00 00 00 00 88 00 00 C8 41 88 00
00 A0 40 88 00 00 00 00 88 00 00 C0 3F 88 00 00
00 00 88 00 00 80 3F 88 00 00 C0 3F 88 00 00 00
00 88 00 00 00 00 88 00 00 A0 40 88 00 00 A0 40
[22:13:13.256] [INFO] [s22-backup] READ 64 byte(s):
88 00 00 80 3F 88 00 00 00 00 88 00 00 80 40 88
00 00 A0 40 88 00 00 00 00 88 00 00 00 00 88 00
00 F0 41 88 00 00 A0 40 88 00 00 00 00 88 00 00
00 00 88 00 00 F0 41 88 00 00 A0 40 88 00 00 00
[22:13:13.259] [INFO] [s22-backup] READ 64 byte(s):
00 88 00 00 00 00 88 00 00 F0 41 88 00 00 A0 40
88 00 00 00 00 88 00 00 00 00 88 00 00 F0 41 88
00 00 A0 40 88 00 00 00 00 88 00 00 00 00 88 00
00 F0 41 88 00 00 A0 40 88 00 00 00 00 88 00 00
[22:13:13.263] [INFO] [s22-backup] READ 64 byte(s):
00 00 88 00 00 F0 41 88 00 00 80 3F 88 00 00 00
00 88 00 00 00 00 88 00 00 00 00 88 00 00 70 41
88 00 00 00 3F 88 00 00 48 42 88 00 00 F0 40 88
00 00 00 00 88 00 00 40 40 88 00 00 D0 40 88 00
[22:13:13.266] [INFO] [s22-backup] READ 64 byte(s):
00 00 00 88 00 00 00 00 88 00 00 C0 40 88 00 00
00 00 88 00 00 70 41 88 00 00 00 3F 88 00 00 48
42 88 00 00 F0 40 88 00 00 00 00 88 00 00 70 41
88 00 00 00 3F 88 00 00 48 42 88 00 00 C8 41 88
[22:13:13.269] [INFO] [s22-backup] READ 64 byte(s):
00 00 F0 40 88 00 00 00 00 88 00 00 40 40 88 00
00 B4 43 88 00 00 F0 42 88 00 00 48 42 88 00 00
A0 40 88 00 00 80 3F 88 00 00 00 00 88 00 00 00
00 88 00 00 00 00 88 00 00 10 41 88 00 00 AF 43
[22:13:13.273] [INFO] [s22-backup] READ 64 byte(s):
88 00 00 A0 41 88 00 00 00 00 88 00 00 48 42 88
00 00 00 00 88 00 00 10 41 88 00 00 AF 43 88 00
00 A0 41 88 00 00 00 00 88 00 00 48 42 B9 0D B9
02 BC 21 00 E8 89 3B DB E8 39 BB B6 EB 53 3B C1
[22:13:13.276] [INFO] [s22-backup] READ 64 byte(s):
F8 44 3C 31 36 81 3C EA 08 8F 3C D1 95 E8 3C 2C
B1 49 3C 4E 00 B9 02 BC 0B 32 30 32 35 2D 31 31
2D 32 38 00 0A B9 02 BC 21 48 49 2D 47 41 49 4E
00 88 86 D8 3A C7 21 F2 BA 54 A1 CE 3B 26 D7 1F
[22:13:13.278] [INFO] [s22-backup] READ 64 byte(s):
3C E7 1B DB BB 88 6B 3A BC 2E 07 B9 02 BC 21 4E
6F 6E 65 00 96 DF 3A 2A 6B 2B BB CA E3 26 BC 1C
72 F3 BB F3 04 2E BC 4C 1F 05 BC 5A 64 99 3B 74
04 B9 02 BC 21 4E 6F 6E 65 00 A3 8B BC DD A5 D3
[22:13:13.280] [INFO] [s22-backup] READ 64 byte(s):
BC 59 84 B5 BC F5 76 B7 BC 78 C5 92 BC 9C CA 9D
BB 84 6E 2E BB 71 04 B9 02 BC 21 4E 6F 6E 65 00
92 42 BC 1B AA 66 BC 53 7C DD BC 4C FE F2 BC 19
34 E9 BC BB D0 C5 BC EE 77 5B BB F5 04 B9 02 BC
[22:13:13.282] [INFO] [s22-backup] READ 64 byte(s):
21 4E 6F 6E 65 00 EB 98 BB 9A F1 14 BB 4C C7 E9
BA DC 7C DC BC 82 EA CC BC 4B 12 0C BC 25 F9 D4
BC E8 04 B9 02 BC 21 00 C1 34 BB CF 09 1A 3B 93
E5 A3 BB ED 7D 5D 73 BC 99 BD D0 BC B3 33 02 BC
[22:13:13.285] [INFO] [s22-backup] READ 64 byte(s):
7D 5D B4 1E BC 3F 49 E1 BC 1C 00 B9 02 BC 21 00
EC B4 BC 0D 17 B4 BC 68 3A 6C BC BC A8 17 3C C4
5A 20 BC 48 5F 40 BC 68 E3 9D BC A6 08 7D 5D BC
87 00 B9 02 BC 21 00 6D 8E BB 9D CF EC 3B AA EA
[22:13:13.289] [INFO] [s22-backup] READ 64 byte(s):
54 BC 0C 54 D7 BC 12 AA A8 BC 52 84 96 BA 66 AF
96 BB 03 95 F6 BC 35 00 B9 02 BC 21 00 2A BF BB
AE 3B 4B BC 0E B3 1A BC 19 62 CE BB B1 07 1A BC
9D 31 71 3C 0A A0 DB B9 C2 78 95 BB 43 00 B9 02
[22:13:13.292] [INFO] [s22-backup] READ 64 byte(s):
BC 21 00 B6 9C BC A9 06 BF BC C0 AE 79 3A 1A 9D
10 3C 9F 7D 5E 94 3B EB B5 0F BB BD 8B 37 BC BB
6C 56 BB E8 00 B9 02 BC 41 00 CB B7 3C 54 DC 06
3D 5D D9 0C 3C F3 6B 1A BC 4F 6F 01 BC FD EA 5D
[22:13:13.295] [INFO] [s22-backup] READ 46 byte(s):
3B ED 4B 4F 3C 4E 49 90 3B 4B BC 80 3C 26 D2 A2
3B C9 AF AC 3B 96 95 75 BB 31 E5 B1 BB 82 E4 43
3D 68 D9 CB 98 9F 08 00 00 72 00 84 E4 7E
[22:13:13.298] [INFO] [s22-backup] WRITE 21 byte(s):
7E B9 03 81 00 03 82 06 00 80 0B 03 B9 04 0B 01
07 00 C0 6A 7E
[22:13:13.304] [INFO] [s22-backup] READ 64 byte(s):
7E B9 03 81 04 03 81 9D 08 0B B9 03 01 07 B9 04
B9 02 BC 21 36 34 20 4C 6F 20 47 61 69 6E 20 46
65 65 6C 73 00 00 00 00 00 00 00 00 00 00 00 00
00 00 00 00 00 10 BA 02 88 00 00 00 00 88 00 00
[22:13:13.306] [INFO] [s22-backup] READ 64 byte(s):
F0 42 BA 03 BA 6D 88 00 00 00 00 88 00 00 00 00
88 00 00 C8 C2 88 00 00 A0 41 88 00 00 70 C2 88
00 00 80 3F 88 00 00 00 00 88 00 00 00 00 88 00
00 00 00 88 00 00 A0 40 88 00 00 80 3F 88 00 00
[22:13:13.308] [INFO] [s22-backup] READ 64 byte(s):
A0 40 88 00 00 96 43 88 00 00 A0 40 88 33 33 33
3F 88 00 80 3B 44 88 00 00 A0 40 88 00 80 ED 44
88 00 00 80 3F 88 00 00 00 00 88 00 00 A0 40 88
00 00 A0 40 88 00 00 C8 42 88 00 00 80 3F 88 00
[22:13:13.312] [INFO] [s22-backup] READ 64 byte(s):
00 00 00 88 00 00 C8 41 88 00 00 A0 40 88 00 00
00 00 88 00 00 C0 3F 88 00 00 00 00 88 00 00 80
3F 88 00 00 C0 3F 88 00 00 00 00 88 00 00 00 00
88 00 00 A0 40 88 00 00 A0 40 88 00 00 80 3F 88
[22:13:13.315] [INFO] [s22-backup] READ 64 byte(s):
00 00 00 00 88 00 00 80 40 88 00 00 A0 40 88 00
00 00 00 88 00 00 00 00 88 00 00 F0 41 88 00 00
A0 40 88 00 00 00 00 88 00 00 00 00 88 00 00 F0
41 88 00 00 A0 40 88 00 00 00 00 88 00 00 00 00
[22:13:13.318] [INFO] [s22-backup] READ 64 byte(s):
88 00 00 F0 41 88 00 00 A0 40 88 00 00 00 00 88
00 00 00 00 88 00 00 F0 41 88 00 00 A0 40 88 00
00 00 00 88 00 00 00 00 88 00 00 F0 41 88 00 00
A0 40 88 00 00 00 00 88 00 00 00 00 88 00 00 F0
[22:13:13.322] [INFO] [s22-backup] READ 64 byte(s):
41 88 00 00 80 3F 88 00 00 00 00 88 00 00 00 00
88 00 00 00 00 88 00 00 70 41 88 00 00 00 3F 88
00 00 48 42 88 00 00 F0 40 88 00 00 00 00 88 00
00 40 40 88 00 00 D0 40 88 00 00 00 00 88 00 00
[22:13:13.325] [INFO] [s22-backup] READ 64 byte(s):
00 00 88 00 00 C0 40 88 00 00 00 00 88 00 00 70
41 88 00 00 00 3F 88 00 00 48 42 88 00 00 F0 40
88 00 00 00 00 88 00 00 70 41 88 00 00 00 3F 88
00 00 48 42 88 00 00 C8 41 88 00 00 F0 40 88 00
[22:13:13.326] [INFO] [s22-backup] READ 64 byte(s):
00 00 00 88 00 00 40 40 88 00 00 B4 43 88 00 00
F0 42 88 00 00 48 42 88 00 00 A0 40 88 00 00 80
3F 88 00 00 00 00 88 00 00 00 00 88 00 00 00 00
88 00 00 10 41 88 00 00 AF 43 88 00 00 A0 41 88
[22:13:13.328] [INFO] [s22-backup] READ 64 byte(s):
00 00 00 00 88 00 00 48 42 88 00 00 00 00 88 00
00 10 41 88 00 00 AF 43 88 00 00 A0 41 88 00 00
00 00 88 00 00 48 42 BA 6D 88 00 00 00 00 88 00
00 00 00 88 00 00 C8 C2 88 00 00 A0 41 88 00 00
[22:13:13.331] [INFO] [s22-backup] READ 64 byte(s):
70 C2 88 00 00 80 3F 88 00 00 00 00 88 00 00 00
00 88 00 00 00 00 88 00 00 A0 40 88 00 00 80 3F
88 00 00 A0 40 88 00 00 96 43 88 00 00 A0 40 88
33 33 33 3F 88 00 80 3B 44 88 00 00 A0 40 88 00
[22:13:13.334] [INFO] [s22-backup] READ 64 byte(s):
80 ED 44 88 00 00 80 3F 88 00 00 00 00 88 00 00
A0 40 88 00 00 A0 40 88 00 00 C8 42 88 00 00 80
3F 88 00 00 00 00 88 00 00 C8 41 88 00 00 A0 40
88 00 00 00 00 88 00 00 C0 3F 88 00 00 00 00 88
[22:13:13.338] [INFO] [s22-backup] READ 64 byte(s):
00 00 80 3F 88 00 00 C0 3F 88 00 00 00 00 88 00
00 00 00 88 00 00 A0 40 88 00 00 A0 40 88 00 00
80 3F 88 00 00 00 00 88 00 00 80 40 88 00 00 A0
40 88 00 00 00 00 88 00 00 00 00 88 00 00 F0 41
[22:13:13.342] [INFO] [s22-backup] READ 64 byte(s):
88 00 00 A0 40 88 00 00 00 00 88 00 00 00 00 88
00 00 F0 41 88 00 00 A0 40 88 00 00 00 00 88 00
00 00 00 88 00 00 F0 41 88 00 00 A0 40 88 00 00
00 00 88 00 00 00 00 88 00 00 F0 41 88 00 00 A0
[22:13:13.348] [INFO] [s22-backup] READ 64 byte(s):
40 88 00 00 00 00 88 00 00 00 00 88 00 00 F0 41
88 00 00 A0 40 88 00 00 00 00 88 00 00 00 00 88
00 00 F0 41 88 00 00 80 3F 88 00 00 00 00 88 00
00 00 00 88 00 00 00 00 88 00 00 70 41 88 00 00
[22:13:13.351] [INFO] [s22-backup] READ 64 byte(s):
00 3F 88 00 00 48 42 88 00 00 F0 40 88 00 00 00
00 88 00 00 40 40 88 00 00 D0 40 88 00 00 00 00
88 00 00 00 00 88 00 00 C0 40 88 00 00 00 00 88
00 00 70 41 88 00 00 00 3F 88 00 00 48 42 88 00
[22:13:13.358] [INFO] [s22-backup] READ 64 byte(s):
00 F0 40 88 00 00 00 00 88 00 00 70 41 88 00 00
00 3F 88 00 00 48 42 88 00 00 C8 41 88 00 00 F0
40 88 00 00 00 00 88 00 00 40 40 88 00 00 B4 43
88 00 00 F0 42 88 00 00 48 42 88 00 00 A0 40 88
[22:13:13.362] [INFO] [s22-backup] READ 64 byte(s):
00 00 80 3F 88 00 00 00 00 88 00 00 00 00 88 00
00 00 00 88 00 00 10 41 88 00 00 AF 43 88 00 00
A0 41 88 00 00 00 00 88 00 00 48 42 88 00 00 00
00 88 00 00 10 41 88 00 00 AF 43 88 00 00 A0 41
[22:13:13.366] [INFO] [s22-backup] READ 64 byte(s):
88 00 00 00 00 88 00 00 48 42 BA 6D 88 00 00 00
00 88 00 00 00 00 88 00 00 C8 C2 88 00 00 A0 41
88 00 00 70 C2 88 00 00 80 3F 88 00 00 00 00 88
00 00 00 00 88 00 00 00 00 88 00 00 A0 40 88 00
[22:13:13.369] [INFO] [s22-backup] READ 64 byte(s):
00 80 3F 88 00 00 A0 40 88 00 00 96 43 88 00 00
A0 40 88 33 33 33 3F 88 00 80 3B 44 88 00 00 A0
40 88 00 80 ED 44 88 00 00 80 3F 88 00 00 00 00
88 00 00 A0 40 88 00 00 A0 40 88 00 00 C8 42 88
[22:13:13.375] [INFO] [s22-backup] READ 64 byte(s):
00 00 80 3F 88 00 00 00 00 88 00 00 C8 41 88 00
00 A0 40 88 00 00 00 00 88 00 00 C0 3F 88 00 00
00 00 88 00 00 80 3F 88 00 00 C0 3F 88 00 00 00
00 88 00 00 00 00 88 00 00 A0 40 88 00 00 A0 40
[22:13:13.380] [INFO] [s22-backup] READ 64 byte(s):
88 00 00 80 3F 88 00 00 00 00 88 00 00 80 40 88
00 00 A0 40 88 00 00 00 00 88 00 00 00 00 88 00
00 F0 41 88 00 00 A0 40 88 00 00 00 00 88 00 00
00 00 88 00 00 F0 41 88 00 00 A0 40 88 00 00 00
[22:13:13.383] [INFO] [s22-backup] READ 64 byte(s):
00 88 00 00 00 00 88 00 00 F0 41 88 00 00 A0 40
88 00 00 00 00 88 00 00 00 00 88 00 00 F0 41 88
00 00 A0 40 88 00 00 00 00 88 00 00 00 00 88 00
00 F0 41 88 00 00 A0 40 88 00 00 00 00 88 00 00
[22:13:13.386] [INFO] [s22-backup] READ 64 byte(s):
00 00 88 00 00 F0 41 88 00 00 80 3F 88 00 00 00
00 88 00 00 00 00 88 00 00 00 00 88 00 00 70 41
88 00 00 00 3F 88 00 00 48 42 88 00 00 F0 40 88
00 00 00 00 88 00 00 40 40 88 00 00 D0 40 88 00
[22:13:13.389] [INFO] [s22-backup] READ 64 byte(s):
00 00 00 88 00 00 00 00 88 00 00 C0 40 88 00 00
00 00 88 00 00 70 41 88 00 00 00 3F 88 00 00 48
42 88 00 00 F0 40 88 00 00 00 00 88 00 00 70 41
88 00 00 00 3F 88 00 00 48 42 88 00 00 C8 41 88
[22:13:13.392] [INFO] [s22-backup] READ 64 byte(s):
00 00 F0 40 88 00 00 00 00 88 00 00 40 40 88 00
00 B4 43 88 00 00 F0 42 88 00 00 48 42 88 00 00
A0 40 88 00 00 80 3F 88 00 00 00 00 88 00 00 00
00 88 00 00 00 00 88 00 00 10 41 88 00 00 AF 43
[22:13:13.395] [INFO] [s22-backup] READ 64 byte(s):
88 00 00 A0 41 88 00 00 00 00 88 00 00 48 42 88
00 00 00 00 88 00 00 10 41 88 00 00 AF 43 88 00
00 A0 41 88 00 00 00 00 88 00 00 48 42 B9 0D B9
02 BC 21 00 B5 F0 3B B2 C7 FA 3A B8 9E 2C 3C 62
[22:13:13.397] [INFO] [s22-backup] READ 64 byte(s):
05 98 3C 72 37 F6 3B 36 67 C8 BB 3D 45 8E 3C 70
CB 0D 3C 6A 00 B9 02 BC 0B 32 30 32 35 2D 31 32
2D 30 35 00 0A B9 02 BC 21 43 4C 45 41 4E 00 3E
3B 2E C1 C9 3B 9B A9 BE 3B CF B8 F1 BB 40 A2 66
[22:13:13.400] [INFO] [s22-backup] READ 64 byte(s):
BB 9E 7A D2 BA B2 55 CD BA 7A 05 B9 02 BC 21 4E
6F 6E 65 00 A2 16 3B 21 EF 42 BB DA 00 84 BB 08
7B 93 3C FF DE C2 3B 6E 2D 27 BC 3B EC 1D 3C 9A
04 B9 02 BC 21 4E 6F 6E 65 00 09 3F 3B 92 9F AF
[22:13:13.406] [INFO] [s22-backup] READ 64 byte(s):
BB 84 26 F6 BB CD 66 B1 B9 45 87 F7 BA 6F 7C C6
BB 6D 08 74 B9 4E 04 B9 02 BC 21 4E 6F 6E 65 00
D8 92 3A E0 32 1F 3B D4 24 91 BC 6A A2 71 BC 23
91 4F BB 8C 68 0C BC 10 B6 0E BC 29 04 B9 02 BC
[22:13:13.412] [INFO] [s22-backup] READ 64 byte(s):
21 4E 6F 6E 65 00 58 62 BC 75 A4 1B BB DB 7D 5D
23 BB 9B F1 6D BC 24 AA 63 BC 6E 65 74 BB 48 B5
66 BC 1C 04 B9 02 BC 21 00 05 56 3B AA 40 97 B8
10 68 6D BC 65 30 30 BC 8F EE C1 BB C7 8E 88 BC
[22:13:13.415] [INFO] [s22-backup] READ 64 byte(s):
56 CA 07 BC 0F 2C 37 3C 5F 00 B9 02 BC 21 00 40
9E 3B F0 08 EF 3B 18 97 CA BB 05 3E B6 37 A4 BC
1A BB A3 71 B9 3A 4B F0 A5 BC 75 1E 03 BC CF 00
B9 02 BC 21 00 9C 77 BC 36 5F 61 3A AD A6 8D 3B
[22:13:13.418] [INFO] [s22-backup] READ 64 byte(s):
6E 1F 7D 5E BB 9C B9 1F 3B AD 18 9A 3B 3C 44 8E
BB EC 67 DE BC 53 00 B9 02 BC 21 00 93 B6 BC 82
C2 22 BC 38 5D 9B BC 9D 91 A1 BC 10 9A B0 BB B6
03 04 BC A9 5C E0 BC F1 09 C9 BB 8C 00 B9 02 BC
[22:13:13.424] [INFO] [s22-backup] READ 64 byte(s):
21 00 83 0B 3C 67 48 A8 BC B3 B1 8B BC DC 31 73
3C 36 45 9D BC C2 A5 B0 BC 1A 08 8A 3C FA BC 88
BC 61 00 B9 02 BC 41 00 2E CA BC 9A 5D C3 BB 03
E2 01 BB 46 51 91 BC AC 0C 54 3C 57 45 96 BC B2
[22:13:13.427] [INFO] [s22-backup] READ 44 byte(s):
DC 8B BC 28 7B 66 BC F5 2B 9F 3B 80 DD B5 3B FD
73 A0 BC 3C 6A 3E BD E3 C3 25 3D 8D 6F FF BD 85
51 A8 BB 80 65 00 00 72 00 E9 3A 7E
[22:13:13.433] [INFO] [s22-backup] WRITE 21 byte(s):
7E B9 03 81 00 03 82 06 00 80 0B 03 B9 04 0B 01
08 00 08 E9 7E
[22:13:13.446] [INFO] [s22-backup] READ 64 byte(s):
7E B9 03 81 04 03 81 9D 08 0B B9 03 01 08 B9 04
B9 02 BC 21 36 34 20 4D 69 64 20 47 61 69 6E 20
46 65 65 6C 73 00 00 00 00 00 00 00 00 00 00 00
00 00 00 00 00 11 BA 02 88 00 00 00 00 88 00 00
[22:13:13.467] [INFO] [s22-backup] READ 64 byte(s):
F0 42 BA 03 BA 6D 88 00 00 00 00 88 00 00 80 3F
88 00 00 68 C2 88 00 00 FA 43 88 00 00 C8 C2 88
00 00 80 3F 88 00 00 80 3F 88 00 00 28 C1 88 00
00 10 C1 88 00 00 40 41 88 00 00 80 3F 88 00 00
[22:13:13.481] [INFO] [s22-backup] READ 64 byte(s):
00 00 88 00 00 96 43 88 33 33 D3 40 88 33 33 33
3F 88 00 80 3B 44 88 33 33 F3 40 88 00 80 ED 44
88 00 00 80 3F 88 00 00 00 00 88 CD CC 14 41 88
67 66 D6 40 88 00 00 C8 42 88 00 00 80 3F 88 00
[22:13:13.490] [INFO] [s22-backup] READ 64 byte(s):
00 00 00 88 00 00 C8 41 88 00 00 A0 40 88 00 00
00 00 88 00 00 C0 3F 88 00 00 00 00 88 00 00 80
3F 88 00 00 C0 3F 88 00 00 00 00 88 00 00 00 00
88 00 00 C0 40 88 CD CC BC 40 88 00 00 80 3F 88
[22:13:13.500] [INFO] [s22-backup] READ 64 byte(s):
00 00 00 00 88 00 00 80 40 88 00 00 A0 40 88 00
00 00 00 88 00 00 00 00 88 00 00 F0 41 88 00 00
A0 40 88 00 00 00 00 88 00 00 00 00 88 00 00 F0
41 88 00 00 A0 40 88 00 00 00 00 88 00 00 00 00
[22:13:13.505] [INFO] [s22-backup] READ 64 byte(s):
88 00 00 F0 41 88 00 00 A0 40 88 00 00 00 00 88
00 00 00 00 88 00 00 F0 41 88 00 00 A0 40 88 00
00 00 00 88 00 00 00 00 88 00 00 F0 41 88 00 00
A0 40 88 00 00 00 00 88 00 00 00 00 88 00 00 F0
[22:13:13.506] [INFO] [s22-backup] READ 64 byte(s):
41 88 00 00 80 3F 88 00 00 00 00 88 00 00 00 00
88 00 00 00 00 88 00 00 70 41 88 FF FF FF 3E 88
00 00 48 42 88 00 00 F0 40 88 00 00 00 00 88 00
00 40 40 88 00 00 D0 40 88 00 00 00 00 88 00 00
[22:13:13.510] [INFO] [s22-backup] READ 64 byte(s):
00 00 88 00 00 C0 40 88 00 00 00 00 88 00 00 70
41 88 FF FF FF 3E 88 00 00 48 42 88 00 00 F0 40
88 00 00 00 00 88 00 00 70 41 88 FF FF FF 3E 88
00 00 48 42 88 00 00 C8 41 88 00 00 F0 40 88 00
[22:13:13.513] [INFO] [s22-backup] READ 64 byte(s):
00 00 00 88 00 00 40 40 88 00 00 B4 43 88 00 00
F0 42 88 00 00 48 42 88 00 00 A0 40 88 00 00 80
3F 88 00 00 00 00 88 00 00 00 00 88 00 00 00 00
88 00 00 10 41 88 00 00 AF 43 88 00 00 A0 41 88
[22:13:13.515] [INFO] [s22-backup] READ 64 byte(s):
00 00 00 00 88 00 00 48 42 88 00 00 00 00 88 00
00 10 41 88 00 00 AF 43 88 00 00 A0 41 88 00 00
00 00 88 00 00 48 42 BA 6D 88 00 00 00 00 88 00
00 00 00 88 00 00 C8 C2 88 00 00 A0 41 88 00 00
[22:13:13.518] [INFO] [s22-backup] READ 64 byte(s):
70 C2 88 00 00 80 3F 88 00 00 00 00 88 00 00 00
00 88 00 00 00 00 88 00 00 A0 40 88 00 00 80 3F
88 00 00 A0 40 88 00 00 96 43 88 00 00 A0 40 88
33 33 33 3F 88 00 80 3B 44 88 00 00 A0 40 88 00
[22:13:13.521] [INFO] [s22-backup] READ 64 byte(s):
80 ED 44 88 00 00 80 3F 88 00 00 00 00 88 00 00
A0 40 88 00 00 A0 40 88 00 00 C8 42 88 00 00 80
3F 88 00 00 00 00 88 00 00 C8 41 88 00 00 A0 40
88 00 00 00 00 88 00 00 C0 3F 88 00 00 00 00 88
[22:13:13.526] [INFO] [s22-backup] READ 64 byte(s):
00 00 80 3F 88 00 00 C0 3F 88 00 00 00 00 88 00
00 00 00 88 00 00 A0 40 88 00 00 A0 40 88 00 00
80 3F 88 00 00 00 00 88 00 00 80 40 88 00 00 A0
40 88 00 00 00 00 88 00 00 00 00 88 00 00 F0 41
[22:13:13.529] [INFO] [s22-backup] READ 64 byte(s):
88 00 00 A0 40 88 00 00 00 00 88 00 00 00 00 88
00 00 F0 41 88 00 00 A0 40 88 00 00 00 00 88 00
00 00 00 88 00 00 F0 41 88 00 00 A0 40 88 00 00
00 00 88 00 00 00 00 88 00 00 F0 41 88 00 00 A0
[22:13:13.534] [INFO] [s22-backup] READ 64 byte(s):
40 88 00 00 00 00 88 00 00 00 00 88 00 00 F0 41
88 00 00 A0 40 88 00 00 00 00 88 00 00 00 00 88
00 00 F0 41 88 00 00 80 3F 88 00 00 00 00 88 00
00 00 00 88 00 00 00 00 88 00 00 70 41 88 00 00
[22:13:13.536] [INFO] [s22-backup] READ 64 byte(s):
00 3F 88 00 00 48 42 88 00 00 F0 40 88 00 00 00
00 88 00 00 40 40 88 00 00 D0 40 88 00 00 00 00
88 00 00 00 00 88 00 00 C0 40 88 00 00 00 00 88
00 00 70 41 88 00 00 00 3F 88 00 00 48 42 88 00
[22:13:13.539] [INFO] [s22-backup] READ 64 byte(s):
00 F0 40 88 00 00 00 00 88 00 00 70 41 88 00 00
00 3F 88 00 00 48 42 88 00 00 C8 41 88 00 00 F0
40 88 00 00 00 00 88 00 00 40 40 88 00 00 B4 43
88 00 00 F0 42 88 00 00 48 42 88 00 00 A0 40 88
[22:13:13.545] [INFO] [s22-backup] READ 64 byte(s):
00 00 80 3F 88 00 00 00 00 88 00 00 00 00 88 00
00 00 00 88 00 00 10 41 88 00 00 AF 43 88 00 00
A0 41 88 00 00 00 00 88 00 00 48 42 88 00 00 00
00 88 00 00 10 41 88 00 00 AF 43 88 00 00 A0 41
[22:13:13.547] [INFO] [s22-backup] READ 64 byte(s):
88 00 00 00 00 88 00 00 48 42 BA 6D 88 00 00 00
00 88 00 00 00 00 88 00 00 C8 C2 88 00 00 A0 41
88 00 00 70 C2 88 00 00 80 3F 88 00 00 00 00 88
00 00 00 00 88 00 00 00 00 88 00 00 A0 40 88 00
[22:13:13.550] [INFO] [s22-backup] READ 64 byte(s):
00 80 3F 88 00 00 A0 40 88 00 00 96 43 88 00 00
A0 40 88 33 33 33 3F 88 00 80 3B 44 88 00 00 A0
40 88 00 80 ED 44 88 00 00 80 3F 88 00 00 00 00
88 00 00 A0 40 88 00 00 A0 40 88 00 00 C8 42 88
[22:13:13.551] [INFO] [s22-backup] READ 64 byte(s):
00 00 80 3F 88 00 00 00 00 88 00 00 C8 41 88 00
00 A0 40 88 00 00 00 00 88 00 00 C0 3F 88 00 00
00 00 88 00 00 80 3F 88 00 00 C0 3F 88 00 00 00
00 88 00 00 00 00 88 00 00 A0 40 88 00 00 A0 40
[22:13:13.554] [INFO] [s22-backup] READ 64 byte(s):
88 00 00 80 3F 88 00 00 00 00 88 00 00 80 40 88
00 00 A0 40 88 00 00 00 00 88 00 00 00 00 88 00
00 F0 41 88 00 00 A0 40 88 00 00 00 00 88 00 00
00 00 88 00 00 F0 41 88 00 00 A0 40 88 00 00 00
[22:13:13.557] [INFO] [s22-backup] READ 64 byte(s):
00 88 00 00 00 00 88 00 00 F0 41 88 00 00 A0 40
88 00 00 00 00 88 00 00 00 00 88 00 00 F0 41 88
00 00 A0 40 88 00 00 00 00 88 00 00 00 00 88 00
00 F0 41 88 00 00 A0 40 88 00 00 00 00 88 00 00
[22:13:13.560] [INFO] [s22-backup] READ 64 byte(s):
00 00 88 00 00 F0 41 88 00 00 80 3F 88 00 00 00
00 88 00 00 00 00 88 00 00 00 00 88 00 00 70 41
88 00 00 00 3F 88 00 00 48 42 88 00 00 F0 40 88
00 00 00 00 88 00 00 40 40 88 00 00 D0 40 88 00
[22:13:13.563] [INFO] [s22-backup] READ 64 byte(s):
00 00 00 88 00 00 00 00 88 00 00 C0 40 88 00 00
00 00 88 00 00 70 41 88 00 00 00 3F 88 00 00 48
42 88 00 00 F0 40 88 00 00 00 00 88 00 00 70 41
88 00 00 00 3F 88 00 00 48 42 88 00 00 C8 41 88
[22:13:13.566] [INFO] [s22-backup] READ 64 byte(s):
00 00 F0 40 88 00 00 00 00 88 00 00 40 40 88 00
00 B4 43 88 00 00 F0 42 88 00 00 48 42 88 00 00
A0 40 88 00 00 80 3F 88 00 00 00 00 88 00 00 00
00 88 00 00 00 00 88 00 00 10 41 88 00 00 AF 43
[22:13:13.570] [INFO] [s22-backup] READ 64 byte(s):
88 00 00 A0 41 88 00 00 00 00 88 00 00 48 42 88
00 00 00 00 88 00 00 10 41 88 00 00 AF 43 88 00
00 A0 41 88 00 00 00 00 88 00 00 48 42 B9 0D B9
02 BC 21 00 B5 F0 3B B2 C7 FA 3A B8 9E 2C 3C 62
[22:13:13.576] [INFO] [s22-backup] READ 64 byte(s):
05 98 3C 72 37 F6 3B 36 67 C8 BB 3D 45 8E 3C 70
CB 0D 3C 6A 00 B9 02 BC 0B 32 30 32 35 2D 31 32
2D 30 36 00 0A B9 02 BC 21 44 52 49 56 45 00 3E
3B 2E C1 C9 3B 9B A9 BE 3B CF B8 F1 BB 40 A2 66
[22:13:13.579] [INFO] [s22-backup] READ 64 byte(s):
BB 9E 7A D2 BA B2 55 CD BA 7A 05 B9 02 BC 21 4E
6F 6E 65 00 A2 16 3B 21 EF 42 BB DA 00 84 BB 08
7B 93 3C FF DE C2 3B 6E 2D 27 BC 3B EC 1D 3C 9A
04 B9 02 BC 21 4E 6F 6E 65 00 09 3F 3B 92 9F AF
[22:13:13.583] [INFO] [s22-backup] READ 64 byte(s):
BB 84 26 F6 BB CD 66 B1 B9 45 87 F7 BA 6F 7C C6
BB 6D 08 74 B9 4E 04 B9 02 BC 21 4E 6F 6E 65 00
D8 92 3A E0 32 1F 3B D4 24 91 BC 6A A2 71 BC 23
91 4F BB 8C 68 0C BC 10 B6 0E BC 29 04 B9 02 BC
[22:13:13.587] [INFO] [s22-backup] READ 64 byte(s):
21 4E 6F 6E 65 00 58 62 BC 75 A4 1B BB DB 7D 5D
23 BB 9B F1 6D BC 24 AA 63 BC 6E 65 74 BB 48 B5
66 BC 1C 04 B9 02 BC 21 00 05 56 3B AA 40 97 B8
10 68 6D BC 65 30 30 BC 8F EE C1 BB C7 8E 88 BC
[22:13:13.591] [INFO] [s22-backup] READ 64 byte(s):
56 CA 07 BC 0F 2C 37 3C 5F 00 B9 02 BC 21 00 40
9E 3B F0 08 EF 3B 18 97 CA BB 05 3E B6 37 A4 BC
1A BB A3 71 B9 3A 4B F0 A5 BC 75 1E 03 BC CF 00
B9 02 BC 21 00 9C 77 BC 36 5F 61 3A AD A6 8D 3B
[22:13:13.595] [INFO] [s22-backup] READ 64 byte(s):
6E 1F 7D 5E BB 9C B9 1F 3B AD 18 9A 3B 3C 44 8E
BB EC 67 DE BC 53 00 B9 02 BC 21 00 93 B6 BC 82
C2 22 BC 38 5D 9B BC 9D 91 A1 BC 10 9A B0 BB B6
03 04 BC A9 5C E0 BC F1 09 C9 BB 8C 00 B9 02 BC
[22:13:13.598] [INFO] [s22-backup] READ 64 byte(s):
21 00 83 0B 3C 67 48 A8 BC B3 B1 8B BC DC 31 73
3C 36 45 9D BC C2 A5 B0 BC 1A 08 8A 3C FA BC 88
BC 61 00 B9 02 BC 41 00 2E CA BC 9A 5D C3 BB 03
E2 01 BB 46 51 91 BC AC 0C 54 3C 57 45 96 BC B2
[22:13:13.602] [INFO] [s22-backup] READ 44 byte(s):
DC 8B BC 28 7B 66 BC F5 2B 9F 3B 80 DD B5 3B FD
73 A0 BC 3C 6A 3E BD E3 C3 25 3D 8D 6F FF BD B0
A2 5C 8B 9A 10 00 00 72 00 B5 BF 7E
[22:13:13.609] [INFO] [s22-backup] WRITE 21 byte(s):
7E B9 03 81 00 03 82 06 00 80 0B 03 B9 04 0B 01
09 00 D0 F0 7E
[22:13:13.620] [INFO] [s22-backup] READ 64 byte(s):
7E B9 03 81 04 03 81 9D 08 0B B9 03 01 09 B9 04
B9 02 BC 21 36 36 20 4C 6F 20 47 61 69 6E 20 46
65 65 6C 73 00 00 00 00 00 00 00 00 00 00 00 00
00 00 00 00 00 10 BA 02 88 00 00 00 00 88 00 00
[22:13:13.629] [INFO] [s22-backup] READ 64 byte(s):
F0 42 BA 03 BA 6D 88 00 00 00 00 88 00 00 00 00
88 00 00 C8 C2 88 00 00 A0 41 88 00 00 70 C2 88
00 00 80 3F 88 00 00 00 00 88 00 00 00 00 88 00
00 00 00 88 00 00 A0 40 88 00 00 80 3F 88 00 00
[22:13:13.635] [INFO] [s22-backup] READ 64 byte(s):
A0 40 88 00 00 96 43 88 00 00 A0 40 88 33 33 33
3F 88 00 80 3B 44 88 00 00 A0 40 88 00 80 ED 44
88 00 00 80 3F 88 00 00 00 00 88 00 00 A0 40 88
00 00 A0 40 88 00 00 C8 42 88 00 00 80 3F 88 00
[22:13:13.638] [INFO] [s22-backup] READ 64 byte(s):
00 00 00 88 00 00 C8 41 88 00 00 A0 40 88 00 00
00 00 88 00 00 C0 3F 88 00 00 00 00 88 00 00 80
3F 88 00 00 C0 3F 88 00 00 00 00 88 00 00 00 00
88 00 00 A0 40 88 00 00 A0 40 88 00 00 80 3F 88
[22:13:13.640] [INFO] [s22-backup] READ 64 byte(s):
00 00 00 00 88 00 00 80 40 88 00 00 A0 40 88 00
00 00 00 88 00 00 00 00 88 00 00 F0 41 88 00 00
A0 40 88 00 00 00 00 88 00 00 00 00 88 00 00 F0
41 88 00 00 A0 40 88 00 00 00 00 88 00 00 00 00
[22:13:13.641] [INFO] [s22-backup] READ 64 byte(s):
88 00 00 F0 41 88 00 00 A0 40 88 00 00 00 00 88
00 00 00 00 88 00 00 F0 41 88 00 00 A0 40 88 00
00 00 00 88 00 00 00 00 88 00 00 F0 41 88 00 00
A0 40 88 00 00 00 00 88 00 00 00 00 88 00 00 F0
[22:13:13.642] [INFO] [s22-backup] READ 64 byte(s):
41 88 00 00 80 3F 88 00 00 00 00 88 00 00 00 00
88 00 00 00 00 88 00 00 70 41 88 00 00 00 3F 88
00 00 48 42 88 00 00 F0 40 88 00 00 00 00 88 00
00 40 40 88 00 00 D0 40 88 00 00 00 00 88 00 00
[22:13:13.644] [INFO] [s22-backup] READ 64 byte(s):
00 00 88 00 00 C0 40 88 00 00 00 00 88 00 00 70
41 88 00 00 00 3F 88 00 00 48 42 88 00 00 F0 40
88 00 00 00 00 88 00 00 70 41 88 00 00 00 3F 88
00 00 48 42 88 00 00 C8 41 88 00 00 F0 40 88 00
[22:13:13.645] [INFO] [s22-backup] READ 64 byte(s):
00 00 00 88 00 00 40 40 88 00 00 B4 43 88 00 00
F0 42 88 00 00 48 42 88 00 00 A0 40 88 00 00 80
3F 88 00 00 00 00 88 00 00 00 00 88 00 00 00 00
88 00 00 10 41 88 00 00 AF 43 88 00 00 A0 41 88
[22:13:13.646] [INFO] [s22-backup] READ 64 byte(s):
00 00 00 00 88 00 00 48 42 88 00 00 00 00 88 00
00 10 41 88 00 00 AF 43 88 00 00 A0 41 88 00 00
00 00 88 00 00 48 42 BA 6D 88 00 00 00 00 88 00
00 00 00 88 00 00 C8 C2 88 00 00 A0 41 88 00 00
[22:13:13.648] [INFO] [s22-backup] READ 64 byte(s):
70 C2 88 00 00 80 3F 88 00 00 00 00 88 00 00 00
00 88 00 00 00 00 88 00 00 A0 40 88 00 00 80 3F
88 00 00 A0 40 88 00 00 96 43 88 00 00 A0 40 88
33 33 33 3F 88 00 80 3B 44 88 00 00 A0 40 88 00
[22:13:13.650] [INFO] [s22-backup] READ 64 byte(s):
80 ED 44 88 00 00 80 3F 88 00 00 00 00 88 00 00
A0 40 88 00 00 A0 40 88 00 00 C8 42 88 00 00 80
3F 88 00 00 00 00 88 00 00 C8 41 88 00 00 A0 40
88 00 00 00 00 88 00 00 C0 3F 88 00 00 00 00 88
[22:13:13.651] [INFO] [s22-backup] READ 64 byte(s):
00 00 80 3F 88 00 00 C0 3F 88 00 00 00 00 88 00
00 00 00 88 00 00 A0 40 88 00 00 A0 40 88 00 00
80 3F 88 00 00 00 00 88 00 00 80 40 88 00 00 A0
40 88 00 00 00 00 88 00 00 00 00 88 00 00 F0 41
[22:13:13.654] [INFO] [s22-backup] READ 64 byte(s):
88 00 00 A0 40 88 00 00 00 00 88 00 00 00 00 88
00 00 F0 41 88 00 00 A0 40 88 00 00 00 00 88 00
00 00 00 88 00 00 F0 41 88 00 00 A0 40 88 00 00
00 00 88 00 00 00 00 88 00 00 F0 41 88 00 00 A0
[22:13:13.655] [INFO] [s22-backup] READ 64 byte(s):
40 88 00 00 00 00 88 00 00 00 00 88 00 00 F0 41
88 00 00 A0 40 88 00 00 00 00 88 00 00 00 00 88
00 00 F0 41 88 00 00 80 3F 88 00 00 00 00 88 00
00 00 00 88 00 00 00 00 88 00 00 70 41 88 00 00
[22:13:13.658] [INFO] [s22-backup] READ 64 byte(s):
00 3F 88 00 00 48 42 88 00 00 F0 40 88 00 00 00
00 88 00 00 40 40 88 00 00 D0 40 88 00 00 00 00
88 00 00 00 00 88 00 00 C0 40 88 00 00 00 00 88
00 00 70 41 88 00 00 00 3F 88 00 00 48 42 88 00
[22:13:13.661] [INFO] [s22-backup] READ 64 byte(s):
00 F0 40 88 00 00 00 00 88 00 00 70 41 88 00 00
00 3F 88 00 00 48 42 88 00 00 C8 41 88 00 00 F0
40 88 00 00 00 00 88 00 00 40 40 88 00 00 B4 43
88 00 00 F0 42 88 00 00 48 42 88 00 00 A0 40 88
[22:13:13.664] [INFO] [s22-backup] READ 64 byte(s):
00 00 80 3F 88 00 00 00 00 88 00 00 00 00 88 00
00 00 00 88 00 00 10 41 88 00 00 AF 43 88 00 00
A0 41 88 00 00 00 00 88 00 00 48 42 88 00 00 00
00 88 00 00 10 41 88 00 00 AF 43 88 00 00 A0 41
[22:13:13.670] [INFO] [s22-backup] READ 64 byte(s):
88 00 00 00 00 88 00 00 48 42 BA 6D 88 00 00 00
00 88 00 00 00 00 88 00 00 C8 C2 88 00 00 A0 41
88 00 00 70 C2 88 00 00 80 3F 88 00 00 00 00 88
00 00 00 00 88 00 00 00 00 88 00 00 A0 40 88 00
[22:13:13.681] [INFO] [s22-backup] READ 64 byte(s):
00 80 3F 88 00 00 A0 40 88 00 00 96 43 88 00 00
A0 40 88 33 33 33 3F 88 00 80 3B 44 88 00 00 A0
40 88 00 80 ED 44 88 00 00 80 3F 88 00 00 00 00
88 00 00 A0 40 88 00 00 A0 40 88 00 00 C8 42 88
[22:13:13.710] [INFO] [s22-backup] READ 64 byte(s):
00 00 80 3F 88 00 00 00 00 88 00 00 C8 41 88 00
00 A0 40 88 00 00 00 00 88 00 00 C0 3F 88 00 00
00 00 88 00 00 80 3F 88 00 00 C0 3F 88 00 00 00
00 88 00 00 00 00 88 00 00 A0 40 88 00 00 A0 40
[22:13:13.716] [INFO] [s22-backup] READ 64 byte(s):
88 00 00 80 3F 88 00 00 00 00 88 00 00 80 40 88
00 00 A0 40 88 00 00 00 00 88 00 00 00 00 88 00
00 F0 41 88 00 00 A0 40 88 00 00 00 00 88 00 00
00 00 88 00 00 F0 41 88 00 00 A0 40 88 00 00 00
[22:13:13.720] [INFO] [s22-backup] READ 64 byte(s):
00 88 00 00 00 00 88 00 00 F0 41 88 00 00 A0 40
88 00 00 00 00 88 00 00 00 00 88 00 00 F0 41 88
00 00 A0 40 88 00 00 00 00 88 00 00 00 00 88 00
00 F0 41 88 00 00 A0 40 88 00 00 00 00 88 00 00
[22:13:13.726] [INFO] [s22-backup] READ 64 byte(s):
00 00 88 00 00 F0 41 88 00 00 80 3F 88 00 00 00
00 88 00 00 00 00 88 00 00 00 00 88 00 00 70 41
88 00 00 00 3F 88 00 00 48 42 88 00 00 F0 40 88
00 00 00 00 88 00 00 40 40 88 00 00 D0 40 88 00
[22:13:13.730] [INFO] [s22-backup] READ 64 byte(s):
00 00 00 88 00 00 00 00 88 00 00 C0 40 88 00 00
00 00 88 00 00 70 41 88 00 00 00 3F 88 00 00 48
42 88 00 00 F0 40 88 00 00 00 00 88 00 00 70 41
88 00 00 00 3F 88 00 00 48 42 88 00 00 C8 41 88
[22:13:13.733] [INFO] [s22-backup] READ 64 byte(s):
00 00 F0 40 88 00 00 00 00 88 00 00 40 40 88 00
00 B4 43 88 00 00 F0 42 88 00 00 48 42 88 00 00
A0 40 88 00 00 80 3F 88 00 00 00 00 88 00 00 00
00 88 00 00 00 00 88 00 00 10 41 88 00 00 AF 43
[22:13:13.739] [INFO] [s22-backup] READ 64 byte(s):
88 00 00 A0 41 88 00 00 00 00 88 00 00 48 42 88
00 00 00 00 88 00 00 10 41 88 00 00 AF 43 88 00
00 A0 41 88 00 00 00 00 88 00 00 48 42 B9 0D B9
02 BC 21 00 4C 53 3C 83 3A A9 3C 45 04 57 3C 90
[22:13:13.741] [INFO] [s22-backup] READ 64 byte(s):
66 83 3C C1 1C BA 3C 82 B7 43 3C 7D 5D C1 92 3C
87 38 2D 3C 3B 00 B9 02 BC 0B 32 30 32 35 2D 31
32 2D 30 35 00 0A B9 02 BC 21 43 4C 45 41 4E 00
AA 3C E7 B0 52 3C 0E 61 C5 3A 8D 4C 0A BB 04 7C
[22:13:13.743] [INFO] [s22-backup] READ 64 byte(s):
89 3C 0A F7 01 BB E8 2F 74 BA 19 05 B9 02 BC 21
4E 6F 6E 65 00 CA DA 3A 41 57 42 3C A4 34 EF 3A
C1 57 DE 3B E8 5C 85 3B EB 4A 18 3C 28 9C 60 3C
5D 04 B9 02 BC 21 4E 6F 6E 65 00 02 33 3B 10 70
[22:13:13.746] [INFO] [s22-backup] READ 64 byte(s):
00 BC A4 B9 E1 BA 8C 43 8F 3B C8 BA 71 3A 86 09
ED 3A CF 40 A4 3B E3 04 B9 02 BC 21 4E 6F 6E 65
00 E0 09 BC 0F 66 6D BB 63 B6 1C BC 7C A2 10 BC
98 01 26 BB FB 33 6E BC BE 12 A5 BB 45 04 B9 02
[22:13:13.748] [INFO] [s22-backup] READ 64 byte(s):
BC 21 4E 6F 6E 65 00 05 0E 3B B5 FA 3A BB 8B E0
BF BB 21 72 BE BB B9 79 09 BC 3C 8E 10 B7 A6 69
1D BC E8 04 B9 02 BC 21 00 01 2C BA E7 EA 03 BC
D8 05 0C BC 6A 73 01 BB 2E 3E 31 BC 87 EC 5B BB
[22:13:13.751] [INFO] [s22-backup] READ 64 byte(s):
3E 92 9F BB 6B 33 75 BB F5 00 B9 02 BC 21 00 6A
F4 3B 4E E5 2F 3B F6 3C 6B 3B 80 C6 00 3C 2D F2
22 BC 34 7B 28 BC E6 0A A6 BB 80 C3 71 BC 5E 00
B9 02 BC 21 00 C3 76 BB 10 09 C1 3B AF 46 82 3B
[22:13:13.754] [INFO] [s22-backup] READ 64 byte(s):
F8 AA 6E 3B 7D 5E 05 10 3C 6E 5A EC 39 A2 0D 14
3B A9 DD 0C BC 50 00 B9 02 BC 21 00 03 A7 BB 9B
1D 3B BC 63 C0 6D BB 60 0E F9 BB 13 7D 5E 6C BC
63 FA CD BB 18 74 37 BC A1 28 34 BC 38 00 B9 02
[22:13:13.756] [INFO] [s22-backup] READ 64 byte(s):
BC 21 00 36 F5 BB 46 A0 D0 BB 4B 25 A0 3B A2 09
BC BA DE 03 08 BB F0 BF 02 BB C7 84 34 BB 6D C3
A9 B8 A5 00 B9 02 BC 41 00 13 60 BC E1 E8 E4 BB
D0 0D 96 BB 88 F9 B0 BC 8C E3 C2 3B CD 5D 4A 3C
[22:13:13.759] [INFO] [s22-backup] READ 45 byte(s):
7F 5E BD BB 90 37 92 BC 14 66 A5 3C D0 AB B3 3C
0A 9B 22 BD B6 37 32 BD 3C 7C E9 3D FA 30 29 BE
85 51 A8 BB 80 65 00 00 72 00 87 32 7E
[22:13:13.762] [INFO] [s22-backup] WRITE 21 byte(s):
7E B9 03 81 00 03 82 06 00 80 0B 03 B9 04 0B 01
0A 00 B8 DA 7E
[22:13:13.768] [INFO] [s22-backup] READ 64 byte(s):
7E B9 03 81 04 03 81 9D 08 0B B9 03 01 0A B9 04
B9 02 BC 21 54 72 61 64 69 74 69 6F 6E 61 6C 20
4C 6F 47 61 69 6E 00 00 00 00 00 00 00 00 00 00
00 00 00 00 00 12 BA 02 88 00 00 00 00 88 00 00
[22:13:13.772] [INFO] [s22-backup] READ 64 byte(s):
F0 42 BA 03 BA 6D 88 00 00 00 00 88 00 00 00 00
88 00 00 C8 C2 88 00 00 A0 41 88 00 00 70 C2 88
00 00 80 3F 88 00 00 00 00 88 00 00 00 00 88 00
00 00 00 88 00 00 A0 40 88 00 00 80 3F 88 67 66
[22:13:13.774] [INFO] [s22-backup] READ 64 byte(s):
46 40 88 00 00 96 43 88 00 00 A0 40 88 33 33 33
3F 88 00 80 3B 44 88 00 00 A0 40 88 00 80 ED 44
88 00 00 80 3F 88 00 00 00 00 88 CD CC AC 40 88
9A 99 09 41 88 00 00 C8 42 88 00 00 80 3F 88 00
[22:13:13.777] [INFO] [s22-backup] READ 64 byte(s):
00 00 00 88 00 00 C8 41 88 00 00 A0 40 88 00 00
00 00 88 00 00 C0 3F 88 00 00 00 00 88 00 00 80
3F 88 00 00 C0 3F 88 00 00 00 00 88 00 00 00 00
88 00 00 A0 40 88 00 00 A0 40 88 00 00 80 3F 88
[22:13:13.780] [INFO] [s22-backup] READ 64 byte(s):
00 00 00 00 88 00 00 80 40 88 00 00 A0 40 88 00
00 00 00 88 00 00 00 00 88 00 00 F0 41 88 00 00
A0 40 88 00 00 00 00 88 00 00 00 00 88 00 00 F0
41 88 00 00 A0 40 88 00 00 00 00 88 00 00 00 00
[22:13:13.784] [INFO] [s22-backup] READ 64 byte(s):
88 00 00 F0 41 88 00 00 A0 40 88 00 00 00 00 88
00 00 00 00 88 00 00 F0 41 88 00 00 A0 40 88 00
00 00 00 88 00 00 00 00 88 00 00 F0 41 88 00 00
A0 40 88 00 00 00 00 88 00 00 00 00 88 00 00 F0
[22:13:13.788] [INFO] [s22-backup] READ 64 byte(s):
41 88 00 00 80 3F 88 00 00 00 00 88 00 00 00 00
88 00 00 00 00 88 00 00 70 41 88 00 00 00 3F 88
00 00 48 42 88 00 00 F0 40 88 00 00 00 00 88 00
00 40 40 88 00 00 D0 40 88 00 00 00 00 88 00 00
[22:13:13.794] [INFO] [s22-backup] READ 64 byte(s):
00 00 88 00 00 C0 40 88 00 00 00 00 88 00 00 70
41 88 00 00 00 3F 88 00 00 48 42 88 00 00 F0 40
88 00 00 00 00 88 00 00 70 41 88 00 00 00 3F 88
00 00 48 42 88 00 00 C8 41 88 00 00 F0 40 88 00
[22:13:13.798] [INFO] [s22-backup] READ 64 byte(s):
00 00 00 88 00 00 40 40 88 00 00 B4 43 88 00 00
F0 42 88 00 00 48 42 88 00 00 A0 40 88 00 00 80
3F 88 00 00 00 00 88 00 00 00 00 88 00 00 00 00
88 00 00 10 41 88 00 00 AF 43 88 00 00 A0 41 88
[22:13:13.802] [INFO] [s22-backup] READ 64 byte(s):
00 00 00 00 88 00 00 48 42 88 00 00 00 00 88 00
00 10 41 88 00 00 AF 43 88 00 00 A0 41 88 00 00
00 00 88 00 00 48 42 BA 6D 88 00 00 00 00 88 00
00 00 00 88 00 00 C8 C2 88 00 00 A0 41 88 00 00
[22:13:13.803] [INFO] [s22-backup] READ 64 byte(s):
70 C2 88 00 00 80 3F 88 00 00 00 00 88 00 00 00
00 88 00 00 00 00 88 00 00 A0 40 88 00 00 80 3F
88 00 00 A0 40 88 00 00 96 43 88 00 00 A0 40 88
33 33 33 3F 88 00 80 3B 44 88 00 00 A0 40 88 00
[22:13:13.806] [INFO] [s22-backup] READ 64 byte(s):
80 ED 44 88 00 00 80 3F 88 00 00 00 00 88 00 00
A0 40 88 00 00 A0 40 88 00 00 C8 42 88 00 00 80
3F 88 00 00 00 00 88 00 00 C8 41 88 00 00 A0 40
88 00 00 00 00 88 00 00 C0 3F 88 00 00 00 00 88
[22:13:13.808] [INFO] [s22-backup] READ 64 byte(s):
00 00 80 3F 88 00 00 C0 3F 88 00 00 00 00 88 00
00 00 00 88 00 00 A0 40 88 00 00 A0 40 88 00 00
80 3F 88 00 00 00 00 88 00 00 80 40 88 00 00 A0
40 88 00 00 00 00 88 00 00 00 00 88 00 00 F0 41
[22:13:13.810] [INFO] [s22-backup] READ 64 byte(s):
88 00 00 A0 40 88 00 00 00 00 88 00 00 00 00 88
00 00 F0 41 88 00 00 A0 40 88 00 00 00 00 88 00
00 00 00 88 00 00 F0 41 88 00 00 A0 40 88 00 00
00 00 88 00 00 00 00 88 00 00 F0 41 88 00 00 A0
[22:13:13.811] [INFO] [s22-backup] READ 64 byte(s):
40 88 00 00 00 00 88 00 00 00 00 88 00 00 F0 41
88 00 00 A0 40 88 00 00 00 00 88 00 00 00 00 88
00 00 F0 41 88 00 00 80 3F 88 00 00 00 00 88 00
00 00 00 88 00 00 00 00 88 00 00 70 41 88 00 00
[22:13:13.814] [INFO] [s22-backup] READ 64 byte(s):
00 3F 88 00 00 48 42 88 00 00 F0 40 88 00 00 00
00 88 00 00 40 40 88 00 00 D0 40 88 00 00 00 00
88 00 00 00 00 88 00 00 C0 40 88 00 00 00 00 88
00 00 70 41 88 00 00 00 3F 88 00 00 48 42 88 00
[22:13:13.816] [INFO] [s22-backup] READ 64 byte(s):
00 F0 40 88 00 00 00 00 88 00 00 70 41 88 00 00
00 3F 88 00 00 48 42 88 00 00 C8 41 88 00 00 F0
40 88 00 00 00 00 88 00 00 40 40 88 00 00 B4 43
88 00 00 F0 42 88 00 00 48 42 88 00 00 A0 40 88
[22:13:13.820] [INFO] [s22-backup] READ 64 byte(s):
00 00 80 3F 88 00 00 00 00 88 00 00 00 00 88 00
00 00 00 88 00 00 10 41 88 00 00 AF 43 88 00 00
A0 41 88 00 00 00 00 88 00 00 48 42 88 00 00 00
00 88 00 00 10 41 88 00 00 AF 43 88 00 00 A0 41
[22:13:13.824] [INFO] [s22-backup] READ 64 byte(s):
88 00 00 00 00 88 00 00 48 42 BA 6D 88 00 00 00
00 88 00 00 00 00 88 00 00 C8 C2 88 00 00 A0 41
88 00 00 70 C2 88 00 00 80 3F 88 00 00 00 00 88
00 00 00 00 88 00 00 00 00 88 00 00 A0 40 88 00
[22:13:13.830] [INFO] [s22-backup] READ 64 byte(s):
00 80 3F 88 00 00 A0 40 88 00 00 96 43 88 00 00
A0 40 88 33 33 33 3F 88 00 80 3B 44 88 00 00 A0
40 88 00 80 ED 44 88 00 00 80 3F 88 00 00 00 00
88 00 00 A0 40 88 00 00 A0 40 88 00 00 C8 42 88
[22:13:13.834] [INFO] [s22-backup] READ 64 byte(s):
00 00 80 3F 88 00 00 00 00 88 00 00 C8 41 88 00
00 A0 40 88 00 00 00 00 88 00 00 C0 3F 88 00 00
00 00 88 00 00 80 3F 88 00 00 C0 3F 88 00 00 00
00 88 00 00 00 00 88 00 00 A0 40 88 00 00 A0 40
[22:13:13.839] [INFO] [s22-backup] READ 64 byte(s):
88 00 00 80 3F 88 00 00 00 00 88 00 00 80 40 88
00 00 A0 40 88 00 00 00 00 88 00 00 00 00 88 00
00 F0 41 88 00 00 A0 40 88 00 00 00 00 88 00 00
00 00 88 00 00 F0 41 88 00 00 A0 40 88 00 00 00
[22:13:13.844] [INFO] [s22-backup] READ 64 byte(s):
00 88 00 00 00 00 88 00 00 F0 41 88 00 00 A0 40
88 00 00 00 00 88 00 00 00 00 88 00 00 F0 41 88
00 00 A0 40 88 00 00 00 00 88 00 00 00 00 88 00
00 F0 41 88 00 00 A0 40 88 00 00 00 00 88 00 00
[22:13:13.847] [INFO] [s22-backup] READ 64 byte(s):
00 00 88 00 00 F0 41 88 00 00 80 3F 88 00 00 00
00 88 00 00 00 00 88 00 00 00 00 88 00 00 70 41
88 00 00 00 3F 88 00 00 48 42 88 00 00 F0 40 88
00 00 00 00 88 00 00 40 40 88 00 00 D0 40 88 00
[22:13:13.850] [INFO] [s22-backup] READ 64 byte(s):
00 00 00 88 00 00 00 00 88 00 00 C0 40 88 00 00
00 00 88 00 00 70 41 88 00 00 00 3F 88 00 00 48
42 88 00 00 F0 40 88 00 00 00 00 88 00 00 70 41
88 00 00 00 3F 88 00 00 48 42 88 00 00 C8 41 88
[22:13:13.856] [INFO] [s22-backup] READ 64 byte(s):
00 00 F0 40 88 00 00 00 00 88 00 00 40 40 88 00
00 B4 43 88 00 00 F0 42 88 00 00 48 42 88 00 00
A0 40 88 00 00 80 3F 88 00 00 00 00 88 00 00 00
00 88 00 00 00 00 88 00 00 10 41 88 00 00 AF 43
[22:13:13.861] [INFO] [s22-backup] READ 64 byte(s):
88 00 00 A0 41 88 00 00 00 00 88 00 00 48 42 88
00 00 00 00 88 00 00 10 41 88 00 00 AF 43 88 00
00 A0 41 88 00 00 00 00 88 00 00 48 42 B9 0D B9
02 BC 21 00 49 DB 3A C0 05 C3 3B C0 40 9C 3C 6F
[22:13:13.864] [INFO] [s22-backup] READ 64 byte(s):
3B 5F 3C 6C 1A B5 3C EB 26 79 3C A0 D4 35 3C CF
72 D4 3C A1 00 B9 02 BC 0B 32 30 32 35 2D 31 32
2D 30 35 00 0A B9 02 BC 21 43 4C 45 41 4E 00 AD
BB B9 FA CA 3A F5 AA 7F 3B F7 A7 EA 3B A6 63 AA
[22:13:13.867] [INFO] [s22-backup] READ 64 byte(s):
39 23 0D 43 3C 37 FA E8 3B 71 05 B9 02 BC 21 4E
6F 6E 65 00 F3 01 BB 7D 5D 6E 80 3B 18 3E D2 3B
72 35 5F 3C 15 46 9E 3B AB D1 89 BA 4B FF 08 BA
D7 04 B9 02 BC 21 4E 6F 6E 65 00 97 86 3B 12 38
[22:13:13.872] [INFO] [s22-backup] READ 64 byte(s):
E1 3B CD DF F4 3C AC B7 A5 3C BD 00 E0 3B 1D 80
96 BB C0 C9 0F BB 12 04 B9 02 BC 21 4E 6F 6E 65
00 F8 69 3C 79 A9 20 3C 49 09 E3 3B F7 28 25 3B
84 3D 0E BC 1A 92 FD BA 60 B4 04 3C 55 04 B9 02
[22:13:13.877] [INFO] [s22-backup] READ 64 byte(s):
BC 21 4E 6F 6E 65 00 44 09 BC 2C 0F 55 BC 44 7A
5B BC E9 5D 5E 3B 3E 38 F1 BB 0A 61 4C 3B CC 6C
4D 3C 7B 04 B9 02 BC 21 00 02 0E BC 63 F9 94 BA
DC 5B AA BA CB 76 0D B9 59 9F D9 B8 F6 96 00 3B
[22:13:13.880] [INFO] [s22-backup] READ 64 byte(s):
32 9F 0D 3C 7D 5E ED 35 3A 55 00 B9 02 BC 21 00
D8 29 BC 9C E8 8E BB 30 87 C0 BB 8A 06 37 3B A8
17 80 BB 9D 4A 01 BC 17 7F 21 3B EB 29 AB BB 8C
00 B9 02 BC 21 00 F4 5C 3C 8B 8E 92 3C F0 26 B9
[22:13:13.884] [INFO] [s22-backup] READ 64 byte(s):
3B B2 AA 66 3C FE 95 75 3B 3C A9 A3 BB 13 0E C9
3B FD 5E 03 BA D3 00 B9 02 BC 21 00 88 25 3C F8
35 50 3A BE F5 49 BB 75 E5 B3 3B 37 8E 65 3B A0
55 F7 3B 21 44 77 BB 2C A8 45 BB B1 00 B9 02 BC
[22:13:13.887] [INFO] [s22-backup] READ 64 byte(s):
21 00 5F 74 3C 8B 29 53 38 F9 AC 70 3B B1 45 1D
3C C5 44 94 3C 7F 87 13 3C 7B 57 9A 3C 6D 75 1F
3C A7 00 B9 02 BC 41 00 31 B4 3C C3 26 81 3C 4C
23 15 3C C3 37 1A 3C 8A 52 2C 3B 38 71 6D 3C 20
[22:13:13.890] [INFO] [s22-backup] READ 45 byte(s):
30 D6 3C 65 24 41 37 3C E0 C7 3C 79 A5 EB 3C 53
D8 5A 3C 7A DB 84 3D F6 68 7D 5D BD DB 9D EA 3D
85 51 A8 BB 80 65 00 00 72 00 A4 E3 7E
[22:13:13.895] [INFO] [s22-backup] WRITE 21 byte(s):
7E B9 03 81 00 03 82 06 00 80 0B 03 B9 04 0B 01
0B 00 60 C3 7E
[22:13:13.900] [INFO] [s22-backup] READ 64 byte(s):
7E B9 03 81 04 03 81 9D 08 0B B9 03 01 0B B9 04
B9 02 BC 21 43 72 75 6E 63 68 79 20 52 69 67 68
74 20 42 61 73 73 00 00 00 00 00 00 00 00 00 00
00 00 00 00 00 12 BA 02 88 00 00 00 00 88 00 00
[22:13:13.904] [INFO] [s22-backup] READ 64 byte(s):
F0 42 BA 03 BA 6D 88 00 00 00 00 88 00 00 80 3F
88 00 00 7C C2 88 00 00 A0 41 88 00 00 70 C2 88
00 00 80 3F 88 00 00 80 3F 88 00 00 B4 C1 88 00
00 00 00 88 00 00 A0 40 88 00 00 80 3F 88 67 66
[22:13:13.908] [INFO] [s22-backup] READ 64 byte(s):
D6 40 88 00 00 96 43 88 CD CC 4C 40 88 33 33 33
3F 88 00 80 3B 44 88 67 66 C6 40 88 00 80 ED 44
88 00 00 80 3F 88 00 00 00 00 88 9A 99 11 41 88
33 33 0B 41 88 00 00 C8 42 88 00 00 80 3F 88 00
[22:13:13.912] [INFO] [s22-backup] READ 64 byte(s):
00 00 00 88 00 00 C8 41 88 00 00 A0 40 88 00 00
00 00 88 00 00 C0 3F 88 00 00 00 00 88 00 00 80
3F 88 00 00 C0 3F 88 00 00 00 00 88 00 00 00 00
88 00 00 A0 40 88 00 00 A0 40 88 00 00 80 3F 88
[22:13:13.916] [INFO] [s22-backup] READ 64 byte(s):
00 00 80 3F 88 00 00 80 40 88 00 00 A0 40 88 00
00 00 00 88 00 00 00 00 88 00 00 F0 41 88 00 00
A0 40 88 00 00 00 00 88 00 00 00 00 88 00 00 F0
41 88 00 00 A0 40 88 00 00 00 00 88 00 00 00 00
[22:13:13.920] [INFO] [s22-backup] READ 64 byte(s):
88 00 00 F0 41 88 00 00 A0 40 88 00 00 00 00 88
00 00 00 00 88 00 00 F0 41 88 00 00 A0 40 88 00
00 00 00 88 00 00 00 00 88 00 00 00 00 88 00 00
A0 40 88 00 00 00 00 88 00 00 00 00 88 00 00 F0
[22:13:13.925] [INFO] [s22-backup] READ 64 byte(s):
41 88 00 00 80 3F 88 00 00 00 00 88 00 00 00 00
88 00 00 00 00 88 00 00 70 41 88 00 00 00 3F 88
00 00 48 42 88 00 00 F0 40 88 00 00 00 00 88 00
00 40 40 88 00 00 D0 40 88 00 00 00 00 88 00 00
[22:13:13.929] [INFO] [s22-backup] READ 64 byte(s):
00 00 88 00 00 C0 40 88 00 00 00 00 88 00 00 70
41 88 00 00 00 3F 88 00 00 48 42 88 00 00 F0 40
88 00 00 00 00 88 00 00 70 41 88 00 00 00 3F 88
00 00 48 42 88 00 00 C8 41 88 00 00 F0 40 88 00
[22:13:13.932] [INFO] [s22-backup] READ 64 byte(s):
00 00 00 88 00 00 40 40 88 00 00 B4 43 88 00 00
F0 42 88 00 00 48 42 88 00 00 A0 40 88 00 00 80
3F 88 00 00 00 00 88 00 00 00 00 88 00 00 00 00
88 00 00 10 41 88 00 00 AF 43 88 00 00 A0 41 88
[22:13:13.937] [INFO] [s22-backup] READ 64 byte(s):
00 00 00 00 88 00 00 48 42 88 00 00 00 00 88 00
00 10 41 88 00 00 AF 43 88 00 00 A0 41 88 00 00
00 00 88 00 00 48 42 BA 6D 88 00 00 00 00 88 00
00 00 00 88 00 00 C8 C2 88 00 00 A0 41 88 00 00
[22:13:13.941] [INFO] [s22-backup] READ 64 byte(s):
70 C2 88 00 00 80 3F 88 00 00 00 00 88 00 00 00
00 88 00 00 00 00 88 00 00 A0 40 88 00 00 80 3F
88 00 00 A0 40 88 00 00 96 43 88 00 00 A0 40 88
33 33 33 3F 88 00 80 3B 44 88 00 00 A0 40 88 00
[22:13:13.946] [INFO] [s22-backup] READ 64 byte(s):
80 ED 44 88 00 00 80 3F 88 00 00 00 00 88 00 00
A0 40 88 00 00 A0 40 88 00 00 C8 42 88 00 00 80
3F 88 00 00 00 00 88 00 00 C8 41 88 00 00 A0 40
88 00 00 00 00 88 00 00 C0 3F 88 00 00 00 00 88
[22:13:13.948] [INFO] [s22-backup] READ 64 byte(s):
00 00 80 3F 88 00 00 C0 3F 88 00 00 00 00 88 00
00 00 00 88 00 00 A0 40 88 00 00 A0 40 88 00 00
80 3F 88 00 00 00 00 88 00 00 80 40 88 00 00 A0
40 88 00 00 00 00 88 00 00 00 00 88 00 00 F0 41
[22:13:13.950] [INFO] [s22-backup] READ 64 byte(s):
88 00 00 A0 40 88 00 00 00 00 88 00 00 00 00 88
00 00 F0 41 88 00 00 A0 40 88 00 00 00 00 88 00
00 00 00 88 00 00 F0 41 88 00 00 A0 40 88 00 00
00 00 88 00 00 00 00 88 00 00 F0 41 88 00 00 A0
[22:13:13.957] [INFO] [s22-backup] READ 64 byte(s):
40 88 00 00 00 00 88 00 00 00 00 88 00 00 F0 41
88 00 00 A0 40 88 00 00 00 00 88 00 00 00 00 88
00 00 F0 41 88 00 00 80 3F 88 00 00 00 00 88 00
00 00 00 88 00 00 00 00 88 00 00 70 41 88 00 00
[22:13:13.964] [INFO] [s22-backup] READ 64 byte(s):
00 3F 88 00 00 48 42 88 00 00 F0 40 88 00 00 00
00 88 00 00 40 40 88 00 00 D0 40 88 00 00 00 00
88 00 00 00 00 88 00 00 C0 40 88 00 00 00 00 88
00 00 70 41 88 00 00 00 3F 88 00 00 48 42 88 00
[22:13:13.968] [INFO] [s22-backup] READ 64 byte(s):
00 F0 40 88 00 00 00 00 88 00 00 70 41 88 00 00
00 3F 88 00 00 48 42 88 00 00 C8 41 88 00 00 F0
40 88 00 00 00 00 88 00 00 40 40 88 00 00 B4 43
88 00 00 F0 42 88 00 00 48 42 88 00 00 A0 40 88
[22:13:13.975] [INFO] [s22-backup] READ 64 byte(s):
00 00 80 3F 88 00 00 00 00 88 00 00 00 00 88 00
00 00 00 88 00 00 10 41 88 00 00 AF 43 88 00 00
A0 41 88 00 00 00 00 88 00 00 48 42 88 00 00 00
00 88 00 00 10 41 88 00 00 AF 43 88 00 00 A0 41
[22:13:13.981] [INFO] [s22-backup] READ 64 byte(s):
88 00 00 00 00 88 00 00 48 42 BA 6D 88 00 00 00
00 88 00 00 00 00 88 00 00 C8 C2 88 00 00 A0 41
88 00 00 70 C2 88 00 00 80 3F 88 00 00 00 00 88
00 00 00 00 88 00 00 00 00 88 00 00 A0 40 88 00
[22:13:13.984] [INFO] [s22-backup] READ 64 byte(s):
00 80 3F 88 00 00 A0 40 88 00 00 96 43 88 00 00
A0 40 88 33 33 33 3F 88 00 80 3B 44 88 00 00 A0
40 88 00 80 ED 44 88 00 00 80 3F 88 00 00 00 00
88 00 00 A0 40 88 00 00 A0 40 88 00 00 C8 42 88
[22:13:13.992] [INFO] [s22-backup] READ 64 byte(s):
00 00 80 3F 88 00 00 00 00 88 00 00 C8 41 88 00
00 A0 40 88 00 00 00 00 88 00 00 C0 3F 88 00 00
00 00 88 00 00 80 3F 88 00 00 C0 3F 88 00 00 00
00 88 00 00 00 00 88 00 00 A0 40 88 00 00 A0 40
[22:13:13.998] [INFO] [s22-backup] READ 64 byte(s):
88 00 00 80 3F 88 00 00 00 00 88 00 00 80 40 88
00 00 A0 40 88 00 00 00 00 88 00 00 00 00 88 00
00 F0 41 88 00 00 A0 40 88 00 00 00 00 88 00 00
00 00 88 00 00 F0 41 88 00 00 A0 40 88 00 00 00
[22:13:14.003] [INFO] [s22-backup] READ 64 byte(s):
00 88 00 00 00 00 88 00 00 F0 41 88 00 00 A0 40
88 00 00 00 00 88 00 00 00 00 88 00 00 F0 41 88
00 00 A0 40 88 00 00 00 00 88 00 00 00 00 88 00
00 F0 41 88 00 00 A0 40 88 00 00 00 00 88 00 00
[22:13:14.006] [INFO] [s22-backup] READ 64 byte(s):
00 00 88 00 00 F0 41 88 00 00 80 3F 88 00 00 00
00 88 00 00 00 00 88 00 00 00 00 88 00 00 70 41
88 00 00 00 3F 88 00 00 48 42 88 00 00 F0 40 88
00 00 00 00 88 00 00 40 40 88 00 00 D0 40 88 00
[22:13:14.007] [INFO] [s22-backup] READ 64 byte(s):
00 00 00 88 00 00 00 00 88 00 00 C0 40 88 00 00
00 00 88 00 00 70 41 88 00 00 00 3F 88 00 00 48
42 88 00 00 F0 40 88 00 00 00 00 88 00 00 70 41
88 00 00 00 3F 88 00 00 48 42 88 00 00 C8 41 88
[22:13:14.010] [INFO] [s22-backup] READ 64 byte(s):
00 00 F0 40 88 00 00 00 00 88 00 00 40 40 88 00
00 B4 43 88 00 00 F0 42 88 00 00 48 42 88 00 00
A0 40 88 00 00 80 3F 88 00 00 00 00 88 00 00 00
00 88 00 00 00 00 88 00 00 10 41 88 00 00 AF 43
[22:13:14.013] [INFO] [s22-backup] READ 64 byte(s):
88 00 00 A0 41 88 00 00 00 00 88 00 00 48 42 88
00 00 00 00 88 00 00 10 41 88 00 00 AF 43 88 00
00 A0 41 88 00 00 00 00 88 00 00 48 42 B9 0D B9
02 BC 21 00 46 95 3B A0 04 01 3C F7 07 1C 3C 4C
[22:13:14.017] [INFO] [s22-backup] READ 64 byte(s):
27 83 3C 97 45 FE 3B 1E AD EF 3C 06 B9 30 3A 15
7A FC 3B AB 00 B9 02 BC 0B 32 30 32 35 2D 31 32
2D 30 35 00 0A B9 02 BC 21 44 52 49 56 45 00 13
3C 9A 4B B2 3C 87 90 DC 3B 4D 57 A4 3C 5F 2D 0A
[22:13:14.021] [INFO] [s22-backup] READ 64 byte(s):
3C 0D 5E 5F 3C 13 6A 42 3B EB 05 B9 02 BC 21 4E
6F 6E 65 00 D4 D6 BB F4 FF 6F 3C 7F FD 55 BB 22
22 19 3C 91 F4 08 3C 4E 3A B2 3B 3D 80 58 3C E9
04 B9 02 BC 21 4E 6F 6E 65 00 BD 0F 3C 97 0D 02
[22:13:14.022] [INFO] [s22-backup] READ 64 byte(s):
BB A6 58 23 3C 78 E7 98 BB E5 D1 E1 3B 4D D4 FC
BB 14 F2 4B 3C 23 04 B9 02 BC 21 4E 6F 6E 65 00
E1 B0 3A BC C2 2A BA 79 5D C5 3B 98 2A 4B 3C C2
CE EF 3B 63 4F 89 3B 40 6A 91 3B BB 04 B9 02 BC
[22:13:14.025] [INFO] [s22-backup] READ 64 byte(s):
21 4E 6F 6E 65 00 7D 5E F5 3B FF FF 5C 3C A7 EB
66 3B A6 C1 8E 3B 4C D4 89 3B 0A C8 E2 39 4C E0
65 BB 5F 04 B9 02 BC 21 00 42 C8 BB 02 6C D9 BA
81 71 FF BB 18 22 BC BB C1 BC 34 BC 7D 5E 32 44
[22:13:14.027] [INFO] [s22-backup] READ 64 byte(s):
BC E5 AB C9 BB A3 E0 3F BC 81 00 B9 02 BC 21 00
F6 D7 BB 24 39 71 3B 20 52 40 3B 93 8F 52 3B CE
40 20 BC 52 D8 E4 3A A1 38 84 3B CB 4A 12 3C 52
00 B9 02 BC 21 00 10 04 3D 40 B8 BE 3C 9C B2 D8
[22:13:14.029] [INFO] [s22-backup] READ 64 byte(s):
3C 17 BA C5 3C DA 7F 88 3C A5 03 93 3C 75 E8 5B
3C 73 85 7A 3C D8 00 B9 02 BC 21 00 B4 54 BC 1C
88 7D 5D BC CD D1 BD BC 8B DE A4 BC DB 40 14 BC
7F A8 44 BC 50 0E B4 3B 38 FE 21 BC 1A 00 B9 02
[22:13:14.032] [INFO] [s22-backup] READ 64 byte(s):
BC 21 00 B0 0C 3C F2 33 5A BB D6 6E E9 3A 72 0C
D6 3B 6B 85 48 3C 46 83 D7 3B 98 5E 4C 3B BE 8E
30 3C AE 00 B9 02 BC 41 00 0C F3 3B B4 A8 22 3C
50 49 86 3C C4 4A 8A 3C E4 AF 90 3C 65 B0 BE 3C
[22:13:14.035] [INFO] [s22-backup] READ 46 byte(s):
73 75 0B 3C 7D 5E 25 FD 3B 28 04 DF 3A 54 29 DF
3C 1A 86 26 BC 29 C8 19 3D FC 9F 43 BC 66 00 66
3D 85 51 A8 BB 80 65 00 00 72 00 70 94 7E
[22:13:14.044] [INFO] [s22-backup] WRITE 21 byte(s):
7E B9 03 81 00 03 82 06 00 80 0B 03 B9 04 0B 01
0C 00 68 8E 7E
[22:13:14.048] [INFO] [s22-backup] READ 64 byte(s):
7E B9 03 81 04 03 81 9D 08 0B B9 03 01 0C B9 04
B9 02 BC 21 49 6E 73 74 61 6E 74 20 50 69 63 6B
20 56 32 00 00 00 00 00 00 00 00 00 00 00 00 00
00 00 00 00 00 0F BA 02 88 00 00 00 00 88 00 00
[22:13:14.051] [INFO] [s22-backup] READ 64 byte(s):
F0 42 BA 03 BA 6D 88 00 00 80 3F 88 00 00 80 3F
88 00 00 38 C2 88 00 00 82 43 88 00 00 B4 C2 88
00 00 80 3F 88 00 00 80 3F 88 00 00 BC C1 88 00
00 00 00 88 00 00 D0 41 88 00 00 80 3F 88 00 00
[22:13:14.054] [INFO] [s22-backup] READ 64 byte(s):
A0 40 88 00 00 96 43 88 00 00 A0 40 88 33 33 33
3F 88 00 80 3B 44 88 00 00 A0 40 88 00 80 ED 44
88 00 00 80 3F 88 00 00 00 00 88 9A 99 D9 40 88
33 33 33 40 88 00 00 94 42 88 00 00 80 3F 88 00
[22:13:14.055] [INFO] [s22-backup] READ 64 byte(s):
00 00 40 88 00 00 C8 41 88 00 00 A0 40 88 00 00
00 00 88 00 00 C0 3F 88 00 00 00 00 88 00 00 80
3F 88 00 00 C0 3F 88 00 00 00 00 88 00 00 00 00
88 00 00 A0 40 88 00 00 A0 40 88 00 00 80 3F 88
[22:13:14.057] [INFO] [s22-backup] READ 64 byte(s):
00 00 00 00 88 00 00 80 40 88 00 00 A0 40 88 00
00 00 00 88 00 00 00 00 88 00 00 F0 41 88 00 00
A0 40 88 00 00 00 00 88 00 00 00 00 88 00 00 F0
41 88 00 00 A0 40 88 00 00 00 00 88 00 00 00 00
[22:13:14.060] [INFO] [s22-backup] READ 64 byte(s):
88 00 00 F0 41 88 00 00 A0 40 88 00 00 00 00 88
00 00 00 00 88 00 00 F0 41 88 00 00 80 40 88 00
00 00 00 88 00 00 00 00 88 00 00 F0 41 88 00 00
A0 40 88 00 00 00 00 88 00 00 00 00 88 00 00 F0
[22:13:14.063] [INFO] [s22-backup] READ 64 byte(s):
41 88 00 00 80 3F 88 00 00 00 00 88 00 00 00 00
88 00 00 00 00 88 00 00 70 41 88 00 00 00 3F 88
00 00 48 42 88 00 00 F0 40 88 00 00 00 00 88 00
00 40 40 88 00 00 D0 40 88 00 00 00 00 88 00 00
[22:13:14.065] [INFO] [s22-backup] READ 64 byte(s):
00 00 88 00 00 C0 40 88 00 00 00 00 88 00 00 70
41 88 00 00 00 3F 88 00 00 48 42 88 00 00 F0 40
88 00 00 00 00 88 00 00 70 41 88 00 00 00 3F 88
00 00 48 42 88 00 00 C8 41 88 00 00 F0 40 88 00
[22:13:14.067] [INFO] [s22-backup] READ 64 byte(s):
00 00 00 88 00 00 40 40 88 00 00 B4 43 88 00 00
F0 42 88 00 00 48 42 88 00 00 A0 40 88 00 00 80
3F 88 00 00 80 3F 88 00 00 80 3F 88 00 00 00 00
88 00 00 10 41 88 00 00 AF 43 88 00 00 A0 41 88
[22:13:14.070] [INFO] [s22-backup] READ 64 byte(s):
00 00 00 00 88 00 00 48 42 88 00 00 80 3F 88 00
00 40 40 88 00 80 0E 44 88 00 00 28 42 88 00 00
00 00 88 00 00 48 42 BA 6D 88 00 00 00 00 88 00
00 00 00 88 00 00 C8 C2 88 00 00 A0 41 88 00 00
[22:13:14.072] [INFO] [s22-backup] READ 64 byte(s):
70 C2 88 00 00 80 3F 88 00 00 00 00 88 00 00 00
00 88 00 00 00 00 88 00 00 A0 40 88 00 00 80 3F
88 00 00 A0 40 88 00 00 96 43 88 00 00 A0 40 88
33 33 33 3F 88 00 80 3B 44 88 00 00 A0 40 88 00
[22:13:14.074] [INFO] [s22-backup] READ 64 byte(s):
80 ED 44 88 00 00 80 3F 88 00 00 00 00 88 00 00
A0 40 88 00 00 A0 40 88 00 00 C8 42 88 00 00 80
3F 88 00 00 00 00 88 00 00 C8 41 88 00 00 A0 40
88 00 00 00 00 88 00 00 C0 3F 88 00 00 00 00 88
[22:13:14.080] [INFO] [s22-backup] READ 64 byte(s):
00 00 80 3F 88 00 00 C0 3F 88 00 00 00 00 88 00
00 00 00 88 00 00 A0 40 88 00 00 A0 40 88 00 00
80 3F 88 00 00 00 00 88 00 00 80 40 88 00 00 A0
40 88 00 00 00 00 88 00 00 00 00 88 00 00 F0 41
[22:13:14.081] [INFO] [s22-backup] READ 64 byte(s):
88 00 00 A0 40 88 00 00 00 00 88 00 00 00 00 88
00 00 F0 41 88 00 00 A0 40 88 00 00 00 00 88 00
00 00 00 88 00 00 F0 41 88 00 00 A0 40 88 00 00
00 00 88 00 00 00 00 88 00 00 F0 41 88 00 00 A0
[22:13:14.084] [INFO] [s22-backup] READ 64 byte(s):
40 88 00 00 00 00 88 00 00 00 00 88 00 00 F0 41
88 00 00 A0 40 88 00 00 00 00 88 00 00 00 00 88
00 00 F0 41 88 00 00 80 3F 88 00 00 00 00 88 00
00 00 00 88 00 00 00 00 88 00 00 70 41 88 00 00
[22:13:14.088] [INFO] [s22-backup] READ 64 byte(s):
00 3F 88 00 00 48 42 88 00 00 F0 40 88 00 00 00
00 88 00 00 40 40 88 00 00 D0 40 88 00 00 00 00
88 00 00 00 00 88 00 00 C0 40 88 00 00 00 00 88
00 00 70 41 88 00 00 00 3F 88 00 00 48 42 88 00
[22:13:14.093] [INFO] [s22-backup] READ 64 byte(s):
00 F0 40 88 00 00 00 00 88 00 00 70 41 88 00 00
00 3F 88 00 00 48 42 88 00 00 C8 41 88 00 00 F0
40 88 00 00 00 00 88 00 00 40 40 88 00 00 B4 43
88 00 00 F0 42 88 00 00 48 42 88 00 00 A0 40 88
[22:13:14.097] [INFO] [s22-backup] READ 64 byte(s):
00 00 80 3F 88 00 00 00 00 88 00 00 00 00 88 00
00 00 00 88 00 00 10 41 88 00 00 AF 43 88 00 00
A0 41 88 00 00 00 00 88 00 00 48 42 88 00 00 00
00 88 00 00 10 41 88 00 00 AF 43 88 00 00 A0 41
[22:13:14.099] [INFO] [s22-backup] READ 64 byte(s):
88 00 00 00 00 88 00 00 48 42 BA 6D 88 00 00 00
00 88 00 00 00 00 88 00 00 C8 C2 88 00 00 A0 41
88 00 00 70 C2 88 00 00 80 3F 88 00 00 00 00 88
00 00 00 00 88 00 00 00 00 88 00 00 A0 40 88 00
[22:13:14.100] [INFO] [s22-backup] READ 64 byte(s):
00 80 3F 88 00 00 A0 40 88 00 00 96 43 88 00 00
A0 40 88 33 33 33 3F 88 00 80 3B 44 88 00 00 A0
40 88 00 80 ED 44 88 00 00 80 3F 88 00 00 00 00
88 00 00 A0 40 88 00 00 A0 40 88 00 00 C8 42 88
[22:13:14.104] [INFO] [s22-backup] READ 64 byte(s):
00 00 80 3F 88 00 00 00 00 88 00 00 C8 41 88 00
00 A0 40 88 00 00 00 00 88 00 00 C0 3F 88 00 00
00 00 88 00 00 80 3F 88 00 00 C0 3F 88 00 00 00
00 88 00 00 00 00 88 00 00 A0 40 88 00 00 A0 40
[22:13:14.106] [INFO] [s22-backup] READ 64 byte(s):
88 00 00 80 3F 88 00 00 00 00 88 00 00 80 40 88
00 00 A0 40 88 00 00 00 00 88 00 00 00 00 88 00
00 F0 41 88 00 00 A0 40 88 00 00 00 00 88 00 00
00 00 88 00 00 F0 41 88 00 00 A0 40 88 00 00 00
[22:13:14.109] [INFO] [s22-backup] READ 64 byte(s):
00 88 00 00 00 00 88 00 00 F0 41 88 00 00 A0 40
88 00 00 00 00 88 00 00 00 00 88 00 00 F0 41 88
00 00 A0 40 88 00 00 00 00 88 00 00 00 00 88 00
00 F0 41 88 00 00 A0 40 88 00 00 00 00 88 00 00
[22:13:14.111] [INFO] [s22-backup] READ 64 byte(s):
00 00 88 00 00 F0 41 88 00 00 80 3F 88 00 00 00
00 88 00 00 00 00 88 00 00 00 00 88 00 00 70 41
88 00 00 00 3F 88 00 00 48 42 88 00 00 F0 40 88
00 00 00 00 88 00 00 40 40 88 00 00 D0 40 88 00
[22:13:14.112] [INFO] [s22-backup] READ 64 byte(s):
00 00 00 88 00 00 00 00 88 00 00 C0 40 88 00 00
00 00 88 00 00 70 41 88 00 00 00 3F 88 00 00 48
42 88 00 00 F0 40 88 00 00 00 00 88 00 00 70 41
88 00 00 00 3F 88 00 00 48 42 88 00 00 C8 41 88
[22:13:14.113] [INFO] [s22-backup] READ 64 byte(s):
00 00 F0 40 88 00 00 00 00 88 00 00 40 40 88 00
00 B4 43 88 00 00 F0 42 88 00 00 48 42 88 00 00
A0 40 88 00 00 80 3F 88 00 00 00 00 88 00 00 00
00 88 00 00 00 00 88 00 00 10 41 88 00 00 AF 43
[22:13:14.115] [INFO] [s22-backup] READ 64 byte(s):
88 00 00 A0 41 88 00 00 00 00 88 00 00 48 42 88
00 00 00 00 88 00 00 10 41 88 00 00 AF 43 88 00
00 A0 41 88 00 00 00 00 88 00 00 48 42 B9 0D B9
02 BC 21 00 6D 9D BA 37 7A 9F BA 2F CF BC BB F5
[22:13:14.118] [INFO] [s22-backup] READ 64 byte(s):
D2 C7 39 7B 2A 0E 3C 35 27 EA 3B 29 88 22 3C 43
5F F5 BA 61 00 B9 02 BC 0B 32 30 32 35 2D 31 31
2D 32 38 00 0A B9 02 BC 21 44 52 49 56 45 00 25
BB D6 38 D5 BB 01 55 34 BB E8 6B CF 3B 24 AB D7
[22:13:14.120] [INFO] [s22-backup] READ 64 byte(s):
3B 9E B9 31 3C 94 37 40 3B DA 05 B9 02 BC 21 4E
6F 6E 65 00 DC 79 3B 47 F4 8D 3B 34 E8 CB 3B FB
88 F8 BA 0F 4F 6E 3A D4 D7 A1 BA 5C DA 16 BB BA
04 B9 02 BC 21 4E 6F 6E 65 00 89 6B 3B 0B 6D 21
[22:13:14.123] [INFO] [s22-backup] READ 64 byte(s):
3C 7C 99 BE 3B BD 8C FD 3B E2 A7 B2 3B 58 DE 10
BB 45 3B DE 3A FE 04 B9 02 BC 21 4E 6F 6E 65 00
5A AD B9 6D B8 7D 5D 3A 52 D8 09 BB F9 F7 15 3B
0F F4 14 BA CC 2A E1 3B 1E D7 69 3B 41 04 B9 02
[22:13:14.125] [INFO] [s22-backup] READ 64 byte(s):
BC 21 4E 6F 6E 65 00 1A A1 3B CD 1F DC B9 39 24
3A 3B C5 84 EB 3A 6E 78 3A 3B 6F 7C 17 3B 4F 6F
96 BB 9B 04 B9 02 BC 21 00 D7 72 3B 24 16 20 3B
0E 55 32 39 91 7B A3 3A F2 D5 8F BA 0B F9 B8 3B
[22:13:14.127] [INFO] [s22-backup] READ 64 byte(s):
DC BE 4D 3B A7 9E A5 3B DF 00 B9 02 BC 21 00 31
11 BA AF 1C FD 39 B8 5C F1 3B 3A 88 C5 3B 40 6A
D8 3B 65 DD D8 3A 64 D2 31 BB 49 49 21 BB 00 00
B9 02 BC 21 00 68 6A B9 9C 60 75 3B F2 D4 8B 3A
[22:13:14.129] [INFO] [s22-backup] READ 64 byte(s):
41 B9 38 BA 4C 89 C1 3A D9 79 B1 BA D0 2C 33 3B
A5 A4 2C BB D5 00 B9 02 BC 21 00 2A FB 3B 7D 5E
37 10 3C D0 46 66 3B 6F 17 E3 3B DE 88 A7 3A 0B
F0 88 3B D7 F4 83 3B C3 26 67 3B EF 00 B9 02 BC
[22:13:14.133] [INFO] [s22-backup] READ 64 byte(s):
21 00 1A 62 BA 50 51 E8 BB D8 4A 6F BB A6 37 BD
BB 97 86 B7 3A C4 4F 12 3C D6 00 92 3B 8B 79 68
3B 02 00 B9 02 BC 41 00 82 36 BB A1 38 A0 BA 17
B2 A3 3B 06 A1 FB 3A F2 A3 83 3B 69 24 B5 BB 0E
[22:13:14.137] [INFO] [s22-backup] READ 45 byte(s):
AE 6A BB 28 22 E9 BB A0 E4 92 BB 7D 5D 6E 9F BA
C1 D7 D1 BB 4F 8B 6E 3B 5C CA AA BA 7A 5D 35 BC
18 13 C4 98 9F 08 00 00 72 00 E4 78 7E
[22:13:14.141] [INFO] [s22-backup] WRITE 21 byte(s):
7E B9 03 81 00 03 82 06 00 80 0B 03 B9 04 0B 01
0D 00 B0 97 7E
[22:13:14.147] [INFO] [s22-backup] READ 64 byte(s):
7E B9 03 81 04 03 81 9D 08 0B B9 03 01 0D B9 04
B9 02 BC 21 42 53 20 38 30 30 52 42 00 00 00 00
00 00 00 00 00 00 00 00 00 00 00 00 00 00 00 00
00 00 00 00 00 08 BA 02 88 00 00 00 00 88 00 00
[22:13:14.151] [INFO] [s22-backup] READ 64 byte(s):
F0 42 BA 03 BA 6D 88 00 00 80 3F 88 00 00 80 3F
88 00 00 44 C2 88 00 00 91 43 88 00 00 96 C2 88
00 00 80 3F 88 00 00 80 3F 88 00 00 EC C1 88 00
00 00 00 88 00 00 C0 41 88 00 00 80 3F 88 CD CC
[22:13:14.154] [INFO] [s22-backup] READ 64 byte(s):
DC 40 88 00 00 96 43 88 00 00 00 00 88 33 33 33
3F 88 00 80 3B 44 88 9A 99 79 40 88 00 80 ED 44
88 00 00 80 3F 88 00 00 00 00 88 9A 99 99 40 88
CD CC 8C 3F 88 00 00 C8 42 88 00 00 80 3F 88 00
[22:13:14.155] [INFO] [s22-backup] READ 64 byte(s):
00 00 00 88 00 00 10 42 88 9A 99 A9 40 88 00 00
00 00 88 00 00 C0 3F 88 00 00 00 00 88 00 00 80
3F 88 00 00 00 40 88 00 00 00 00 88 00 00 00 00
88 00 00 A0 40 88 00 00 A0 40 88 00 00 80 3F 88
[22:13:14.159] [INFO] [s22-backup] READ 64 byte(s):
00 00 00 00 88 00 00 A0 40 88 00 00 A0 40 88 00
00 00 00 88 00 00 00 00 88 00 00 F0 41 88 00 00
A0 40 88 00 00 00 00 88 00 00 00 00 88 00 00 F0
41 88 00 00 A0 40 88 00 00 00 00 88 00 00 00 00
[22:13:14.163] [INFO] [s22-backup] READ 64 byte(s):
88 00 00 F0 41 88 00 00 A0 40 88 00 00 00 00 88
00 00 00 00 88 00 00 F0 41 88 00 00 A0 40 88 00
00 A0 41 88 00 00 00 00 88 00 00 00 00 88 00 00
20 40 88 00 00 DC 42 88 00 00 20 41 88 00 00 B8
[22:13:14.167] [INFO] [s22-backup] READ 64 byte(s):
42 88 00 00 80 3F 88 00 00 00 00 88 00 00 00 00
88 00 00 00 00 88 00 00 70 41 88 FF FF FF 3E 88
00 00 48 42 88 00 00 F0 40 88 00 00 00 00 88 00
00 40 40 88 00 00 D0 40 88 00 00 00 00 88 00 00
[22:13:14.172] [INFO] [s22-backup] READ 64 byte(s):
00 00 88 00 00 C0 40 88 00 00 00 00 88 00 00 70
41 88 FF FF FF 3E 88 00 00 48 42 88 00 00 F0 40
88 00 00 00 00 88 00 00 70 41 88 FF FF FF 3E 88
00 00 48 42 88 00 00 C8 41 88 00 00 F0 40 88 00
[22:13:14.175] [INFO] [s22-backup] READ 64 byte(s):
00 00 00 88 00 00 40 40 88 00 00 B4 43 88 00 00
F0 42 88 00 00 48 42 88 00 00 A0 40 88 00 00 80
3F 88 00 00 00 00 88 00 00 00 00 88 00 00 00 00
88 00 00 10 41 88 00 00 AF 43 88 00 00 A0 41 88
[22:13:14.179] [INFO] [s22-backup] READ 64 byte(s):
00 00 00 00 88 00 00 48 42 88 00 00 00 00 88 00
00 10 41 88 00 00 AF 43 88 00 00 A0 41 88 00 00
00 00 88 00 00 48 42 BA 6D 88 00 00 00 00 88 00
00 00 00 88 00 00 C8 C2 88 00 00 A0 41 88 00 00
[22:13:14.184] [INFO] [s22-backup] READ 64 byte(s):
70 C2 88 00 00 80 3F 88 00 00 00 00 88 00 00 00
00 88 00 00 00 00 88 00 00 A0 40 88 00 00 80 3F
88 00 00 A0 40 88 00 00 96 43 88 00 00 A0 40 88
33 33 33 3F 88 00 80 3B 44 88 00 00 A0 40 88 00
[22:13:14.187] [INFO] [s22-backup] READ 64 byte(s):
80 ED 44 88 00 00 80 3F 88 00 00 00 00 88 00 00
A0 40 88 00 00 A0 40 88 00 00 C8 42 88 00 00 80
3F 88 00 00 00 00 88 00 00 C8 41 88 00 00 A0 40
88 00 00 00 00 88 00 00 C0 3F 88 00 00 00 00 88
[22:13:14.192] [INFO] [s22-backup] READ 64 byte(s):
00 00 80 3F 88 00 00 C0 3F 88 00 00 00 00 88 00
00 00 00 88 00 00 A0 40 88 00 00 A0 40 88 00 00
80 3F 88 00 00 00 00 88 00 00 80 40 88 00 00 A0
40 88 00 00 00 00 88 00 00 00 00 88 00 00 F0 41
[22:13:14.198] [INFO] [s22-backup] READ 64 byte(s):
88 00 00 A0 40 88 00 00 00 00 88 00 00 00 00 88
00 00 F0 41 88 00 00 A0 40 88 00 00 00 00 88 00
00 00 00 88 00 00 F0 41 88 00 00 A0 40 88 00 00
00 00 88 00 00 00 00 88 00 00 F0 41 88 00 00 A0
[22:13:14.204] [INFO] [s22-backup] READ 64 byte(s):
40 88 00 00 00 00 88 00 00 00 00 88 00 00 F0 41
88 00 00 A0 40 88 00 00 00 00 88 00 00 00 00 88
00 00 F0 41 88 00 00 80 3F 88 00 00 00 00 88 00
00 00 00 88 00 00 00 00 88 00 00 70 41 88 00 00
[22:13:14.208] [INFO] [s22-backup] READ 64 byte(s):
00 3F 88 00 00 48 42 88 00 00 F0 40 88 00 00 00
00 88 00 00 40 40 88 00 00 D0 40 88 00 00 00 00
88 00 00 00 00 88 00 00 C0 40 88 00 00 00 00 88
00 00 70 41 88 00 00 00 3F 88 00 00 48 42 88 00
[22:13:14.213] [INFO] [s22-backup] READ 64 byte(s):
00 F0 40 88 00 00 00 00 88 00 00 70 41 88 00 00
00 3F 88 00 00 48 42 88 00 00 C8 41 88 00 00 F0
40 88 00 00 00 00 88 00 00 40 40 88 00 00 B4 43
88 00 00 F0 42 88 00 00 48 42 88 00 00 A0 40 88
[22:13:14.218] [INFO] [s22-backup] READ 64 byte(s):
00 00 80 3F 88 00 00 00 00 88 00 00 00 00 88 00
00 00 00 88 00 00 10 41 88 00 00 AF 43 88 00 00
A0 41 88 00 00 00 00 88 00 00 48 42 88 00 00 00
00 88 00 00 10 41 88 00 00 AF 43 88 00 00 A0 41
[22:13:14.222] [INFO] [s22-backup] READ 64 byte(s):
88 00 00 00 00 88 00 00 48 42 BA 6D 88 00 00 00
00 88 00 00 00 00 88 00 00 C8 C2 88 00 00 A0 41
88 00 00 70 C2 88 00 00 80 3F 88 00 00 00 00 88
00 00 00 00 88 00 00 00 00 88 00 00 A0 40 88 00
[22:13:14.224] [INFO] [s22-backup] READ 64 byte(s):
00 80 3F 88 00 00 A0 40 88 00 00 96 43 88 00 00
A0 40 88 33 33 33 3F 88 00 80 3B 44 88 00 00 A0
40 88 00 80 ED 44 88 00 00 80 3F 88 00 00 00 00
88 00 00 A0 40 88 00 00 A0 40 88 00 00 C8 42 88
[22:13:14.228] [INFO] [s22-backup] READ 64 byte(s):
00 00 80 3F 88 00 00 00 00 88 00 00 C8 41 88 00
00 A0 40 88 00 00 00 00 88 00 00 C0 3F 88 00 00
00 00 88 00 00 80 3F 88 00 00 C0 3F 88 00 00 00
00 88 00 00 00 00 88 00 00 A0 40 88 00 00 A0 40
[22:13:14.230] [INFO] [s22-backup] READ 64 byte(s):
88 00 00 80 3F 88 00 00 00 00 88 00 00 80 40 88
00 00 A0 40 88 00 00 00 00 88 00 00 00 00 88 00
00 F0 41 88 00 00 A0 40 88 00 00 00 00 88 00 00
00 00 88 00 00 F0 41 88 00 00 A0 40 88 00 00 00
[22:13:14.233] [INFO] [s22-backup] READ 64 byte(s):
00 88 00 00 00 00 88 00 00 F0 41 88 00 00 A0 40
88 00 00 00 00 88 00 00 00 00 88 00 00 F0 41 88
00 00 A0 40 88 00 00 00 00 88 00 00 00 00 88 00
00 F0 41 88 00 00 A0 40 88 00 00 00 00 88 00 00
[22:13:14.235] [INFO] [s22-backup] READ 64 byte(s):
00 00 88 00 00 F0 41 88 00 00 80 3F 88 00 00 00
00 88 00 00 00 00 88 00 00 00 00 88 00 00 70 41
88 00 00 00 3F 88 00 00 48 42 88 00 00 F0 40 88
00 00 00 00 88 00 00 40 40 88 00 00 D0 40 88 00
[22:13:14.237] [INFO] [s22-backup] READ 64 byte(s):
00 00 00 88 00 00 00 00 88 00 00 C0 40 88 00 00
00 00 88 00 00 70 41 88 00 00 00 3F 88 00 00 48
42 88 00 00 F0 40 88 00 00 00 00 88 00 00 70 41
88 00 00 00 3F 88 00 00 48 42 88 00 00 C8 41 88
[22:13:14.239] [INFO] [s22-backup] READ 64 byte(s):
00 00 F0 40 88 00 00 00 00 88 00 00 40 40 88 00
00 B4 43 88 00 00 F0 42 88 00 00 48 42 88 00 00
A0 40 88 00 00 80 3F 88 00 00 00 00 88 00 00 00
00 88 00 00 00 00 88 00 00 10 41 88 00 00 AF 43
[22:13:14.243] [INFO] [s22-backup] READ 64 byte(s):
88 00 00 A0 41 88 00 00 00 00 88 00 00 48 42 88
00 00 00 00 88 00 00 10 41 88 00 00 AF 43 88 00
00 A0 41 88 00 00 00 00 88 00 00 48 42 B9 0D B9
02 BC 21 00 81 C9 BB CA 19 4A BC 87 8E FA BB 9F
[22:13:14.245] [INFO] [s22-backup] READ 64 byte(s):
B7 9E BB 61 83 54 BC 51 63 0A BC A2 09 6E BC 31
AA 20 BC 57 00 B9 02 BC 0B 32 30 32 35 2D 31 31
2D 32 38 00 0A B9 02 BC 21 44 52 49 56 45 00 7D
5D BB 5E AF 85 BB 30 B9 27 BC D9 37 0A BC CF A5
[22:13:14.249] [INFO] [s22-backup] READ 64 byte(s):
21 BC 51 4E BC BB 61 B7 C8 BB 7D 5E 05 B9 02 BC
21 45 6C 65 63 74 72 69 63 20 42 61 73 73 00 7F
BB 33 3A AB BB 28 C0 B4 BB C6 E0 D3 BB 8B B3 EA
BB C6 0D B9 02 BC 21 4E 6F 6E 65 00 42 0E BC D3
[22:13:14.253] [INFO] [s22-backup] READ 64 byte(s):
A6 55 BC 1A 41 46 BC 92 D3 FA BB DE C3 33 BC 77
8D 9C BB 04 18 F7 BB FC 04 B9 02 BC 21 4E 6F 6E
65 00 FB 01 BB 6B 5D 11 BC B5 E0 14 BB 52 DB 23
BC F3 54 CC BB 12 A4 F3 3A 9B 4F 16 BC 54 04 B9
[22:13:14.257] [INFO] [s22-backup] READ 64 byte(s):
02 BC 21 4E 6F 6E 65 00 CF 93 BB F6 31 03 BC 6B
F1 6F BB 6F 2E 9B BB E1 2F 78 BB 00 AF 93 BA 08
D6 9B BB 78 04 B9 02 BC 21 00 67 C4 BB 4D 4E DE
BB 18 D6 8F BB 87 C5 DE BB AC BE D8 BB 9A 76 05
[22:13:14.261] [INFO] [s22-backup] READ 64 byte(s):
BC 50 DE 29 BC 48 C8 AD BB A3 00 B9 02 BC 21 00
4A 00 BC 11 47 01 BC 0C A4 62 BB 36 5A 02 BC 81
1F CA BB E8 95 D6 BB D2 B5 4C BB D9 CD 5C BB 88
00 B9 02 BC 21 00 EC 9F BB E3 80 87 BB 50 F2 77
[22:13:14.264] [INFO] [s22-backup] READ 64 byte(s):
BB 53 9F E0 BB 62 CC 3E BB F6 B2 99 BA A3 4A C7
BB 27 F9 1E BB AC 00 B9 02 BC 21 4E 6F 6E 65 00
B2 99 BB 5A 52 52 3B F4 F7 8B BA 7A D7 D5 3A 02
DC DE B9 32 56 2F BB 46 DC 8A 39 AA 04 B9 02 BC
[22:13:14.269] [INFO] [s22-backup] READ 64 byte(s):
21 4E 6F 6E 65 00 88 53 BB 22 60 C7 BB 00 E9 27
BB 68 B1 8D BB 98 E0 8F BB 2B 6C DA BB EC 68 D7
BB 4E 04 B9 02 BC 41 49 4B 20 4D 75 6C 74 69 6D
65 64 69 61 20 50 72 65 6D 69 75 6D 20 50 72 65
[22:13:14.273] [INFO] [s22-backup] READ 44 byte(s):
73 65 74 00 34 AD BB A9 AF 59 BC 63 AC 01 BC EC
4C A7 BB 3B 76 E5 BC B4 2E D2 3C 87 58 27 BD 18
D4 CB 98 9F 08 00 00 72 1C 36 32 7E
[22:13:14.281] [INFO] [s22-backup] WRITE 21 byte(s):
7E B9 03 81 00 03 82 06 00 80 0B 03 B9 04 0B 01
0E 00 D8 BD 7E
[22:13:14.288] [INFO] [s22-backup] READ 64 byte(s):
7E B9 03 81 04 03 81 9D 08 0B B9 03 01 0E B9 04
B9 02 BC 21 4D 65 64 69 75 6D 20 43 6C 61 73 73
00 00 00 00 00 00 00 00 00 00 00 00 00 00 00 00
00 00 00 00 00 0C BA 02 88 00 00 00 00 88 00 00
[22:13:14.291] [INFO] [s22-backup] READ 64 byte(s):
F0 42 BA 03 BA 6D 88 00 00 00 00 88 00 00 80 3F
88 00 00 48 C2 88 00 00 FA 43 88 00 00 C8 C2 88
00 00 00 00 88 00 00 80 3F 88 00 00 48 C1 88 00
00 80 3F 88 00 00 A8 41 88 00 00 80 3F 88 00 00
[22:13:14.294] [INFO] [s22-backup] READ 64 byte(s):
A0 40 88 00 00 96 43 88 00 00 A0 40 88 33 33 33
3F 88 00 80 3B 44 88 00 00 A0 40 88 00 80 ED 44
88 00 00 80 3F 88 00 00 00 00 88 CD CC 14 41 88
CD CC EC 40 88 00 00 96 42 88 00 00 80 3F 88 00
[22:13:14.299] [INFO] [s22-backup] READ 64 byte(s):
00 00 00 88 00 00 18 42 88 00 00 A0 40 88 00 00
00 00 88 00 00 C0 3F 88 00 00 00 00 88 00 00 80
3F 88 00 00 C0 3F 88 00 00 00 00 88 00 00 00 00
88 00 00 A0 40 88 00 00 A0 40 88 00 00 80 3F 88
[22:13:14.301] [INFO] [s22-backup] READ 64 byte(s):
00 00 00 00 88 00 00 80 40 88 00 00 A0 40 88 00
00 00 00 88 00 00 00 00 88 00 00 F0 41 88 00 00
A0 40 88 00 00 00 00 88 00 00 00 00 88 00 00 F0
41 88 00 00 A0 40 88 00 00 00 00 88 00 00 00 00
[22:13:14.304] [INFO] [s22-backup] READ 64 byte(s):
88 00 00 F0 41 88 00 00 A0 40 88 00 00 00 00 88
00 00 00 00 88 00 00 F0 41 88 00 00 A0 40 88 00
00 00 00 88 00 00 00 00 88 00 00 F0 41 88 00 00
A0 40 88 00 00 00 00 88 00 00 00 00 88 00 00 F0
[22:13:14.305] [INFO] [s22-backup] READ 64 byte(s):
41 88 00 00 80 3F 88 00 00 00 00 88 00 00 00 00
88 00 00 00 00 88 00 00 70 41 88 FF FF FF 3E 88
00 00 48 42 88 00 00 F0 40 88 00 00 00 00 88 00
00 40 40 88 00 00 D0 40 88 00 00 00 00 88 00 00
[22:13:14.311] [INFO] [s22-backup] READ 64 byte(s):
00 00 88 00 00 C0 40 88 00 00 00 00 88 00 00 70
41 88 FF FF FF 3E 88 00 00 48 42 88 00 00 F0 40
88 00 00 00 00 88 00 00 70 41 88 FF FF FF 3E 88
00 00 48 42 88 00 00 C8 41 88 00 00 F0 40 88 00
[22:13:14.317] [INFO] [s22-backup] READ 64 byte(s):
00 00 00 88 00 00 40 40 88 00 00 B4 43 88 00 00
F0 42 88 00 00 48 42 88 00 00 A0 40 88 00 00 80
3F 88 00 00 00 00 88 00 00 80 3F 88 00 00 00 00
88 00 00 10 41 88 00 00 AF 43 88 00 00 A0 41 88
[22:13:14.326] [INFO] [s22-backup] READ 64 byte(s):
00 00 00 00 88 00 00 48 42 88 00 00 00 00 88 00
00 10 41 88 00 00 A0 41 88 00 00 F0 41 88 00 00
00 00 88 00 00 48 42 BA 6D 88 00 00 00 00 88 00
00 00 00 88 00 00 C8 C2 88 00 00 A0 41 88 00 00
[22:13:14.332] [INFO] [s22-backup] READ 64 byte(s):
70 C2 88 00 00 80 3F 88 00 00 00 00 88 00 00 00
00 88 00 00 00 00 88 00 00 A0 40 88 00 00 80 3F
88 00 00 A0 40 88 00 00 96 43 88 00 00 A0 40 88
33 33 33 3F 88 00 80 3B 44 88 00 00 A0 40 88 00
[22:13:14.342] [INFO] [s22-backup] READ 64 byte(s):
80 ED 44 88 00 00 80 3F 88 00 00 00 00 88 00 00
A0 40 88 00 00 A0 40 88 00 00 C8 42 88 00 00 80
3F 88 00 00 00 00 88 00 00 C8 41 88 00 00 A0 40
88 00 00 00 00 88 00 00 C0 3F 88 00 00 00 00 88
[22:13:14.350] [INFO] [s22-backup] READ 64 byte(s):
00 00 80 3F 88 00 00 C0 3F 88 00 00 00 00 88 00
00 00 00 88 00 00 A0 40 88 00 00 A0 40 88 00 00
80 3F 88 00 00 00 00 88 00 00 80 40 88 00 00 A0
40 88 00 00 00 00 88 00 00 00 00 88 00 00 F0 41
[22:13:14.354] [INFO] [s22-backup] READ 64 byte(s):
88 00 00 A0 40 88 00 00 00 00 88 00 00 00 00 88
00 00 F0 41 88 00 00 A0 40 88 00 00 00 00 88 00
00 00 00 88 00 00 F0 41 88 00 00 A0 40 88 00 00
00 00 88 00 00 00 00 88 00 00 F0 41 88 00 00 A0
[22:13:14.360] [INFO] [s22-backup] READ 64 byte(s):
40 88 00 00 00 00 88 00 00 00 00 88 00 00 F0 41
88 00 00 A0 40 88 00 00 00 00 88 00 00 00 00 88
00 00 F0 41 88 00 00 80 3F 88 00 00 00 00 88 00
00 00 00 88 00 00 00 00 88 00 00 70 41 88 00 00
[22:13:14.362] [INFO] [s22-backup] READ 64 byte(s):
00 3F 88 00 00 48 42 88 00 00 F0 40 88 00 00 00
00 88 00 00 40 40 88 00 00 D0 40 88 00 00 00 00
88 00 00 00 00 88 00 00 C0 40 88 00 00 00 00 88
00 00 70 41 88 00 00 00 3F 88 00 00 48 42 88 00
[22:13:14.364] [INFO] [s22-backup] READ 64 byte(s):
00 F0 40 88 00 00 00 00 88 00 00 70 41 88 00 00
00 3F 88 00 00 48 42 88 00 00 C8 41 88 00 00 F0
40 88 00 00 00 00 88 00 00 40 40 88 00 00 B4 43
88 00 00 F0 42 88 00 00 48 42 88 00 00 A0 40 88
[22:13:14.366] [INFO] [s22-backup] READ 64 byte(s):
00 00 80 3F 88 00 00 00 00 88 00 00 00 00 88 00
00 00 00 88 00 00 10 41 88 00 00 AF 43 88 00 00
A0 41 88 00 00 00 00 88 00 00 48 42 88 00 00 00
00 88 00 00 10 41 88 00 00 AF 43 88 00 00 A0 41
[22:13:14.369] [INFO] [s22-backup] READ 64 byte(s):
88 00 00 00 00 88 00 00 48 42 BA 6D 88 00 00 00
00 88 00 00 00 00 88 00 00 C8 C2 88 00 00 A0 41
88 00 00 70 C2 88 00 00 80 3F 88 00 00 00 00 88
00 00 00 00 88 00 00 00 00 88 00 00 A0 40 88 00
[22:13:14.371] [INFO] [s22-backup] READ 64 byte(s):
00 80 3F 88 00 00 A0 40 88 00 00 96 43 88 00 00
A0 40 88 33 33 33 3F 88 00 80 3B 44 88 00 00 A0
40 88 00 80 ED 44 88 00 00 80 3F 88 00 00 00 00
88 00 00 A0 40 88 00 00 A0 40 88 00 00 C8 42 88
[22:13:14.375] [INFO] [s22-backup] READ 64 byte(s):
00 00 80 3F 88 00 00 00 00 88 00 00 C8 41 88 00
00 A0 40 88 00 00 00 00 88 00 00 C0 3F 88 00 00
00 00 88 00 00 80 3F 88 00 00 C0 3F 88 00 00 00
00 88 00 00 00 00 88 00 00 A0 40 88 00 00 A0 40
[22:13:14.378] [INFO] [s22-backup] READ 64 byte(s):
88 00 00 80 3F 88 00 00 00 00 88 00 00 80 40 88
00 00 A0 40 88 00 00 00 00 88 00 00 00 00 88 00
00 F0 41 88 00 00 A0 40 88 00 00 00 00 88 00 00
00 00 88 00 00 F0 41 88 00 00 A0 40 88 00 00 00
[22:13:14.380] [INFO] [s22-backup] READ 64 byte(s):
00 88 00 00 00 00 88 00 00 F0 41 88 00 00 A0 40
88 00 00 00 00 88 00 00 00 00 88 00 00 F0 41 88
00 00 A0 40 88 00 00 00 00 88 00 00 00 00 88 00
00 F0 41 88 00 00 A0 40 88 00 00 00 00 88 00 00
[22:13:14.384] [INFO] [s22-backup] READ 64 byte(s):
00 00 88 00 00 F0 41 88 00 00 80 3F 88 00 00 00
00 88 00 00 00 00 88 00 00 00 00 88 00 00 70 41
88 00 00 00 3F 88 00 00 48 42 88 00 00 F0 40 88
00 00 00 00 88 00 00 40 40 88 00 00 D0 40 88 00
[22:13:14.389] [INFO] [s22-backup] READ 64 byte(s):
00 00 00 88 00 00 00 00 88 00 00 C0 40 88 00 00
00 00 88 00 00 70 41 88 00 00 00 3F 88 00 00 48
42 88 00 00 F0 40 88 00 00 00 00 88 00 00 70 41
88 00 00 00 3F 88 00 00 48 42 88 00 00 C8 41 88
[22:13:14.392] [INFO] [s22-backup] READ 64 byte(s):
00 00 F0 40 88 00 00 00 00 88 00 00 40 40 88 00
00 B4 43 88 00 00 F0 42 88 00 00 48 42 88 00 00
A0 40 88 00 00 80 3F 88 00 00 00 00 88 00 00 00
00 88 00 00 00 00 88 00 00 10 41 88 00 00 AF 43
[22:13:14.394] [INFO] [s22-backup] READ 64 byte(s):
88 00 00 A0 41 88 00 00 00 00 88 00 00 48 42 88
00 00 00 00 88 00 00 10 41 88 00 00 AF 43 88 00
00 A0 41 88 00 00 00 00 88 00 00 48 42 B9 0D B9
02 BC 21 00 45 F2 3B 92 C8 62 3B 99 86 A5 38 5B
[22:13:14.397] [INFO] [s22-backup] READ 64 byte(s):
27 F2 39 CE C2 C5 3B CC 17 0F 3C 40 3A 13 3C 54
DD 99 3B AB 00 B9 02 BC 0B 32 30 32 35 2D 31 32
2D 30 36 00 0A B9 02 BC 21 44 52 49 56 45 00 04
3C F3 04 E6 3B E6 2F 4D 3B 77 51 68 3B 2A 33 9C
[22:13:14.400] [INFO] [s22-backup] READ 64 byte(s):
3B 26 4D F1 3B 2B 61 F1 3B 74 05 B9 02 BC 21 4E
6F 6E 65 00 B4 FD 3A 61 71 A2 3A B3 9B 2A 3B 30
2A 8E 3B DF 80 C2 3B 1A B3 C7 3B A8 FA B1 3B FB
04 B9 02 BC 21 4E 6F 6E 65 00 16 19 3C CE 6C FB
[22:13:14.407] [INFO] [s22-backup] READ 64 byte(s):
3B 68 39 8A 3B 04 FF 81 3B 0C 10 6B 3A 14 34 15
BB B5 93 E3 BA 0C 04 B9 02 BC 21 4E 6F 6E 65 00
CD D2 3B 5D D0 22 3C 9C 32 5A 3C 1C 88 35 3C 24
6A 79 3B A8 08 03 BB 45 7A 97 BB A7 04 B9 02 BC
[22:13:14.414] [INFO] [s22-backup] READ 64 byte(s):
21 4E 6F 6E 65 00 9B 81 3C 04 90 98 3C E5 CD 68
3C 0F 10 DB 3B C8 86 81 3B 33 12 93 3B 5C 73 E1
3B BA 04 B9 02 BC 21 00 26 6F 3C 56 87 38 3C F6
A3 AF 3B 10 18 DD 3A EF 1F 6D 3B EC 51 22 3C D9
[22:13:14.418] [INFO] [s22-backup] READ 64 byte(s):
FF 50 3C FC CB 80 3C D6 00 B9 02 BC 21 00 05 C1
3A 4C 77 24 3B 34 06 2F 3B AE DB 6F 3B 5E 65 B9
3B 2E 84 CA 3B AD 34 68 3B 7C 14 80 3B 7A 00 B9
02 BC 21 00 4F E6 3B 44 75 4D 3C 93 ED 66 3C 03
[22:13:14.430] [INFO] [s22-backup] READ 64 byte(s):
9A 70 3C 7F 98 69 3C C7 A4 E8 3B FB E8 63 3B 68
5A C7 39 3A 00 B9 02 BC 21 00 5A 35 3C B1 D7 B8
3C E4 65 D9 3C 08 CF F9 3C 8D 6E D1 3C 82 46 8E
3C 98 DD 77 3C CC 60 98 3C F2 00 B9 02 BC 21 00
[22:13:14.434] [INFO] [s22-backup] READ 64 byte(s):
EF 35 3C 03 36 CF 3B 68 80 08 3C 63 2D 17 3C 98
F2 37 3C 1D A4 4A 3C 8E D0 82 3C 49 B7 91 3C 47
00 B9 02 BC 41 00 A2 92 3C CC 8D A3 3C 71 E2 86
3C 9C F2 7D 5D 3C 70 D1 44 3C A7 E7 8D 3C C4 12
[22:13:14.437] [INFO] [s22-backup] READ 43 byte(s):
6B 3C A7 21 18 3C D1 C2 A6 3B EB 9A 4C BB 94 A2
04 BC 5A 30 C1 BB 85 9C 4A 3B 5E C1 D2 3B 0D 6A
5C 75 46 94 00 00 72 00 37 89 7E
[22:13:14.442] [INFO] [s22-backup] WRITE 21 byte(s):
7E B9 03 81 00 03 82 06 00 80 0B 03 B9 04 0B 01
0F 00 00 A4 7E
[22:13:14.445] [INFO] [s22-backup] READ 64 byte(s):
7E B9 03 81 04 03 81 9D 08 0B B9 03 01 0F B9 04
B9 02 BC 21 44 72 69 76 65 6E 20 42 61 73 73 20
34 30 30 2B 2C 20 6E 6F 20 63 61 62 00 00 00 00
00 00 00 00 00 18 BA 02 88 00 00 00 00 88 00 00
[22:13:14.447] [INFO] [s22-backup] READ 64 byte(s):
F0 42 BA 03 BA 6D 88 00 00 00 00 88 00 00 00 00
88 00 00 C8 C2 88 00 00 A0 41 88 00 00 70 C2 88
00 00 80 3F 88 00 00 00 00 88 00 00 00 00 88 00
00 00 00 88 00 00 A0 40 88 00 00 80 3F 88 00 00
[22:13:14.450] [INFO] [s22-backup] READ 64 byte(s):
A0 40 88 00 00 96 43 88 00 00 A0 40 88 33 33 33
3F 88 00 80 3B 44 88 00 00 A0 40 88 00 80 ED 44
88 00 00 80 3F 88 00 00 80 3F 88 00 00 A0 40 88
00 00 A0 40 88 00 00 C8 42 88 00 00 80 3F 88 00
[22:13:14.453] [INFO] [s22-backup] READ 64 byte(s):
00 00 40 88 00 00 C8 41 88 00 00 A0 40 88 00 00
00 00 88 00 00 C0 3F 88 00 00 00 00 88 00 00 80
3F 88 00 00 C0 3F 88 00 00 00 00 88 00 00 00 00
88 00 00 A0 40 88 00 00 A0 40 88 00 00 80 3F 88
[22:13:14.456] [INFO] [s22-backup] READ 64 byte(s):
00 00 00 00 88 00 00 80 40 88 00 00 A0 40 88 00
00 00 00 88 00 00 00 00 88 00 00 F0 41 88 00 00
A0 40 88 00 00 00 00 88 00 00 00 00 88 00 00 F0
41 88 00 00 A0 40 88 00 00 00 00 88 00 00 00 00
[22:13:14.461] [INFO] [s22-backup] READ 64 byte(s):
88 00 00 F0 41 88 00 00 A0 40 88 00 00 00 00 88
00 00 00 00 88 00 00 F0 41 88 00 00 A0 40 88 00
00 00 00 88 00 00 00 00 88 00 00 F0 41 88 00 00
A0 40 88 00 00 00 00 88 00 00 00 00 88 00 00 F0
[22:13:14.464] [INFO] [s22-backup] READ 64 byte(s):
41 88 00 00 80 3F 88 00 00 00 00 88 00 00 00 00
88 00 00 00 00 88 00 00 70 41 88 00 00 00 3F 88
00 00 48 42 88 00 00 F0 40 88 00 00 00 00 88 00
00 40 40 88 00 00 D0 40 88 00 00 00 00 88 00 00
[22:13:14.466] [INFO] [s22-backup] READ 64 byte(s):
00 00 88 00 00 C0 40 88 00 00 00 00 88 00 00 70
41 88 00 00 00 3F 88 00 00 48 42 88 00 00 F0 40
88 00 00 00 00 88 00 00 70 41 88 00 00 00 3F 88
00 00 48 42 88 00 00 C8 41 88 00 00 F0 40 88 00
[22:13:14.469] [INFO] [s22-backup] READ 64 byte(s):
00 00 00 88 00 00 40 40 88 00 00 B4 43 88 00 00
F0 42 88 00 00 48 42 88 00 00 A0 40 88 00 00 80
3F 88 00 00 00 00 88 00 00 00 00 88 00 00 00 00
88 00 00 10 41 88 00 00 AF 43 88 00 00 A0 41 88
[22:13:14.471] [INFO] [s22-backup] READ 64 byte(s):
00 00 00 00 88 00 00 48 42 88 00 00 00 00 88 00
00 10 41 88 00 00 AF 43 88 00 00 A0 41 88 00 00
00 00 88 00 00 48 42 BA 6D 88 00 00 00 00 88 00
00 00 00 88 00 00 C8 C2 88 00 00 A0 41 88 00 00
[22:13:14.474] [INFO] [s22-backup] READ 64 byte(s):
70 C2 88 00 00 80 3F 88 00 00 00 00 88 00 00 00
00 88 00 00 00 00 88 00 00 A0 40 88 00 00 80 3F
88 00 00 A0 40 88 00 00 96 43 88 00 00 A0 40 88
33 33 33 3F 88 00 80 3B 44 88 00 00 A0 40 88 00
[22:13:14.477] [INFO] [s22-backup] READ 64 byte(s):
80 ED 44 88 00 00 80 3F 88 00 00 80 3F 88 00 00
A0 40 88 00 00 A0 40 88 00 00 C8 42 88 00 00 80
3F 88 00 00 00 00 88 00 00 C8 41 88 00 00 A0 40
88 00 00 00 00 88 00 00 C0 3F 88 00 00 00 00 88
[22:13:14.480] [INFO] [s22-backup] READ 64 byte(s):
00 00 80 3F 88 00 00 C0 3F 88 00 00 00 00 88 00
00 00 00 88 00 00 A0 40 88 00 00 A0 40 88 00 00
80 3F 88 00 00 00 00 88 00 00 80 40 88 00 00 A0
40 88 00 00 00 00 88 00 00 00 00 88 00 00 F0 41
[22:13:14.483] [INFO] [s22-backup] READ 64 byte(s):
88 00 00 A0 40 88 00 00 00 00 88 00 00 00 00 88
00 00 F0 41 88 00 00 A0 40 88 00 00 00 00 88 00
00 00 00 88 00 00 F0 41 88 00 00 A0 40 88 00 00
00 00 88 00 00 00 00 88 00 00 F0 41 88 00 00 A0
[22:13:14.486] [INFO] [s22-backup] READ 64 byte(s):
40 88 00 00 00 00 88 00 00 00 00 88 00 00 F0 41
88 00 00 A0 40 88 00 00 00 00 88 00 00 00 00 88
00 00 F0 41 88 00 00 80 3F 88 00 00 00 00 88 00
00 00 00 88 00 00 00 00 88 00 00 70 41 88 00 00
[22:13:14.490] [INFO] [s22-backup] READ 64 byte(s):
00 3F 88 00 00 48 42 88 00 00 F0 40 88 00 00 00
00 88 00 00 40 40 88 00 00 D0 40 88 00 00 00 00
88 00 00 00 00 88 00 00 C0 40 88 00 00 00 00 88
00 00 70 41 88 00 00 00 3F 88 00 00 48 42 88 00
[22:13:14.493] [INFO] [s22-backup] READ 64 byte(s):
00 F0 40 88 00 00 00 00 88 00 00 70 41 88 00 00
00 3F 88 00 00 48 42 88 00 00 C8 41 88 00 00 F0
40 88 00 00 00 00 88 00 00 40 40 88 00 00 B4 43
88 00 00 F0 42 88 00 00 48 42 88 00 00 A0 40 88
[22:13:14.495] [INFO] [s22-backup] READ 64 byte(s):
00 00 80 3F 88 00 00 00 00 88 00 00 00 00 88 00
00 00 00 88 00 00 10 41 88 00 00 AF 43 88 00 00
A0 41 88 00 00 00 00 88 00 00 48 42 88 00 00 00
00 88 00 00 10 41 88 00 00 AF 43 88 00 00 A0 41
[22:13:14.499] [INFO] [s22-backup] READ 64 byte(s):
88 00 00 00 00 88 00 00 48 42 BA 6D 88 00 00 00
00 88 00 00 00 00 88 00 00 C8 C2 88 00 00 A0 41
88 00 00 70 C2 88 00 00 80 3F 88 00 00 00 00 88
00 00 00 00 88 00 00 00 00 88 00 00 A0 40 88 00
[22:13:14.501] [INFO] [s22-backup] READ 64 byte(s):
00 80 3F 88 00 00 A0 40 88 00 00 96 43 88 00 00
A0 40 88 33 33 33 3F 88 00 80 3B 44 88 00 00 A0
40 88 00 80 ED 44 88 00 00 80 3F 88 00 00 80 3F
88 00 00 A0 40 88 00 00 A0 40 88 00 00 C8 42 88
[22:13:14.513] [INFO] [s22-backup] READ 64 byte(s):
00 00 80 3F 88 00 00 00 00 88 00 00 C8 41 88 00
00 A0 40 88 00 00 00 00 88 00 00 C0 3F 88 00 00
00 00 88 00 00 80 3F 88 00 00 C0 3F 88 00 00 00
00 88 00 00 00 00 88 00 00 A0 40 88 00 00 A0 40
[22:13:14.517] [INFO] [s22-backup] READ 64 byte(s):
88 00 00 80 3F 88 00 00 00 00 88 00 00 80 40 88
00 00 A0 40 88 00 00 00 00 88 00 00 00 00 88 00
00 F0 41 88 00 00 A0 40 88 00 00 00 00 88 00 00
00 00 88 00 00 F0 41 88 00 00 A0 40 88 00 00 00
[22:13:14.528] [INFO] [s22-backup] READ 64 byte(s):
00 88 00 00 00 00 88 00 00 F0 41 88 00 00 A0 40
88 00 00 00 00 88 00 00 00 00 88 00 00 F0 41 88
00 00 A0 40 88 00 00 00 00 88 00 00 00 00 88 00
00 F0 41 88 00 00 A0 40 88 00 00 00 00 88 00 00
[22:13:14.532] [INFO] [s22-backup] READ 64 byte(s):
00 00 88 00 00 F0 41 88 00 00 80 3F 88 00 00 00
00 88 00 00 00 00 88 00 00 00 00 88 00 00 70 41
88 00 00 00 3F 88 00 00 48 42 88 00 00 F0 40 88
00 00 00 00 88 00 00 40 40 88 00 00 D0 40 88 00
[22:13:14.539] [INFO] [s22-backup] READ 64 byte(s):
00 00 00 88 00 00 00 00 88 00 00 C0 40 88 00 00
00 00 88 00 00 70 41 88 00 00 00 3F 88 00 00 48
42 88 00 00 F0 40 88 00 00 00 00 88 00 00 70 41
88 00 00 00 3F 88 00 00 48 42 88 00 00 C8 41 88
[22:13:14.542] [INFO] [s22-backup] READ 64 byte(s):
00 00 F0 40 88 00 00 00 00 88 00 00 40 40 88 00
00 B4 43 88 00 00 F0 42 88 00 00 48 42 88 00 00
A0 40 88 00 00 80 3F 88 00 00 00 00 88 00 00 00
00 88 00 00 00 00 88 00 00 10 41 88 00 00 AF 43
[22:13:14.545] [INFO] [s22-backup] READ 64 byte(s):
88 00 00 A0 41 88 00 00 00 00 88 00 00 48 42 88
00 00 00 00 88 00 00 10 41 88 00 00 AF 43 88 00
00 A0 41 88 00 00 00 00 88 00 00 48 42 B9 0D B9
02 BC 21 00 A1 82 BC 07 FC 3C BB B3 8F 64 3A DF
[22:13:14.548] [INFO] [s22-backup] READ 64 byte(s):
A4 0D 3B 13 49 51 BC 30 78 84 BC 23 0C EA 39 24
2A 66 3C 90 00 B9 02 BC 0B 32 30 32 35 2D 31 32
2D 31 30 00 0A B9 02 BC 21 44 52 49 56 45 00 62
BC 75 92 13 BC 17 47 DF BB 4E 2F F4 BB 12 22 A4
[22:13:14.552] [INFO] [s22-backup] READ 64 byte(s):
BB C0 B4 7C BB E0 C5 B3 38 0A 05 B9 02 BC 21 4E
6F 6E 65 00 DC 11 BC 2D 07 C7 BC 4E A9 AA BC 01
1D 8F BC 62 58 54 BC 4C 0F 7C 3A 2D F7 1F 3B 4D
04 B9 02 BC 21 4E 6F 6E 65 00 74 57 BB 6D 33 44
[22:13:14.556] [INFO] [s22-backup] READ 64 byte(s):
3C E1 33 68 3C EB 69 57 3C 8F 98 2C 3B 73 B5 62
BA 2C FE A6 BB 28 04 B9 02 BC 21 4E 6F 6E 65 00
A2 2E BC 90 63 50 BC D9 FE AC BB 0D 7A 5E BB 9B
48 5F BB 29 02 10 BC 0D 7B 59 BB 94 04 B9 02 BC
[22:13:14.564] [INFO] [s22-backup] READ 64 byte(s):
21 4E 6F 6E 65 00 C3 8E BB B6 5E 05 BC EA 71 FB
39 67 82 89 BC 6E C2 22 BC B3 06 9F BB C0 4B F7
36 8E 04 B9 02 BC 21 00 DD 40 BC 4D 78 1A BC 46
67 D9 BA F3 22 CB 3B 6F 4A 57 3C E3 37 54 3C E1
[22:13:14.571] [INFO] [s22-backup] READ 64 byte(s):
7A 0D BA 67 DC F4 BB 65 00 B9 02 BC 21 00 EA 0C
3A 87 66 97 3B 32 46 5B BB 95 91 63 3B B4 57 E2
3A A9 16 97 3C 37 DE 97 3B B0 88 14 BB 4C 00 B9
02 BC 21 00 43 1D 3C 0D A5 04 BB 4D 40 3E 3C F6
[22:13:14.579] [INFO] [s22-backup] READ 64 byte(s):
C0 82 BC 72 DD 13 BC 81 F9 97 BA 5F 1B 28 3C 7C
2E CE B9 D0 00 B9 02 BC 21 00 59 7D 5E 3C 52 0F
AC 3B 39 0D 33 BC 22 52 08 BB 4F A0 00 3C B6 07
F7 3B D2 5F FB 3A A6 C5 2C BA 63 00 B9 02 BC 21
[22:13:14.582] [INFO] [s22-backup] READ 64 byte(s):
00 7F 84 3B 76 A4 25 BC 2D B3 51 3A 93 5D B3 BB
4C 44 AD BA 4E 10 38 BA 7A 13 1D 3B A3 07 9C BC
74 00 B9 02 BC 41 00 D9 04 BA 78 2D 1E 3B 26 BB
DE BB 86 8B 6A 3C E1 6D DF 3C 64 08 32 3C D8 C5
[22:13:14.584] [INFO] [s22-backup] READ 44 byte(s):
AC BB 6A 07 AB BC 4D 6E 9E BB A9 C7 E2 3B 09 3B
43 3C C7 02 10 3C 06 C2 F7 3C B1 1C 12 3D 7A 38
F5 50 61 7D 5D 00 00 72 00 B3 0E 7E
[22:13:14.590] [INFO] [s22-backup] WRITE 21 byte(s):
7E B9 03 81 00 03 82 06 00 80 0B 03 B9 04 0B 01
10 00 59 B2 7E
[22:13:14.595] [INFO] [s22-backup] READ 64 byte(s):
7E B9 03 81 04 03 81 9D 08 0B B9 03 01 10 B9 04
B9 02 BC 21 42 6F 6F 67 69 65 20 34 30 30 20 32
00 00 00 00 00 00 00 00 00 00 00 00 00 00 00 00
00 00 00 00 00 0C BA 02 88 00 00 00 00 88 00 00
[22:13:14.599] [INFO] [s22-backup] READ 64 byte(s):
F0 42 BA 03 BA 6D 88 00 00 00 00 88 00 00 80 3F
88 00 00 98 C2 88 00 00 FA 43 88 00 00 AA C2 88
00 00 80 3F 88 00 00 80 3F 88 00 00 EC C1 88 00
00 80 40 88 00 00 A0 41 88 00 00 80 3F 88 00 00
[22:13:14.602] [INFO] [s22-backup] READ 64 byte(s):
A0 40 88 00 00 96 43 88 9A 99 B9 40 88 33 33 33
3F 88 00 80 3B 44 88 00 00 A0 40 88 00 80 ED 44
88 00 00 80 3F 88 00 00 80 3F 88 00 00 20 41 88
00 00 A0 40 88 00 00 A0 42 88 00 00 80 3F 88 00
[22:13:14.607] [INFO] [s22-backup] READ 64 byte(s):
00 80 3F 88 00 00 10 42 88 00 00 A0 40 88 00 00
00 00 88 00 00 00 00 88 00 00 20 41 88 00 00 80
3F 88 00 00 00 00 88 00 00 00 00 88 00 00 00 00
88 00 00 20 41 88 00 00 A0 40 88 00 00 80 3F 88
[22:13:14.612] [INFO] [s22-backup] READ 64 byte(s):
00 00 00 00 88 00 00 80 40 88 00 00 A0 40 88 00
00 00 00 88 00 00 00 00 88 00 00 F0 41 88 00 00
A0 40 88 00 00 00 00 88 00 00 00 00 88 00 00 F0
41 88 00 00 A0 40 88 00 00 00 00 88 00 00 00 00
[22:13:14.616] [INFO] [s22-backup] READ 64 byte(s):
88 00 00 F0 41 88 00 00 A0 40 88 00 00 00 00 88
00 00 00 00 88 00 00 F0 41 88 00 00 A0 40 88 00
00 00 00 88 00 00 00 00 88 00 00 B8 41 88 00 00
A0 40 88 00 00 00 00 88 00 00 00 00 88 00 00 F0
[22:13:14.620] [INFO] [s22-backup] READ 64 byte(s):
41 88 00 00 80 3F 88 00 00 00 00 88 00 00 00 00
88 00 00 00 00 88 00 00 70 41 88 00 00 00 3F 88
00 00 48 42 88 00 00 F0 40 88 00 00 00 00 88 00
00 40 40 88 00 00 D0 40 88 00 00 00 00 88 00 00
[22:13:14.624] [INFO] [s22-backup] READ 64 byte(s):
00 00 88 00 00 C0 40 88 00 00 00 00 88 00 00 70
41 88 00 00 00 3F 88 00 00 48 42 88 00 00 F0 40
88 00 00 00 00 88 00 00 70 41 88 00 00 00 3F 88
00 00 48 42 88 00 00 C8 41 88 00 00 F0 40 88 00
[22:13:14.629] [INFO] [s22-backup] READ 64 byte(s):
00 00 00 88 00 00 40 40 88 00 00 B4 43 88 00 00
F0 42 88 00 00 48 42 88 00 00 A0 40 88 00 00 80
3F 88 00 00 00 00 88 00 00 00 00 88 00 00 00 00
88 00 00 10 41 88 00 00 AF 43 88 00 00 A0 41 88
[22:13:14.634] [INFO] [s22-backup] READ 64 byte(s):
00 00 00 00 88 00 00 48 42 88 00 00 00 00 88 00
00 10 41 88 00 00 AF 43 88 00 00 A0 41 88 00 00
00 00 88 00 00 48 42 BA 6D 88 00 00 00 00 88 00
00 00 00 88 00 00 C8 C2 88 00 00 A0 41 88 00 00
[22:13:14.639] [INFO] [s22-backup] READ 64 byte(s):
70 C2 88 00 00 80 3F 88 00 00 00 00 88 00 00 00
00 88 00 00 00 00 88 00 00 A0 40 88 00 00 80 3F
88 00 00 A0 40 88 00 00 96 43 88 00 00 A0 40 88
33 33 33 3F 88 00 80 3B 44 88 00 00 A0 40 88 00
[22:13:14.647] [INFO] [s22-backup] READ 64 byte(s):
80 ED 44 88 00 00 80 3F 88 00 00 80 3F 88 00 00
A0 40 88 00 00 A0 40 88 00 00 C8 42 88 00 00 80
3F 88 00 00 00 00 88 00 00 C8 41 88 00 00 A0 40
88 00 00 00 00 88 00 00 C0 3F 88 00 00 00 00 88
[22:13:14.654] [INFO] [s22-backup] READ 64 byte(s):
00 00 80 3F 88 00 00 C0 3F 88 00 00 00 00 88 00
00 00 00 88 00 00 A0 40 88 00 00 A0 40 88 00 00
80 3F 88 00 00 00 00 88 00 00 80 40 88 00 00 A0
40 88 00 00 00 00 88 00 00 00 00 88 00 00 F0 41
[22:13:14.658] [INFO] [s22-backup] READ 64 byte(s):
88 00 00 A0 40 88 00 00 00 00 88 00 00 00 00 88
00 00 F0 41 88 00 00 A0 40 88 00 00 00 00 88 00
00 00 00 88 00 00 F0 41 88 00 00 A0 40 88 00 00
00 00 88 00 00 00 00 88 00 00 F0 41 88 00 00 A0
[22:13:14.660] [INFO] [s22-backup] READ 64 byte(s):
40 88 00 00 00 00 88 00 00 00 00 88 00 00 F0 41
88 00 00 A0 40 88 00 00 00 00 88 00 00 00 00 88
00 00 F0 41 88 00 00 80 3F 88 00 00 00 00 88 00
00 00 00 88 00 00 00 00 88 00 00 70 41 88 00 00
[22:13:14.665] [INFO] [s22-backup] READ 64 byte(s):
00 3F 88 00 00 48 42 88 00 00 F0 40 88 00 00 00
00 88 00 00 40 40 88 00 00 D0 40 88 00 00 00 00
88 00 00 00 00 88 00 00 C0 40 88 00 00 00 00 88
00 00 70 41 88 00 00 00 3F 88 00 00 48 42 88 00
[22:13:14.666] [INFO] [s22-backup] READ 64 byte(s):
00 F0 40 88 00 00 00 00 88 00 00 70 41 88 00 00
00 3F 88 00 00 48 42 88 00 00 C8 41 88 00 00 F0
40 88 00 00 00 00 88 00 00 40 40 88 00 00 B4 43
88 00 00 F0 42 88 00 00 48 42 88 00 00 A0 40 88
[22:13:14.671] [INFO] [s22-backup] READ 64 byte(s):
00 00 80 3F 88 00 00 00 00 88 00 00 00 00 88 00
00 00 00 88 00 00 10 41 88 00 00 AF 43 88 00 00
A0 41 88 00 00 00 00 88 00 00 48 42 88 00 00 00
00 88 00 00 10 41 88 00 00 AF 43 88 00 00 A0 41
[22:13:14.674] [INFO] [s22-backup] READ 64 byte(s):
88 00 00 00 00 88 00 00 48 42 BA 6D 88 00 00 00
00 88 00 00 00 00 88 00 00 C8 C2 88 00 00 A0 41
88 00 00 70 C2 88 00 00 80 3F 88 00 00 00 00 88
00 00 00 00 88 00 00 00 00 88 00 00 A0 40 88 00
[22:13:14.678] [INFO] [s22-backup] READ 64 byte(s):
00 80 3F 88 00 00 A0 40 88 00 00 96 43 88 00 00
A0 40 88 33 33 33 3F 88 00 80 3B 44 88 00 00 A0
40 88 00 80 ED 44 88 00 00 80 3F 88 00 00 80 3F
88 00 00 A0 40 88 00 00 A0 40 88 00 00 C8 42 88
[22:13:14.680] [INFO] [s22-backup] READ 64 byte(s):
00 00 80 3F 88 00 00 00 00 88 00 00 C8 41 88 00
00 A0 40 88 00 00 00 00 88 00 00 C0 3F 88 00 00
00 00 88 00 00 80 3F 88 00 00 C0 3F 88 00 00 00
00 88 00 00 00 00 88 00 00 A0 40 88 00 00 A0 40
[22:13:14.683] [INFO] [s22-backup] READ 64 byte(s):
88 00 00 80 3F 88 00 00 00 00 88 00 00 80 40 88
00 00 A0 40 88 00 00 00 00 88 00 00 00 00 88 00
00 F0 41 88 00 00 A0 40 88 00 00 00 00 88 00 00
00 00 88 00 00 F0 41 88 00 00 A0 40 88 00 00 00
[22:13:14.690] [INFO] [s22-backup] READ 64 byte(s):
00 88 00 00 00 00 88 00 00 F0 41 88 00 00 A0 40
88 00 00 00 00 88 00 00 00 00 88 00 00 F0 41 88
00 00 A0 40 88 00 00 00 00 88 00 00 00 00 88 00
00 F0 41 88 00 00 A0 40 88 00 00 00 00 88 00 00
[22:13:14.695] [INFO] [s22-backup] READ 64 byte(s):
00 00 88 00 00 F0 41 88 00 00 80 3F 88 00 00 00
00 88 00 00 00 00 88 00 00 00 00 88 00 00 70 41
88 00 00 00 3F 88 00 00 48 42 88 00 00 F0 40 88
00 00 00 00 88 00 00 40 40 88 00 00 D0 40 88 00
[22:13:14.698] [INFO] [s22-backup] READ 64 byte(s):
00 00 00 88 00 00 00 00 88 00 00 C0 40 88 00 00
00 00 88 00 00 70 41 88 00 00 00 3F 88 00 00 48
42 88 00 00 F0 40 88 00 00 00 00 88 00 00 70 41
88 00 00 00 3F 88 00 00 48 42 88 00 00 C8 41 88
[22:13:14.702] [INFO] [s22-backup] READ 64 byte(s):
00 00 F0 40 88 00 00 00 00 88 00 00 40 40 88 00
00 B4 43 88 00 00 F0 42 88 00 00 48 42 88 00 00
A0 40 88 00 00 80 3F 88 00 00 00 00 88 00 00 00
00 88 00 00 00 00 88 00 00 10 41 88 00 00 AF 43
[22:13:14.705] [INFO] [s22-backup] READ 64 byte(s):
88 00 00 A0 41 88 00 00 00 00 88 00 00 48 42 88
00 00 00 00 88 00 00 10 41 88 00 00 AF 43 88 00
00 A0 41 88 00 00 00 00 88 00 00 48 42 B9 0D B9
02 BC 21 00 EE 04 3B F5 2C 07 3C 93 91 A8 3B 7D
[22:13:14.709] [INFO] [s22-backup] READ 64 byte(s):
5D 1A C8 3B AC 7D 5D 08 3C CA A5 1C 3B 3B EC FD
3A 25 36 76 3B 85 00 B9 02 BC 0B 32 30 32 35 2D
31 32 2D 31 30 00 0A B9 02 BC 21 44 52 49 56 45
00 DD 3B 99 B6 00 3C 40 03 FB 3A 4A F0 58 39 93
[22:13:14.712] [INFO] [s22-backup] READ 64 byte(s):
7A 80 3B 34 D4 59 3C D7 E6 C1 3B 47 05 B9 02 BC
21 4E 6F 6E 65 00 82 A5 3B 9E 0C BA 3B 19 6A 62
3B 72 68 DA 3B F3 06 57 3B 93 68 1C 3C 73 6F 10
3C F6 04 B9 02 BC 21 4E 6F 6E 65 00 94 E9 BA E5
[22:13:14.714] [INFO] [s22-backup] READ 64 byte(s):
44 B1 3B 02 B2 2E 3C FC 05 2F 3C F2 50 92 3B EB
E5 06 BA 23 34 01 3C 47 04 B9 02 BC 21 4E 6F 6E
65 00 E4 F4 3B 0A 28 A6 3B 43 50 A9 3B B3 54 CA
3B 46 7D 5E 39 3B 9C 4D E5 B9 E2 EA 34 3B EC 04
[22:13:14.716] [INFO] [s22-backup] READ 64 byte(s):
B9 02 BC 21 4E 6F 6E 65 00 1B FD 3B 4A CD 8C 3B
29 3D 74 39 B3 AA 29 BA ED 30 B2 3B 12 15 1B 3C
C5 A2 6A 3B 22 04 B9 02 BC 21 00 1F 55 3C 2D 0A
2F 3C 98 4C 23 3B 76 6A CB BB 92 DD 19 39 2D 82
[22:13:14.721] [INFO] [s22-backup] READ 64 byte(s):
DD 3B F4 90 CB 3B 91 6E F9 3A D0 00 B9 02 BC 21
00 82 83 3B 00 E2 2A BB 15 89 79 3B 9C 74 1A 3C
6C 97 F4 3B 35 DC 45 BB 8C 5C B0 37 CE 48 23 3B
4F 00 B9 02 BC 21 00 8F 87 3B 2C 86 88 3B 2F 9E
[22:13:14.726] [INFO] [s22-backup] READ 64 byte(s):
A5 3B 43 EE B5 3B 85 C4 15 3B 79 E9 34 3B F0 65
92 BA C7 1F 8F 3B 26 00 B9 02 BC 21 00 88 93 3B
EE 63 6F 3B 0E B5 7C 37 68 AB 81 3B 84 76 A2 3B
A2 41 B6 3B 1B FB 2E 3B 67 72 72 3A 0B 00 B9 02
[22:13:14.731] [INFO] [s22-backup] READ 64 byte(s):
BC 21 00 DF 81 3B F2 CA FA 3B 6C 38 98 3B 87 FC
64 3A DF 7C 69 3A B7 91 49 3B B1 9B 93 3B 90 1A
B8 3B 9D 00 B9 02 BC 41 00 3A 32 3A 5C C7 80 3B
D6 32 A4 3B 39 7B 64 3B 98 A2 9E BA 19 14 B6 3A
[22:13:14.734] [INFO] [s22-backup] READ 46 byte(s):
CF 24 A2 3B AD 35 80 3B 50 C0 8A 3B 75 BF 4B 3B
98 6A 32 BA AD CE 03 3B 1B 9B E8 3B 91 AA 78 3C
0A F2 F4 50 61 7D 5D 00 00 72 00 D7 64 7E
[22:13:14.742] [INFO] [s22-backup] WRITE 21 byte(s):
7E B9 03 81 00 03 82 06 00 80 0B 03 B9 04 0B 01
11 00 81 AB 7E
[22:13:14.750] [INFO] [s22-backup] READ 64 byte(s):
7E B9 03 81 04 03 81 9D 08 0B B9 03 01 11 B9 04
B9 02 BC 21 73 75 62 77 61 79 20 63 6C 65 61 6E
00 00 00 00 00 00 00 00 00 00 00 00 00 00 00 00
00 00 00 00 00 0C BA 02 88 00 00 00 00 88 00 00
[22:13:14.760] [INFO] [s22-backup] READ 64 byte(s):
F0 42 BA 03 BA 6D 88 00 00 00 00 88 00 00 00 00
88 00 00 C8 C2 88 00 00 A0 41 88 00 00 70 C2 88
00 00 80 3F 88 00 00 00 00 88 00 00 00 00 88 00
00 00 00 88 00 00 A0 40 88 00 00 80 3F 88 00 00
[22:13:14.769] [INFO] [s22-backup] READ 64 byte(s):
A0 40 88 00 00 96 43 88 00 00 A0 40 88 33 33 33
3F 88 00 80 3B 44 88 00 00 A0 40 88 00 80 ED 44
88 00 00 80 3F 88 00 00 80 3F 88 00 00 A0 40 88
00 00 A0 40 88 00 00 C8 42 88 00 00 80 3F 88 00
[22:13:14.774] [INFO] [s22-backup] READ 64 byte(s):
00 00 40 88 00 00 C8 41 88 00 00 A0 40 88 00 00
00 00 88 00 00 C0 3F 88 00 00 00 00 88 00 00 80
3F 88 00 00 C0 3F 88 00 00 00 00 88 00 00 00 00
88 00 00 A0 40 88 00 00 A0 40 88 00 00 80 3F 88
[22:13:14.778] [INFO] [s22-backup] READ 64 byte(s):
00 00 00 00 88 00 00 80 40 88 00 00 A0 40 88 00
00 00 00 88 00 00 00 00 88 00 00 F0 41 88 00 00
A0 40 88 00 00 00 00 88 00 00 00 00 88 00 00 F0
41 88 00 00 A0 40 88 00 00 00 00 88 00 00 00 00
[22:13:14.782] [INFO] [s22-backup] READ 64 byte(s):
88 00 00 F0 41 88 00 00 A0 40 88 00 00 00 00 88
00 00 00 00 88 00 00 F0 41 88 00 00 A0 40 88 00
00 00 00 88 00 00 00 00 88 00 00 F0 41 88 00 00
A0 40 88 00 00 00 00 88 00 00 00 00 88 00 00 F0
[22:13:14.785] [INFO] [s22-backup] READ 64 byte(s):
41 88 00 00 80 3F 88 00 00 00 00 88 00 00 00 00
88 00 00 00 00 88 00 00 70 41 88 00 00 00 3F 88
00 00 48 42 88 00 00 F0 40 88 00 00 00 00 88 00
00 40 40 88 00 00 D0 40 88 00 00 00 00 88 00 00
[22:13:14.790] [INFO] [s22-backup] READ 64 byte(s):
00 00 88 00 00 C0 40 88 00 00 00 00 88 00 00 70
41 88 00 00 00 3F 88 00 00 48 42 88 00 00 F0 40
88 00 00 00 00 88 00 00 70 41 88 00 00 00 3F 88
00 00 48 42 88 00 00 C8 41 88 00 00 F0 40 88 00
[22:13:14.793] [INFO] [s22-backup] READ 64 byte(s):
00 00 00 88 00 00 40 40 88 00 00 B4 43 88 00 00
F0 42 88 00 00 48 42 88 00 00 A0 40 88 00 00 80
3F 88 00 00 00 00 88 00 00 00 00 88 00 00 00 00
88 00 00 10 41 88 00 00 AF 43 88 00 00 A0 41 88
[22:13:14.796] [INFO] [s22-backup] READ 64 byte(s):
00 00 00 00 88 00 00 48 42 88 00 00 00 00 88 00
00 10 41 88 00 00 AF 43 88 00 00 A0 41 88 00 00
00 00 88 00 00 48 42 BA 6D 88 00 00 00 00 88 00
00 00 00 88 00 00 C8 C2 88 00 00 A0 41 88 00 00
[22:13:14.800] [INFO] [s22-backup] READ 64 byte(s):
70 C2 88 00 00 80 3F 88 00 00 00 00 88 00 00 00
00 88 00 00 00 00 88 00 00 A0 40 88 00 00 80 3F
88 00 00 A0 40 88 00 00 96 43 88 00 00 A0 40 88
33 33 33 3F 88 00 80 3B 44 88 00 00 A0 40 88 00
[22:13:14.805] [INFO] [s22-backup] READ 64 byte(s):
80 ED 44 88 00 00 80 3F 88 00 00 80 3F 88 00 00
A0 40 88 00 00 A0 40 88 00 00 C8 42 88 00 00 80
3F 88 00 00 00 00 88 00 00 C8 41 88 00 00 A0 40
88 00 00 00 00 88 00 00 C0 3F 88 00 00 00 00 88
[22:13:14.811] [INFO] [s22-backup] READ 64 byte(s):
00 00 80 3F 88 00 00 C0 3F 88 00 00 00 00 88 00
00 00 00 88 00 00 A0 40 88 00 00 A0 40 88 00 00
80 3F 88 00 00 00 00 88 00 00 80 40 88 00 00 A0
40 88 00 00 00 00 88 00 00 00 00 88 00 00 F0 41
[22:13:14.815] [INFO] [s22-backup] READ 64 byte(s):
88 00 00 A0 40 88 00 00 00 00 88 00 00 00 00 88
00 00 F0 41 88 00 00 A0 40 88 00 00 00 00 88 00
00 00 00 88 00 00 F0 41 88 00 00 A0 40 88 00 00
00 00 88 00 00 00 00 88 00 00 F0 41 88 00 00 A0
[22:13:14.819] [INFO] [s22-backup] READ 64 byte(s):
40 88 00 00 00 00 88 00 00 00 00 88 00 00 F0 41
88 00 00 A0 40 88 00 00 00 00 88 00 00 00 00 88
00 00 F0 41 88 00 00 80 3F 88 00 00 00 00 88 00
00 00 00 88 00 00 00 00 88 00 00 70 41 88 00 00
[22:13:14.827] [INFO] [s22-backup] READ 64 byte(s):
00 3F 88 00 00 48 42 88 00 00 F0 40 88 00 00 00
00 88 00 00 40 40 88 00 00 D0 40 88 00 00 00 00
88 00 00 00 00 88 00 00 C0 40 88 00 00 00 00 88
00 00 70 41 88 00 00 00 3F 88 00 00 48 42 88 00
[22:13:14.833] [INFO] [s22-backup] READ 64 byte(s):
00 F0 40 88 00 00 00 00 88 00 00 70 41 88 00 00
00 3F 88 00 00 48 42 88 00 00 C8 41 88 00 00 F0
40 88 00 00 00 00 88 00 00 40 40 88 00 00 B4 43
88 00 00 F0 42 88 00 00 48 42 88 00 00 A0 40 88
[22:13:14.837] [INFO] [s22-backup] READ 64 byte(s):
00 00 80 3F 88 00 00 00 00 88 00 00 00 00 88 00
00 00 00 88 00 00 10 41 88 00 00 AF 43 88 00 00
A0 41 88 00 00 00 00 88 00 00 48 42 88 00 00 00
00 88 00 00 10 41 88 00 00 AF 43 88 00 00 A0 41
[22:13:14.839] [INFO] [s22-backup] READ 64 byte(s):
88 00 00 00 00 88 00 00 48 42 BA 6D 88 00 00 00
00 88 00 00 00 00 88 00 00 C8 C2 88 00 00 A0 41
88 00 00 70 C2 88 00 00 80 3F 88 00 00 00 00 88
00 00 00 00 88 00 00 00 00 88 00 00 A0 40 88 00
[22:13:14.844] [INFO] [s22-backup] READ 64 byte(s):
00 80 3F 88 00 00 A0 40 88 00 00 96 43 88 00 00
A0 40 88 33 33 33 3F 88 00 80 3B 44 88 00 00 A0
40 88 00 80 ED 44 88 00 00 80 3F 88 00 00 80 3F
88 00 00 A0 40 88 00 00 A0 40 88 00 00 C8 42 88
[22:13:14.848] [INFO] [s22-backup] READ 64 byte(s):
00 00 80 3F 88 00 00 00 00 88 00 00 C8 41 88 00
00 A0 40 88 00 00 00 00 88 00 00 C0 3F 88 00 00
00 00 88 00 00 80 3F 88 00 00 C0 3F 88 00 00 00
00 88 00 00 00 00 88 00 00 A0 40 88 00 00 A0 40
[22:13:14.852] [INFO] [s22-backup] READ 64 byte(s):
88 00 00 80 3F 88 00 00 00 00 88 00 00 80 40 88
00 00 A0 40 88 00 00 00 00 88 00 00 00 00 88 00
00 F0 41 88 00 00 A0 40 88 00 00 00 00 88 00 00
00 00 88 00 00 F0 41 88 00 00 A0 40 88 00 00 00
[22:13:14.856] [INFO] [s22-backup] READ 64 byte(s):
00 88 00 00 00 00 88 00 00 F0 41 88 00 00 A0 40
88 00 00 00 00 88 00 00 00 00 88 00 00 F0 41 88
00 00 A0 40 88 00 00 00 00 88 00 00 00 00 88 00
00 F0 41 88 00 00 A0 40 88 00 00 00 00 88 00 00
[22:13:14.861] [INFO] [s22-backup] READ 64 byte(s):
00 00 88 00 00 F0 41 88 00 00 80 3F 88 00 00 00
00 88 00 00 00 00 88 00 00 00 00 88 00 00 70 41
88 00 00 00 3F 88 00 00 48 42 88 00 00 F0 40 88
00 00 00 00 88 00 00 40 40 88 00 00 D0 40 88 00
[22:13:14.864] [INFO] [s22-backup] READ 64 byte(s):
00 00 00 88 00 00 00 00 88 00 00 C0 40 88 00 00
00 00 88 00 00 70 41 88 00 00 00 3F 88 00 00 48
42 88 00 00 F0 40 88 00 00 00 00 88 00 00 70 41
88 00 00 00 3F 88 00 00 48 42 88 00 00 C8 41 88
[22:13:14.868] [INFO] [s22-backup] READ 64 byte(s):
00 00 F0 40 88 00 00 00 00 88 00 00 40 40 88 00
00 B4 43 88 00 00 F0 42 88 00 00 48 42 88 00 00
A0 40 88 00 00 80 3F 88 00 00 00 00 88 00 00 00
00 88 00 00 00 00 88 00 00 10 41 88 00 00 AF 43
[22:13:14.873] [INFO] [s22-backup] READ 64 byte(s):
88 00 00 A0 41 88 00 00 00 00 88 00 00 48 42 88
00 00 00 00 88 00 00 10 41 88 00 00 AF 43 88 00
00 A0 41 88 00 00 00 00 88 00 00 48 42 B9 0D B9
02 BC 21 00 20 C1 B8 32 94 F7 3A B6 BF 45 3A 3E
[22:13:14.876] [INFO] [s22-backup] READ 64 byte(s):
9B 81 3A A1 10 42 3B 80 CC B4 37 3D 13 85 BB AF
12 44 BB 99 00 B9 02 BC 0B 32 30 32 35 2D 31 32
2D 31 30 00 0A B9 02 BC 21 43 4C 45 41 4E 00 0B
3A 62 6B 47 3A 8C B3 D6 3A F2 10 08 3B 9D FB 7C
[22:13:14.881] [INFO] [s22-backup] READ 64 byte(s):
BA AB E3 7A 3B 60 90 35 37 34 05 B9 02 BC 21 4E
6F 6E 65 00 FC 3C BB 30 C2 8A 38 50 81 FA 38 0C
D7 CB BA C2 FA 16 3A B9 A0 33 BB 30 98 37 BA F8
04 B9 02 BC 21 4E 6F 6E 65 00 52 D8 37 36 DD 23
[22:13:14.884] [INFO] [s22-backup] READ 64 byte(s):
BA 2A 82 3F 3A 02 66 D5 3A 8C C9 8C B9 36 20 32
BB 42 01 4F BB 7D 5E 04 B9 02 BC 21 4E 6F 6E 65
00 57 13 BA 4C 8F 54 3A 0F 98 0D 3B 78 5C 0F 3B
11 D8 C0 3A 8C 36 21 3B 50 1A 65 3B BD 04 B9 02
[22:13:14.890] [INFO] [s22-backup] READ 64 byte(s):
BC 21 4E 6F 6E 65 00 DA 0C BB 1C 6C 4D 39 7B 77
43 3A 3F 25 27 BB 8F 22 A9 B9 9A FB 8E B8 2E 68
2A BB 14 04 B9 02 BC 21 00 E3 23 BB 9B 4A BD 3A
2C 50 78 BA C4 9F 8D BA AB 3A E4 BA FE F3 A4 BA
[22:13:14.894] [INFO] [s22-backup] READ 64 byte(s):
4A 1E 4B 3A 26 8A 8B 3A 80 00 B9 02 BC 21 00 6A
22 BA 24 FC 8A BB 18 AC 4B BA C3 D0 B6 3A 2C 07
36 3A F8 49 3C B9 5A D3 00 3B 01 48 A6 3A 24 00
B9 02 BC 21 00 55 7C 3B 49 CD 33 3B 64 EF A4 39
[22:13:14.897] [INFO] [s22-backup] READ 64 byte(s):
B4 89 76 B9 19 26 EE 3A F7 CD 2E 3B E9 DF 09 3B
9F FD 40 BA B8 00 B9 02 BC 21 00 59 DB BB 7A 76
C4 BB 90 3D 18 BC FC A5 10 BC A4 28 08 BC C6 29
4E BC BC 84 62 BC B0 DF 72 BC 8C 00 B9 02 BC 21
[22:13:14.900] [INFO] [s22-backup] READ 64 byte(s):
00 F5 70 BC 39 17 47 BC C6 CB B9 BB 76 64 04 3B
BA 79 9E 3B 20 63 B4 3B 82 C1 6E 3B 7C 7D 5D 04
3B 68 00 B9 02 BC 41 00 85 BA BB D1 3D 26 BB 75
4E 1C 3B EB 67 AC 3B 50 CC 82 3B 18 9E 7C 3B A9
[22:13:14.902] [INFO] [s22-backup] READ 45 byte(s):
38 46 BA 72 53 FF BA 99 73 0C 3B 52 0A FE 3B 75
6B FB 3B 1A CE 53 3A 93 51 54 BC B0 2A CE 38 7A
38 F5 50 61 7D 5D 00 00 72 00 9F AB 7E
[22:13:14.906] [INFO] [s22-backup] WRITE 21 byte(s):
7E B9 03 81 00 03 82 06 00 80 0B 03 B9 04 0B 01
12 00 E9 81 7E
[22:13:14.911] [INFO] [s22-backup] READ 64 byte(s):
7E B9 03 81 04 03 81 9D 08 0B B9 03 01 12 B9 04
B9 02 BC 21 48 55 47 45 20 4D 55 46 46 00 00 00
00 00 00 00 00 00 00 00 00 00 00 00 00 00 00 00
00 00 00 00 00 09 BA 02 88 00 00 00 00 88 00 00
[22:13:14.914] [INFO] [s22-backup] READ 64 byte(s):
F0 42 BA 03 BA 6D 88 00 00 00 00 88 00 00 80 3F
88 00 00 84 C2 88 00 00 A0 41 88 00 00 20 C2 88
00 00 80 3F 88 00 00 80 3F 88 00 00 80 C0 88 00
00 40 C0 88 00 00 A0 40 88 00 00 80 3F 88 00 00
[22:13:14.917] [INFO] [s22-backup] READ 64 byte(s):
A0 40 88 00 00 96 43 88 00 00 A0 40 88 33 33 33
3F 88 00 80 3B 44 88 00 00 A0 40 88 00 00 FA 44
88 00 00 80 3F 88 00 00 80 3F 88 67 66 A6 40 88
00 00 A0 40 88 00 00 C8 42 88 00 00 80 3F 88 00
[22:13:14.919] [INFO] [s22-backup] READ 64 byte(s):
00 00 40 88 00 00 C8 41 88 00 00 A0 40 88 00 00
00 00 88 00 00 C0 3F 88 00 00 00 00 88 00 00 80
3F 88 00 00 C0 3F 88 00 00 00 00 88 00 00 00 00
88 00 00 A0 40 88 00 00 A0 40 88 00 00 80 3F 88
[22:13:14.928] [INFO] [s22-backup] READ 64 byte(s):
00 00 80 3F 88 00 00 80 40 88 00 00 A0 40 88 00
00 00 00 88 00 00 00 00 88 00 00 00 00 88 00 00
A0 40 88 00 00 00 00 88 00 00 00 00 88 00 00 00
00 88 00 00 A0 40 88 00 00 00 00 88 00 00 00 00
[22:13:14.933] [INFO] [s22-backup] READ 64 byte(s):
88 00 00 00 00 88 00 00 A0 40 88 00 00 00 00 88
00 00 00 00 88 00 00 00 00 88 00 00 A0 40 88 00
00 00 00 88 00 00 00 00 88 00 00 00 00 88 00 00
A0 40 88 00 00 00 00 88 00 00 00 00 88 00 00 00
[22:13:14.940] [INFO] [s22-backup] READ 64 byte(s):
00 88 00 00 80 3F 88 00 00 00 00 88 00 00 00 00
88 00 00 00 00 88 00 00 70 41 88 00 00 00 3F 88
00 00 48 42 88 00 00 F0 40 88 00 00 00 00 88 00
00 40 40 88 00 00 D0 40 88 00 00 00 00 88 00 00
[22:13:14.945] [INFO] [s22-backup] READ 64 byte(s):
00 00 88 00 00 C0 40 88 00 00 00 00 88 00 00 70
41 88 00 00 00 3F 88 00 00 48 42 88 00 00 F0 40
88 00 00 00 00 88 00 00 70 41 88 00 00 00 3F 88
00 00 48 42 88 00 00 C8 41 88 00 00 F0 40 88 00
[22:13:14.949] [INFO] [s22-backup] READ 64 byte(s):
00 00 00 88 00 00 40 40 88 00 00 B4 43 88 00 00
F0 42 88 00 00 48 42 88 00 00 A0 40 88 00 00 80
3F 88 00 00 00 00 88 00 00 00 00 88 00 00 00 00
88 00 00 10 41 88 00 00 AF 43 88 00 00 A0 41 88
[22:13:14.957] [INFO] [s22-backup] READ 64 byte(s):
00 00 00 00 88 00 00 48 42 88 00 00 00 00 88 00
00 10 41 88 00 00 AF 43 88 00 00 A0 41 88 00 00
00 00 88 00 00 48 42 BA 6D 88 00 00 00 00 88 00
00 00 00 88 00 00 C8 C2 88 00 00 A0 41 88 00 00
[22:13:14.966] [INFO] [s22-backup] READ 64 byte(s):
70 C2 88 00 00 80 3F 88 00 00 00 00 88 00 00 00
00 88 00 00 00 00 88 00 00 A0 40 88 00 00 80 3F
88 00 00 A0 40 88 00 00 96 43 88 00 00 A0 40 88
33 33 33 3F 88 00 80 3B 44 88 00 00 A0 40 88 00
[22:13:14.968] [INFO] [s22-backup] READ 64 byte(s):
80 ED 44 88 00 00 80 3F 88 00 00 80 3F 88 00 00
A0 40 88 00 00 A0 40 88 00 00 C8 42 88 00 00 80
3F 88 00 00 00 00 88 00 00 C8 41 88 00 00 A0 40
88 00 00 00 00 88 00 00 C0 3F 88 00 00 00 00 88
[22:13:14.971] [INFO] [s22-backup] READ 64 byte(s):
00 00 80 3F 88 00 00 C0 3F 88 00 00 00 00 88 00
00 00 00 88 00 00 A0 40 88 00 00 A0 40 88 00 00
80 3F 88 00 00 00 00 88 00 00 80 40 88 00 00 A0
40 88 00 00 00 00 88 00 00 00 00 88 00 00 00 00
[22:13:14.973] [INFO] [s22-backup] READ 64 byte(s):
88 00 00 A0 40 88 00 00 00 00 88 00 00 00 00 88
00 00 00 00 88 00 00 A0 40 88 00 00 00 00 88 00
00 00 00 88 00 00 00 00 88 00 00 A0 40 88 00 00
00 00 88 00 00 00 00 88 00 00 00 00 88 00 00 A0
[22:13:14.975] [INFO] [s22-backup] READ 64 byte(s):
40 88 00 00 00 00 88 00 00 00 00 88 00 00 00 00
88 00 00 A0 40 88 00 00 00 00 88 00 00 00 00 88
00 00 00 00 88 00 00 80 3F 88 00 00 00 00 88 00
00 00 00 88 00 00 00 00 88 00 00 70 41 88 00 00
[22:13:14.978] [INFO] [s22-backup] READ 64 byte(s):
00 3F 88 00 00 48 42 88 00 00 F0 40 88 00 00 00
00 88 00 00 40 40 88 00 00 D0 40 88 00 00 00 00
88 00 00 00 00 88 00 00 C0 40 88 00 00 00 00 88
00 00 70 41 88 00 00 00 3F 88 00 00 48 42 88 00
[22:13:14.982] [INFO] [s22-backup] READ 64 byte(s):
00 F0 40 88 00 00 00 00 88 00 00 70 41 88 00 00
00 3F 88 00 00 48 42 88 00 00 C8 41 88 00 00 F0
40 88 00 00 00 00 88 00 00 40 40 88 00 00 B4 43
88 00 00 F0 42 88 00 00 48 42 88 00 00 A0 40 88
[22:13:14.991] [INFO] [s22-backup] READ 64 byte(s):
00 00 80 3F 88 00 00 00 00 88 00 00 00 00 88 00
00 00 00 88 00 00 10 41 88 00 00 AF 43 88 00 00
A0 41 88 00 00 00 00 88 00 00 48 42 88 00 00 00
00 88 00 00 10 41 88 00 00 AF 43 88 00 00 A0 41
[22:13:14.996] [INFO] [s22-backup] READ 64 byte(s):
88 00 00 00 00 88 00 00 48 42 BA 6D 88 00 00 00
00 88 00 00 00 00 88 00 00 C8 C2 88 00 00 A0 41
88 00 00 70 C2 88 00 00 80 3F 88 00 00 00 00 88
00 00 00 00 88 00 00 00 00 88 00 00 A0 40 88 00
[22:13:14.999] [INFO] [s22-backup] READ 64 byte(s):
00 80 3F 88 00 00 A0 40 88 00 00 96 43 88 00 00
A0 40 88 33 33 33 3F 88 00 80 3B 44 88 00 00 A0
40 88 00 80 ED 44 88 00 00 80 3F 88 00 00 80 3F
88 00 00 A0 40 88 00 00 A0 40 88 00 00 C8 42 88
[22:13:15.000] [INFO] [s22-backup] READ 64 byte(s):
00 00 80 3F 88 00 00 00 00 88 00 00 C8 41 88 00
00 A0 40 88 00 00 00 00 88 00 00 C0 3F 88 00 00
00 00 88 00 00 80 3F 88 00 00 C0 3F 88 00 00 00
00 88 00 00 00 00 88 00 00 A0 40 88 00 00 A0 40
[22:13:15.004] [INFO] [s22-backup] READ 64 byte(s):
88 00 00 80 3F 88 00 00 00 00 88 00 00 80 40 88
00 00 A0 40 88 00 00 00 00 88 00 00 00 00 88 00
00 00 00 88 00 00 A0 40 88 00 00 00 00 88 00 00
00 00 88 00 00 00 00 88 00 00 A0 40 88 00 00 00
[22:13:15.008] [INFO] [s22-backup] READ 64 byte(s):
00 88 00 00 00 00 88 00 00 00 00 88 00 00 A0 40
88 00 00 00 00 88 00 00 00 00 88 00 00 00 00 88
00 00 A0 40 88 00 00 00 00 88 00 00 00 00 88 00
00 00 00 88 00 00 A0 40 88 00 00 00 00 88 00 00
[22:13:15.010] [INFO] [s22-backup] READ 64 byte(s):
00 00 88 00 00 00 00 88 00 00 80 3F 88 00 00 00
00 88 00 00 00 00 88 00 00 00 00 88 00 00 70 41
88 00 00 00 3F 88 00 00 48 42 88 00 00 F0 40 88
00 00 00 00 88 00 00 40 40 88 00 00 D0 40 88 00
[22:13:15.012] [INFO] [s22-backup] READ 64 byte(s):
00 00 00 88 00 00 00 00 88 00 00 C0 40 88 00 00
00 00 88 00 00 70 41 88 00 00 00 3F 88 00 00 48
42 88 00 00 F0 40 88 00 00 00 00 88 00 00 70 41
88 00 00 00 3F 88 00 00 48 42 88 00 00 C8 41 88
[22:13:15.014] [INFO] [s22-backup] READ 64 byte(s):
00 00 F0 40 88 00 00 00 00 88 00 00 40 40 88 00
00 B4 43 88 00 00 F0 42 88 00 00 48 42 88 00 00
A0 40 88 00 00 80 3F 88 00 00 00 00 88 00 00 00
00 88 00 00 00 00 88 00 00 10 41 88 00 00 AF 43
[22:13:15.021] [INFO] [s22-backup] READ 64 byte(s):
88 00 00 A0 41 88 00 00 00 00 88 00 00 48 42 88
00 00 00 00 88 00 00 10 41 88 00 00 AF 43 88 00
00 A0 41 88 00 00 00 00 88 00 00 48 42 B9 0D B9
02 BC 21 00 36 C2 3B 5F CB A0 3A B0 B4 87 BA E0
[22:13:15.026] [INFO] [s22-backup] READ 64 byte(s):
38 42 3C F2 9A 19 3C 89 37 BA 3B DC F4 91 BA D6
E1 0B BB E3 00 B9 02 BC 0B 32 30 32 34 2D 30 33
2D 32 32 00 0A B9 02 BC 21 53 54 4F 4D 50 20 2D
20 46 55 5A 5A 00 A1 37 3C 3E B2 D6 3A E2 58 A8
[22:13:15.028] [INFO] [s22-backup] READ 64 byte(s):
3B 67 FA 89 BB B8 78 06 BB E0 0C B9 02 BC 21 45
6C 65 63 74 72 69 63 20 47 75 69 74 61 72 00 CB
1D 49 3B FC 17 10 3B 08 61 19 3B 18 3A 2E BA F2
0F B9 02 BC 21 53 6F 6C 69 64 20 42 6F 64 79 00
[22:13:15.030] [INFO] [s22-backup] READ 64 byte(s):
3A 65 9E 9A 3B B8 2C B2 BA A7 B8 60 3B E0 31 84
BB 28 0E C0 BA 54 0A B9 02 BC 21 00 1A DE BA 88
E6 C2 BA 44 EB F1 BB 8E 8B 69 BA 5F 50 EC 3B 61
63 A7 BA A7 94 4A 3B 73 79 2E 3A 0C 00 B9 02 BC
[22:13:15.033] [INFO] [s22-backup] READ 64 byte(s):
21 00 A7 2C BC DC A6 17 BC A4 A4 F5 3B 70 1C 9E
3B 0E 8C C4 3B 74 40 09 3B D4 AF 8D BC 50 B9 6C
BB F9 00 B9 02 BC 21 00 8B D2 BB 7A 5C 62 BC 71
B6 3F BC 56 4E 29 3C 51 12 B2 3B 2D 18 D6 BB C7
[22:13:15.036] [INFO] [s22-backup] READ 64 byte(s):
6E A5 3B 2E 2A 1E BC D6 00 B9 02 BC 21 00 A3 0A
BC 2E 81 24 39 17 12 BC 3B F9 02 C1 BB 9D D9 84
3B 02 F9 B0 3B A8 DA 04 BC 67 60 98 BC 05 00 B9
02 BC 21 00 18 90 3B 7F 6D A7 3C 4B F3 73 BB 6F
[22:13:15.037] [INFO] [s22-backup] READ 64 byte(s):
12 E7 3B EC 96 1A BC F3 05 1D BC F6 95 5C 3B DD
41 94 BA 91 00 B9 02 BC 21 00 78 F8 3B 93 64 2C
BC 76 69 23 3B C0 7A BD BB 5A F5 F1 39 7B 61 8D
3B FE 8A B6 BC 77 F8 6A BC 97 00 B9 02 BC 21 00
[22:13:15.040] [INFO] [s22-backup] READ 64 byte(s):
3D C9 3B C8 2A 0C BC 09 60 47 BC B5 82 0F 3C 20
EF 0F BB 4C 9C 6E BC E8 EC 1C BB 48 9E 11 BC 84
00 B9 02 BC 41 49 4B 20 4D 75 6C 74 69 6D 65 64
69 61 20 50 72 65 6D 69 75 6D 20 50 72 65 73 65
[22:13:15.042] [INFO] [s22-backup] READ 42 byte(s):
74 00 BC B1 BC 3F 40 3B 3B 58 CD 88 BC AC 62 05
BC 7C 14 28 BC E0 E4 2F E3 0B 00 00 00 12 00 00
00 00 00 00 00 10 1C C9 8D 7E
[22:13:15.045] [INFO] [s22-backup] WRITE 21 byte(s):
7E B9 03 81 00 03 82 06 00 80 0B 03 B9 04 0B 01
13 00 31 98 7E
[22:13:15.051] [INFO] [s22-backup] READ 64 byte(s):
7E B9 03 81 04 03 81 9D 08 0B B9 03 01 13 B9 04
B9 02 BC 21 41 6C 6C 20 41 72 6F 75 6E 64 20 44
72 69 76 65 00 00 00 00 00 00 00 00 00 00 00 00
00 00 00 00 00 10 BA 02 88 00 00 00 00 88 00 00
[22:13:15.057] [INFO] [s22-backup] READ 64 byte(s):
F0 42 BA 03 BA 6D 88 00 00 00 00 88 00 00 80 3F
88 00 00 C8 C2 88 00 00 A0 41 88 00 00 70 C2 88
00 00 80 3F 88 00 00 80 3F 88 00 00 98 C1 88 00
00 80 3F 88 00 00 A0 40 88 00 00 80 3F 88 00 00
[22:13:15.061] [INFO] [s22-backup] READ 64 byte(s):
A0 40 88 00 00 96 43 88 00 00 A0 40 88 33 33 33
3F 88 00 80 3B 44 88 00 00 A0 40 88 00 80 ED 44
88 00 00 80 3F 88 00 00 00 00 88 67 66 D6 40 88
00 00 A0 40 88 00 00 C8 42 88 00 00 80 3F 88 00
[22:13:15.066] [INFO] [s22-backup] READ 64 byte(s):
00 00 00 88 00 00 C8 41 88 00 00 A0 40 88 00 00
00 00 88 00 00 C0 3F 88 00 00 00 00 88 00 00 80
3F 88 00 00 C0 3F 88 00 00 00 00 88 00 00 00 00
88 00 00 A0 40 88 00 00 A0 40 88 00 00 80 3F 88
[22:13:15.069] [INFO] [s22-backup] READ 64 byte(s):
00 00 80 3F 88 00 00 80 40 88 00 00 A0 40 88 00
00 00 00 88 00 00 00 00 88 00 00 F0 41 88 00 00
A0 40 88 00 00 00 00 88 00 00 00 00 88 00 00 F0
41 88 00 00 A0 40 88 00 00 00 00 88 00 00 00 00
[22:13:15.080] [INFO] [s22-backup] READ 64 byte(s):
88 00 00 F0 41 88 00 00 A0 40 88 00 00 00 00 88
00 00 00 00 88 00 00 F0 41 88 00 00 A0 40 88 00
00 00 00 88 00 00 00 00 88 00 00 00 00 88 00 00
A0 40 88 00 00 00 00 88 00 00 00 00 88 00 00 F0
[22:13:15.085] [INFO] [s22-backup] READ 64 byte(s):
41 88 00 00 80 3F 88 00 00 00 00 88 00 00 00 00
88 00 00 00 00 88 00 00 70 41 88 00 00 00 3F 88
00 00 48 42 88 00 00 F0 40 88 00 00 00 00 88 00
00 40 40 88 00 00 D0 40 88 00 00 00 00 88 00 00
[22:13:15.089] [INFO] [s22-backup] READ 64 byte(s):
00 00 88 00 00 C0 40 88 00 00 00 00 88 00 00 70
41 88 00 00 00 3F 88 00 00 48 42 88 00 00 F0 40
88 00 00 00 00 88 00 00 70 41 88 00 00 00 3F 88
00 00 48 42 88 00 00 C8 41 88 00 00 F0 40 88 00
[22:13:15.094] [INFO] [s22-backup] READ 64 byte(s):
00 00 00 88 00 00 40 40 88 00 00 B4 43 88 00 00
F0 42 88 00 00 48 42 88 00 00 A0 40 88 00 00 80
3F 88 00 00 00 00 88 00 00 00 00 88 00 00 00 00
88 00 00 10 41 88 00 00 AF 43 88 00 00 A0 41 88
[22:13:15.098] [INFO] [s22-backup] READ 64 byte(s):
00 00 00 00 88 00 00 48 42 88 00 00 00 00 88 00
00 10 41 88 00 00 AF 43 88 00 00 A0 41 88 00 00
00 00 88 00 00 48 42 BA 6D 88 00 00 00 00 88 00
00 00 00 88 00 00 C8 C2 88 00 00 A0 41 88 00 00
[22:13:15.107] [INFO] [s22-backup] READ 64 byte(s):
70 C2 88 00 00 80 3F 88 00 00 00 00 88 00 00 00
00 88 00 00 00 00 88 00 00 A0 40 88 00 00 80 3F
88 00 00 A0 40 88 00 00 96 43 88 00 00 A0 40 88
33 33 33 3F 88 00 80 3B 44 88 00 00 A0 40 88 00
[22:13:15.111] [INFO] [s22-backup] READ 64 byte(s):
80 ED 44 88 00 00 80 3F 88 00 00 00 00 88 00 00
A0 40 88 00 00 A0 40 88 00 00 C8 42 88 00 00 80
3F 88 00 00 00 00 88 00 00 C8 41 88 00 00 A0 40
88 00 00 00 00 88 00 00 C0 3F 88 00 00 00 00 88
[22:13:15.117] [INFO] [s22-backup] READ 64 byte(s):
00 00 80 3F 88 00 00 C0 3F 88 00 00 00 00 88 00
00 00 00 88 00 00 A0 40 88 00 00 A0 40 88 00 00
80 3F 88 00 00 00 00 88 00 00 80 40 88 00 00 A0
40 88 00 00 00 00 88 00 00 00 00 88 00 00 F0 41
[22:13:15.122] [INFO] [s22-backup] READ 64 byte(s):
88 00 00 A0 40 88 00 00 00 00 88 00 00 00 00 88
00 00 F0 41 88 00 00 A0 40 88 00 00 00 00 88 00
00 00 00 88 00 00 F0 41 88 00 00 A0 40 88 00 00
00 00 88 00 00 00 00 88 00 00 F0 41 88 00 00 A0
[22:13:15.128] [INFO] [s22-backup] READ 64 byte(s):
40 88 00 00 00 00 88 00 00 00 00 88 00 00 F0 41
88 00 00 A0 40 88 00 00 00 00 88 00 00 00 00 88
00 00 F0 41 88 00 00 80 3F 88 00 00 00 00 88 00
00 00 00 88 00 00 00 00 88 00 00 70 41 88 00 00
[22:13:15.189] [INFO] [s22-backup] READ 64 byte(s):
00 3F 88 00 00 48 42 88 00 00 F0 40 88 00 00 00
00 88 00 00 40 40 88 00 00 D0 40 88 00 00 00 00
88 00 00 00 00 88 00 00 C0 40 88 00 00 00 00 88
00 00 70 41 88 00 00 00 3F 88 00 00 48 42 88 00
[22:13:15.193] [INFO] [s22-backup] READ 64 byte(s):
00 F0 40 88 00 00 00 00 88 00 00 70 41 88 00 00
00 3F 88 00 00 48 42 88 00 00 C8 41 88 00 00 F0
40 88 00 00 00 00 88 00 00 40 40 88 00 00 B4 43
88 00 00 F0 42 88 00 00 48 42 88 00 00 A0 40 88
[22:13:15.198] [INFO] [s22-backup] READ 64 byte(s):
00 00 80 3F 88 00 00 00 00 88 00 00 00 00 88 00
00 00 00 88 00 00 10 41 88 00 00 AF 43 88 00 00
A0 41 88 00 00 00 00 88 00 00 48 42 88 00 00 00
00 88 00 00 10 41 88 00 00 AF 43 88 00 00 A0 41
[22:13:15.203] [INFO] [s22-backup] READ 64 byte(s):
88 00 00 00 00 88 00 00 48 42 BA 6D 88 00 00 00
00 88 00 00 00 00 88 00 00 C8 C2 88 00 00 A0 41
88 00 00 70 C2 88 00 00 80 3F 88 00 00 00 00 88
00 00 00 00 88 00 00 00 00 88 00 00 A0 40 88 00
[22:13:15.207] [INFO] [s22-backup] READ 64 byte(s):
00 80 3F 88 00 00 A0 40 88 00 00 96 43 88 00 00
A0 40 88 33 33 33 3F 88 00 80 3B 44 88 00 00 A0
40 88 00 80 ED 44 88 00 00 80 3F 88 00 00 00 00
88 00 00 A0 40 88 00 00 A0 40 88 00 00 C8 42 88
[22:13:15.212] [INFO] [s22-backup] READ 64 byte(s):
00 00 80 3F 88 00 00 00 00 88 00 00 C8 41 88 00
00 A0 40 88 00 00 00 00 88 00 00 C0 3F 88 00 00
00 00 88 00 00 80 3F 88 00 00 C0 3F 88 00 00 00
00 88 00 00 00 00 88 00 00 A0 40 88 00 00 A0 40
[22:13:15.216] [INFO] [s22-backup] READ 64 byte(s):
88 00 00 80 3F 88 00 00 00 00 88 00 00 80 40 88
00 00 A0 40 88 00 00 00 00 88 00 00 00 00 88 00
00 F0 41 88 00 00 A0 40 88 00 00 00 00 88 00 00
00 00 88 00 00 F0 41 88 00 00 A0 40 88 00 00 00
[22:13:15.219] [INFO] [s22-backup] READ 64 byte(s):
00 88 00 00 00 00 88 00 00 F0 41 88 00 00 A0 40
88 00 00 00 00 88 00 00 00 00 88 00 00 F0 41 88
00 00 A0 40 88 00 00 00 00 88 00 00 00 00 88 00
00 F0 41 88 00 00 A0 40 88 00 00 00 00 88 00 00
[22:13:15.221] [INFO] [s22-backup] READ 64 byte(s):
00 00 88 00 00 F0 41 88 00 00 80 3F 88 00 00 00
00 88 00 00 00 00 88 00 00 00 00 88 00 00 70 41
88 00 00 00 3F 88 00 00 48 42 88 00 00 F0 40 88
00 00 00 00 88 00 00 40 40 88 00 00 D0 40 88 00
[22:13:15.224] [INFO] [s22-backup] READ 64 byte(s):
00 00 00 88 00 00 00 00 88 00 00 C0 40 88 00 00
00 00 88 00 00 70 41 88 00 00 00 3F 88 00 00 48
42 88 00 00 F0 40 88 00 00 00 00 88 00 00 70 41
88 00 00 00 3F 88 00 00 48 42 88 00 00 C8 41 88
[22:13:15.225] [INFO] [s22-backup] READ 64 byte(s):
00 00 F0 40 88 00 00 00 00 88 00 00 40 40 88 00
00 B4 43 88 00 00 F0 42 88 00 00 48 42 88 00 00
A0 40 88 00 00 80 3F 88 00 00 00 00 88 00 00 00
00 88 00 00 00 00 88 00 00 10 41 88 00 00 AF 43
[22:13:15.226] [INFO] [s22-backup] READ 64 byte(s):
88 00 00 A0 41 88 00 00 00 00 88 00 00 48 42 88
00 00 00 00 88 00 00 10 41 88 00 00 AF 43 88 00
00 A0 41 88 00 00 00 00 88 00 00 48 42 B9 0D B9
02 BC 21 00 E7 74 BA B4 6C 0B 3B B2 E9 95 BC 65
[22:13:15.229] [INFO] [s22-backup] READ 64 byte(s):
22 01 BD 06 44 B4 BC 03 F2 B4 BC 58 DC EA 3A F5
D1 6A 3B 1F 00 B9 02 BC 0B 32 30 32 36 2D 30 31
2D 30 34 00 0A B9 02 BC 21 44 52 49 56 45 00 B4
BC FA 91 D5 BC 16 9F AD BC 32 FF 1F BC B7 FC 30
[22:13:15.231] [INFO] [s22-backup] READ 64 byte(s):
BA 02 5D AB BC 66 38 52 BD 6E 05 B9 02 BC 21 4E
6F 6E 65 00 9D B0 BC 60 23 EA BC 30 A0 4E BD 84
43 48 BD 32 D7 4E BD F9 5E 22 BD 13 AE BB BC CF
04 B9 02 BC 21 4E 6F 6E 65 00 79 42 BD 80 1F 25
[22:13:15.233] [INFO] [s22-backup] READ 64 byte(s):
BD A5 9A AA B9 1D 55 F4 3B 1A BE 82 BC 97 3A 25
BD 36 19 EC BC FF 04 B9 02 BC 21 4E 6F 6E 65 00
C1 FD BB B4 6F 1E 3C D7 5E 22 BA E8 89 0A BC E7
84 9D BA 01 A4 48 3C 07 7F F4 3C CA 04 B9 02 BC
[22:13:15.235] [INFO] [s22-backup] READ 64 byte(s):
21 4E 6F 6E 65 00 DD DC BB FF 64 55 3C 66 55 82
BB 61 38 B7 BC 7A 4D 90 BC 21 68 73 BB E9 CA 0A
BC A6 04 B9 02 BC 21 00 52 89 BC 28 5D A0 BB B5
2A 7D 5D BC 58 8F 39 BC A5 6F D0 B7 D9 12 AC B9
[22:13:15.238] [INFO] [s22-backup] READ 64 byte(s):
91 48 41 BC AF 82 02 BD 50 00 B9 02 BC 21 00 3E
6C BC 86 03 17 BD F0 DE 13 BD 13 2E 26 BC 9D 9A
C6 BB 75 50 32 BC 49 5E 00 BD 88 42 FC BC CF 00
B9 02 BC 21 00 4E 92 BC E4 9F 1A BB 96 01 5A 3C
[22:13:15.240] [INFO] [s22-backup] READ 64 byte(s):
B1 BC 00 BC 4E E8 CA BC EA ED 21 BD 9A 34 73 BC
77 CE 01 3C 4C 00 B9 02 BC 21 00 E3 81 BC 9D 44
2C 3C CE 21 19 3C F8 B9 01 3C 0E 2A A4 BB F1 EB
AB BB 9C 13 EE 3B 09 5E 88 3C A6 00 B9 02 BC 21
[22:13:15.241] [INFO] [s22-backup] READ 64 byte(s):
00 B9 92 3C 85 D0 67 BB 81 8C 0A BC F3 0F AB 3C
27 23 54 3D E5 33 81 3D 55 C5 05 3D 88 1C 4A 3C
0B 00 B9 02 BC 41 00 BF B1 3D DC C1 7A 3D 77 F9
C6 3C 84 38 C4 3C 6B 81 25 3D 82 71 46 3D ED 63
[22:13:15.243] [INFO] [s22-backup] READ 43 byte(s):
A0 3D 17 38 DA 3D C2 5D BC 3D 65 D0 31 3D 4D 48
14 3C C6 DE 71 BD 01 1C 80 BD 90 E5 01 3F 51 BE
63 B5 7A 25 00 00 72 00 5E 91 7E
[22:13:15.247] [INFO] [s22-backup] WRITE 21 byte(s):
7E B9 03 81 00 03 82 06 00 80 0B 03 B9 04 0B 01
00 00 C8 27 7E
[22:13:15.252] [INFO] [s22-backup] READ 64 byte(s):
7E B9 03 81 04 03 81 9D 08 0B B9 03 01 00 B9 04
B9 02 BC 21 4D 6F 64 65 72 6E 20 54 72 69 70 6C
65 00 00 00 00 00 00 00 00 00 00 00 00 00 00 00
00 00 00 00 00 0D BA 02 88 00 00 00 00 88 00 00
[22:13:15.256] [INFO] [s22-backup] READ 64 byte(s):
F0 42 BA 03 BA 6D 88 00 00 00 00 88 00 00 00 00
88 00 00 C8 C2 88 00 00 A0 41 88 00 00 70 C2 88
00 00 80 3F 88 00 00 00 00 88 00 00 00 00 88 00
00 00 00 88 00 00 A0 40 88 00 00 80 3F 88 00 00
[22:13:15.258] [INFO] [s22-backup] READ 64 byte(s):
A0 40 88 00 00 96 43 88 00 00 A0 40 88 33 33 33
3F 88 00 80 3B 44 88 00 00 A0 40 88 00 80 ED 44
88 00 00 80 3F 88 00 00 00 00 88 CD CC AC 40 88
00 00 E0 40 88 00 00 C8 42 88 00 00 80 3F 88 00
[22:13:15.260] [INFO] [s22-backup] READ 64 byte(s):
00 00 00 88 00 00 C8 41 88 00 00 A0 40 88 00 00
00 00 88 00 00 C0 3F 88 00 00 00 00 88 00 00 80
3F 88 00 00 C0 3F 88 00 00 00 00 88 00 00 00 00
88 00 00 A0 40 88 00 00 A0 40 88 00 00 80 3F 88
[22:13:15.264] [INFO] [s22-backup] READ 64 byte(s):
00 00 00 00 88 00 00 80 40 88 00 00 A0 40 88 00
00 00 00 88 00 00 00 00 88 00 00 F0 41 88 00 00
A0 40 88 00 00 00 00 88 00 00 00 00 88 00 00 F0
41 88 00 00 A0 40 88 00 00 00 00 88 00 00 00 00
[22:13:15.266] [INFO] [s22-backup] READ 64 byte(s):
88 00 00 F0 41 88 00 00 A0 40 88 00 00 00 00 88
00 00 00 00 88 00 00 F0 41 88 00 00 A0 40 88 00
00 00 00 88 00 00 00 00 88 00 00 F0 41 88 00 00
A0 40 88 00 00 00 00 88 00 00 00 00 88 00 00 F0
[22:13:15.268] [INFO] [s22-backup] READ 64 byte(s):
41 88 00 00 80 3F 88 00 00 00 00 88 00 00 00 00
88 00 00 00 00 88 00 00 70 41 88 00 00 00 3F 88
00 00 48 42 88 00 00 F0 40 88 00 00 00 00 88 00
00 40 40 88 00 00 D0 40 88 00 00 00 00 88 00 00
[22:13:15.273] [INFO] [s22-backup] READ 64 byte(s):
00 00 88 00 00 C0 40 88 00 00 00 00 88 00 00 70
41 88 00 00 00 3F 88 00 00 48 42 88 00 00 F0 40
88 00 00 00 00 88 00 00 70 41 88 00 00 00 3F 88
00 00 48 42 88 00 00 C8 41 88 00 00 F0 40 88 00
[22:13:15.275] [INFO] [s22-backup] READ 64 byte(s):
00 00 00 88 00 00 40 40 88 00 00 B4 43 88 00 00
F0 42 88 00 00 48 42 88 00 00 A0 40 88 00 00 80
3F 88 00 00 00 00 88 00 00 00 00 88 00 00 00 00
88 00 00 10 41 88 00 00 AF 43 88 00 00 A0 41 88
[22:13:15.277] [INFO] [s22-backup] READ 64 byte(s):
00 00 00 00 88 00 00 48 42 88 00 00 00 00 88 00
00 10 41 88 00 00 AF 43 88 00 00 A0 41 88 00 00
00 00 88 00 00 48 42 BA 6D 88 00 00 00 00 88 00
00 00 00 88 00 00 C8 C2 88 00 00 A0 41 88 00 00
[22:13:15.279] [INFO] [s22-backup] READ 64 byte(s):
70 C2 88 00 00 80 3F 88 00 00 00 00 88 00 00 00
00 88 00 00 00 00 88 00 00 A0 40 88 00 00 80 3F
88 00 00 A0 40 88 00 00 96 43 88 00 00 A0 40 88
33 33 33 3F 88 00 80 3B 44 88 00 00 A0 40 88 00
[22:13:15.280] [INFO] [s22-backup] READ 64 byte(s):
80 ED 44 88 00 00 80 3F 88 00 00 00 00 88 00 00
A0 40 88 00 00 A0 40 88 00 00 C8 42 88 00 00 80
3F 88 00 00 00 00 88 00 00 C8 41 88 00 00 A0 40
88 00 00 00 00 88 00 00 C0 3F 88 00 00 00 00 88
[22:13:15.282] [INFO] [s22-backup] READ 64 byte(s):
00 00 80 3F 88 00 00 C0 3F 88 00 00 00 00 88 00
00 00 00 88 00 00 A0 40 88 00 00 A0 40 88 00 00
80 3F 88 00 00 00 00 88 00 00 80 40 88 00 00 A0
40 88 00 00 00 00 88 00 00 00 00 88 00 00 F0 41
[22:13:15.284] [INFO] [s22-backup] READ 64 byte(s):
88 00 00 A0 40 88 00 00 00 00 88 00 00 00 00 88
00 00 F0 41 88 00 00 A0 40 88 00 00 00 00 88 00
00 00 00 88 00 00 F0 41 88 00 00 A0 40 88 00 00
00 00 88 00 00 00 00 88 00 00 F0 41 88 00 00 A0
[22:13:15.289] [INFO] [s22-backup] READ 64 byte(s):
40 88 00 00 00 00 88 00 00 00 00 88 00 00 F0 41
88 00 00 A0 40 88 00 00 00 00 88 00 00 00 00 88
00 00 F0 41 88 00 00 80 3F 88 00 00 00 00 88 00
00 00 00 88 00 00 00 00 88 00 00 70 41 88 00 00
[22:13:15.293] [INFO] [s22-backup] READ 64 byte(s):
00 3F 88 00 00 48 42 88 00 00 F0 40 88 00 00 00
00 88 00 00 40 40 88 00 00 D0 40 88 00 00 00 00
88 00 00 00 00 88 00 00 C0 40 88 00 00 00 00 88
00 00 70 41 88 00 00 00 3F 88 00 00 48 42 88 00
[22:13:15.296] [INFO] [s22-backup] READ 64 byte(s):
00 F0 40 88 00 00 00 00 88 00 00 70 41 88 00 00
00 3F 88 00 00 48 42 88 00 00 C8 41 88 00 00 F0
40 88 00 00 00 00 88 00 00 40 40 88 00 00 B4 43
88 00 00 F0 42 88 00 00 48 42 88 00 00 A0 40 88
[22:13:15.298] [INFO] [s22-backup] READ 64 byte(s):
00 00 80 3F 88 00 00 00 00 88 00 00 00 00 88 00
00 00 00 88 00 00 10 41 88 00 00 AF 43 88 00 00
A0 41 88 00 00 00 00 88 00 00 48 42 88 00 00 00
00 88 00 00 10 41 88 00 00 AF 43 88 00 00 A0 41
[22:13:15.301] [INFO] [s22-backup] READ 64 byte(s):
88 00 00 00 00 88 00 00 48 42 BA 6D 88 00 00 00
00 88 00 00 00 00 88 00 00 C8 C2 88 00 00 A0 41
88 00 00 70 C2 88 00 00 80 3F 88 00 00 00 00 88
00 00 00 00 88 00 00 00 00 88 00 00 A0 40 88 00
[22:13:15.306] [INFO] [s22-backup] READ 64 byte(s):
00 80 3F 88 00 00 A0 40 88 00 00 96 43 88 00 00
A0 40 88 33 33 33 3F 88 00 80 3B 44 88 00 00 A0
40 88 00 80 ED 44 88 00 00 80 3F 88 00 00 00 00
88 00 00 A0 40 88 00 00 A0 40 88 00 00 C8 42 88
[22:13:15.309] [INFO] [s22-backup] READ 64 byte(s):
00 00 80 3F 88 00 00 00 00 88 00 00 C8 41 88 00
00 A0 40 88 00 00 00 00 88 00 00 C0 3F 88 00 00
00 00 88 00 00 80 3F 88 00 00 C0 3F 88 00 00 00
00 88 00 00 00 00 88 00 00 A0 40 88 00 00 A0 40
[22:13:15.311] [INFO] [s22-backup] READ 64 byte(s):
88 00 00 80 3F 88 00 00 00 00 88 00 00 80 40 88
00 00 A0 40 88 00 00 00 00 88 00 00 00 00 88 00
00 F0 41 88 00 00 A0 40 88 00 00 00 00 88 00 00
00 00 88 00 00 F0 41 88 00 00 A0 40 88 00 00 00
[22:13:15.314] [INFO] [s22-backup] READ 64 byte(s):
00 88 00 00 00 00 88 00 00 F0 41 88 00 00 A0 40
88 00 00 00 00 88 00 00 00 00 88 00 00 F0 41 88
00 00 A0 40 88 00 00 00 00 88 00 00 00 00 88 00
00 F0 41 88 00 00 A0 40 88 00 00 00 00 88 00 00
[22:13:15.315] [INFO] [s22-backup] READ 64 byte(s):
00 00 88 00 00 F0 41 88 00 00 80 3F 88 00 00 00
00 88 00 00 00 00 88 00 00 00 00 88 00 00 70 41
88 00 00 00 3F 88 00 00 48 42 88 00 00 F0 40 88
00 00 00 00 88 00 00 40 40 88 00 00 D0 40 88 00
[22:13:15.317] [INFO] [s22-backup] READ 64 byte(s):
00 00 00 88 00 00 00 00 88 00 00 C0 40 88 00 00
00 00 88 00 00 70 41 88 00 00 00 3F 88 00 00 48
42 88 00 00 F0 40 88 00 00 00 00 88 00 00 70 41
88 00 00 00 3F 88 00 00 48 42 88 00 00 C8 41 88
[22:13:15.320] [INFO] [s22-backup] READ 64 byte(s):
00 00 F0 40 88 00 00 00 00 88 00 00 40 40 88 00
00 B4 43 88 00 00 F0 42 88 00 00 48 42 88 00 00
A0 40 88 00 00 80 3F 88 00 00 00 00 88 00 00 00
00 88 00 00 00 00 88 00 00 10 41 88 00 00 AF 43
[22:13:15.322] [INFO] [s22-backup] READ 64 byte(s):
88 00 00 A0 41 88 00 00 00 00 88 00 00 48 42 88
00 00 00 00 88 00 00 10 41 88 00 00 AF 43 88 00
00 A0 41 88 00 00 00 00 88 00 00 48 42 B9 0D B9
02 BC 21 00 6B 01 BC DE C0 C7 BA 72 C3 F8 BA B6
[22:13:15.324] [INFO] [s22-backup] READ 64 byte(s):
3B D5 BB F8 23 DF BB E4 BE 15 BC 1B 94 32 BC B2
3B 1C BC 83 00 B9 02 BC 0B 32 30 32 36 2D 30 32
2D 31 34 00 0A B9 02 BC 21 48 49 2D 47 41 49 4E
00 8A 8B 74 BB 19 F5 72 3B 33 6A A2 BB 70 BA 7D
[22:13:15.330] [INFO] [s22-backup] READ 64 byte(s):
5E BC 7F 46 4F BC 1A 89 24 BC 3F 07 B9 02 BC 21
4E 6F 6E 65 00 25 77 3B 3B 80 28 3C D6 D7 6F BA
68 80 CA BB A4 E0 C3 B9 95 0D 92 3B 39 B4 95 BB
DA 04 B9 02 BC 21 4E 6F 6E 65 00 8E 3B BA E0 F1
[22:13:15.332] [INFO] [s22-backup] READ 64 byte(s):
00 BB 16 33 24 BA FD 13 07 BB E5 23 28 BC 94 CD
18 BC AE D2 76 BB 07 04 B9 02 BC 21 4E 6F 6E 65
00 AB 34 BB 6E 56 B8 BA B4 66 AF B9 BB D3 2A 3C
8D EB 01 3C CC 1B 16 BB 72 9C 2D BB FC 04 B9 02
[22:13:15.333] [INFO] [s22-backup] READ 64 byte(s):
BC 21 4E 6F 6E 65 00 4C 62 BB CC 71 79 BC F5 13
00 BC F8 41 15 3C C8 A3 23 3C 62 37 FC 3B 4D 46
C1 3B 24 04 B9 02 BC 21 00 29 45 BC 3C 2B 32 BC
90 40 67 B9 CA EB F2 3B 48 4C 80 3A D3 16 3E 3C
[22:13:15.336] [INFO] [s22-backup] READ 64 byte(s):
75 CC 53 3C CB 67 10 BC 8E 00 B9 02 BC 21 00 C9
B8 BB A4 03 37 3C CF 5F CA 3C 90 EC 8C 3C 78 96
59 3C E8 47 4B 3B B9 CA 30 BB D2 B5 11 BC 60 00
B9 02 BC 21 00 5D 04 3C D6 60 33 3C EB 46 2C 3C
[22:13:15.338] [INFO] [s22-backup] READ 64 byte(s):
3F BF 1F 3C 38 37 23 B9 7C 60 16 3C 92 C6 60 3B
82 C0 CD 3B 7D 5E 00 B9 02 BC 21 00 18 0F 3C DC
40 3F 3C 3B 93 59 3C 43 BC D3 3B FC F6 C9 3B A1
78 25 BC 4B 6D CB 3B 63 D5 08 3C 0E 00 B9 02 BC
[22:13:15.341] [INFO] [s22-backup] READ 64 byte(s):
21 00 57 91 BC ED 04 58 BC CC AA 6E BB 91 67 1C
BC B5 53 17 BC D2 12 9F 3C 93 4D C0 3B EA 28 5D
BB 94 00 B9 02 BC 41 00 77 0D 3D 41 4E 1D 3D AE
E8 3F BC E0 AA 19 3D 28 89 CB 3C B1 9F 71 BB F7
[22:13:15.343] [INFO] [s22-backup] READ 44 byte(s):
66 2C BD 80 30 0D BC 96 1B A0 BC 97 66 D3 BC 8E
A2 74 3B 15 61 88 BC 0B F2 99 BC AB 90 17 BC 5E
DF 9A 8B 12 99 00 00 72 00 67 0E 7E
[22:13:15.350] [INFO] [s22-backup] WRITE 19 byte(s):
7E B9 03 00 82 06 00 80 0B 03 B9 02 81 06 03 0B
44 66 7E
[22:13:15.354] [INFO] [s22-backup] READ 64 byte(s):
7E B9 03 81 06 03 80 A0 0B B9 01 B9 0E 82 4C 42
4C 47 B9 03 00 04 00 88 00 00 20 40 00 00 01 BA
14 B9 03 00 80 FF 00 B9 03 00 00 80 FF B9 03 80
FF 00 00 B9 03 80 FF 00 00 B9 03 00 00 80 FF B9
[22:13:15.357] [INFO] [s22-backup] READ 64 byte(s):
03 80 FF 00 00 B9 03 80 BF 80 BF 80 BF B9 03 0F
80 FF 2F B9 03 80 FF 00 00 B9 03 2F 00 80 FF B9
03 11 11 00 B9 03 00 00 80 FF B9 03 05 00 11 B9
03 80 FF 00 00 B9 03 80 FF 00 00 B9 03 11 00 00
[22:13:15.359] [INFO] [s22-backup] READ 44 byte(s):
B9 03 00 80 FF 00 B9 03 0B 0B 0B B9 03 11 22 00
B9 03 00 19 19 BC 06 00 00 0A 00 03 00 00 00 81
B8 01 01 00 88 00 00 70 43 AC 11 7E
[22:13:15.362] [INFO] [s22-backup] WRITE 21 byte(s):
7E B9 03 81 00 03 82 06 00 80 0B 03 B9 04 0B 01
00 00 C8 27 7E
[22:13:15.366] [INFO] [s22-backup] READ 64 byte(s):
7E B9 03 81 04 03 81 9D 08 0B B9 03 01 00 B9 04
B9 02 BC 21 4D 6F 64 65 72 6E 20 54 72 69 70 6C
65 00 00 00 00 00 00 00 00 00 00 00 00 00 00 00
00 00 00 00 00 0D BA 02 88 00 00 00 00 88 00 00
[22:13:15.369] [INFO] [s22-backup] READ 64 byte(s):
F0 42 BA 03 BA 6D 88 00 00 00 00 88 00 00 00 00
88 00 00 C8 C2 88 00 00 A0 41 88 00 00 70 C2 88
00 00 80 3F 88 00 00 00 00 88 00 00 00 00 88 00
00 00 00 88 00 00 A0 40 88 00 00 80 3F 88 00 00
[22:13:15.371] [INFO] [s22-backup] READ 64 byte(s):
A0 40 88 00 00 96 43 88 00 00 A0 40 88 33 33 33
3F 88 00 80 3B 44 88 00 00 A0 40 88 00 80 ED 44
88 00 00 80 3F 88 00 00 00 00 88 CD CC AC 40 88
00 00 E0 40 88 00 00 C8 42 88 00 00 80 3F 88 00
[22:13:15.373] [INFO] [s22-backup] READ 64 byte(s):
00 00 00 88 00 00 C8 41 88 00 00 A0 40 88 00 00
00 00 88 00 00 C0 3F 88 00 00 00 00 88 00 00 80
3F 88 00 00 C0 3F 88 00 00 00 00 88 00 00 00 00
88 00 00 A0 40 88 00 00 A0 40 88 00 00 80 3F 88
[22:13:15.375] [INFO] [s22-backup] READ 64 byte(s):
00 00 00 00 88 00 00 80 40 88 00 00 A0 40 88 00
00 00 00 88 00 00 00 00 88 00 00 F0 41 88 00 00
A0 40 88 00 00 00 00 88 00 00 00 00 88 00 00 F0
41 88 00 00 A0 40 88 00 00 00 00 88 00 00 00 00
[22:13:15.380] [INFO] [s22-backup] READ 64 byte(s):
88 00 00 F0 41 88 00 00 A0 40 88 00 00 00 00 88
00 00 00 00 88 00 00 F0 41 88 00 00 A0 40 88 00
00 00 00 88 00 00 00 00 88 00 00 F0 41 88 00 00
A0 40 88 00 00 00 00 88 00 00 00 00 88 00 00 F0
[22:13:15.384] [INFO] [s22-backup] READ 64 byte(s):
41 88 00 00 80 3F 88 00 00 00 00 88 00 00 00 00
88 00 00 00 00 88 00 00 70 41 88 00 00 00 3F 88
00 00 48 42 88 00 00 F0 40 88 00 00 00 00 88 00
00 40 40 88 00 00 D0 40 88 00 00 00 00 88 00 00
[22:13:15.392] [INFO] [s22-backup] READ 64 byte(s):
00 00 88 00 00 C0 40 88 00 00 00 00 88 00 00 70
41 88 00 00 00 3F 88 00 00 48 42 88 00 00 F0 40
88 00 00 00 00 88 00 00 70 41 88 00 00 00 3F 88
00 00 48 42 88 00 00 C8 41 88 00 00 F0 40 88 00
[22:13:15.394] [INFO] [s22-backup] READ 64 byte(s):
00 00 00 88 00 00 40 40 88 00 00 B4 43 88 00 00
F0 42 88 00 00 48 42 88 00 00 A0 40 88 00 00 80
3F 88 00 00 00 00 88 00 00 00 00 88 00 00 00 00
88 00 00 10 41 88 00 00 AF 43 88 00 00 A0 41 88
[22:13:15.397] [INFO] [s22-backup] READ 64 byte(s):
00 00 00 00 88 00 00 48 42 88 00 00 00 00 88 00
00 10 41 88 00 00 AF 43 88 00 00 A0 41 88 00 00
00 00 88 00 00 48 42 BA 6D 88 00 00 00 00 88 00
00 00 00 88 00 00 C8 C2 88 00 00 A0 41 88 00 00
[22:13:15.403] [INFO] [s22-backup] READ 64 byte(s):
70 C2 88 00 00 80 3F 88 00 00 00 00 88 00 00 00
00 88 00 00 00 00 88 00 00 A0 40 88 00 00 80 3F
88 00 00 A0 40 88 00 00 96 43 88 00 00 A0 40 88
33 33 33 3F 88 00 80 3B 44 88 00 00 A0 40 88 00
[22:13:15.406] [INFO] [s22-backup] READ 64 byte(s):
80 ED 44 88 00 00 80 3F 88 00 00 00 00 88 00 00
A0 40 88 00 00 A0 40 88 00 00 C8 42 88 00 00 80
3F 88 00 00 00 00 88 00 00 C8 41 88 00 00 A0 40
88 00 00 00 00 88 00 00 C0 3F 88 00 00 00 00 88
[22:13:15.408] [INFO] [s22-backup] READ 64 byte(s):
00 00 80 3F 88 00 00 C0 3F 88 00 00 00 00 88 00
00 00 00 88 00 00 A0 40 88 00 00 A0 40 88 00 00
80 3F 88 00 00 00 00 88 00 00 80 40 88 00 00 A0
40 88 00 00 00 00 88 00 00 00 00 88 00 00 F0 41
[22:13:15.410] [INFO] [s22-backup] READ 64 byte(s):
88 00 00 A0 40 88 00 00 00 00 88 00 00 00 00 88
00 00 F0 41 88 00 00 A0 40 88 00 00 00 00 88 00
00 00 00 88 00 00 F0 41 88 00 00 A0 40 88 00 00
00 00 88 00 00 00 00 88 00 00 F0 41 88 00 00 A0
[22:13:15.413] [INFO] [s22-backup] READ 64 byte(s):
40 88 00 00 00 00 88 00 00 00 00 88 00 00 F0 41
88 00 00 A0 40 88 00 00 00 00 88 00 00 00 00 88
00 00 F0 41 88 00 00 80 3F 88 00 00 00 00 88 00
00 00 00 88 00 00 00 00 88 00 00 70 41 88 00 00
[22:13:15.416] [INFO] [s22-backup] READ 64 byte(s):
00 3F 88 00 00 48 42 88 00 00 F0 40 88 00 00 00
00 88 00 00 40 40 88 00 00 D0 40 88 00 00 00 00
88 00 00 00 00 88 00 00 C0 40 88 00 00 00 00 88
00 00 70 41 88 00 00 00 3F 88 00 00 48 42 88 00
[22:13:15.418] [INFO] [s22-backup] READ 64 byte(s):
00 F0 40 88 00 00 00 00 88 00 00 70 41 88 00 00
00 3F 88 00 00 48 42 88 00 00 C8 41 88 00 00 F0
40 88 00 00 00 00 88 00 00 40 40 88 00 00 B4 43
88 00 00 F0 42 88 00 00 48 42 88 00 00 A0 40 88
[22:13:15.422] [INFO] [s22-backup] READ 64 byte(s):
00 00 80 3F 88 00 00 00 00 88 00 00 00 00 88 00
00 00 00 88 00 00 10 41 88 00 00 AF 43 88 00 00
A0 41 88 00 00 00 00 88 00 00 48 42 88 00 00 00
00 88 00 00 10 41 88 00 00 AF 43 88 00 00 A0 41
[22:13:15.425] [INFO] [s22-backup] READ 64 byte(s):
88 00 00 00 00 88 00 00 48 42 BA 6D 88 00 00 00
00 88 00 00 00 00 88 00 00 C8 C2 88 00 00 A0 41
88 00 00 70 C2 88 00 00 80 3F 88 00 00 00 00 88
00 00 00 00 88 00 00 00 00 88 00 00 A0 40 88 00
[22:13:15.427] [INFO] [s22-backup] READ 64 byte(s):
00 80 3F 88 00 00 A0 40 88 00 00 96 43 88 00 00
A0 40 88 33 33 33 3F 88 00 80 3B 44 88 00 00 A0
40 88 00 80 ED 44 88 00 00 80 3F 88 00 00 00 00
88 00 00 A0 40 88 00 00 A0 40 88 00 00 C8 42 88
[22:13:15.429] [INFO] [s22-backup] READ 64 byte(s):
00 00 80 3F 88 00 00 00 00 88 00 00 C8 41 88 00
00 A0 40 88 00 00 00 00 88 00 00 C0 3F 88 00 00
00 00 88 00 00 80 3F 88 00 00 C0 3F 88 00 00 00
00 88 00 00 00 00 88 00 00 A0 40 88 00 00 A0 40
[22:13:15.432] [INFO] [s22-backup] READ 64 byte(s):
88 00 00 80 3F 88 00 00 00 00 88 00 00 80 40 88
00 00 A0 40 88 00 00 00 00 88 00 00 00 00 88 00
00 F0 41 88 00 00 A0 40 88 00 00 00 00 88 00 00
00 00 88 00 00 F0 41 88 00 00 A0 40 88 00 00 00
[22:13:15.434] [INFO] [s22-backup] READ 64 byte(s):
00 88 00 00 00 00 88 00 00 F0 41 88 00 00 A0 40
88 00 00 00 00 88 00 00 00 00 88 00 00 F0 41 88
00 00 A0 40 88 00 00 00 00 88 00 00 00 00 88 00
00 F0 41 88 00 00 A0 40 88 00 00 00 00 88 00 00
[22:13:15.437] [INFO] [s22-backup] READ 64 byte(s):
00 00 88 00 00 F0 41 88 00 00 80 3F 88 00 00 00
00 88 00 00 00 00 88 00 00 00 00 88 00 00 70 41
88 00 00 00 3F 88 00 00 48 42 88 00 00 F0 40 88
00 00 00 00 88 00 00 40 40 88 00 00 D0 40 88 00
[22:13:15.440] [INFO] [s22-backup] READ 64 byte(s):
00 00 00 88 00 00 00 00 88 00 00 C0 40 88 00 00
00 00 88 00 00 70 41 88 00 00 00 3F 88 00 00 48
42 88 00 00 F0 40 88 00 00 00 00 88 00 00 70 41
88 00 00 00 3F 88 00 00 48 42 88 00 00 C8 41 88
[22:13:15.443] [INFO] [s22-backup] READ 64 byte(s):
00 00 F0 40 88 00 00 00 00 88 00 00 40 40 88 00
00 B4 43 88 00 00 F0 42 88 00 00 48 42 88 00 00
A0 40 88 00 00 80 3F 88 00 00 00 00 88 00 00 00
00 88 00 00 00 00 88 00 00 10 41 88 00 00 AF 43
[22:13:15.446] [INFO] [s22-backup] READ 64 byte(s):
88 00 00 A0 41 88 00 00 00 00 88 00 00 48 42 88
00 00 00 00 88 00 00 10 41 88 00 00 AF 43 88 00
00 A0 41 88 00 00 00 00 88 00 00 48 42 B9 0D B9
02 BC 21 00 6B 01 BC DE C0 C7 BA 72 C3 F8 BA B6
[22:13:15.448] [INFO] [s22-backup] READ 64 byte(s):
3B D5 BB F8 23 DF BB E4 BE 15 BC 1B 94 32 BC B2
3B 1C BC 83 00 B9 02 BC 0B 32 30 32 36 2D 30 32
2D 31 34 00 0A B9 02 BC 21 48 49 2D 47 41 49 4E
00 8A 8B 74 BB 19 F5 72 3B 33 6A A2 BB 70 BA 7D
[22:13:15.450] [INFO] [s22-backup] READ 64 byte(s):
5E BC 7F 46 4F BC 1A 89 24 BC 3F 07 B9 02 BC 21
4E 6F 6E 65 00 25 77 3B 3B 80 28 3C D6 D7 6F BA
68 80 CA BB A4 E0 C3 B9 95 0D 92 3B 39 B4 95 BB
DA 04 B9 02 BC 21 4E 6F 6E 65 00 8E 3B BA E0 F1
[22:13:15.453] [INFO] [s22-backup] READ 64 byte(s):
00 BB 16 33 24 BA FD 13 07 BB E5 23 28 BC 94 CD
18 BC AE D2 76 BB 07 04 B9 02 BC 21 4E 6F 6E 65
00 AB 34 BB 6E 56 B8 BA B4 66 AF B9 BB D3 2A 3C
8D EB 01 3C CC 1B 16 BB 72 9C 2D BB FC 04 B9 02
[22:13:15.456] [INFO] [s22-backup] READ 64 byte(s):
BC 21 4E 6F 6E 65 00 4C 62 BB CC 71 79 BC F5 13
00 BC F8 41 15 3C C8 A3 23 3C 62 37 FC 3B 4D 46
C1 3B 24 04 B9 02 BC 21 00 29 45 BC 3C 2B 32 BC
90 40 67 B9 CA EB F2 3B 48 4C 80 3A D3 16 3E 3C
[22:13:15.458] [INFO] [s22-backup] READ 64 byte(s):
75 CC 53 3C CB 67 10 BC 8E 00 B9 02 BC 21 00 C9
B8 BB A4 03 37 3C CF 5F CA 3C 90 EC 8C 3C 78 96
59 3C E8 47 4B 3B B9 CA 30 BB D2 B5 11 BC 60 00
B9 02 BC 21 00 5D 04 3C D6 60 33 3C EB 46 2C 3C
[22:13:15.459] [INFO] [s22-backup] READ 64 byte(s):
3F BF 1F 3C 38 37 23 B9 7C 60 16 3C 92 C6 60 3B
82 C0 CD 3B 7D 5E 00 B9 02 BC 21 00 18 0F 3C DC
40 3F 3C 3B 93 59 3C 43 BC D3 3B FC F6 C9 3B A1
78 25 BC 4B 6D CB 3B 63 D5 08 3C 0E 00 B9 02 BC
[22:13:15.461] [INFO] [s22-backup] READ 64 byte(s):
21 00 57 91 BC ED 04 58 BC CC AA 6E BB 91 67 1C
BC B5 53 17 BC D2 12 9F 3C 93 4D C0 3B EA 28 5D
BB 94 00 B9 02 BC 41 00 77 0D 3D 41 4E 1D 3D AE
E8 3F BC E0 AA 19 3D 28 89 CB 3C B1 9F 71 BB F7
[22:13:15.462] [INFO] [s22-backup] READ 44 byte(s):
66 2C BD 80 30 0D BC 96 1B A0 BC 97 66 D3 BC 8E
A2 74 3B 15 61 88 BC 0B F2 99 BC AB 90 17 BC 5E
DF 9A 8B 12 99 00 00 72 00 67 0E 7E
[22:13:15.472] [INFO] [s22-backup] WRITE 21 byte(s):
7E B9 03 81 00 03 82 06 00 80 0B 03 B9 04 0B 01
01 00 10 3E 7E
[22:13:15.482] [INFO] [s22-backup] READ 64 byte(s):
7E B9 03 81 04 03 81 9D 08 0B B9 03 01 01 B9 04
B9 02 BC 21 50 75 73 68 65 64 20 54 72 69 70 6C
65 00 00 00 00 00 00 00 00 00 00 00 00 00 00 00
00 00 00 00 00 0D BA 02 88 00 00 00 00 88 00 00
[22:13:15.484] [INFO] [s22-backup] READ 64 byte(s):
F0 42 BA 03 BA 6D 88 00 00 00 00 88 00 00 00 00
88 00 00 C8 C2 88 00 00 A0 41 88 00 00 70 C2 88
00 00 80 3F 88 00 00 00 00 88 00 00 00 00 88 00
00 00 00 88 00 00 A0 40 88 00 00 80 3F 88 00 00
[22:13:15.489] [INFO] [s22-backup] READ 64 byte(s):
A0 40 88 00 00 96 43 88 00 00 A0 40 88 33 33 33
3F 88 00 80 3B 44 88 00 00 A0 40 88 00 80 ED 44
88 00 00 80 3F 88 00 00 00 00 88 00 00 A0 40 88
CD CC BC 40 88 00 00 C8 42 88 00 00 80 3F 88 00
[22:13:15.493] [INFO] [s22-backup] READ 64 byte(s):
00 00 00 88 00 00 C8 41 88 00 00 A0 40 88 00 00
00 00 88 00 00 C0 3F 88 00 00 00 00 88 00 00 80
3F 88 00 00 C0 3F 88 00 00 00 00 88 00 00 00 00
88 00 00 A0 40 88 00 00 A0 40 88 00 00 80 3F 88
[22:13:15.495] [INFO] [s22-backup] READ 64 byte(s):
00 00 00 00 88 00 00 80 40 88 00 00 A0 40 88 00
00 00 00 88 00 00 00 00 88 00 00 F0 41 88 00 00
A0 40 88 00 00 00 00 88 00 00 00 00 88 00 00 F0
41 88 00 00 A0 40 88 00 00 00 00 88 00 00 00 00
[22:13:15.498] [INFO] [s22-backup] READ 64 byte(s):
88 00 00 F0 41 88 00 00 A0 40 88 00 00 00 00 88
00 00 00 00 88 00 00 F0 41 88 00 00 A0 40 88 00
00 00 00 88 00 00 00 00 88 00 00 F0 41 88 00 00
A0 40 88 00 00 00 00 88 00 00 00 00 88 00 00 F0
[22:13:15.500] [INFO] [s22-backup] READ 64 byte(s):
41 88 00 00 80 3F 88 00 00 00 00 88 00 00 00 00
88 00 00 00 00 88 00 00 70 41 88 00 00 00 3F 88
00 00 48 42 88 00 00 F0 40 88 00 00 00 00 88 00
00 40 40 88 00 00 D0 40 88 00 00 00 00 88 00 00
[22:13:15.502] [INFO] [s22-backup] READ 64 byte(s):
00 00 88 00 00 C0 40 88 00 00 00 00 88 00 00 70
41 88 00 00 00 3F 88 00 00 48 42 88 00 00 F0 40
88 00 00 00 00 88 00 00 70 41 88 00 00 00 3F 88
00 00 48 42 88 00 00 C8 41 88 00 00 F0 40 88 00
[22:13:15.505] [INFO] [s22-backup] READ 64 byte(s):
00 00 00 88 00 00 40 40 88 00 00 B4 43 88 00 00
F0 42 88 00 00 48 42 88 00 00 A0 40 88 00 00 80
3F 88 00 00 00 00 88 00 00 00 00 88 00 00 00 00
88 00 00 10 41 88 00 00 AF 43 88 00 00 A0 41 88
[22:13:15.507] [INFO] [s22-backup] READ 64 byte(s):
00 00 00 00 88 00 00 48 42 88 00 00 00 00 88 00
00 10 41 88 00 00 AF 43 88 00 00 A0 41 88 00 00
00 00 88 00 00 48 42 BA 6D 88 00 00 00 00 88 00
00 00 00 88 00 00 C8 C2 88 00 00 A0 41 88 00 00
[22:13:15.510] [INFO] [s22-backup] READ 64 byte(s):
70 C2 88 00 00 80 3F 88 00 00 00 00 88 00 00 00
00 88 00 00 00 00 88 00 00 A0 40 88 00 00 80 3F
88 00 00 A0 40 88 00 00 96 43 88 00 00 A0 40 88
33 33 33 3F 88 00 80 3B 44 88 00 00 A0 40 88 00
[22:13:15.513] [INFO] [s22-backup] READ 64 byte(s):
80 ED 44 88 00 00 80 3F 88 00 00 00 00 88 00 00
A0 40 88 00 00 A0 40 88 00 00 C8 42 88 00 00 80
3F 88 00 00 00 00 88 00 00 C8 41 88 00 00 A0 40
88 00 00 00 00 88 00 00 C0 3F 88 00 00 00 00 88
[22:13:15.516] [INFO] [s22-backup] READ 64 byte(s):
00 00 80 3F 88 00 00 C0 3F 88 00 00 00 00 88 00
00 00 00 88 00 00 A0 40 88 00 00 A0 40 88 00 00
80 3F 88 00 00 00 00 88 00 00 80 40 88 00 00 A0
40 88 00 00 00 00 88 00 00 00 00 88 00 00 F0 41
[22:13:15.518] [INFO] [s22-backup] READ 64 byte(s):
88 00 00 A0 40 88 00 00 00 00 88 00 00 00 00 88
00 00 F0 41 88 00 00 A0 40 88 00 00 00 00 88 00
00 00 00 88 00 00 F0 41 88 00 00 A0 40 88 00 00
00 00 88 00 00 00 00 88 00 00 F0 41 88 00 00 A0
[22:13:15.522] [INFO] [s22-backup] READ 64 byte(s):
40 88 00 00 00 00 88 00 00 00 00 88 00 00 F0 41
88 00 00 A0 40 88 00 00 00 00 88 00 00 00 00 88
00 00 F0 41 88 00 00 80 3F 88 00 00 00 00 88 00
00 00 00 88 00 00 00 00 88 00 00 70 41 88 00 00
[22:13:15.523] [INFO] [s22-backup] READ 64 byte(s):
00 3F 88 00 00 48 42 88 00 00 F0 40 88 00 00 00
00 88 00 00 40 40 88 00 00 D0 40 88 00 00 00 00
88 00 00 00 00 88 00 00 C0 40 88 00 00 00 00 88
00 00 70 41 88 00 00 00 3F 88 00 00 48 42 88 00
[22:13:15.526] [INFO] [s22-backup] READ 64 byte(s):
00 F0 40 88 00 00 00 00 88 00 00 70 41 88 00 00
00 3F 88 00 00 48 42 88 00 00 C8 41 88 00 00 F0
40 88 00 00 00 00 88 00 00 40 40 88 00 00 B4 43
88 00 00 F0 42 88 00 00 48 42 88 00 00 A0 40 88
[22:13:15.528] [INFO] [s22-backup] READ 64 byte(s):
00 00 80 3F 88 00 00 00 00 88 00 00 00 00 88 00
00 00 00 88 00 00 10 41 88 00 00 AF 43 88 00 00
A0 41 88 00 00 00 00 88 00 00 48 42 88 00 00 00
00 88 00 00 10 41 88 00 00 AF 43 88 00 00 A0 41
[22:13:15.530] [INFO] [s22-backup] READ 64 byte(s):
88 00 00 00 00 88 00 00 48 42 BA 6D 88 00 00 00
00 88 00 00 00 00 88 00 00 C8 C2 88 00 00 A0 41
88 00 00 70 C2 88 00 00 80 3F 88 00 00 00 00 88
00 00 00 00 88 00 00 00 00 88 00 00 A0 40 88 00
[22:13:15.534] [INFO] [s22-backup] READ 64 byte(s):
00 80 3F 88 00 00 A0 40 88 00 00 96 43 88 00 00
A0 40 88 33 33 33 3F 88 00 80 3B 44 88 00 00 A0
40 88 00 80 ED 44 88 00 00 80 3F 88 00 00 00 00
88 00 00 A0 40 88 00 00 A0 40 88 00 00 C8 42 88
[22:13:15.537] [INFO] [s22-backup] READ 64 byte(s):
00 00 80 3F 88 00 00 00 00 88 00 00 C8 41 88 00
00 A0 40 88 00 00 00 00 88 00 00 C0 3F 88 00 00
00 00 88 00 00 80 3F 88 00 00 C0 3F 88 00 00 00
00 88 00 00 00 00 88 00 00 A0 40 88 00 00 A0 40
[22:13:15.540] [INFO] [s22-backup] READ 64 byte(s):
88 00 00 80 3F 88 00 00 00 00 88 00 00 80 40 88
00 00 A0 40 88 00 00 00 00 88 00 00 00 00 88 00
00 F0 41 88 00 00 A0 40 88 00 00 00 00 88 00 00
00 00 88 00 00 F0 41 88 00 00 A0 40 88 00 00 00
[22:13:15.544] [INFO] [s22-backup] READ 64 byte(s):
00 88 00 00 00 00 88 00 00 F0 41 88 00 00 A0 40
88 00 00 00 00 88 00 00 00 00 88 00 00 F0 41 88
00 00 A0 40 88 00 00 00 00 88 00 00 00 00 88 00
00 F0 41 88 00 00 A0 40 88 00 00 00 00 88 00 00
[22:13:15.547] [INFO] [s22-backup] READ 64 byte(s):
00 00 88 00 00 F0 41 88 00 00 80 3F 88 00 00 00
00 88 00 00 00 00 88 00 00 00 00 88 00 00 70 41
88 00 00 00 3F 88 00 00 48 42 88 00 00 F0 40 88
00 00 00 00 88 00 00 40 40 88 00 00 D0 40 88 00
[22:13:15.550] [INFO] [s22-backup] READ 64 byte(s):
00 00 00 88 00 00 00 00 88 00 00 C0 40 88 00 00
00 00 88 00 00 70 41 88 00 00 00 3F 88 00 00 48
42 88 00 00 F0 40 88 00 00 00 00 88 00 00 70 41
88 00 00 00 3F 88 00 00 48 42 88 00 00 C8 41 88
[22:13:15.553] [INFO] [s22-backup] READ 64 byte(s):
00 00 F0 40 88 00 00 00 00 88 00 00 40 40 88 00
00 B4 43 88 00 00 F0 42 88 00 00 48 42 88 00 00
A0 40 88 00 00 80 3F 88 00 00 00 00 88 00 00 00
00 88 00 00 00 00 88 00 00 10 41 88 00 00 AF 43
[22:13:15.555] [INFO] [s22-backup] READ 64 byte(s):
88 00 00 A0 41 88 00 00 00 00 88 00 00 48 42 88
00 00 00 00 88 00 00 10 41 88 00 00 AF 43 88 00
00 A0 41 88 00 00 00 00 88 00 00 48 42 B9 0D B9
02 BC 21 00 44 3B BC 36 C0 77 BA 13 01 09 BB 6B
[22:13:15.557] [INFO] [s22-backup] READ 64 byte(s):
36 38 3C FD A6 65 3C C5 85 15 BB 13 A6 86 BB 94
8D CD BA 90 00 B9 02 BC 0B 32 30 32 36 2D 30 32
2D 31 34 00 0A B9 02 BC 21 44 52 49 56 45 00 2F
3B B4 32 E4 39 67 F4 A3 3A 6E 21 1B 3C 98 30 2F
[22:13:15.560] [INFO] [s22-backup] READ 64 byte(s):
3B 7F A4 8C 39 A4 BA BD BB FD 05 B9 02 BC 21 4E
6F 6E 65 00 1A CF BA DC F9 F4 BB 60 87 D5 39 99
BE D5 3B A7 B3 EB 3B 1A 4B D1 3B 59 54 2C 3B A1
04 B9 02 BC 21 4E 6F 6E 65 00 BD 56 BA 30 08 1B
[22:13:15.561] [INFO] [s22-backup] READ 64 byte(s):
B9 E6 EC 2C BB 08 61 E4 BB F1 4B AC BB 2F 2E E0
3B 55 7D 5D 95 3C 37 04 B9 02 BC 21 4E 6F 6E 65
00 74 46 BA F5 96 96 3B BF F8 11 3C 81 E6 81 3C
E6 78 84 3C 78 B0 9C 39 36 A7 4B BC 15 04 B9 02
[22:13:15.563] [INFO] [s22-backup] READ 64 byte(s):
BC 21 4E 6F 6E 65 00 E5 BA 3B 34 4F EF B9 64 BE
02 BC 06 AA 1B BB 5E E1 94 3B E8 FD 44 3B 6F 90
02 3C F2 04 B9 02 BC 21 00 85 AB 3A C2 56 E4 B9
B8 21 0A 38 44 3B 47 B9 95 99 9D BA FD 5E 90 3B
[22:13:15.567] [INFO] [s22-backup] READ 64 byte(s):
F3 3B 3E 3C E0 4D 01 3C D4 00 B9 02 BC 21 00 B0
A7 3B CD C2 7D 5D 3C A8 A2 D6 3B EE 51 62 3B 20
3C B7 3B 6D D6 24 3C 32 C1 0E 3C 09 69 33 BA 90
00 B9 02 BC 21 00 A4 11 3A 70 A0 9B B9 17 FF F3
[22:13:15.569] [INFO] [s22-backup] READ 64 byte(s):
3B AC 1E A4 3B CB 03 AF 3B 7F 5C 8E 3C 20 7C 8B
3C 23 85 0B 3C 3C 00 B9 02 BC 21 00 12 D0 3B 15
7B 83 BB 56 D5 15 BC DE 03 D1 BB 0C 95 17 3A F1
4E 13 3B 18 09 55 3B 74 D8 32 3A 64 00 B9 02 BC
[22:13:15.573] [INFO] [s22-backup] READ 64 byte(s):
21 00 E5 D8 3B 62 B5 97 BB 1F 6D DE BB FC CE 76
BC CE 47 88 BC FB EC 0C BC CD C0 34 BC 18 16 71
BC 49 00 B9 02 BC 41 00 03 E0 BC EE 6A E4 BC 9D
35 CC BC 54 F5 D5 BC 81 EC 88 BC CA 51 8E BC 4B
[22:13:15.575] [INFO] [s22-backup] READ 44 byte(s):
26 93 BC AE BD 77 BC 12 C7 54 BC EE 4B 0C BB 6C
39 31 3C 5C A6 76 BC AE AA BE BC A3 90 F2 BC 5E
DF 9A 8B 12 99 00 00 72 00 DA 96 7E
[22:13:15.580] [INFO] [s22-backup] WRITE 21 byte(s):
7E B9 03 81 00 03 82 06 00 80 0B 03 B9 04 0B 01
02 00 78 14 7E
[22:13:15.585] [INFO] [s22-backup] READ 64 byte(s):
7E B9 03 81 04 03 81 9D 08 0B B9 03 01 02 B9 04
B9 02 BC 21 44 61 72 6B 20 26 20 44 72 69 76 65
6E 00 00 00 00 00 00 00 00 00 00 00 00 00 00 00
00 00 00 00 00 0D BA 02 88 00 00 00 00 88 00 00
[22:13:15.590] [INFO] [s22-backup] READ 64 byte(s):
F0 42 BA 03 BA 6D 88 00 00 00 00 88 00 00 00 00
88 00 00 C8 C2 88 00 00 A0 41 88 00 00 70 C2 88
00 00 80 3F 88 00 00 00 00 88 00 00 00 00 88 00
00 00 00 88 00 00 A0 40 88 00 00 80 3F 88 CD CC
[22:13:15.597] [INFO] [s22-backup] READ 64 byte(s):
6C 40 88 00 00 96 43 88 00 00 A0 40 88 33 33 33
3F 88 00 80 3B 44 88 00 00 20 41 88 00 80 ED 44
88 00 00 80 3F 88 00 00 00 00 88 00 00 A0 40 88
9A 99 A9 40 88 00 00 C8 42 88 00 00 80 3F 88 00
[22:13:15.601] [INFO] [s22-backup] READ 64 byte(s):
00 00 40 88 00 00 C8 41 88 00 00 A0 40 88 00 00
00 00 88 00 00 C0 3F 88 00 00 00 00 88 00 00 80
3F 88 00 00 C0 3F 88 00 00 00 00 88 00 00 00 00
88 00 00 A0 40 88 9A 99 B9 40 88 00 00 80 3F 88
[22:13:15.605] [INFO] [s22-backup] READ 64 byte(s):
00 00 00 00 88 00 00 80 40 88 00 00 A0 40 88 00
00 00 00 88 00 00 00 00 88 00 00 F0 41 88 00 00
A0 40 88 00 00 00 00 88 00 00 00 00 88 00 00 F0
41 88 00 00 A0 40 88 00 00 00 00 88 00 00 00 00
[22:13:15.609] [INFO] [s22-backup] READ 64 byte(s):
88 00 00 F0 41 88 00 00 A0 40 88 00 00 00 00 88
00 00 00 00 88 00 00 F0 41 88 00 00 A0 40 88 00
00 00 00 88 00 00 00 00 88 00 00 F0 41 88 00 00
A0 40 88 00 00 00 00 88 00 00 00 00 88 00 00 F0
[22:13:15.611] [INFO] [s22-backup] READ 64 byte(s):
41 88 00 00 80 3F 88 00 00 00 00 88 00 00 00 00
88 00 00 00 00 88 00 00 70 41 88 FF FF FF 3E 88
00 00 48 42 88 00 00 F0 40 88 00 00 00 00 88 00
00 40 40 88 00 00 D0 40 88 00 00 00 00 88 00 00
[22:13:15.614] [INFO] [s22-backup] READ 64 byte(s):
00 00 88 00 00 C0 40 88 00 00 00 00 88 00 00 70
41 88 FF FF FF 3E 88 00 00 48 42 88 00 00 F0 40
88 00 00 00 00 88 00 00 70 41 88 FF FF FF 3E 88
00 00 48 42 88 00 00 C8 41 88 00 00 F0 40 88 00
[22:13:15.615] [INFO] [s22-backup] READ 64 byte(s):
00 00 00 88 00 00 40 40 88 00 00 B4 43 88 00 00
F0 42 88 00 00 48 42 88 00 00 A0 40 88 00 00 80
3F 88 00 00 00 00 88 00 00 00 00 88 00 00 00 00
88 00 00 10 41 88 00 00 AF 43 88 00 00 A0 41 88
[22:13:15.617] [INFO] [s22-backup] READ 64 byte(s):
00 00 00 00 88 00 00 48 42 88 00 00 00 00 88 00
00 10 41 88 00 00 AF 43 88 00 00 A0 41 88 00 00
00 00 88 00 00 48 42 BA 6D 88 00 00 00 00 88 00
00 00 00 88 00 00 C8 C2 88 00 00 A0 41 88 00 00
[22:13:15.619] [INFO] [s22-backup] READ 64 byte(s):
70 C2 88 00 00 80 3F 88 00 00 00 00 88 00 00 00
00 88 00 00 00 00 88 00 00 A0 40 88 00 00 80 3F
88 00 00 A0 40 88 00 00 96 43 88 00 00 A0 40 88
33 33 33 3F 88 00 80 3B 44 88 00 00 A0 40 88 00
[22:13:15.622] [INFO] [s22-backup] READ 64 byte(s):
80 ED 44 88 00 00 80 3F 88 00 00 00 00 88 00 00
A0 40 88 00 00 A0 40 88 00 00 C8 42 88 00 00 80
3F 88 00 00 00 00 88 00 00 C8 41 88 00 00 A0 40
88 00 00 00 00 88 00 00 C0 3F 88 00 00 00 00 88
[22:13:15.625] [INFO] [s22-backup] READ 64 byte(s):
00 00 80 3F 88 00 00 C0 3F 88 00 00 00 00 88 00
00 00 00 88 00 00 A0 40 88 00 00 A0 40 88 00 00
80 3F 88 00 00 00 00 88 00 00 80 40 88 00 00 A0
40 88 00 00 00 00 88 00 00 00 00 88 00 00 F0 41
[22:13:15.629] [INFO] [s22-backup] READ 64 byte(s):
88 00 00 A0 40 88 00 00 00 00 88 00 00 00 00 88
00 00 F0 41 88 00 00 A0 40 88 00 00 00 00 88 00
00 00 00 88 00 00 F0 41 88 00 00 A0 40 88 00 00
00 00 88 00 00 00 00 88 00 00 F0 41 88 00 00 A0
[22:13:15.633] [INFO] [s22-backup] READ 64 byte(s):
40 88 00 00 00 00 88 00 00 00 00 88 00 00 F0 41
88 00 00 A0 40 88 00 00 00 00 88 00 00 00 00 88
00 00 F0 41 88 00 00 80 3F 88 00 00 00 00 88 00
00 00 00 88 00 00 00 00 88 00 00 70 41 88 00 00
[22:13:15.637] [INFO] [s22-backup] READ 64 byte(s):
00 3F 88 00 00 48 42 88 00 00 F0 40 88 00 00 00
00 88 00 00 40 40 88 00 00 D0 40 88 00 00 00 00
88 00 00 00 00 88 00 00 C0 40 88 00 00 00 00 88
00 00 70 41 88 00 00 00 3F 88 00 00 48 42 88 00
[22:13:15.638] [INFO] [s22-backup] READ 64 byte(s):
00 F0 40 88 00 00 00 00 88 00 00 70 41 88 00 00
00 3F 88 00 00 48 42 88 00 00 C8 41 88 00 00 F0
40 88 00 00 00 00 88 00 00 40 40 88 00 00 B4 43
88 00 00 F0 42 88 00 00 48 42 88 00 00 A0 40 88
[22:13:15.640] [INFO] [s22-backup] READ 64 byte(s):
00 00 80 3F 88 00 00 00 00 88 00 00 00 00 88 00
00 00 00 88 00 00 10 41 88 00 00 AF 43 88 00 00
A0 41 88 00 00 00 00 88 00 00 48 42 88 00 00 00
00 88 00 00 10 41 88 00 00 AF 43 88 00 00 A0 41
[22:13:15.642] [INFO] [s22-backup] READ 64 byte(s):
88 00 00 00 00 88 00 00 48 42 BA 6D 88 00 00 00
00 88 00 00 00 00 88 00 00 C8 C2 88 00 00 A0 41
88 00 00 70 C2 88 00 00 80 3F 88 00 00 00 00 88
00 00 00 00 88 00 00 00 00 88 00 00 A0 40 88 00
[22:13:15.643] [INFO] [s22-backup] READ 64 byte(s):
00 80 3F 88 00 00 A0 40 88 00 00 96 43 88 00 00
A0 40 88 33 33 33 3F 88 00 80 3B 44 88 00 00 A0
40 88 00 80 ED 44 88 00 00 80 3F 88 00 00 00 00
88 00 00 A0 40 88 00 00 A0 40 88 00 00 C8 42 88
[22:13:15.645] [INFO] [s22-backup] READ 64 byte(s):
00 00 80 3F 88 00 00 00 00 88 00 00 C8 41 88 00
00 A0 40 88 00 00 00 00 88 00 00 C0 3F 88 00 00
00 00 88 00 00 80 3F 88 00 00 C0 3F 88 00 00 00
00 88 00 00 00 00 88 00 00 A0 40 88 00 00 A0 40
[22:13:15.647] [INFO] [s22-backup] READ 64 byte(s):
88 00 00 80 3F 88 00 00 00 00 88 00 00 80 40 88
00 00 A0 40 88 00 00 00 00 88 00 00 00 00 88 00
00 F0 41 88 00 00 A0 40 88 00 00 00 00 88 00 00
00 00 88 00 00 F0 41 88 00 00 A0 40 88 00 00 00
[22:13:15.649] [INFO] [s22-backup] READ 64 byte(s):
00 88 00 00 00 00 88 00 00 F0 41 88 00 00 A0 40
88 00 00 00 00 88 00 00 00 00 88 00 00 F0 41 88
00 00 A0 40 88 00 00 00 00 88 00 00 00 00 88 00
00 F0 41 88 00 00 A0 40 88 00 00 00 00 88 00 00
[22:13:15.651] [INFO] [s22-backup] READ 64 byte(s):
00 00 88 00 00 F0 41 88 00 00 80 3F 88 00 00 00
00 88 00 00 00 00 88 00 00 00 00 88 00 00 70 41
88 00 00 00 3F 88 00 00 48 42 88 00 00 F0 40 88
00 00 00 00 88 00 00 40 40 88 00 00 D0 40 88 00
[22:13:15.653] [INFO] [s22-backup] READ 64 byte(s):
00 00 00 88 00 00 00 00 88 00 00 C0 40 88 00 00
00 00 88 00 00 70 41 88 00 00 00 3F 88 00 00 48
42 88 00 00 F0 40 88 00 00 00 00 88 00 00 70 41
88 00 00 00 3F 88 00 00 48 42 88 00 00 C8 41 88
[22:13:15.658] [INFO] [s22-backup] READ 64 byte(s):
00 00 F0 40 88 00 00 00 00 88 00 00 40 40 88 00
00 B4 43 88 00 00 F0 42 88 00 00 48 42 88 00 00
A0 40 88 00 00 80 3F 88 00 00 00 00 88 00 00 00
00 88 00 00 00 00 88 00 00 10 41 88 00 00 AF 43
[22:13:15.663] [INFO] [s22-backup] READ 64 byte(s):
88 00 00 A0 41 88 00 00 00 00 88 00 00 48 42 88
00 00 00 00 88 00 00 10 41 88 00 00 AF 43 88 00
00 A0 41 88 00 00 00 00 88 00 00 48 42 B9 0D B9
02 BC 21 00 0A F7 3A 94 5B 21 3C 55 FA C5 3B 10
[22:13:15.667] [INFO] [s22-backup] READ 64 byte(s):
41 E0 3B 10 F3 77 BB EC 3E 25 BC 47 DA 2E BC C0
FD BA BB FE 00 B9 02 BC 0B 32 30 32 35 2D 31 31
2D 32 38 00 0A B9 02 BC 21 48 49 2D 47 41 49 4E
00 1B 01 8D 3C 07 57 60 3C A7 CE 54 3C 52 9A 1C
[22:13:15.671] [INFO] [s22-backup] READ 64 byte(s):
3C 64 EA 9D 3A 90 00 46 BA DD 07 B9 02 BC 21 4E
6F 6E 65 00 0C E5 3B 87 4A D2 3C 4B 89 E1 3C EA
24 C3 3C AE 42 18 3C 01 21 11 BB 5D 09 9A BB BE
04 B9 02 BC 21 4E 6F 6E 65 00 79 36 BC DE EE 25
[22:13:15.674] [INFO] [s22-backup] READ 64 byte(s):
BB BE 35 6A BB 8D 61 97 BA 17 2A B6 BB 71 3C 79
BC 94 00 63 BC 33 04 B9 02 BC 21 4E 6F 6E 65 00
CA 88 BC D0 24 73 BC 4C 91 BD BC 4C AF A0 BC 5B
51 9B BC 79 13 5E BC 44 41 5E BC C6 04 B9 02 BC
[22:13:15.677] [INFO] [s22-backup] READ 64 byte(s):
21 4E 6F 6E 65 00 4B 94 BC AC BE 6B BC 2A 61 CE
BC 8D 29 E7 BC 5B D6 16 BD A5 DB 11 BD F9 7B E8
BC A2 04 B9 02 BC 21 00 40 08 BD 45 F5 3B BD F7
C9 30 BD C9 39 3E BD DC 6E 0B BD 87 DC AA BC F5
[22:13:15.681] [INFO] [s22-backup] READ 64 byte(s):
36 93 BC 25 19 BB BC 08 00 B9 02 BC 21 00 5A 13
BD 5D E7 D3 BC 5D 96 62 BC 75 8E 84 BC 87 A4 E7
BC 1B 06 1B BD 93 D2 2B BD 95 7C 2B BD CE 00 B9
02 BC 21 00 5A DF BC 3C FC F0 BC 3B D6 DD BC 14
[22:13:15.684] [INFO] [s22-backup] READ 64 byte(s):
52 D4 BC 77 02 0B BD 2B E2 0E BD CC 1B 21 BD 22
92 11 BD 84 00 B9 02 BC 21 00 CA 00 BD CF D1 B0
BC E7 A0 BF BC D3 C9 F2 BC 08 11 52 BD D0 5B 72
BD 0F 22 77 BD 32 CE 52 BD 31 00 B9 02 BC 21 00
[22:13:15.686] [INFO] [s22-backup] READ 64 byte(s):
C8 BD BC AC 70 D5 BC C8 23 15 BD 61 A7 0C BD 9B
BA 17 BD BF 92 14 BD 8C BD 29 BD CD 4F 44 BD 16
00 B9 02 BC 41 00 3D C3 BC B1 A7 CC BC F1 DE A4
BB BB 46 36 3B 28 15 6E 3C AB 6E 06 3B 5E B6 96
[22:13:15.689] [INFO] [s22-backup] READ 43 byte(s):
3B DC 2A CF BB 48 63 81 3B 9A 46 60 BB 3E EA 0B
3B 08 D6 CA BB 99 72 7D 5E 3B E9 80 F9 BB F5 A3
AB BB 80 65 00 00 72 00 69 A9 7E
[22:13:15.693] [INFO] [s22-backup] WRITE 21 byte(s):
7E B9 03 81 00 03 82 06 00 80 0B 03 B9 04 0B 01
03 00 A0 0D 7E
[22:13:15.698] [INFO] [s22-backup] READ 64 byte(s):
7E B9 03 81 04 03 81 9D 08 0B B9 03 01 03 B9 04
B9 02 BC 21 53 75 70 65 72 20 53 68 72 65 64 64
69 6E 67 00 00 00 00 00 00 00 00 00 00 00 00 00
00 00 00 00 00 0F BA 02 88 00 00 00 00 88 00 00
[22:13:15.700] [INFO] [s22-backup] READ 64 byte(s):
F0 42 BA 03 BA 6D 88 00 00 00 00 88 00 00 80 3F
88 00 00 C8 C2 88 00 00 A0 41 88 00 00 70 C2 88
00 00 80 3F 88 00 00 00 00 88 00 00 00 00 88 00
00 00 00 88 00 00 A0 40 88 00 00 80 3F 88 00 00
[22:13:15.707] [INFO] [s22-backup] READ 64 byte(s):
A0 40 88 00 00 96 43 88 9A 99 99 40 88 33 33 33
3F 88 00 80 3B 44 88 9A 99 A9 40 88 00 80 ED 44
88 00 00 80 3F 88 00 00 00 00 88 00 00 A0 40 88
00 00 20 41 88 00 00 C8 42 88 00 00 80 3F 88 00
[22:13:15.713] [INFO] [s22-backup] READ 64 byte(s):
00 00 00 88 00 00 C8 41 88 00 00 A0 40 88 00 00
00 00 88 00 00 C0 3F 88 00 00 00 00 88 00 00 80
3F 88 00 00 C0 3F 88 00 00 00 00 88 00 00 00 00
88 00 00 A0 40 88 00 00 A0 40 88 00 00 80 3F 88
[22:13:15.717] [INFO] [s22-backup] READ 64 byte(s):
00 00 00 00 88 00 00 80 40 88 00 00 A0 40 88 00
00 00 00 88 00 00 00 00 88 00 00 F0 41 88 00 00
A0 40 88 00 00 00 00 88 00 00 00 00 88 00 00 F0
41 88 00 00 A0 40 88 00 00 00 00 88 00 00 00 00
[22:13:15.721] [INFO] [s22-backup] READ 64 byte(s):
88 00 00 F0 41 88 00 00 A0 40 88 00 00 00 00 88
00 00 00 00 88 00 00 F0 41 88 00 00 A0 40 88 00
00 00 00 88 00 00 00 00 88 00 00 F0 41 88 00 00
A0 40 88 00 00 00 00 88 00 00 00 00 88 00 00 F0
[22:13:15.724] [INFO] [s22-backup] READ 64 byte(s):
41 88 00 00 80 3F 88 00 00 00 00 88 00 00 00 00
88 00 00 00 00 88 00 00 70 41 88 00 00 00 3F 88
00 00 48 42 88 00 00 F0 40 88 00 00 00 00 88 00
00 40 40 88 00 00 D0 40 88 00 00 00 00 88 00 00
[22:13:15.727] [INFO] [s22-backup] READ 64 byte(s):
00 00 88 00 00 C0 40 88 00 00 00 00 88 00 00 70
41 88 00 00 00 3F 88 00 00 48 42 88 00 00 F0 40
88 00 00 00 00 88 00 00 70 41 88 00 00 00 3F 88
00 00 48 42 88 00 00 C8 41 88 00 00 F0 40 88 00
[22:13:15.729] [INFO] [s22-backup] READ 64 byte(s):
00 00 00 88 00 00 40 40 88 00 00 B4 43 88 00 00
F0 42 88 00 00 48 42 88 00 00 A0 40 88 00 00 80
3F 88 00 00 00 00 88 00 00 00 00 88 00 00 00 00
88 00 00 10 41 88 00 00 AF 43 88 00 00 A0 41 88
[22:13:15.731] [INFO] [s22-backup] READ 64 byte(s):
00 00 00 00 88 00 00 48 42 88 00 00 00 00 88 00
00 10 41 88 00 00 AF 43 88 00 00 A0 41 88 00 00
00 00 88 00 00 48 42 BA 6D 88 00 00 00 00 88 00
00 00 00 88 00 00 C8 C2 88 00 00 A0 41 88 00 00
[22:13:15.733] [INFO] [s22-backup] READ 64 byte(s):
70 C2 88 00 00 80 3F 88 00 00 00 00 88 00 00 00
00 88 00 00 00 00 88 00 00 A0 40 88 00 00 80 3F
88 00 00 A0 40 88 00 00 96 43 88 00 00 A0 40 88
33 33 33 3F 88 00 80 3B 44 88 00 00 A0 40 88 00
[22:13:15.736] [INFO] [s22-backup] READ 64 byte(s):
80 ED 44 88 00 00 80 3F 88 00 00 00 00 88 00 00
A0 40 88 00 00 A0 40 88 00 00 C8 42 88 00 00 80
3F 88 00 00 00 00 88 00 00 C8 41 88 00 00 A0 40
88 00 00 00 00 88 00 00 C0 3F 88 00 00 00 00 88
[22:13:15.738] [INFO] [s22-backup] READ 64 byte(s):
00 00 80 3F 88 00 00 C0 3F 88 00 00 00 00 88 00
00 00 00 88 00 00 A0 40 88 00 00 A0 40 88 00 00
80 3F 88 00 00 00 00 88 00 00 80 40 88 00 00 A0
40 88 00 00 00 00 88 00 00 00 00 88 00 00 F0 41
[22:13:15.740] [INFO] [s22-backup] READ 64 byte(s):
88 00 00 A0 40 88 00 00 00 00 88 00 00 00 00 88
00 00 F0 41 88 00 00 A0 40 88 00 00 00 00 88 00
00 00 00 88 00 00 F0 41 88 00 00 A0 40 88 00 00
00 00 88 00 00 00 00 88 00 00 F0 41 88 00 00 A0
[22:13:15.743] [INFO] [s22-backup] READ 64 byte(s):
40 88 00 00 00 00 88 00 00 00 00 88 00 00 F0 41
88 00 00 A0 40 88 00 00 00 00 88 00 00 00 00 88
00 00 F0 41 88 00 00 80 3F 88 00 00 00 00 88 00
00 00 00 88 00 00 00 00 88 00 00 70 41 88 00 00
[22:13:15.745] [INFO] [s22-backup] READ 64 byte(s):
00 3F 88 00 00 48 42 88 00 00 F0 40 88 00 00 00
00 88 00 00 40 40 88 00 00 D0 40 88 00 00 00 00
88 00 00 00 00 88 00 00 C0 40 88 00 00 00 00 88
00 00 70 41 88 00 00 00 3F 88 00 00 48 42 88 00
[22:13:15.747] [INFO] [s22-backup] READ 64 byte(s):
00 F0 40 88 00 00 00 00 88 00 00 70 41 88 00 00
00 3F 88 00 00 48 42 88 00 00 C8 41 88 00 00 F0
40 88 00 00 00 00 88 00 00 40 40 88 00 00 B4 43
88 00 00 F0 42 88 00 00 48 42 88 00 00 A0 40 88
[22:13:15.749] [INFO] [s22-backup] READ 64 byte(s):
00 00 80 3F 88 00 00 00 00 88 00 00 00 00 88 00
00 00 00 88 00 00 10 41 88 00 00 AF 43 88 00 00
A0 41 88 00 00 00 00 88 00 00 48 42 88 00 00 00
00 88 00 00 10 41 88 00 00 AF 43 88 00 00 A0 41
[22:13:15.751] [INFO] [s22-backup] READ 64 byte(s):
88 00 00 00 00 88 00 00 48 42 BA 6D 88 00 00 00
00 88 00 00 00 00 88 00 00 C8 C2 88 00 00 A0 41
88 00 00 70 C2 88 00 00 80 3F 88 00 00 00 00 88
00 00 00 00 88 00 00 00 00 88 00 00 A0 40 88 00
[22:13:15.753] [INFO] [s22-backup] READ 64 byte(s):
00 80 3F 88 00 00 A0 40 88 00 00 96 43 88 00 00
A0 40 88 33 33 33 3F 88 00 80 3B 44 88 00 00 A0
40 88 00 80 ED 44 88 00 00 80 3F 88 00 00 00 00
88 00 00 A0 40 88 00 00 A0 40 88 00 00 C8 42 88
[22:13:15.762] [INFO] [s22-backup] READ 64 byte(s):
00 00 80 3F 88 00 00 00 00 88 00 00 C8 41 88 00
00 A0 40 88 00 00 00 00 88 00 00 C0 3F 88 00 00
00 00 88 00 00 80 3F 88 00 00 C0 3F 88 00 00 00
00 88 00 00 00 00 88 00 00 A0 40 88 00 00 A0 40
[22:13:15.768] [INFO] [s22-backup] READ 64 byte(s):
88 00 00 80 3F 88 00 00 00 00 88 00 00 80 40 88
00 00 A0 40 88 00 00 00 00 88 00 00 00 00 88 00
00 F0 41 88 00 00 A0 40 88 00 00 00 00 88 00 00
00 00 88 00 00 F0 41 88 00 00 A0 40 88 00 00 00
[22:13:15.772] [INFO] [s22-backup] READ 64 byte(s):
00 88 00 00 00 00 88 00 00 F0 41 88 00 00 A0 40
88 00 00 00 00 88 00 00 00 00 88 00 00 F0 41 88
00 00 A0 40 88 00 00 00 00 88 00 00 00 00 88 00
00 F0 41 88 00 00 A0 40 88 00 00 00 00 88 00 00
[22:13:15.774] [INFO] [s22-backup] READ 64 byte(s):
00 00 88 00 00 F0 41 88 00 00 80 3F 88 00 00 00
00 88 00 00 00 00 88 00 00 00 00 88 00 00 70 41
88 00 00 00 3F 88 00 00 48 42 88 00 00 F0 40 88
00 00 00 00 88 00 00 40 40 88 00 00 D0 40 88 00
[22:13:15.776] [INFO] [s22-backup] READ 64 byte(s):
00 00 00 88 00 00 00 00 88 00 00 C0 40 88 00 00
00 00 88 00 00 70 41 88 00 00 00 3F 88 00 00 48
42 88 00 00 F0 40 88 00 00 00 00 88 00 00 70 41
88 00 00 00 3F 88 00 00 48 42 88 00 00 C8 41 88
[22:13:15.779] [INFO] [s22-backup] READ 64 byte(s):
00 00 F0 40 88 00 00 00 00 88 00 00 40 40 88 00
00 B4 43 88 00 00 F0 42 88 00 00 48 42 88 00 00
A0 40 88 00 00 80 3F 88 00 00 00 00 88 00 00 00
00 88 00 00 00 00 88 00 00 10 41 88 00 00 AF 43
[22:13:15.781] [INFO] [s22-backup] READ 64 byte(s):
88 00 00 A0 41 88 00 00 00 00 88 00 00 48 42 88
00 00 00 00 88 00 00 10 41 88 00 00 AF 43 88 00
00 A0 41 88 00 00 00 00 88 00 00 48 42 B9 0D B9
02 BC 21 00 60 8E BB 70 B9 D8 B9 BB 1C 6C BB 3D
[22:13:15.784] [INFO] [s22-backup] READ 64 byte(s):
CA E7 BB 47 B5 0F BC CE 27 DA BA 78 48 DF 3B 96
8F 84 3C 6D 00 B9 02 BC 0B 32 30 32 36 2D 30 32
2D 31 34 00 0A B9 02 BC 21 48 49 2D 47 41 49 4E
00 FA B2 F9 3B 25 C8 FA 3B AA C3 6D 3C 0A 03 76
[22:13:15.787] [INFO] [s22-backup] READ 64 byte(s):
3C AE 58 91 3B 95 32 1A BB DA 07 B9 02 BC 21 4E
6F 6E 65 00 E6 05 3C 03 79 73 BA 49 11 ED 3A FF
64 75 3C DE 69 18 3C 5E AF 62 B9 B0 03 B5 3A 80
04 B9 02 BC 21 4E 6F 6E 65 00 94 9D 3B EC A1 21
[22:13:15.792] [INFO] [s22-backup] READ 64 byte(s):
3C 1F 96 00 3C 4F 22 2A 3C CA 0D 16 3C 36 1F 1A
3C 3E 10 64 3B BA 04 B9 02 BC 21 4E 6F 6E 65 00
87 4A 3C E2 03 EE 3B C0 15 14 3C E5 26 EC 3B 1A
FF 5B BB 9E 16 FB 3B 8E 85 01 3C 65 04 B9 02 BC
[22:13:15.795] [INFO] [s22-backup] READ 64 byte(s):
21 4E 6F 6E 65 00 16 BB 3B 70 DC F4 BA D7 9B B9
BB A6 87 4B BC 95 19 48 BB 95 74 61 3C 5F 28 8A
3C 82 04 B9 02 BC 21 00 49 B9 3A A4 56 8A BB 33
B5 8E 3B 08 6B 86 3B 84 87 BB 3B 8F 11 3E 3B 58
[22:13:15.798] [INFO] [s22-backup] READ 64 byte(s):
DD EE BB 25 BA D9 BB ED 00 B9 02 BC 21 00 DB D5
BB 0D 00 5E 3B 2A 0A A8 3A 22 78 AC BB E8 76 81
3A E6 36 3D 3C A4 C3 60 BC 4A 21 87 BB 88 00 B9
02 BC 21 00 18 C5 BB 00 EF F5 B7 73 9A A8 3C 7F
[22:13:15.802] [INFO] [s22-backup] READ 64 byte(s):
AB B4 3B 5B C2 AC 3B D8 78 EE 3B 9A BF 90 3C 86
F0 68 3C 1C 00 B9 02 BC 21 00 B1 63 3C 41 B3 D2
BB 74 E0 CB 3A 24 CE 78 3A DE 57 23 3C EC BA 0E
BC 11 AF 65 BA C6 9D 04 BC 12 00 B9 02 BC 21 00
[22:13:15.807] [INFO] [s22-backup] READ 64 byte(s):
07 02 3C AA 1A AE 3B B4 11 56 3A 32 22 FC 3B 26
32 18 3C D5 B3 36 3C 34 3D 2C BC C6 92 0D BD 49
00 B9 02 BC 41 00 E7 43 BB 24 3E 14 BC 32 16 2F
BB 02 B3 2C 3C 48 45 1D BD A3 ED 45 BD 22 F3 EF
[22:13:15.812] [INFO] [s22-backup] READ 42 byte(s):
BC 82 33 1A BD 0C 97 40 BC 38 6B 50 BC CE 27 14
3D B1 DA 80 3D FD 5D 7F 3D 6D C0 29 3B 3D 35 35
21 8A FF 00 00 72 00 3D 87 7E
[22:13:15.817] [INFO] [s22-backup] WRITE 21 byte(s):
7E B9 03 81 00 03 82 06 00 80 0B 03 B9 04 0B 01
04 00 A8 40 7E
[22:13:15.822] [INFO] [s22-backup] READ 64 byte(s):
7E B9 03 81 04 03 81 9D 08 0B B9 03 01 04 B9 04
B9 02 BC 21 54 6F 72 6F 6E 74 6F 27 73 20 42 65
61 73 74 00 00 00 00 00 00 00 00 00 00 00 00 00
00 00 00 00 00 0F BA 02 88 00 00 00 00 88 00 00
[22:13:15.830] [INFO] [s22-backup] READ 64 byte(s):
F0 42 BA 03 BA 6D 88 00 00 00 00 88 00 00 00 00
88 00 00 C8 C2 88 00 00 A0 41 88 00 00 70 C2 88
00 00 80 3F 88 00 00 00 00 88 00 00 00 00 88 00
00 00 00 88 00 00 A0 40 88 00 00 80 3F 88 CD CC
[22:13:15.834] [INFO] [s22-backup] READ 64 byte(s):
DC 40 88 00 00 96 43 88 00 00 A0 40 88 33 33 33
3F 88 00 80 3B 44 88 00 00 A0 40 88 00 80 ED 44
88 00 00 80 3F 88 00 00 80 3F 88 00 00 20 41 88
9A 99 79 40 88 00 00 60 42 88 00 00 80 3F 88 00
[22:13:15.837] [INFO] [s22-backup] READ 64 byte(s):
00 00 40 88 00 00 C8 41 88 00 00 A0 40 88 00 00
00 00 88 00 00 C0 3F 88 00 00 00 00 88 00 00 80
3F 88 00 00 C0 3F 88 00 00 00 00 88 00 00 00 00
88 00 00 A0 40 88 00 00 A0 40 88 00 00 80 3F 88
[22:13:15.839] [INFO] [s22-backup] READ 64 byte(s):
00 00 00 00 88 00 00 80 40 88 00 00 A0 40 88 00
00 00 00 88 00 00 00 00 88 00 00 F0 41 88 00 00
A0 40 88 00 00 00 00 88 00 00 00 00 88 00 00 F0
41 88 00 00 A0 40 88 00 00 00 00 88 00 00 00 00
[22:13:15.842] [INFO] [s22-backup] READ 64 byte(s):
88 00 00 F0 41 88 00 00 A0 40 88 00 00 00 00 88
00 00 00 00 88 00 00 F0 41 88 00 00 A0 40 88 00
00 00 00 88 00 00 00 00 88 00 00 F0 41 88 00 00
A0 40 88 00 00 00 00 88 00 00 00 00 88 00 00 F0
[22:13:15.849] [INFO] [s22-backup] READ 64 byte(s):
41 88 00 00 80 3F 88 00 00 00 00 88 00 00 00 00
88 00 00 00 00 88 00 00 70 41 88 00 00 00 3F 88
00 00 48 42 88 00 00 F0 40 88 00 00 00 00 88 00
00 40 40 88 00 00 D0 40 88 00 00 00 00 88 00 00
[22:13:15.857] [INFO] [s22-backup] READ 64 byte(s):
00 00 88 00 00 C0 40 88 00 00 00 00 88 00 00 70
41 88 00 00 00 3F 88 00 00 48 42 88 00 00 F0 40
88 00 00 00 00 88 00 00 70 41 88 00 00 00 3F 88
00 00 48 42 88 00 00 C8 41 88 00 00 F0 40 88 00
[22:13:15.872] [INFO] [s22-backup] READ 64 byte(s):
00 00 00 88 00 00 40 40 88 00 00 B4 43 88 00 00
F0 42 88 00 00 48 42 88 00 00 A0 40 88 00 00 80
3F 88 00 00 00 00 88 00 00 00 00 88 00 00 00 00
88 00 00 10 41 88 00 00 AF 43 88 00 00 A0 41 88
[22:13:15.875] [INFO] [s22-backup] READ 64 byte(s):
00 00 00 00 88 00 00 48 42 88 00 00 00 00 88 00
00 10 41 88 00 00 AF 43 88 00 00 A0 41 88 00 00
00 00 88 00 00 48 42 BA 6D 88 00 00 00 00 88 00
00 00 00 88 00 00 C8 C2 88 00 00 A0 41 88 00 00
[22:13:15.877] [INFO] [s22-backup] READ 64 byte(s):
70 C2 88 00 00 80 3F 88 00 00 00 00 88 00 00 00
00 88 00 00 00 00 88 00 00 A0 40 88 00 00 80 3F
88 00 00 A0 40 88 00 00 96 43 88 00 00 A0 40 88
33 33 33 3F 88 00 80 3B 44 88 00 00 A0 40 88 00
[22:13:15.880] [INFO] [s22-backup] READ 64 byte(s):
80 ED 44 88 00 00 80 3F 88 00 00 80 3F 88 00 00
A0 40 88 00 00 A0 40 88 00 00 C8 42 88 00 00 80
3F 88 00 00 00 00 88 00 00 C8 41 88 00 00 A0 40
88 00 00 00 00 88 00 00 C0 3F 88 00 00 00 00 88
[22:13:15.883] [INFO] [s22-backup] READ 64 byte(s):
00 00 80 3F 88 00 00 C0 3F 88 00 00 00 00 88 00
00 00 00 88 00 00 A0 40 88 00 00 A0 40 88 00 00
80 3F 88 00 00 00 00 88 00 00 80 40 88 00 00 A0
40 88 00 00 00 00 88 00 00 00 00 88 00 00 F0 41
[22:13:15.885] [INFO] [s22-backup] READ 64 byte(s):
88 00 00 A0 40 88 00 00 00 00 88 00 00 00 00 88
00 00 F0 41 88 00 00 A0 40 88 00 00 00 00 88 00
00 00 00 88 00 00 F0 41 88 00 00 A0 40 88 00 00
00 00 88 00 00 00 00 88 00 00 F0 41 88 00 00 A0
[22:13:15.887] [INFO] [s22-backup] READ 64 byte(s):
40 88 00 00 00 00 88 00 00 00 00 88 00 00 F0 41
88 00 00 A0 40 88 00 00 00 00 88 00 00 00 00 88
00 00 F0 41 88 00 00 80 3F 88 00 00 00 00 88 00
00 00 00 88 00 00 00 00 88 00 00 70 41 88 00 00
[22:13:15.888] [INFO] [s22-backup] READ 64 byte(s):
00 3F 88 00 00 48 42 88 00 00 F0 40 88 00 00 00
00 88 00 00 40 40 88 00 00 D0 40 88 00 00 00 00
88 00 00 00 00 88 00 00 C0 40 88 00 00 00 00 88
00 00 70 41 88 00 00 00 3F 88 00 00 48 42 88 00
[22:13:15.890] [INFO] [s22-backup] READ 64 byte(s):
00 F0 40 88 00 00 00 00 88 00 00 70 41 88 00 00
00 3F 88 00 00 48 42 88 00 00 C8 41 88 00 00 F0
40 88 00 00 00 00 88 00 00 40 40 88 00 00 B4 43
88 00 00 F0 42 88 00 00 48 42 88 00 00 A0 40 88
[22:13:15.892] [INFO] [s22-backup] READ 64 byte(s):
00 00 80 3F 88 00 00 00 00 88 00 00 00 00 88 00
00 00 00 88 00 00 10 41 88 00 00 AF 43 88 00 00
A0 41 88 00 00 00 00 88 00 00 48 42 88 00 00 00
00 88 00 00 10 41 88 00 00 AF 43 88 00 00 A0 41
[22:13:15.898] [INFO] [s22-backup] READ 64 byte(s):
88 00 00 00 00 88 00 00 48 42 BA 6D 88 00 00 00
00 88 00 00 00 00 88 00 00 C8 C2 88 00 00 A0 41
88 00 00 70 C2 88 00 00 80 3F 88 00 00 00 00 88
00 00 00 00 88 00 00 00 00 88 00 00 A0 40 88 00
[22:13:15.901] [INFO] [s22-backup] READ 64 byte(s):
00 80 3F 88 00 00 A0 40 88 00 00 96 43 88 00 00
A0 40 88 33 33 33 3F 88 00 80 3B 44 88 00 00 A0
40 88 00 80 ED 44 88 00 00 80 3F 88 00 00 80 3F
88 00 00 A0 40 88 00 00 A0 40 88 00 00 C8 42 88
[22:13:15.904] [INFO] [s22-backup] READ 64 byte(s):
00 00 80 3F 88 00 00 00 00 88 00 00 C8 41 88 00
00 A0 40 88 00 00 00 00 88 00 00 C0 3F 88 00 00
00 00 88 00 00 80 3F 88 00 00 C0 3F 88 00 00 00
00 88 00 00 00 00 88 00 00 A0 40 88 00 00 A0 40
[22:13:15.906] [INFO] [s22-backup] READ 64 byte(s):
88 00 00 80 3F 88 00 00 00 00 88 00 00 80 40 88
00 00 A0 40 88 00 00 00 00 88 00 00 00 00 88 00
00 F0 41 88 00 00 A0 40 88 00 00 00 00 88 00 00
00 00 88 00 00 F0 41 88 00 00 A0 40 88 00 00 00
[22:13:15.908] [INFO] [s22-backup] READ 64 byte(s):
00 88 00 00 00 00 88 00 00 F0 41 88 00 00 A0 40
88 00 00 00 00 88 00 00 00 00 88 00 00 F0 41 88
00 00 A0 40 88 00 00 00 00 88 00 00 00 00 88 00
00 F0 41 88 00 00 A0 40 88 00 00 00 00 88 00 00
[22:13:15.911] [INFO] [s22-backup] READ 64 byte(s):
00 00 88 00 00 F0 41 88 00 00 80 3F 88 00 00 00
00 88 00 00 00 00 88 00 00 00 00 88 00 00 70 41
88 00 00 00 3F 88 00 00 48 42 88 00 00 F0 40 88
00 00 00 00 88 00 00 40 40 88 00 00 D0 40 88 00
[22:13:15.913] [INFO] [s22-backup] READ 64 byte(s):
00 00 00 88 00 00 00 00 88 00 00 C0 40 88 00 00
00 00 88 00 00 70 41 88 00 00 00 3F 88 00 00 48
42 88 00 00 F0 40 88 00 00 00 00 88 00 00 70 41
88 00 00 00 3F 88 00 00 48 42 88 00 00 C8 41 88
[22:13:15.915] [INFO] [s22-backup] READ 64 byte(s):
00 00 F0 40 88 00 00 00 00 88 00 00 40 40 88 00
00 B4 43 88 00 00 F0 42 88 00 00 48 42 88 00 00
A0 40 88 00 00 80 3F 88 00 00 00 00 88 00 00 00
00 88 00 00 00 00 88 00 00 10 41 88 00 00 AF 43
[22:13:15.920] [INFO] [s22-backup] READ 64 byte(s):
88 00 00 A0 41 88 00 00 00 00 88 00 00 48 42 88
00 00 00 00 88 00 00 10 41 88 00 00 AF 43 88 00
00 A0 41 88 00 00 00 00 88 00 00 48 42 B9 0D B9
02 BC 21 00 66 96 BC 5B BD 4F BC 06 15 60 3B 9F
[22:13:15.922] [INFO] [s22-backup] READ 64 byte(s):
3D EB BC F5 2E CC BB 62 AE C7 BB FA B3 E7 BC 7B
1C 9B 3A 35 00 B9 02 BC 0B 32 30 32 35 2D 31 32
2D 30 35 00 0A B9 02 BC 21 53 54 4F 4D 50 20 2D
20 44 49 53 54 4F 52 54 49 4F 4E 00 BB 94 62 30
[22:13:15.925] [INFO] [s22-backup] READ 64 byte(s):
3A 27 38 D0 BC 06 5D 88 3B 3B 12 B9 02 BC 21 4E
6F 6E 65 00 FF A5 BC 96 C6 D4 BC 39 17 CD 3B 39
1A FE BB 12 F9 49 BC 71 0F AC BB 6A 40 C6 BC 90
04 B9 02 BC 21 4E 6F 6E 65 00 27 B6 BC D2 38 03
[22:13:15.927] [INFO] [s22-backup] READ 64 byte(s):
3A 26 52 7D 5D BC 22 7D 5D B5 BC 34 51 57 3B 28
91 A0 BC AD 1A B8 BC 1F 04 B9 02 BC 21 4E 6F 6E
65 00 24 44 BB 24 21 AA BC E0 F8 E0 BB 8A C2 BF
BC 8B 33 97 BC 31 46 F2 BB 09 9F 94 BC C5 04 B9
[22:13:15.931] [INFO] [s22-backup] READ 64 byte(s):
02 BC 21 4E 6F 6E 65 00 FC 3A BC 34 05 B2 BC 21
28 4D BC FE DB 84 BC F1 BB A4 BC 7C 64 DF BB 73
73 AD BC 96 04 B9 02 BC 21 00 B3 B5 BC F2 E5 4F
BC E6 34 6E BC DF 22 C2 BC 09 36 58 BC ED 12 3C
[22:13:15.933] [INFO] [s22-backup] READ 64 byte(s):
BC 23 B9 06 BC 13 DB C5 BC 56 00 B9 02 BC 21 00
8A 80 BC ED 2C 5D BB 63 35 D9 BC D7 B7 34 BC AA
BF 1D BB 00 CF CD BC CA 8D 2F 3C 9C FC 9B BC 24
00 B9 02 BC 21 00 2D 8F BC 78 5B 98 BC A5 BB 03
[22:13:15.936] [INFO] [s22-backup] READ 64 byte(s):
3C E7 E1 ED BC 47 49 C3 BC 3D BA 4D B9 03 68 9F
BC 97 4F D7 3A 69 00 B9 02 BC 21 00 5B 91 BC E0
99 2B 3C 1E AF E8 BC 43 0A 9D BA 32 4F 53 3A 68
FC CE BC 5C D6 81 3C EF B0 57 BC 0F 00 B9 02 BC
[22:13:15.937] [INFO] [s22-backup] READ 64 byte(s):
21 00 5D EB BC ED E4 A9 3B 44 94 D8 3B D9 54 07
BD 7A 10 94 3B 8B 4A 1E 3C 9D 18 DF BC E2 FE 9C
3B 3D 00 B9 02 BC 41 00 9D 9C 3B 9D 20 1E BB F7
15 D6 BC 1B 44 25 3C 7D 5D 74 62 BC D9 C9 E7 BC
[22:13:15.939] [INFO] [s22-backup] READ 45 byte(s):
68 E3 46 3C 55 52 7B BC BF AA DE BC FF 8B 1D 3D
69 01 33 BD FB 23 70 BB F6 85 D9 3C B4 99 88 BD
55 5E A8 BB 80 65 00 00 72 00 FC 16 7E
[22:13:15.943] [INFO] [s22-backup] WRITE 21 byte(s):
7E B9 03 81 00 03 82 06 00 80 0B 03 B9 04 0B 01
05 00 70 59 7E
[22:13:15.946] [INFO] [s22-backup] READ 64 byte(s):
7E B9 03 81 04 03 81 9D 08 0B B9 03 01 05 B9 04
B9 02 BC 21 44 72 69 76 65 6E 20 42 61 73 73 20
4D 65 6C 74 65 72 00 00 00 00 00 00 00 00 00 00
00 00 00 00 00 12 BA 02 88 00 00 00 00 88 00 00
[22:13:15.948] [INFO] [s22-backup] READ 64 byte(s):
F0 42 BA 03 BA 6D 88 00 00 00 00 88 00 00 00 00
88 00 00 C8 C2 88 00 00 A0 41 88 00 00 70 C2 88
00 00 80 3F 88 00 00 00 00 88 00 00 00 00 88 00
00 00 00 88 00 00 A0 40 88 00 00 80 3F 88 00 00
[22:13:15.951] [INFO] [s22-backup] READ 64 byte(s):
A0 40 88 00 00 96 43 88 00 00 A0 40 88 33 33 33
3F 88 00 80 3B 44 88 00 00 A0 40 88 00 80 ED 44
88 00 00 80 3F 88 00 00 00 00 88 00 00 A0 40 88
00 00 A0 40 88 00 00 C8 42 88 00 00 80 3F 88 00
[22:13:15.955] [INFO] [s22-backup] READ 64 byte(s):
00 00 00 88 00 00 C8 41 88 00 00 A0 40 88 00 00
00 00 88 00 00 C0 3F 88 00 00 00 00 88 00 00 80
3F 88 00 00 C0 3F 88 00 00 00 00 88 00 00 00 00
88 00 00 A0 40 88 00 00 A0 40 88 00 00 80 3F 88
[22:13:15.958] [INFO] [s22-backup] READ 64 byte(s):
00 00 00 00 88 00 00 80 40 88 00 00 A0 40 88 00
00 00 00 88 00 00 00 00 88 00 00 F0 41 88 00 00
A0 40 88 00 00 00 00 88 00 00 00 00 88 00 00 F0
41 88 00 00 A0 40 88 00 00 00 00 88 00 00 00 00
[22:13:15.961] [INFO] [s22-backup] READ 64 byte(s):
88 00 00 F0 41 88 00 00 A0 40 88 00 00 00 00 88
00 00 00 00 88 00 00 F0 41 88 00 00 A0 40 88 00
00 00 00 88 00 00 00 00 88 00 00 F0 41 88 00 00
A0 40 88 00 00 00 00 88 00 00 00 00 88 00 00 F0
[22:13:15.963] [INFO] [s22-backup] READ 64 byte(s):
41 88 00 00 80 3F 88 00 00 00 00 88 00 00 00 00
88 00 00 00 00 88 00 00 70 41 88 FF FF FF 3E 88
00 00 48 42 88 00 00 F0 40 88 00 00 00 00 88 00
00 40 40 88 00 00 D0 40 88 00 00 00 00 88 00 00
[22:13:15.965] [INFO] [s22-backup] READ 64 byte(s):
00 00 88 00 00 C0 40 88 00 00 00 00 88 00 00 70
41 88 FF FF FF 3E 88 00 00 48 42 88 00 00 F0 40
88 00 00 00 00 88 00 00 70 41 88 FF FF FF 3E 88
00 00 48 42 88 00 00 C8 41 88 00 00 F0 40 88 00
[22:13:15.967] [INFO] [s22-backup] READ 64 byte(s):
00 00 00 88 00 00 40 40 88 00 00 B4 43 88 00 00
F0 42 88 00 00 48 42 88 00 00 A0 40 88 00 00 80
3F 88 00 00 00 00 88 00 00 00 00 88 00 00 00 00
88 00 00 10 41 88 00 00 AF 43 88 00 00 A0 41 88
[22:13:15.970] [INFO] [s22-backup] READ 64 byte(s):
00 00 00 00 88 00 00 48 42 88 00 00 00 00 88 00
00 10 41 88 00 00 AF 43 88 00 00 A0 41 88 00 00
00 00 88 00 00 48 42 BA 6D 88 00 00 00 00 88 00
00 00 00 88 00 00 C8 C2 88 00 00 A0 41 88 00 00
[22:13:15.974] [INFO] [s22-backup] READ 64 byte(s):
70 C2 88 00 00 80 3F 88 00 00 00 00 88 00 00 00
00 88 00 00 00 00 88 00 00 A0 40 88 00 00 80 3F
88 00 00 A0 40 88 00 00 96 43 88 00 00 A0 40 88
33 33 33 3F 88 00 80 3B 44 88 00 00 A0 40 88 00
[22:13:15.979] [INFO] [s22-backup] READ 64 byte(s):
80 ED 44 88 00 00 80 3F 88 00 00 00 00 88 00 00
A0 40 88 00 00 A0 40 88 00 00 C8 42 88 00 00 80
3F 88 00 00 00 00 88 00 00 C8 41 88 00 00 A0 40
88 00 00 00 00 88 00 00 C0 3F 88 00 00 00 00 88
[22:13:15.983] [INFO] [s22-backup] READ 64 byte(s):
00 00 80 3F 88 00 00 C0 3F 88 00 00 00 00 88 00
00 00 00 88 00 00 A0 40 88 00 00 A0 40 88 00 00
80 3F 88 00 00 00 00 88 00 00 80 40 88 00 00 A0
40 88 00 00 00 00 88 00 00 00 00 88 00 00 F0 41
[22:13:15.988] [INFO] [s22-backup] READ 64 byte(s):
88 00 00 A0 40 88 00 00 00 00 88 00 00 00 00 88
00 00 F0 41 88 00 00 A0 40 88 00 00 00 00 88 00
00 00 00 88 00 00 F0 41 88 00 00 A0 40 88 00 00
00 00 88 00 00 00 00 88 00 00 F0 41 88 00 00 A0
[22:13:15.992] [INFO] [s22-backup] READ 64 byte(s):
40 88 00 00 00 00 88 00 00 00 00 88 00 00 F0 41
88 00 00 A0 40 88 00 00 00 00 88 00 00 00 00 88
00 00 F0 41 88 00 00 80 3F 88 00 00 00 00 88 00
00 00 00 88 00 00 00 00 88 00 00 70 41 88 00 00
[22:13:15.997] [INFO] [s22-backup] READ 64 byte(s):
00 3F 88 00 00 48 42 88 00 00 F0 40 88 00 00 00
00 88 00 00 40 40 88 00 00 D0 40 88 00 00 00 00
88 00 00 00 00 88 00 00 C0 40 88 00 00 00 00 88
00 00 70 41 88 00 00 00 3F 88 00 00 48 42 88 00
[22:13:16.001] [INFO] [s22-backup] READ 64 byte(s):
00 F0 40 88 00 00 00 00 88 00 00 70 41 88 00 00
00 3F 88 00 00 48 42 88 00 00 C8 41 88 00 00 F0
40 88 00 00 00 00 88 00 00 40 40 88 00 00 B4 43
88 00 00 F0 42 88 00 00 48 42 88 00 00 A0 40 88
[22:13:16.003] [INFO] [s22-backup] READ 64 byte(s):
00 00 80 3F 88 00 00 00 00 88 00 00 00 00 88 00
00 00 00 88 00 00 10 41 88 00 00 AF 43 88 00 00
A0 41 88 00 00 00 00 88 00 00 48 42 88 00 00 00
00 88 00 00 10 41 88 00 00 AF 43 88 00 00 A0 41
[22:13:16.005] [INFO] [s22-backup] READ 64 byte(s):
88 00 00 00 00 88 00 00 48 42 BA 6D 88 00 00 00
00 88 00 00 00 00 88 00 00 C8 C2 88 00 00 A0 41
88 00 00 70 C2 88 00 00 80 3F 88 00 00 00 00 88
00 00 00 00 88 00 00 00 00 88 00 00 A0 40 88 00
[22:13:16.007] [INFO] [s22-backup] READ 64 byte(s):
00 80 3F 88 00 00 A0 40 88 00 00 96 43 88 00 00
A0 40 88 33 33 33 3F 88 00 80 3B 44 88 00 00 A0
40 88 00 80 ED 44 88 00 00 80 3F 88 00 00 00 00
88 00 00 A0 40 88 00 00 A0 40 88 00 00 C8 42 88
[22:13:16.009] [INFO] [s22-backup] READ 64 byte(s):
00 00 80 3F 88 00 00 00 00 88 00 00 C8 41 88 00
00 A0 40 88 00 00 00 00 88 00 00 C0 3F 88 00 00
00 00 88 00 00 80 3F 88 00 00 C0 3F 88 00 00 00
00 88 00 00 00 00 88 00 00 A0 40 88 00 00 A0 40
[22:13:16.012] [INFO] [s22-backup] READ 64 byte(s):
88 00 00 80 3F 88 00 00 00 00 88 00 00 80 40 88
00 00 A0 40 88 00 00 00 00 88 00 00 00 00 88 00
00 F0 41 88 00 00 A0 40 88 00 00 00 00 88 00 00
00 00 88 00 00 F0 41 88 00 00 A0 40 88 00 00 00
[22:13:16.014] [INFO] [s22-backup] READ 64 byte(s):
00 88 00 00 00 00 88 00 00 F0 41 88 00 00 A0 40
88 00 00 00 00 88 00 00 00 00 88 00 00 F0 41 88
00 00 A0 40 88 00 00 00 00 88 00 00 00 00 88 00
00 F0 41 88 00 00 A0 40 88 00 00 00 00 88 00 00
[22:13:16.017] [INFO] [s22-backup] READ 64 byte(s):
00 00 88 00 00 F0 41 88 00 00 80 3F 88 00 00 00
00 88 00 00 00 00 88 00 00 00 00 88 00 00 70 41
88 00 00 00 3F 88 00 00 48 42 88 00 00 F0 40 88
00 00 00 00 88 00 00 40 40 88 00 00 D0 40 88 00
[22:13:16.023] [INFO] [s22-backup] READ 64 byte(s):
00 00 00 88 00 00 00 00 88 00 00 C0 40 88 00 00
00 00 88 00 00 70 41 88 00 00 00 3F 88 00 00 48
42 88 00 00 F0 40 88 00 00 00 00 88 00 00 70 41
88 00 00 00 3F 88 00 00 48 42 88 00 00 C8 41 88
[22:13:16.027] [INFO] [s22-backup] READ 64 byte(s):
00 00 F0 40 88 00 00 00 00 88 00 00 40 40 88 00
00 B4 43 88 00 00 F0 42 88 00 00 48 42 88 00 00
A0 40 88 00 00 80 3F 88 00 00 00 00 88 00 00 00
00 88 00 00 00 00 88 00 00 10 41 88 00 00 AF 43
[22:13:16.030] [INFO] [s22-backup] READ 64 byte(s):
88 00 00 A0 41 88 00 00 00 00 88 00 00 48 42 88
00 00 00 00 88 00 00 10 41 88 00 00 AF 43 88 00
00 A0 41 88 00 00 00 00 88 00 00 48 42 B9 0D B9
02 BC 21 00 29 1C B7 14 AC E7 3C C9 A6 9A 3C 8B
[22:13:16.033] [INFO] [s22-backup] READ 64 byte(s):
DA 94 3C D8 C9 E4 3C C0 86 8B 3C CC 12 0D 3D EB
B9 E1 3C 7A 00 B9 02 BC 0B 32 30 32 35 2D 31 32
2D 30 35 00 0A B9 02 BC 21 44 52 49 56 45 00 AC
3C A5 8D 63 3C 8D 41 2B 3C 70 77 80 3C 1D BB EB
[22:13:16.035] [INFO] [s22-backup] READ 64 byte(s):
3C DB 6E 50 3C 7B E0 05 3D 99 05 B9 02 BC 21 4E
6F 6E 65 00 87 1E 3C D1 04 0C 3C 22 D8 F8 3A 02
A9 77 3B 96 72 14 3C 5B 62 87 BB D5 BE 12 3C 65
04 B9 02 BC 21 4E 6F 6E 65 00 A7 9A BA 6D BD A9
[22:13:16.038] [INFO] [s22-backup] READ 64 byte(s):
3B C6 41 16 3C F0 F0 2E 3C 7D 5E 1C 2A 3C 21 DF
01 3C BC 3C 7D 5D BC 9A 04 B9 02 BC 21 4E 6F 6E
65 00 0D FE BB CE E2 38 3A F5 AA 9A 3C 14 48 AA
3A B0 00 14 3C D3 23 09 BB 42 7F AB 3B C2 04 B9
[22:13:16.040] [INFO] [s22-backup] READ 64 byte(s):
02 BC 21 4E 6F 6E 65 00 C2 AF 3C 67 AF 5E 3C C6
32 C5 3A 9A D0 87 39 C1 97 6A BB B5 EC E0 BB F4
FD D7 39 2D 04 B9 02 BC 21 00 87 12 3C F1 62 14
39 FB 20 1F 3B 3F D0 F1 BB 95 84 20 3B C0 25 08
[22:13:16.042] [INFO] [s22-backup] READ 64 byte(s):
B8 39 A1 1B 3C D5 EA 24 3C 4B 00 B9 02 BC 21 00
1E FF BB 7D 5E C6 9F BB FD EF 85 BC 2E E5 A3 BB
E7 BF 6A BC 09 CD 43 BB FA B6 DC BB 3C 0B 48 3C
07 00 B9 02 BC 21 00 4F 1C 3A 58 4C E7 3B 21 47
[22:13:16.044] [INFO] [s22-backup] READ 64 byte(s):
87 3B 65 44 87 3A B9 F5 11 3C 63 81 0F BC EE BC
F0 BA 43 66 85 BC 9F 00 B9 02 BC 21 00 73 3B BC
34 12 42 3B 7D 5D 73 C9 3C 0D 1B BE 3C 3A D5 A0
3C 66 6B F4 3C FB 55 18 3C 70 B3 60 3C 55 00 B9
[22:13:16.046] [INFO] [s22-backup] READ 64 byte(s):
02 BC 21 00 EF 15 BB 7C F5 15 BC DA 27 D3 3B 8A
15 FC 3A 13 05 69 3C D7 E4 24 3C E5 4F 90 3C 5F
0D 91 3C D8 00 B9 02 BC 41 00 90 1B 3D 9B D2 15
BC 97 E4 07 3C 09 87 B1 3C 52 EE 27 3C 38 DB 15
[22:13:16.048] [INFO] [s22-backup] READ 46 byte(s):
3C C1 38 DE 3C EC 91 8A 3A FA 6C E3 3C 0A 51 6A
3C 51 EA D3 3C 20 D4 31 3D CC 88 1E BD 71 D4 C5
3D 93 4F EE AC 5B 88 00 00 72 00 5C E7 7E
[22:13:16.058] [INFO] [s22-backup] WRITE 21 byte(s):
7E B9 03 81 00 03 82 06 00 80 0B 03 B9 04 0B 01
06 00 18 73 7E
[22:13:16.065] [INFO] [s22-backup] READ 64 byte(s):
7E B9 03 81 04 03 81 9D 08 0B B9 03 01 06 B9 04
B9 02 BC 21 4C 6F 77 65 72 20 42 61 73 73 20 4D
65 6C 74 65 72 00 00 00 00 00 00 00 00 00 00 00
00 00 00 00 00 11 BA 02 88 00 00 00 00 88 00 00
[22:13:16.068] [INFO] [s22-backup] READ 64 byte(s):
F0 42 BA 03 BA 6D 88 00 00 00 00 88 00 00 80 3F
88 00 00 D8 C1 88 00 00 FA 43 88 00 00 70 C2 88
00 00 00 00 88 00 00 80 3F 88 00 00 48 C1 88 00
00 20 41 88 00 00 88 41 88 00 00 80 3F 88 00 00
[22:13:16.070] [INFO] [s22-backup] READ 64 byte(s):
A0 40 88 00 00 96 43 88 00 00 A0 40 88 33 33 33
3F 88 00 80 3B 44 88 00 00 A0 40 88 00 80 ED 44
88 00 00 80 3F 88 00 00 00 00 88 00 00 20 40 88
00 00 40 40 88 00 00 8A 42 88 00 00 80 3F 88 00
[22:13:16.076] [INFO] [s22-backup] READ 64 byte(s):
00 00 00 88 00 00 C8 41 88 00 00 A0 40 88 00 00
00 00 88 00 00 C0 3F 88 00 00 00 00 88 00 00 80
3F 88 00 00 C0 3F 88 00 00 00 00 88 00 00 00 00
88 00 00 20 41 88 00 00 20 41 88 00 00 80 3F 88
[22:13:16.079] [INFO] [s22-backup] READ 64 byte(s):
00 00 80 3F 88 00 00 80 40 88 00 00 A0 40 88 00
00 00 00 88 00 00 00 00 88 00 00 F0 41 88 00 00
A0 40 88 00 00 00 00 88 00 00 00 00 88 00 00 F0
41 88 00 00 A0 40 88 00 00 00 00 88 00 00 00 00
[22:13:16.080] [INFO] [s22-backup] READ 64 byte(s):
88 00 00 F0 41 88 00 00 A0 40 88 00 00 00 00 88
00 00 00 00 88 00 00 F0 41 88 00 00 A0 40 88 00
00 00 00 88 00 00 00 00 88 00 00 00 00 88 00 00
A0 40 88 00 00 00 00 88 00 00 00 00 88 00 00 F0
[22:13:16.082] [INFO] [s22-backup] READ 64 byte(s):
41 88 00 00 80 3F 88 00 00 00 00 88 00 00 00 00
88 00 00 00 00 88 00 00 70 41 88 14 AE 87 3F 88
00 00 98 41 88 00 00 F0 40 88 00 00 00 00 88 00
00 40 40 88 00 00 D0 40 88 00 00 00 00 88 00 00
[22:13:16.085] [INFO] [s22-backup] READ 64 byte(s):
00 00 88 00 00 C0 40 88 00 00 00 00 88 00 00 70
41 88 FF FF FF 3E 88 00 00 48 42 88 00 00 F0 40
88 00 00 00 00 88 00 00 70 41 88 FF FF FF 3E 88
00 00 48 42 88 00 00 C8 41 88 00 00 F0 40 88 00
[22:13:16.090] [INFO] [s22-backup] READ 64 byte(s):
00 00 00 88 00 00 40 40 88 00 00 B4 43 88 00 00
F0 42 88 00 00 48 42 88 00 00 A0 40 88 00 00 80
3F 88 00 00 00 00 88 00 00 00 00 88 00 00 00 00
88 00 00 10 41 88 00 00 AF 43 88 00 00 A0 41 88
[22:13:16.093] [INFO] [s22-backup] READ 64 byte(s):
00 00 00 00 88 00 00 48 42 88 00 00 00 00 88 00
00 10 41 88 00 00 AF 43 88 00 00 A0 41 88 00 00
00 00 88 00 00 48 42 BA 6D 88 00 00 00 00 88 00
00 00 00 88 00 00 C8 C2 88 00 00 A0 41 88 00 00
[22:13:16.097] [INFO] [s22-backup] READ 64 byte(s):
70 C2 88 00 00 80 3F 88 00 00 00 00 88 00 00 00
00 88 00 00 00 00 88 00 00 A0 40 88 00 00 80 3F
88 00 00 A0 40 88 00 00 96 43 88 00 00 A0 40 88
33 33 33 3F 88 00 80 3B 44 88 00 00 A0 40 88 00
[22:13:16.100] [INFO] [s22-backup] READ 64 byte(s):
80 ED 44 88 00 00 80 3F 88 00 00 00 00 88 00 00
A0 40 88 00 00 A0 40 88 00 00 C8 42 88 00 00 80
3F 88 00 00 00 00 88 00 00 C8 41 88 00 00 A0 40
88 00 00 00 00 88 00 00 C0 3F 88 00 00 00 00 88
[22:13:16.103] [INFO] [s22-backup] READ 64 byte(s):
00 00 80 3F 88 00 00 C0 3F 88 00 00 00 00 88 00
00 00 00 88 00 00 A0 40 88 00 00 A0 40 88 00 00
80 3F 88 00 00 00 00 88 00 00 80 40 88 00 00 A0
40 88 00 00 00 00 88 00 00 00 00 88 00 00 F0 41
[22:13:16.107] [INFO] [s22-backup] READ 64 byte(s):
88 00 00 A0 40 88 00 00 00 00 88 00 00 00 00 88
00 00 F0 41 88 00 00 A0 40 88 00 00 00 00 88 00
00 00 00 88 00 00 F0 41 88 00 00 A0 40 88 00 00
00 00 88 00 00 00 00 88 00 00 F0 41 88 00 00 A0
[22:13:16.111] [INFO] [s22-backup] READ 64 byte(s):
40 88 00 00 00 00 88 00 00 00 00 88 00 00 F0 41
88 00 00 A0 40 88 00 00 00 00 88 00 00 00 00 88
00 00 F0 41 88 00 00 80 3F 88 00 00 00 00 88 00
00 00 00 88 00 00 00 00 88 00 00 70 41 88 00 00
[22:13:16.116] [INFO] [s22-backup] READ 64 byte(s):
00 3F 88 00 00 48 42 88 00 00 F0 40 88 00 00 00
00 88 00 00 40 40 88 00 00 D0 40 88 00 00 00 00
88 00 00 00 00 88 00 00 C0 40 88 00 00 00 00 88
00 00 70 41 88 00 00 00 3F 88 00 00 48 42 88 00
[22:13:16.119] [INFO] [s22-backup] READ 64 byte(s):
00 F0 40 88 00 00 00 00 88 00 00 70 41 88 00 00
00 3F 88 00 00 48 42 88 00 00 C8 41 88 00 00 F0
40 88 00 00 00 00 88 00 00 40 40 88 00 00 B4 43
88 00 00 F0 42 88 00 00 48 42 88 00 00 A0 40 88
[22:13:16.121] [INFO] [s22-backup] READ 64 byte(s):
00 00 80 3F 88 00 00 00 00 88 00 00 00 00 88 00
00 00 00 88 00 00 10 41 88 00 00 AF 43 88 00 00
A0 41 88 00 00 00 00 88 00 00 48 42 88 00 00 00
00 88 00 00 10 41 88 00 00 AF 43 88 00 00 A0 41
[22:13:16.124] [INFO] [s22-backup] READ 64 byte(s):
88 00 00 00 00 88 00 00 48 42 BA 6D 88 00 00 00
00 88 00 00 00 00 88 00 00 C8 C2 88 00 00 A0 41
88 00 00 70 C2 88 00 00 80 3F 88 00 00 00 00 88
00 00 00 00 88 00 00 00 00 88 00 00 A0 40 88 00
[22:13:16.126] [INFO] [s22-backup] READ 64 byte(s):
00 80 3F 88 00 00 A0 40 88 00 00 96 43 88 00 00
A0 40 88 33 33 33 3F 88 00 80 3B 44 88 00 00 A0
40 88 00 80 ED 44 88 00 00 80 3F 88 00 00 00 00
88 00 00 A0 40 88 00 00 A0 40 88 00 00 C8 42 88
[22:13:16.128] [INFO] [s22-backup] READ 64 byte(s):
00 00 80 3F 88 00 00 00 00 88 00 00 C8 41 88 00
00 A0 40 88 00 00 00 00 88 00 00 C0 3F 88 00 00
00 00 88 00 00 80 3F 88 00 00 C0 3F 88 00 00 00
00 88 00 00 00 00 88 00 00 A0 40 88 00 00 A0 40
[22:13:16.131] [INFO] [s22-backup] READ 64 byte(s):
88 00 00 80 3F 88 00 00 00 00 88 00 00 80 40 88
00 00 A0 40 88 00 00 00 00 88 00 00 00 00 88 00
00 F0 41 88 00 00 A0 40 88 00 00 00 00 88 00 00
00 00 88 00 00 F0 41 88 00 00 A0 40 88 00 00 00
[22:13:16.133] [INFO] [s22-backup] READ 64 byte(s):
00 88 00 00 00 00 88 00 00 F0 41 88 00 00 A0 40
88 00 00 00 00 88 00 00 00 00 88 00 00 F0 41 88
00 00 A0 40 88 00 00 00 00 88 00 00 00 00 88 00
00 F0 41 88 00 00 A0 40 88 00 00 00 00 88 00 00
[22:13:16.135] [INFO] [s22-backup] READ 64 byte(s):
00 00 88 00 00 F0 41 88 00 00 80 3F 88 00 00 00
00 88 00 00 00 00 88 00 00 00 00 88 00 00 70 41
88 00 00 00 3F 88 00 00 48 42 88 00 00 F0 40 88
00 00 00 00 88 00 00 40 40 88 00 00 D0 40 88 00
[22:13:16.137] [INFO] [s22-backup] READ 64 byte(s):
00 00 00 88 00 00 00 00 88 00 00 C0 40 88 00 00
00 00 88 00 00 70 41 88 00 00 00 3F 88 00 00 48
42 88 00 00 F0 40 88 00 00 00 00 88 00 00 70 41
88 00 00 00 3F 88 00 00 48 42 88 00 00 C8 41 88
[22:13:16.139] [INFO] [s22-backup] READ 64 byte(s):
00 00 F0 40 88 00 00 00 00 88 00 00 40 40 88 00
00 B4 43 88 00 00 F0 42 88 00 00 48 42 88 00 00
A0 40 88 00 00 80 3F 88 00 00 00 00 88 00 00 00
00 88 00 00 00 00 88 00 00 10 41 88 00 00 AF 43
[22:13:16.140] [INFO] [s22-backup] READ 64 byte(s):
88 00 00 A0 41 88 00 00 00 00 88 00 00 48 42 88
00 00 00 00 88 00 00 10 41 88 00 00 AF 43 88 00
00 A0 41 88 00 00 00 00 88 00 00 48 42 B9 0D B9
02 BC 21 00 E8 89 3B DB E8 39 BB B6 EB 53 3B C1
[22:13:16.141] [INFO] [s22-backup] READ 64 byte(s):
F8 44 3C 31 36 81 3C EA 08 8F 3C D1 95 E8 3C 2C
B1 49 3C 4E 00 B9 02 BC 0B 32 30 32 35 2D 31 31
2D 32 38 00 0A B9 02 BC 21 48 49 2D 47 41 49 4E
00 88 86 D8 3A C7 21 F2 BA 54 A1 CE 3B 26 D7 1F
[22:13:16.142] [INFO] [s22-backup] READ 64 byte(s):
3C E7 1B DB BB 88 6B 3A BC 2E 07 B9 02 BC 21 4E
6F 6E 65 00 96 DF 3A 2A 6B 2B BB CA E3 26 BC 1C
72 F3 BB F3 04 2E BC 4C 1F 05 BC 5A 64 99 3B 74
04 B9 02 BC 21 4E 6F 6E 65 00 A3 8B BC DD A5 D3
[22:13:16.144] [INFO] [s22-backup] READ 64 byte(s):
BC 59 84 B5 BC F5 76 B7 BC 78 C5 92 BC 9C CA 9D
BB 84 6E 2E BB 71 04 B9 02 BC 21 4E 6F 6E 65 00
92 42 BC 1B AA 66 BC 53 7C DD BC 4C FE F2 BC 19
34 E9 BC BB D0 C5 BC EE 77 5B BB F5 04 B9 02 BC
[22:13:16.146] [INFO] [s22-backup] READ 64 byte(s):
21 4E 6F 6E 65 00 EB 98 BB 9A F1 14 BB 4C C7 E9
BA DC 7C DC BC 82 EA CC BC 4B 12 0C BC 25 F9 D4
BC E8 04 B9 02 BC 21 00 C1 34 BB CF 09 1A 3B 93
E5 A3 BB ED 7D 5D 73 BC 99 BD D0 BC B3 33 02 BC
[22:13:16.147] [INFO] [s22-backup] READ 64 byte(s):
7D 5D B4 1E BC 3F 49 E1 BC 1C 00 B9 02 BC 21 00
EC B4 BC 0D 17 B4 BC 68 3A 6C BC BC A8 17 3C C4
5A 20 BC 48 5F 40 BC 68 E3 9D BC A6 08 7D 5D BC
87 00 B9 02 BC 21 00 6D 8E BB 9D CF EC 3B AA EA
[22:13:16.148] [INFO] [s22-backup] READ 64 byte(s):
54 BC 0C 54 D7 BC 12 AA A8 BC 52 84 96 BA 66 AF
96 BB 03 95 F6 BC 35 00 B9 02 BC 21 00 2A BF BB
AE 3B 4B BC 0E B3 1A BC 19 62 CE BB B1 07 1A BC
9D 31 71 3C 0A A0 DB B9 C2 78 95 BB 43 00 B9 02
[22:13:16.150] [INFO] [s22-backup] READ 64 byte(s):
BC 21 00 B6 9C BC A9 06 BF BC C0 AE 79 3A 1A 9D
10 3C 9F 7D 5E 94 3B EB B5 0F BB BD 8B 37 BC BB
6C 56 BB E8 00 B9 02 BC 41 00 CB B7 3C 54 DC 06
3D 5D D9 0C 3C F3 6B 1A BC 4F 6F 01 BC FD EA 5D
[22:13:16.153] [INFO] [s22-backup] READ 46 byte(s):
3B ED 4B 4F 3C 4E 49 90 3B 4B BC 80 3C 26 D2 A2
3B C9 AF AC 3B 96 95 75 BB 31 E5 B1 BB 82 E4 43
3D 68 D9 CB 98 9F 08 00 00 72 00 84 E4 7E
[22:13:16.156] [INFO] [s22-backup] WRITE 21 byte(s):
7E B9 03 81 00 03 82 06 00 80 0B 03 B9 04 0B 01
07 00 C0 6A 7E
[22:13:16.158] [INFO] [s22-backup] READ 64 byte(s):
7E B9 03 81 04 03 81 9D 08 0B B9 03 01 07 B9 04
B9 02 BC 21 36 34 20 4C 6F 20 47 61 69 6E 20 46
65 65 6C 73 00 00 00 00 00 00 00 00 00 00 00 00
00 00 00 00 00 10 BA 02 88 00 00 00 00 88 00 00
[22:13:16.161] [INFO] [s22-backup] READ 64 byte(s):
F0 42 BA 03 BA 6D 88 00 00 00 00 88 00 00 00 00
88 00 00 C8 C2 88 00 00 A0 41 88 00 00 70 C2 88
00 00 80 3F 88 00 00 00 00 88 00 00 00 00 88 00
00 00 00 88 00 00 A0 40 88 00 00 80 3F 88 00 00
[22:13:16.166] [INFO] [s22-backup] READ 64 byte(s):
A0 40 88 00 00 96 43 88 00 00 A0 40 88 33 33 33
3F 88 00 80 3B 44 88 00 00 A0 40 88 00 80 ED 44
88 00 00 80 3F 88 00 00 00 00 88 00 00 A0 40 88
00 00 A0 40 88 00 00 C8 42 88 00 00 80 3F 88 00
[22:13:16.176] [INFO] [s22-backup] READ 64 byte(s):
00 00 00 88 00 00 C8 41 88 00 00 A0 40 88 00 00
00 00 88 00 00 C0 3F 88 00 00 00 00 88 00 00 80
3F 88 00 00 C0 3F 88 00 00 00 00 88 00 00 00 00
88 00 00 A0 40 88 00 00 A0 40 88 00 00 80 3F 88
[22:13:16.180] [INFO] [s22-backup] READ 64 byte(s):
00 00 00 00 88 00 00 80 40 88 00 00 A0 40 88 00
00 00 00 88 00 00 00 00 88 00 00 F0 41 88 00 00
A0 40 88 00 00 00 00 88 00 00 00 00 88 00 00 F0
41 88 00 00 A0 40 88 00 00 00 00 88 00 00 00 00
[22:13:16.183] [INFO] [s22-backup] READ 64 byte(s):
88 00 00 F0 41 88 00 00 A0 40 88 00 00 00 00 88
00 00 00 00 88 00 00 F0 41 88 00 00 A0 40 88 00
00 00 00 88 00 00 00 00 88 00 00 F0 41 88 00 00
A0 40 88 00 00 00 00 88 00 00 00 00 88 00 00 F0
[22:13:16.184] [INFO] [s22-backup] READ 64 byte(s):
41 88 00 00 80 3F 88 00 00 00 00 88 00 00 00 00
88 00 00 00 00 88 00 00 70 41 88 00 00 00 3F 88
00 00 48 42 88 00 00 F0 40 88 00 00 00 00 88 00
00 40 40 88 00 00 D0 40 88 00 00 00 00 88 00 00
[22:13:16.208] [INFO] [s22-backup] READ 64 byte(s):
00 00 88 00 00 C0 40 88 00 00 00 00 88 00 00 70
41 88 00 00 00 3F 88 00 00 48 42 88 00 00 F0 40
88 00 00 00 00 88 00 00 70 41 88 00 00 00 3F 88
00 00 48 42 88 00 00 C8 41 88 00 00 F0 40 88 00
[22:13:16.216] [INFO] [s22-backup] READ 64 byte(s):
00 00 00 88 00 00 40 40 88 00 00 B4 43 88 00 00
F0 42 88 00 00 48 42 88 00 00 A0 40 88 00 00 80
3F 88 00 00 00 00 88 00 00 00 00 88 00 00 00 00
88 00 00 10 41 88 00 00 AF 43 88 00 00 A0 41 88
[22:13:16.224] [INFO] [s22-backup] READ 64 byte(s):
00 00 00 00 88 00 00 48 42 88 00 00 00 00 88 00
00 10 41 88 00 00 AF 43 88 00 00 A0 41 88 00 00
00 00 88 00 00 48 42 BA 6D 88 00 00 00 00 88 00
00 00 00 88 00 00 C8 C2 88 00 00 A0 41 88 00 00
[22:13:16.230] [INFO] [s22-backup] READ 64 byte(s):
70 C2 88 00 00 80 3F 88 00 00 00 00 88 00 00 00
00 88 00 00 00 00 88 00 00 A0 40 88 00 00 80 3F
88 00 00 A0 40 88 00 00 96 43 88 00 00 A0 40 88
33 33 33 3F 88 00 80 3B 44 88 00 00 A0 40 88 00
[22:13:16.234] [INFO] [s22-backup] READ 64 byte(s):
80 ED 44 88 00 00 80 3F 88 00 00 00 00 88 00 00
A0 40 88 00 00 A0 40 88 00 00 C8 42 88 00 00 80
3F 88 00 00 00 00 88 00 00 C8 41 88 00 00 A0 40
88 00 00 00 00 88 00 00 C0 3F 88 00 00 00 00 88
[22:13:16.236] [INFO] [s22-backup] READ 64 byte(s):
00 00 80 3F 88 00 00 C0 3F 88 00 00 00 00 88 00
00 00 00 88 00 00 A0 40 88 00 00 A0 40 88 00 00
80 3F 88 00 00 00 00 88 00 00 80 40 88 00 00 A0
40 88 00 00 00 00 88 00 00 00 00 88 00 00 F0 41
[22:13:16.239] [INFO] [s22-backup] READ 64 byte(s):
88 00 00 A0 40 88 00 00 00 00 88 00 00 00 00 88
00 00 F0 41 88 00 00 A0 40 88 00 00 00 00 88 00
00 00 00 88 00 00 F0 41 88 00 00 A0 40 88 00 00
00 00 88 00 00 00 00 88 00 00 F0 41 88 00 00 A0
[22:13:16.242] [INFO] [s22-backup] READ 64 byte(s):
40 88 00 00 00 00 88 00 00 00 00 88 00 00 F0 41
88 00 00 A0 40 88 00 00 00 00 88 00 00 00 00 88
00 00 F0 41 88 00 00 80 3F 88 00 00 00 00 88 00
00 00 00 88 00 00 00 00 88 00 00 70 41 88 00 00
[22:13:16.244] [INFO] [s22-backup] READ 64 byte(s):
00 3F 88 00 00 48 42 88 00 00 F0 40 88 00 00 00
00 88 00 00 40 40 88 00 00 D0 40 88 00 00 00 00
88 00 00 00 00 88 00 00 C0 40 88 00 00 00 00 88
00 00 70 41 88 00 00 00 3F 88 00 00 48 42 88 00
[22:13:16.245] [INFO] [s22-backup] READ 64 byte(s):
00 F0 40 88 00 00 00 00 88 00 00 70 41 88 00 00
00 3F 88 00 00 48 42 88 00 00 C8 41 88 00 00 F0
40 88 00 00 00 00 88 00 00 40 40 88 00 00 B4 43
88 00 00 F0 42 88 00 00 48 42 88 00 00 A0 40 88
[22:13:16.247] [INFO] [s22-backup] READ 64 byte(s):
00 00 80 3F 88 00 00 00 00 88 00 00 00 00 88 00
00 00 00 88 00 00 10 41 88 00 00 AF 43 88 00 00
A0 41 88 00 00 00 00 88 00 00 48 42 88 00 00 00
00 88 00 00 10 41 88 00 00 AF 43 88 00 00 A0 41
[22:13:16.250] [INFO] [s22-backup] READ 64 byte(s):
88 00 00 00 00 88 00 00 48 42 BA 6D 88 00 00 00
00 88 00 00 00 00 88 00 00 C8 C2 88 00 00 A0 41
88 00 00 70 C2 88 00 00 80 3F 88 00 00 00 00 88
00 00 00 00 88 00 00 00 00 88 00 00 A0 40 88 00
[22:13:16.252] [INFO] [s22-backup] READ 64 byte(s):
00 80 3F 88 00 00 A0 40 88 00 00 96 43 88 00 00
A0 40 88 33 33 33 3F 88 00 80 3B 44 88 00 00 A0
40 88 00 80 ED 44 88 00 00 80 3F 88 00 00 00 00
88 00 00 A0 40 88 00 00 A0 40 88 00 00 C8 42 88
[22:13:16.253] [INFO] [s22-backup] READ 64 byte(s):
00 00 80 3F 88 00 00 00 00 88 00 00 C8 41 88 00
00 A0 40 88 00 00 00 00 88 00 00 C0 3F 88 00 00
00 00 88 00 00 80 3F 88 00 00 C0 3F 88 00 00 00
00 88 00 00 00 00 88 00 00 A0 40 88 00 00 A0 40
[22:13:16.254] [INFO] [s22-backup] READ 64 byte(s):
88 00 00 80 3F 88 00 00 00 00 88 00 00 80 40 88
00 00 A0 40 88 00 00 00 00 88 00 00 00 00 88 00
00 F0 41 88 00 00 A0 40 88 00 00 00 00 88 00 00
00 00 88 00 00 F0 41 88 00 00 A0 40 88 00 00 00
[22:13:16.256] [INFO] [s22-backup] READ 64 byte(s):
00 88 00 00 00 00 88 00 00 F0 41 88 00 00 A0 40
88 00 00 00 00 88 00 00 00 00 88 00 00 F0 41 88
00 00 A0 40 88 00 00 00 00 88 00 00 00 00 88 00
00 F0 41 88 00 00 A0 40 88 00 00 00 00 88 00 00
[22:13:16.258] [INFO] [s22-backup] READ 64 byte(s):
00 00 88 00 00 F0 41 88 00 00 80 3F 88 00 00 00
00 88 00 00 00 00 88 00 00 00 00 88 00 00 70 41
88 00 00 00 3F 88 00 00 48 42 88 00 00 F0 40 88
00 00 00 00 88 00 00 40 40 88 00 00 D0 40 88 00
[22:13:16.260] [INFO] [s22-backup] READ 64 byte(s):
00 00 00 88 00 00 00 00 88 00 00 C0 40 88 00 00
00 00 88 00 00 70 41 88 00 00 00 3F 88 00 00 48
42 88 00 00 F0 40 88 00 00 00 00 88 00 00 70 41
88 00 00 00 3F 88 00 00 48 42 88 00 00 C8 41 88
[22:13:16.262] [INFO] [s22-backup] READ 64 byte(s):
00 00 F0 40 88 00 00 00 00 88 00 00 40 40 88 00
00 B4 43 88 00 00 F0 42 88 00 00 48 42 88 00 00
A0 40 88 00 00 80 3F 88 00 00 00 00 88 00 00 00
00 88 00 00 00 00 88 00 00 10 41 88 00 00 AF 43
[22:13:16.264] [INFO] [s22-backup] READ 64 byte(s):
88 00 00 A0 41 88 00 00 00 00 88 00 00 48 42 88
00 00 00 00 88 00 00 10 41 88 00 00 AF 43 88 00
00 A0 41 88 00 00 00 00 88 00 00 48 42 B9 0D B9
02 BC 21 00 B5 F0 3B B2 C7 FA 3A B8 9E 2C 3C 62
[22:13:16.266] [INFO] [s22-backup] READ 64 byte(s):
05 98 3C 72 37 F6 3B 36 67 C8 BB 3D 45 8E 3C 70
CB 0D 3C 6A 00 B9 02 BC 0B 32 30 32 35 2D 31 32
2D 30 35 00 0A B9 02 BC 21 43 4C 45 41 4E 00 3E
3B 2E C1 C9 3B 9B A9 BE 3B CF B8 F1 BB 40 A2 66
[22:13:16.268] [INFO] [s22-backup] READ 64 byte(s):
BB 9E 7A D2 BA B2 55 CD BA 7A 05 B9 02 BC 21 4E
6F 6E 65 00 A2 16 3B 21 EF 42 BB DA 00 84 BB 08
7B 93 3C FF DE C2 3B 6E 2D 27 BC 3B EC 1D 3C 9A
04 B9 02 BC 21 4E 6F 6E 65 00 09 3F 3B 92 9F AF
[22:13:16.270] [INFO] [s22-backup] READ 64 byte(s):
BB 84 26 F6 BB CD 66 B1 B9 45 87 F7 BA 6F 7C C6
BB 6D 08 74 B9 4E 04 B9 02 BC 21 4E 6F 6E 65 00
D8 92 3A E0 32 1F 3B D4 24 91 BC 6A A2 71 BC 23
91 4F BB 8C 68 0C BC 10 B6 0E BC 29 04 B9 02 BC
[22:13:16.273] [INFO] [s22-backup] READ 64 byte(s):
21 4E 6F 6E 65 00 58 62 BC 75 A4 1B BB DB 7D 5D
23 BB 9B F1 6D BC 24 AA 63 BC 6E 65 74 BB 48 B5
66 BC 1C 04 B9 02 BC 21 00 05 56 3B AA 40 97 B8
10 68 6D BC 65 30 30 BC 8F EE C1 BB C7 8E 88 BC
[22:13:16.275] [INFO] [s22-backup] READ 64 byte(s):
56 CA 07 BC 0F 2C 37 3C 5F 00 B9 02 BC 21 00 40
9E 3B F0 08 EF 3B 18 97 CA BB 05 3E B6 37 A4 BC
1A BB A3 71 B9 3A 4B F0 A5 BC 75 1E 03 BC CF 00
B9 02 BC 21 00 9C 77 BC 36 5F 61 3A AD A6 8D 3B
[22:13:16.278] [INFO] [s22-backup] READ 64 byte(s):
6E 1F 7D 5E BB 9C B9 1F 3B AD 18 9A 3B 3C 44 8E
BB EC 67 DE BC 53 00 B9 02 BC 21 00 93 B6 BC 82
C2 22 BC 38 5D 9B BC 9D 91 A1 BC 10 9A B0 BB B6
03 04 BC A9 5C E0 BC F1 09 C9 BB 8C 00 B9 02 BC
[22:13:16.279] [INFO] [s22-backup] READ 64 byte(s):
21 00 83 0B 3C 67 48 A8 BC B3 B1 8B BC DC 31 73
3C 36 45 9D BC C2 A5 B0 BC 1A 08 8A 3C FA BC 88
BC 61 00 B9 02 BC 41 00 2E CA BC 9A 5D C3 BB 03
E2 01 BB 46 51 91 BC AC 0C 54 3C 57 45 96 BC B2
[22:13:16.280] [INFO] [s22-backup] READ 44 byte(s):
DC 8B BC 28 7B 66 BC F5 2B 9F 3B 80 DD B5 3B FD
73 A0 BC 3C 6A 3E BD E3 C3 25 3D 8D 6F FF BD 85
51 A8 BB 80 65 00 00 72 00 E9 3A 7E
[22:13:16.288] [INFO] [s22-backup] WRITE 21 byte(s):
7E B9 03 81 00 03 82 06 00 80 0B 03 B9 04 0B 01
08 00 08 E9 7E
[22:13:16.293] [INFO] [s22-backup] READ 64 byte(s):
7E B9 03 81 04 03 81 9D 08 0B B9 03 01 08 B9 04
B9 02 BC 21 36 34 20 4D 69 64 20 47 61 69 6E 20
46 65 65 6C 73 00 00 00 00 00 00 00 00 00 00 00
00 00 00 00 00 11 BA 02 88 00 00 00 00 88 00 00
[22:13:16.299] [INFO] [s22-backup] READ 64 byte(s):
F0 42 BA 03 BA 6D 88 00 00 00 00 88 00 00 80 3F
88 00 00 68 C2 88 00 00 FA 43 88 00 00 C8 C2 88
00 00 80 3F 88 00 00 80 3F 88 00 00 28 C1 88 00
00 10 C1 88 00 00 40 41 88 00 00 80 3F 88 00 00
[22:13:16.302] [INFO] [s22-backup] READ 64 byte(s):
00 00 88 00 00 96 43 88 33 33 D3 40 88 33 33 33
3F 88 00 80 3B 44 88 33 33 F3 40 88 00 80 ED 44
88 00 00 80 3F 88 00 00 00 00 88 CD CC 14 41 88
67 66 D6 40 88 00 00 C8 42 88 00 00 80 3F 88 00
[22:13:16.304] [INFO] [s22-backup] READ 64 byte(s):
00 00 00 88 00 00 C8 41 88 00 00 A0 40 88 00 00
00 00 88 00 00 C0 3F 88 00 00 00 00 88 00 00 80
3F 88 00 00 C0 3F 88 00 00 00 00 88 00 00 00 00
88 00 00 C0 40 88 CD CC BC 40 88 00 00 80 3F 88
[22:13:16.305] [INFO] [s22-backup] READ 64 byte(s):
00 00 00 00 88 00 00 80 40 88 00 00 A0 40 88 00
00 00 00 88 00 00 00 00 88 00 00 F0 41 88 00 00
A0 40 88 00 00 00 00 88 00 00 00 00 88 00 00 F0
41 88 00 00 A0 40 88 00 00 00 00 88 00 00 00 00
[22:13:16.308] [INFO] [s22-backup] READ 64 byte(s):
88 00 00 F0 41 88 00 00 A0 40 88 00 00 00 00 88
00 00 00 00 88 00 00 F0 41 88 00 00 A0 40 88 00
00 00 00 88 00 00 00 00 88 00 00 F0 41 88 00 00
A0 40 88 00 00 00 00 88 00 00 00 00 88 00 00 F0
[22:13:16.309] [INFO] [s22-backup] READ 64 byte(s):
41 88 00 00 80 3F 88 00 00 00 00 88 00 00 00 00
88 00 00 00 00 88 00 00 70 41 88 FF FF FF 3E 88
00 00 48 42 88 00 00 F0 40 88 00 00 00 00 88 00
00 40 40 88 00 00 D0 40 88 00 00 00 00 88 00 00
[22:13:16.310] [INFO] [s22-backup] READ 64 byte(s):
00 00 88 00 00 C0 40 88 00 00 00 00 88 00 00 70
41 88 FF FF FF 3E 88 00 00 48 42 88 00 00 F0 40
88 00 00 00 00 88 00 00 70 41 88 FF FF FF 3E 88
00 00 48 42 88 00 00 C8 41 88 00 00 F0 40 88 00
[22:13:16.315] [INFO] [s22-backup] READ 64 byte(s):
00 00 00 88 00 00 40 40 88 00 00 B4 43 88 00 00
F0 42 88 00 00 48 42 88 00 00 A0 40 88 00 00 80
3F 88 00 00 00 00 88 00 00 00 00 88 00 00 00 00
88 00 00 10 41 88 00 00 AF 43 88 00 00 A0 41 88
[22:13:16.317] [INFO] [s22-backup] READ 64 byte(s):
00 00 00 00 88 00 00 48 42 88 00 00 00 00 88 00
00 10 41 88 00 00 AF 43 88 00 00 A0 41 88 00 00
00 00 88 00 00 48 42 BA 6D 88 00 00 00 00 88 00
00 00 00 88 00 00 C8 C2 88 00 00 A0 41 88 00 00
[22:13:16.319] [INFO] [s22-backup] READ 64 byte(s):
70 C2 88 00 00 80 3F 88 00 00 00 00 88 00 00 00
00 88 00 00 00 00 88 00 00 A0 40 88 00 00 80 3F
88 00 00 A0 40 88 00 00 96 43 88 00 00 A0 40 88
33 33 33 3F 88 00 80 3B 44 88 00 00 A0 40 88 00
[22:13:16.321] [INFO] [s22-backup] READ 64 byte(s):
80 ED 44 88 00 00 80 3F 88 00 00 00 00 88 00 00
A0 40 88 00 00 A0 40 88 00 00 C8 42 88 00 00 80
3F 88 00 00 00 00 88 00 00 C8 41 88 00 00 A0 40
88 00 00 00 00 88 00 00 C0 3F 88 00 00 00 00 88
[22:13:16.323] [INFO] [s22-backup] READ 64 byte(s):
00 00 80 3F 88 00 00 C0 3F 88 00 00 00 00 88 00
00 00 00 88 00 00 A0 40 88 00 00 A0 40 88 00 00
80 3F 88 00 00 00 00 88 00 00 80 40 88 00 00 A0
40 88 00 00 00 00 88 00 00 00 00 88 00 00 F0 41
[22:13:16.325] [INFO] [s22-backup] READ 64 byte(s):
88 00 00 A0 40 88 00 00 00 00 88 00 00 00 00 88
00 00 F0 41 88 00 00 A0 40 88 00 00 00 00 88 00
00 00 00 88 00 00 F0 41 88 00 00 A0 40 88 00 00
00 00 88 00 00 00 00 88 00 00 F0 41 88 00 00 A0
[22:13:16.328] [INFO] [s22-backup] READ 64 byte(s):
40 88 00 00 00 00 88 00 00 00 00 88 00 00 F0 41
88 00 00 A0 40 88 00 00 00 00 88 00 00 00 00 88
00 00 F0 41 88 00 00 80 3F 88 00 00 00 00 88 00
00 00 00 88 00 00 00 00 88 00 00 70 41 88 00 00
[22:13:16.330] [INFO] [s22-backup] READ 64 byte(s):
00 3F 88 00 00 48 42 88 00 00 F0 40 88 00 00 00
00 88 00 00 40 40 88 00 00 D0 40 88 00 00 00 00
88 00 00 00 00 88 00 00 C0 40 88 00 00 00 00 88
00 00 70 41 88 00 00 00 3F 88 00 00 48 42 88 00
[22:13:16.332] [INFO] [s22-backup] READ 64 byte(s):
00 F0 40 88 00 00 00 00 88 00 00 70 41 88 00 00
00 3F 88 00 00 48 42 88 00 00 C8 41 88 00 00 F0
40 88 00 00 00 00 88 00 00 40 40 88 00 00 B4 43
88 00 00 F0 42 88 00 00 48 42 88 00 00 A0 40 88
[22:13:16.335] [INFO] [s22-backup] READ 64 byte(s):
00 00 80 3F 88 00 00 00 00 88 00 00 00 00 88 00
00 00 00 88 00 00 10 41 88 00 00 AF 43 88 00 00
A0 41 88 00 00 00 00 88 00 00 48 42 88 00 00 00
00 88 00 00 10 41 88 00 00 AF 43 88 00 00 A0 41
[22:13:16.339] [INFO] [s22-backup] READ 64 byte(s):
88 00 00 00 00 88 00 00 48 42 BA 6D 88 00 00 00
00 88 00 00 00 00 88 00 00 C8 C2 88 00 00 A0 41
88 00 00 70 C2 88 00 00 80 3F 88 00 00 00 00 88
00 00 00 00 88 00 00 00 00 88 00 00 A0 40 88 00
[22:13:16.341] [INFO] [s22-backup] READ 64 byte(s):
00 80 3F 88 00 00 A0 40 88 00 00 96 43 88 00 00
A0 40 88 33 33 33 3F 88 00 80 3B 44 88 00 00 A0
40 88 00 80 ED 44 88 00 00 80 3F 88 00 00 00 00
88 00 00 A0 40 88 00 00 A0 40 88 00 00 C8 42 88
[22:13:16.343] [INFO] [s22-backup] READ 64 byte(s):
00 00 80 3F 88 00 00 00 00 88 00 00 C8 41 88 00
00 A0 40 88 00 00 00 00 88 00 00 C0 3F 88 00 00
00 00 88 00 00 80 3F 88 00 00 C0 3F 88 00 00 00
00 88 00 00 00 00 88 00 00 A0 40 88 00 00 A0 40
[22:13:16.345] [INFO] [s22-backup] READ 64 byte(s):
88 00 00 80 3F 88 00 00 00 00 88 00 00 80 40 88
00 00 A0 40 88 00 00 00 00 88 00 00 00 00 88 00
00 F0 41 88 00 00 A0 40 88 00 00 00 00 88 00 00
00 00 88 00 00 F0 41 88 00 00 A0 40 88 00 00 00
[22:13:16.347] [INFO] [s22-backup] READ 64 byte(s):
00 88 00 00 00 00 88 00 00 F0 41 88 00 00 A0 40
88 00 00 00 00 88 00 00 00 00 88 00 00 F0 41 88
00 00 A0 40 88 00 00 00 00 88 00 00 00 00 88 00
00 F0 41 88 00 00 A0 40 88 00 00 00 00 88 00 00
[22:13:16.349] [INFO] [s22-backup] READ 64 byte(s):
00 00 88 00 00 F0 41 88 00 00 80 3F 88 00 00 00
00 88 00 00 00 00 88 00 00 00 00 88 00 00 70 41
88 00 00 00 3F 88 00 00 48 42 88 00 00 F0 40 88
00 00 00 00 88 00 00 40 40 88 00 00 D0 40 88 00
[22:13:16.351] [INFO] [s22-backup] READ 64 byte(s):
00 00 00 88 00 00 00 00 88 00 00 C0 40 88 00 00
00 00 88 00 00 70 41 88 00 00 00 3F 88 00 00 48
42 88 00 00 F0 40 88 00 00 00 00 88 00 00 70 41
88 00 00 00 3F 88 00 00 48 42 88 00 00 C8 41 88
[22:13:16.353] [INFO] [s22-backup] READ 64 byte(s):
00 00 F0 40 88 00 00 00 00 88 00 00 40 40 88 00
00 B4 43 88 00 00 F0 42 88 00 00 48 42 88 00 00
A0 40 88 00 00 80 3F 88 00 00 00 00 88 00 00 00
00 88 00 00 00 00 88 00 00 10 41 88 00 00 AF 43
[22:13:16.355] [INFO] [s22-backup] READ 64 byte(s):
88 00 00 A0 41 88 00 00 00 00 88 00 00 48 42 88
00 00 00 00 88 00 00 10 41 88 00 00 AF 43 88 00
00 A0 41 88 00 00 00 00 88 00 00 48 42 B9 0D B9
02 BC 21 00 B5 F0 3B B2 C7 FA 3A B8 9E 2C 3C 62
[22:13:16.356] [INFO] [s22-backup] READ 64 byte(s):
05 98 3C 72 37 F6 3B 36 67 C8 BB 3D 45 8E 3C 70
CB 0D 3C 6A 00 B9 02 BC 0B 32 30 32 35 2D 31 32
2D 30 36 00 0A B9 02 BC 21 44 52 49 56 45 00 3E
3B 2E C1 C9 3B 9B A9 BE 3B CF B8 F1 BB 40 A2 66
[22:13:16.358] [INFO] [s22-backup] READ 64 byte(s):
BB 9E 7A D2 BA B2 55 CD BA 7A 05 B9 02 BC 21 4E
6F 6E 65 00 A2 16 3B 21 EF 42 BB DA 00 84 BB 08
7B 93 3C FF DE C2 3B 6E 2D 27 BC 3B EC 1D 3C 9A
04 B9 02 BC 21 4E 6F 6E 65 00 09 3F 3B 92 9F AF
[22:13:16.360] [INFO] [s22-backup] READ 64 byte(s):
BB 84 26 F6 BB CD 66 B1 B9 45 87 F7 BA 6F 7C C6
BB 6D 08 74 B9 4E 04 B9 02 BC 21 4E 6F 6E 65 00
D8 92 3A E0 32 1F 3B D4 24 91 BC 6A A2 71 BC 23
91 4F BB 8C 68 0C BC 10 B6 0E BC 29 04 B9 02 BC
[22:13:16.362] [INFO] [s22-backup] READ 64 byte(s):
21 4E 6F 6E 65 00 58 62 BC 75 A4 1B BB DB 7D 5D
23 BB 9B F1 6D BC 24 AA 63 BC 6E 65 74 BB 48 B5
66 BC 1C 04 B9 02 BC 21 00 05 56 3B AA 40 97 B8
10 68 6D BC 65 30 30 BC 8F EE C1 BB C7 8E 88 BC
[22:13:16.363] [INFO] [s22-backup] READ 64 byte(s):
56 CA 07 BC 0F 2C 37 3C 5F 00 B9 02 BC 21 00 40
9E 3B F0 08 EF 3B 18 97 CA BB 05 3E B6 37 A4 BC
1A BB A3 71 B9 3A 4B F0 A5 BC 75 1E 03 BC CF 00
B9 02 BC 21 00 9C 77 BC 36 5F 61 3A AD A6 8D 3B
[22:13:16.364] [INFO] [s22-backup] READ 64 byte(s):
6E 1F 7D 5E BB 9C B9 1F 3B AD 18 9A 3B 3C 44 8E
BB EC 67 DE BC 53 00 B9 02 BC 21 00 93 B6 BC 82
C2 22 BC 38 5D 9B BC 9D 91 A1 BC 10 9A B0 BB B6
03 04 BC A9 5C E0 BC F1 09 C9 BB 8C 00 B9 02 BC
[22:13:16.366] [INFO] [s22-backup] READ 64 byte(s):
21 00 83 0B 3C 67 48 A8 BC B3 B1 8B BC DC 31 73
3C 36 45 9D BC C2 A5 B0 BC 1A 08 8A 3C FA BC 88
BC 61 00 B9 02 BC 41 00 2E CA BC 9A 5D C3 BB 03
E2 01 BB 46 51 91 BC AC 0C 54 3C 57 45 96 BC B2
[22:13:16.368] [INFO] [s22-backup] READ 44 byte(s):
DC 8B BC 28 7B 66 BC F5 2B 9F 3B 80 DD B5 3B FD
73 A0 BC 3C 6A 3E BD E3 C3 25 3D 8D 6F FF BD B0
A2 5C 8B 9A 10 00 00 72 00 B5 BF 7E
[22:13:16.371] [INFO] [s22-backup] WRITE 21 byte(s):
7E B9 03 81 00 03 82 06 00 80 0B 03 B9 04 0B 01
09 00 D0 F0 7E
[22:13:16.378] [INFO] [s22-backup] READ 64 byte(s):
7E B9 03 81 04 03 81 9D 08 0B B9 03 01 09 B9 04
B9 02 BC 21 36 36 20 4C 6F 20 47 61 69 6E 20 46
65 65 6C 73 00 00 00 00 00 00 00 00 00 00 00 00
00 00 00 00 00 10 BA 02 88 00 00 00 00 88 00 00
[22:13:16.382] [INFO] [s22-backup] READ 64 byte(s):
F0 42 BA 03 BA 6D 88 00 00 00 00 88 00 00 00 00
88 00 00 C8 C2 88 00 00 A0 41 88 00 00 70 C2 88
00 00 80 3F 88 00 00 00 00 88 00 00 00 00 88 00
00 00 00 88 00 00 A0 40 88 00 00 80 3F 88 00 00
[22:13:16.386] [INFO] [s22-backup] READ 64 byte(s):
A0 40 88 00 00 96 43 88 00 00 A0 40 88 33 33 33
3F 88 00 80 3B 44 88 00 00 A0 40 88 00 80 ED 44
88 00 00 80 3F 88 00 00 00 00 88 00 00 A0 40 88
00 00 A0 40 88 00 00 C8 42 88 00 00 80 3F 88 00
[22:13:16.388] [INFO] [s22-backup] READ 64 byte(s):
00 00 00 88 00 00 C8 41 88 00 00 A0 40 88 00 00
00 00 88 00 00 C0 3F 88 00 00 00 00 88 00 00 80
3F 88 00 00 C0 3F 88 00 00 00 00 88 00 00 00 00
88 00 00 A0 40 88 00 00 A0 40 88 00 00 80 3F 88
[22:13:16.391] [INFO] [s22-backup] READ 64 byte(s):
00 00 00 00 88 00 00 80 40 88 00 00 A0 40 88 00
00 00 00 88 00 00 00 00 88 00 00 F0 41 88 00 00
A0 40 88 00 00 00 00 88 00 00 00 00 88 00 00 F0
41 88 00 00 A0 40 88 00 00 00 00 88 00 00 00 00
[22:13:16.398] [INFO] [s22-backup] READ 64 byte(s):
88 00 00 F0 41 88 00 00 A0 40 88 00 00 00 00 88
00 00 00 00 88 00 00 F0 41 88 00 00 A0 40 88 00
00 00 00 88 00 00 00 00 88 00 00 F0 41 88 00 00
A0 40 88 00 00 00 00 88 00 00 00 00 88 00 00 F0
[22:13:16.405] [INFO] [s22-backup] READ 64 byte(s):
41 88 00 00 80 3F 88 00 00 00 00 88 00 00 00 00
88 00 00 00 00 88 00 00 70 41 88 00 00 00 3F 88
00 00 48 42 88 00 00 F0 40 88 00 00 00 00 88 00
00 40 40 88 00 00 D0 40 88 00 00 00 00 88 00 00
[22:13:16.408] [INFO] [s22-backup] READ 64 byte(s):
00 00 88 00 00 C0 40 88 00 00 00 00 88 00 00 70
41 88 00 00 00 3F 88 00 00 48 42 88 00 00 F0 40
88 00 00 00 00 88 00 00 70 41 88 00 00 00 3F 88
00 00 48 42 88 00 00 C8 41 88 00 00 F0 40 88 00
[22:13:16.411] [INFO] [s22-backup] READ 64 byte(s):
00 00 00 88 00 00 40 40 88 00 00 B4 43 88 00 00
F0 42 88 00 00 48 42 88 00 00 A0 40 88 00 00 80
3F 88 00 00 00 00 88 00 00 00 00 88 00 00 00 00
88 00 00 10 41 88 00 00 AF 43 88 00 00 A0 41 88
[22:13:16.417] [INFO] [s22-backup] READ 64 byte(s):
00 00 00 00 88 00 00 48 42 88 00 00 00 00 88 00
00 10 41 88 00 00 AF 43 88 00 00 A0 41 88 00 00
00 00 88 00 00 48 42 BA 6D 88 00 00 00 00 88 00
00 00 00 88 00 00 C8 C2 88 00 00 A0 41 88 00 00
[22:13:16.421] [INFO] [s22-backup] READ 64 byte(s):
70 C2 88 00 00 80 3F 88 00 00 00 00 88 00 00 00
00 88 00 00 00 00 88 00 00 A0 40 88 00 00 80 3F
88 00 00 A0 40 88 00 00 96 43 88 00 00 A0 40 88
33 33 33 3F 88 00 80 3B 44 88 00 00 A0 40 88 00
[22:13:16.424] [INFO] [s22-backup] READ 64 byte(s):
80 ED 44 88 00 00 80 3F 88 00 00 00 00 88 00 00
A0 40 88 00 00 A0 40 88 00 00 C8 42 88 00 00 80
3F 88 00 00 00 00 88 00 00 C8 41 88 00 00 A0 40
88 00 00 00 00 88 00 00 C0 3F 88 00 00 00 00 88
[22:13:16.427] [INFO] [s22-backup] READ 64 byte(s):
00 00 80 3F 88 00 00 C0 3F 88 00 00 00 00 88 00
00 00 00 88 00 00 A0 40 88 00 00 A0 40 88 00 00
80 3F 88 00 00 00 00 88 00 00 80 40 88 00 00 A0
40 88 00 00 00 00 88 00 00 00 00 88 00 00 F0 41
[22:13:16.430] [INFO] [s22-backup] READ 64 byte(s):
88 00 00 A0 40 88 00 00 00 00 88 00 00 00 00 88
00 00 F0 41 88 00 00 A0 40 88 00 00 00 00 88 00
00 00 00 88 00 00 F0 41 88 00 00 A0 40 88 00 00
00 00 88 00 00 00 00 88 00 00 F0 41 88 00 00 A0
[22:13:16.432] [INFO] [s22-backup] READ 64 byte(s):
40 88 00 00 00 00 88 00 00 00 00 88 00 00 F0 41
88 00 00 A0 40 88 00 00 00 00 88 00 00 00 00 88
00 00 F0 41 88 00 00 80 3F 88 00 00 00 00 88 00
00 00 00 88 00 00 00 00 88 00 00 70 41 88 00 00
[22:13:16.435] [INFO] [s22-backup] READ 64 byte(s):
00 3F 88 00 00 48 42 88 00 00 F0 40 88 00 00 00
00 88 00 00 40 40 88 00 00 D0 40 88 00 00 00 00
88 00 00 00 00 88 00 00 C0 40 88 00 00 00 00 88
00 00 70 41 88 00 00 00 3F 88 00 00 48 42 88 00
[22:13:16.437] [INFO] [s22-backup] READ 64 byte(s):
00 F0 40 88 00 00 00 00 88 00 00 70 41 88 00 00
00 3F 88 00 00 48 42 88 00 00 C8 41 88 00 00 F0
40 88 00 00 00 00 88 00 00 40 40 88 00 00 B4 43
88 00 00 F0 42 88 00 00 48 42 88 00 00 A0 40 88
[22:13:16.441] [INFO] [s22-backup] READ 64 byte(s):
00 00 80 3F 88 00 00 00 00 88 00 00 00 00 88 00
00 00 00 88 00 00 10 41 88 00 00 AF 43 88 00 00
A0 41 88 00 00 00 00 88 00 00 48 42 88 00 00 00
00 88 00 00 10 41 88 00 00 AF 43 88 00 00 A0 41
[22:13:16.446] [INFO] [s22-backup] READ 64 byte(s):
88 00 00 00 00 88 00 00 48 42 BA 6D 88 00 00 00
00 88 00 00 00 00 88 00 00 C8 C2 88 00 00 A0 41
88 00 00 70 C2 88 00 00 80 3F 88 00 00 00 00 88
00 00 00 00 88 00 00 00 00 88 00 00 A0 40 88 00
[22:13:16.449] [INFO] [s22-backup] READ 64 byte(s):
00 80 3F 88 00 00 A0 40 88 00 00 96 43 88 00 00
A0 40 88 33 33 33 3F 88 00 80 3B 44 88 00 00 A0
40 88 00 80 ED 44 88 00 00 80 3F 88 00 00 00 00
88 00 00 A0 40 88 00 00 A0 40 88 00 00 C8 42 88
[22:13:16.453] [INFO] [s22-backup] READ 64 byte(s):
00 00 80 3F 88 00 00 00 00 88 00 00 C8 41 88 00
00 A0 40 88 00 00 00 00 88 00 00 C0 3F 88 00 00
00 00 88 00 00 80 3F 88 00 00 C0 3F 88 00 00 00
00 88 00 00 00 00 88 00 00 A0 40 88 00 00 A0 40
[22:13:16.459] [INFO] [s22-backup] READ 64 byte(s):
88 00 00 80 3F 88 00 00 00 00 88 00 00 80 40 88
00 00 A0 40 88 00 00 00 00 88 00 00 00 00 88 00
00 F0 41 88 00 00 A0 40 88 00 00 00 00 88 00 00
00 00 88 00 00 F0 41 88 00 00 A0 40 88 00 00 00
[22:13:16.465] [INFO] [s22-backup] READ 64 byte(s):
00 88 00 00 00 00 88 00 00 F0 41 88 00 00 A0 40
88 00 00 00 00 88 00 00 00 00 88 00 00 F0 41 88
00 00 A0 40 88 00 00 00 00 88 00 00 00 00 88 00
00 F0 41 88 00 00 A0 40 88 00 00 00 00 88 00 00
[22:13:16.468] [INFO] [s22-backup] READ 64 byte(s):
00 00 88 00 00 F0 41 88 00 00 80 3F 88 00 00 00
00 88 00 00 00 00 88 00 00 00 00 88 00 00 70 41
88 00 00 00 3F 88 00 00 48 42 88 00 00 F0 40 88
00 00 00 00 88 00 00 40 40 88 00 00 D0 40 88 00
[22:13:16.472] [INFO] [s22-backup] READ 64 byte(s):
00 00 00 88 00 00 00 00 88 00 00 C0 40 88 00 00
00 00 88 00 00 70 41 88 00 00 00 3F 88 00 00 48
42 88 00 00 F0 40 88 00 00 00 00 88 00 00 70 41
88 00 00 00 3F 88 00 00 48 42 88 00 00 C8 41 88
[22:13:16.475] [INFO] [s22-backup] READ 64 byte(s):
00 00 F0 40 88 00 00 00 00 88 00 00 40 40 88 00
00 B4 43 88 00 00 F0 42 88 00 00 48 42 88 00 00
A0 40 88 00 00 80 3F 88 00 00 00 00 88 00 00 00
00 88 00 00 00 00 88 00 00 10 41 88 00 00 AF 43
[22:13:16.478] [INFO] [s22-backup] READ 64 byte(s):
88 00 00 A0 41 88 00 00 00 00 88 00 00 48 42 88
00 00 00 00 88 00 00 10 41 88 00 00 AF 43 88 00
00 A0 41 88 00 00 00 00 88 00 00 48 42 B9 0D B9
02 BC 21 00 4C 53 3C 83 3A A9 3C 45 04 57 3C 90
[22:13:16.480] [INFO] [s22-backup] READ 64 byte(s):
66 83 3C C1 1C BA 3C 82 B7 43 3C 7D 5D C1 92 3C
87 38 2D 3C 3B 00 B9 02 BC 0B 32 30 32 35 2D 31
32 2D 30 35 00 0A B9 02 BC 21 43 4C 45 41 4E 00
AA 3C E7 B0 52 3C 0E 61 C5 3A 8D 4C 0A BB 04 7C
[22:13:16.482] [INFO] [s22-backup] READ 64 byte(s):
89 3C 0A F7 01 BB E8 2F 74 BA 19 05 B9 02 BC 21
4E 6F 6E 65 00 CA DA 3A 41 57 42 3C A4 34 EF 3A
C1 57 DE 3B E8 5C 85 3B EB 4A 18 3C 28 9C 60 3C
5D 04 B9 02 BC 21 4E 6F 6E 65 00 02 33 3B 10 70
[22:13:16.486] [INFO] [s22-backup] READ 64 byte(s):
00 BC A4 B9 E1 BA 8C 43 8F 3B C8 BA 71 3A 86 09
ED 3A CF 40 A4 3B E3 04 B9 02 BC 21 4E 6F 6E 65
00 E0 09 BC 0F 66 6D BB 63 B6 1C BC 7C A2 10 BC
98 01 26 BB FB 33 6E BC BE 12 A5 BB 45 04 B9 02
[22:13:16.499] [INFO] [s22-backup] READ 64 byte(s):
BC 21 4E 6F 6E 65 00 05 0E 3B B5 FA 3A BB 8B E0
BF BB 21 72 BE BB B9 79 09 BC 3C 8E 10 B7 A6 69
1D BC E8 04 B9 02 BC 21 00 01 2C BA E7 EA 03 BC
D8 05 0C BC 6A 73 01 BB 2E 3E 31 BC 87 EC 5B BB
[22:13:16.503] [INFO] [s22-backup] READ 64 byte(s):
3E 92 9F BB 6B 33 75 BB F5 00 B9 02 BC 21 00 6A
F4 3B 4E E5 2F 3B F6 3C 6B 3B 80 C6 00 3C 2D F2
22 BC 34 7B 28 BC E6 0A A6 BB 80 C3 71 BC 5E 00
B9 02 BC 21 00 C3 76 BB 10 09 C1 3B AF 46 82 3B
[22:13:16.506] [INFO] [s22-backup] READ 64 byte(s):
F8 AA 6E 3B 7D 5E 05 10 3C 6E 5A EC 39 A2 0D 14
3B A9 DD 0C BC 50 00 B9 02 BC 21 00 03 A7 BB 9B
1D 3B BC 63 C0 6D BB 60 0E F9 BB 13 7D 5E 6C BC
63 FA CD BB 18 74 37 BC A1 28 34 BC 38 00 B9 02
[22:13:16.507] [INFO] [s22-backup] READ 64 byte(s):
BC 21 00 36 F5 BB 46 A0 D0 BB 4B 25 A0 3B A2 09
BC BA DE 03 08 BB F0 BF 02 BB C7 84 34 BB 6D C3
A9 B8 A5 00 B9 02 BC 41 00 13 60 BC E1 E8 E4 BB
D0 0D 96 BB 88 F9 B0 BC 8C E3 C2 3B CD 5D 4A 3C
[22:13:16.509] [INFO] [s22-backup] READ 45 byte(s):
7F 5E BD BB 90 37 92 BC 14 66 A5 3C D0 AB B3 3C
0A 9B 22 BD B6 37 32 BD 3C 7C E9 3D FA 30 29 BE
85 51 A8 BB 80 65 00 00 72 00 87 32 7E
[22:13:16.513] [INFO] [s22-backup] WRITE 21 byte(s):
7E B9 03 81 00 03 82 06 00 80 0B 03 B9 04 0B 01
0A 00 B8 DA 7E
[22:13:16.517] [INFO] [s22-backup] READ 64 byte(s):
7E B9 03 81 04 03 81 9D 08 0B B9 03 01 0A B9 04
B9 02 BC 21 54 72 61 64 69 74 69 6F 6E 61 6C 20
4C 6F 47 61 69 6E 00 00 00 00 00 00 00 00 00 00
00 00 00 00 00 12 BA 02 88 00 00 00 00 88 00 00
[22:13:16.521] [INFO] [s22-backup] READ 64 byte(s):
F0 42 BA 03 BA 6D 88 00 00 00 00 88 00 00 00 00
88 00 00 C8 C2 88 00 00 A0 41 88 00 00 70 C2 88
00 00 80 3F 88 00 00 00 00 88 00 00 00 00 88 00
00 00 00 88 00 00 A0 40 88 00 00 80 3F 88 67 66
[22:13:16.526] [INFO] [s22-backup] READ 64 byte(s):
46 40 88 00 00 96 43 88 00 00 A0 40 88 33 33 33
3F 88 00 80 3B 44 88 00 00 A0 40 88 00 80 ED 44
88 00 00 80 3F 88 00 00 00 00 88 CD CC AC 40 88
9A 99 09 41 88 00 00 C8 42 88 00 00 80 3F 88 00
[22:13:16.529] [INFO] [s22-backup] READ 64 byte(s):
00 00 00 88 00 00 C8 41 88 00 00 A0 40 88 00 00
00 00 88 00 00 C0 3F 88 00 00 00 00 88 00 00 80
3F 88 00 00 C0 3F 88 00 00 00 00 88 00 00 00 00
88 00 00 A0 40 88 00 00 A0 40 88 00 00 80 3F 88
[22:13:16.535] [INFO] [s22-backup] READ 64 byte(s):
00 00 00 00 88 00 00 80 40 88 00 00 A0 40 88 00
00 00 00 88 00 00 00 00 88 00 00 F0 41 88 00 00
A0 40 88 00 00 00 00 88 00 00 00 00 88 00 00 F0
41 88 00 00 A0 40 88 00 00 00 00 88 00 00 00 00
[22:13:16.540] [INFO] [s22-backup] READ 64 byte(s):
88 00 00 F0 41 88 00 00 A0 40 88 00 00 00 00 88
00 00 00 00 88 00 00 F0 41 88 00 00 A0 40 88 00
00 00 00 88 00 00 00 00 88 00 00 F0 41 88 00 00
A0 40 88 00 00 00 00 88 00 00 00 00 88 00 00 F0
[22:13:16.545] [INFO] [s22-backup] READ 64 byte(s):
41 88 00 00 80 3F 88 00 00 00 00 88 00 00 00 00
88 00 00 00 00 88 00 00 70 41 88 00 00 00 3F 88
00 00 48 42 88 00 00 F0 40 88 00 00 00 00 88 00
00 40 40 88 00 00 D0 40 88 00 00 00 00 88 00 00
[22:13:16.547] [INFO] [s22-backup] READ 64 byte(s):
00 00 88 00 00 C0 40 88 00 00 00 00 88 00 00 70
41 88 00 00 00 3F 88 00 00 48 42 88 00 00 F0 40
88 00 00 00 00 88 00 00 70 41 88 00 00 00 3F 88
00 00 48 42 88 00 00 C8 41 88 00 00 F0 40 88 00
[22:13:16.549] [INFO] [s22-backup] READ 64 byte(s):
00 00 00 88 00 00 40 40 88 00 00 B4 43 88 00 00
F0 42 88 00 00 48 42 88 00 00 A0 40 88 00 00 80
3F 88 00 00 00 00 88 00 00 00 00 88 00 00 00 00
88 00 00 10 41 88 00 00 AF 43 88 00 00 A0 41 88
[22:13:16.552] [INFO] [s22-backup] READ 64 byte(s):
00 00 00 00 88 00 00 48 42 88 00 00 00 00 88 00
00 10 41 88 00 00 AF 43 88 00 00 A0 41 88 00 00
00 00 88 00 00 48 42 BA 6D 88 00 00 00 00 88 00
00 00 00 88 00 00 C8 C2 88 00 00 A0 41 88 00 00
[22:13:16.560] [INFO] [s22-backup] READ 64 byte(s):
70 C2 88 00 00 80 3F 88 00 00 00 00 88 00 00 00
00 88 00 00 00 00 88 00 00 A0 40 88 00 00 80 3F
88 00 00 A0 40 88 00 00 96 43 88 00 00 A0 40 88
33 33 33 3F 88 00 80 3B 44 88 00 00 A0 40 88 00
[22:13:16.563] [INFO] [s22-backup] READ 64 byte(s):
80 ED 44 88 00 00 80 3F 88 00 00 00 00 88 00 00
A0 40 88 00 00 A0 40 88 00 00 C8 42 88 00 00 80
3F 88 00 00 00 00 88 00 00 C8 41 88 00 00 A0 40
88 00 00 00 00 88 00 00 C0 3F 88 00 00 00 00 88
[22:13:16.565] [INFO] [s22-backup] READ 64 byte(s):
00 00 80 3F 88 00 00 C0 3F 88 00 00 00 00 88 00
00 00 00 88 00 00 A0 40 88 00 00 A0 40 88 00 00
80 3F 88 00 00 00 00 88 00 00 80 40 88 00 00 A0
40 88 00 00 00 00 88 00 00 00 00 88 00 00 F0 41
[22:13:16.568] [INFO] [s22-backup] READ 64 byte(s):
88 00 00 A0 40 88 00 00 00 00 88 00 00 00 00 88
00 00 F0 41 88 00 00 A0 40 88 00 00 00 00 88 00
00 00 00 88 00 00 F0 41 88 00 00 A0 40 88 00 00
00 00 88 00 00 00 00 88 00 00 F0 41 88 00 00 A0
[22:13:16.571] [INFO] [s22-backup] READ 64 byte(s):
40 88 00 00 00 00 88 00 00 00 00 88 00 00 F0 41
88 00 00 A0 40 88 00 00 00 00 88 00 00 00 00 88
00 00 F0 41 88 00 00 80 3F 88 00 00 00 00 88 00
00 00 00 88 00 00 00 00 88 00 00 70 41 88 00 00
[22:13:16.574] [INFO] [s22-backup] READ 64 byte(s):
00 3F 88 00 00 48 42 88 00 00 F0 40 88 00 00 00
00 88 00 00 40 40 88 00 00 D0 40 88 00 00 00 00
88 00 00 00 00 88 00 00 C0 40 88 00 00 00 00 88
00 00 70 41 88 00 00 00 3F 88 00 00 48 42 88 00
[22:13:16.577] [INFO] [s22-backup] READ 64 byte(s):
00 F0 40 88 00 00 00 00 88 00 00 70 41 88 00 00
00 3F 88 00 00 48 42 88 00 00 C8 41 88 00 00 F0
40 88 00 00 00 00 88 00 00 40 40 88 00 00 B4 43
88 00 00 F0 42 88 00 00 48 42 88 00 00 A0 40 88
[22:13:16.579] [INFO] [s22-backup] READ 64 byte(s):
00 00 80 3F 88 00 00 00 00 88 00 00 00 00 88 00
00 00 00 88 00 00 10 41 88 00 00 AF 43 88 00 00
A0 41 88 00 00 00 00 88 00 00 48 42 88 00 00 00
00 88 00 00 10 41 88 00 00 AF 43 88 00 00 A0 41
[22:13:16.581] [INFO] [s22-backup] READ 64 byte(s):
88 00 00 00 00 88 00 00 48 42 BA 6D 88 00 00 00
00 88 00 00 00 00 88 00 00 C8 C2 88 00 00 A0 41
88 00 00 70 C2 88 00 00 80 3F 88 00 00 00 00 88
00 00 00 00 88 00 00 00 00 88 00 00 A0 40 88 00
[22:13:16.584] [INFO] [s22-backup] READ 64 byte(s):
00 80 3F 88 00 00 A0 40 88 00 00 96 43 88 00 00
A0 40 88 33 33 33 3F 88 00 80 3B 44 88 00 00 A0
40 88 00 80 ED 44 88 00 00 80 3F 88 00 00 00 00
88 00 00 A0 40 88 00 00 A0 40 88 00 00 C8 42 88
[22:13:16.586] [INFO] [s22-backup] READ 64 byte(s):
00 00 80 3F 88 00 00 00 00 88 00 00 C8 41 88 00
00 A0 40 88 00 00 00 00 88 00 00 C0 3F 88 00 00
00 00 88 00 00 80 3F 88 00 00 C0 3F 88 00 00 00
00 88 00 00 00 00 88 00 00 A0 40 88 00 00 A0 40
[22:13:16.588] [INFO] [s22-backup] READ 64 byte(s):
88 00 00 80 3F 88 00 00 00 00 88 00 00 80 40 88
00 00 A0 40 88 00 00 00 00 88 00 00 00 00 88 00
00 F0 41 88 00 00 A0 40 88 00 00 00 00 88 00 00
00 00 88 00 00 F0 41 88 00 00 A0 40 88 00 00 00
[22:13:16.589] [INFO] [s22-backup] READ 64 byte(s):
00 88 00 00 00 00 88 00 00 F0 41 88 00 00 A0 40
88 00 00 00 00 88 00 00 00 00 88 00 00 F0 41 88
00 00 A0 40 88 00 00 00 00 88 00 00 00 00 88 00
00 F0 41 88 00 00 A0 40 88 00 00 00 00 88 00 00
[22:13:16.590] [INFO] [s22-backup] READ 64 byte(s):
00 00 88 00 00 F0 41 88 00 00 80 3F 88 00 00 00
00 88 00 00 00 00 88 00 00 00 00 88 00 00 70 41
88 00 00 00 3F 88 00 00 48 42 88 00 00 F0 40 88
00 00 00 00 88 00 00 40 40 88 00 00 D0 40 88 00
[22:13:16.593] [INFO] [s22-backup] READ 64 byte(s):
00 00 00 88 00 00 00 00 88 00 00 C0 40 88 00 00
00 00 88 00 00 70 41 88 00 00 00 3F 88 00 00 48
42 88 00 00 F0 40 88 00 00 00 00 88 00 00 70 41
88 00 00 00 3F 88 00 00 48 42 88 00 00 C8 41 88
[22:13:16.596] [INFO] [s22-backup] READ 64 byte(s):
00 00 F0 40 88 00 00 00 00 88 00 00 40 40 88 00
00 B4 43 88 00 00 F0 42 88 00 00 48 42 88 00 00
A0 40 88 00 00 80 3F 88 00 00 00 00 88 00 00 00
00 88 00 00 00 00 88 00 00 10 41 88 00 00 AF 43
[22:13:16.600] [INFO] [s22-backup] READ 64 byte(s):
88 00 00 A0 41 88 00 00 00 00 88 00 00 48 42 88
00 00 00 00 88 00 00 10 41 88 00 00 AF 43 88 00
00 A0 41 88 00 00 00 00 88 00 00 48 42 B9 0D B9
02 BC 21 00 49 DB 3A C0 05 C3 3B C0 40 9C 3C 6F
[22:13:16.603] [INFO] [s22-backup] READ 64 byte(s):
3B 5F 3C 6C 1A B5 3C EB 26 79 3C A0 D4 35 3C CF
72 D4 3C A1 00 B9 02 BC 0B 32 30 32 35 2D 31 32
2D 30 35 00 0A B9 02 BC 21 43 4C 45 41 4E 00 AD
BB B9 FA CA 3A F5 AA 7F 3B F7 A7 EA 3B A6 63 AA
[22:13:16.605] [INFO] [s22-backup] READ 64 byte(s):
39 23 0D 43 3C 37 FA E8 3B 71 05 B9 02 BC 21 4E
6F 6E 65 00 F3 01 BB 7D 5D 6E 80 3B 18 3E D2 3B
72 35 5F 3C 15 46 9E 3B AB D1 89 BA 4B FF 08 BA
D7 04 B9 02 BC 21 4E 6F 6E 65 00 97 86 3B 12 38
[22:13:16.607] [INFO] [s22-backup] READ 64 byte(s):
E1 3B CD DF F4 3C AC B7 A5 3C BD 00 E0 3B 1D 80
96 BB C0 C9 0F BB 12 04 B9 02 BC 21 4E 6F 6E 65
00 F8 69 3C 79 A9 20 3C 49 09 E3 3B F7 28 25 3B
84 3D 0E BC 1A 92 FD BA 60 B4 04 3C 55 04 B9 02
[22:13:16.609] [INFO] [s22-backup] READ 64 byte(s):
BC 21 4E 6F 6E 65 00 44 09 BC 2C 0F 55 BC 44 7A
5B BC E9 5D 5E 3B 3E 38 F1 BB 0A 61 4C 3B CC 6C
4D 3C 7B 04 B9 02 BC 21 00 02 0E BC 63 F9 94 BA
DC 5B AA BA CB 76 0D B9 59 9F D9 B8 F6 96 00 3B
[22:13:16.611] [INFO] [s22-backup] READ 64 byte(s):
32 9F 0D 3C 7D 5E ED 35 3A 55 00 B9 02 BC 21 00
D8 29 BC 9C E8 8E BB 30 87 C0 BB 8A 06 37 3B A8
17 80 BB 9D 4A 01 BC 17 7F 21 3B EB 29 AB BB 8C
00 B9 02 BC 21 00 F4 5C 3C 8B 8E 92 3C F0 26 B9
[22:13:16.613] [INFO] [s22-backup] READ 64 byte(s):
3B B2 AA 66 3C FE 95 75 3B 3C A9 A3 BB 13 0E C9
3B FD 5E 03 BA D3 00 B9 02 BC 21 00 88 25 3C F8
35 50 3A BE F5 49 BB 75 E5 B3 3B 37 8E 65 3B A0
55 F7 3B 21 44 77 BB 2C A8 45 BB B1 00 B9 02 BC
[22:13:16.616] [INFO] [s22-backup] READ 64 byte(s):
21 00 5F 74 3C 8B 29 53 38 F9 AC 70 3B B1 45 1D
3C C5 44 94 3C 7F 87 13 3C 7B 57 9A 3C 6D 75 1F
3C A7 00 B9 02 BC 41 00 31 B4 3C C3 26 81 3C 4C
23 15 3C C3 37 1A 3C 8A 52 2C 3B 38 71 6D 3C 20
[22:13:16.618] [INFO] [s22-backup] READ 45 byte(s):
30 D6 3C 65 24 41 37 3C E0 C7 3C 79 A5 EB 3C 53
D8 5A 3C 7A DB 84 3D F6 68 7D 5D BD DB 9D EA 3D
85 51 A8 BB 80 65 00 00 72 00 A4 E3 7E
[22:13:16.621] [INFO] [s22-backup] WRITE 21 byte(s):
7E B9 03 81 00 03 82 06 00 80 0B 03 B9 04 0B 01
0B 00 60 C3 7E
[22:13:16.624] [INFO] [s22-backup] READ 64 byte(s):
7E B9 03 81 04 03 81 9D 08 0B B9 03 01 0B B9 04
B9 02 BC 21 43 72 75 6E 63 68 79 20 52 69 67 68
74 20 42 61 73 73 00 00 00 00 00 00 00 00 00 00
00 00 00 00 00 12 BA 02 88 00 00 00 00 88 00 00
[22:13:16.627] [INFO] [s22-backup] READ 64 byte(s):
F0 42 BA 03 BA 6D 88 00 00 00 00 88 00 00 80 3F
88 00 00 7C C2 88 00 00 A0 41 88 00 00 70 C2 88
00 00 80 3F 88 00 00 80 3F 88 00 00 B4 C1 88 00
00 00 00 88 00 00 A0 40 88 00 00 80 3F 88 67 66
[22:13:16.630] [INFO] [s22-backup] READ 64 byte(s):
D6 40 88 00 00 96 43 88 CD CC 4C 40 88 33 33 33
3F 88 00 80 3B 44 88 67 66 C6 40 88 00 80 ED 44
88 00 00 80 3F 88 00 00 00 00 88 9A 99 11 41 88
33 33 0B 41 88 00 00 C8 42 88 00 00 80 3F 88 00
[22:13:16.638] [INFO] [s22-backup] READ 64 byte(s):
00 00 00 88 00 00 C8 41 88 00 00 A0 40 88 00 00
00 00 88 00 00 C0 3F 88 00 00 00 00 88 00 00 80
3F 88 00 00 C0 3F 88 00 00 00 00 88 00 00 00 00
88 00 00 A0 40 88 00 00 A0 40 88 00 00 80 3F 88
[22:13:16.642] [INFO] [s22-backup] READ 64 byte(s):
00 00 80 3F 88 00 00 80 40 88 00 00 A0 40 88 00
00 00 00 88 00 00 00 00 88 00 00 F0 41 88 00 00
A0 40 88 00 00 00 00 88 00 00 00 00 88 00 00 F0
41 88 00 00 A0 40 88 00 00 00 00 88 00 00 00 00
[22:13:16.644] [INFO] [s22-backup] READ 64 byte(s):
88 00 00 F0 41 88 00 00 A0 40 88 00 00 00 00 88
00 00 00 00 88 00 00 F0 41 88 00 00 A0 40 88 00
00 00 00 88 00 00 00 00 88 00 00 00 00 88 00 00
A0 40 88 00 00 00 00 88 00 00 00 00 88 00 00 F0
[22:13:16.647] [INFO] [s22-backup] READ 64 byte(s):
41 88 00 00 80 3F 88 00 00 00 00 88 00 00 00 00
88 00 00 00 00 88 00 00 70 41 88 00 00 00 3F 88
00 00 48 42 88 00 00 F0 40 88 00 00 00 00 88 00
00 40 40 88 00 00 D0 40 88 00 00 00 00 88 00 00
[22:13:16.649] [INFO] [s22-backup] READ 64 byte(s):
00 00 88 00 00 C0 40 88 00 00 00 00 88 00 00 70
41 88 00 00 00 3F 88 00 00 48 42 88 00 00 F0 40
88 00 00 00 00 88 00 00 70 41 88 00 00 00 3F 88
00 00 48 42 88 00 00 C8 41 88 00 00 F0 40 88 00
[22:13:16.651] [INFO] [s22-backup] READ 64 byte(s):
00 00 00 88 00 00 40 40 88 00 00 B4 43 88 00 00
F0 42 88 00 00 48 42 88 00 00 A0 40 88 00 00 80
3F 88 00 00 00 00 88 00 00 00 00 88 00 00 00 00
88 00 00 10 41 88 00 00 AF 43 88 00 00 A0 41 88
[22:13:16.654] [INFO] [s22-backup] READ 64 byte(s):
00 00 00 00 88 00 00 48 42 88 00 00 00 00 88 00
00 10 41 88 00 00 AF 43 88 00 00 A0 41 88 00 00
00 00 88 00 00 48 42 BA 6D 88 00 00 00 00 88 00
00 00 00 88 00 00 C8 C2 88 00 00 A0 41 88 00 00
[22:13:16.658] [INFO] [s22-backup] READ 64 byte(s):
70 C2 88 00 00 80 3F 88 00 00 00 00 88 00 00 00
00 88 00 00 00 00 88 00 00 A0 40 88 00 00 80 3F
88 00 00 A0 40 88 00 00 96 43 88 00 00 A0 40 88
33 33 33 3F 88 00 80 3B 44 88 00 00 A0 40 88 00
[22:13:16.661] [INFO] [s22-backup] READ 64 byte(s):
80 ED 44 88 00 00 80 3F 88 00 00 00 00 88 00 00
A0 40 88 00 00 A0 40 88 00 00 C8 42 88 00 00 80
3F 88 00 00 00 00 88 00 00 C8 41 88 00 00 A0 40
88 00 00 00 00 88 00 00 C0 3F 88 00 00 00 00 88
[22:13:16.664] [INFO] [s22-backup] READ 64 byte(s):
00 00 80 3F 88 00 00 C0 3F 88 00 00 00 00 88 00
00 00 00 88 00 00 A0 40 88 00 00 A0 40 88 00 00
80 3F 88 00 00 00 00 88 00 00 80 40 88 00 00 A0
40 88 00 00 00 00 88 00 00 00 00 88 00 00 F0 41
[22:13:16.666] [INFO] [s22-backup] READ 64 byte(s):
88 00 00 A0 40 88 00 00 00 00 88 00 00 00 00 88
00 00 F0 41 88 00 00 A0 40 88 00 00 00 00 88 00
00 00 00 88 00 00 F0 41 88 00 00 A0 40 88 00 00
00 00 88 00 00 00 00 88 00 00 F0 41 88 00 00 A0
[22:13:16.669] [INFO] [s22-backup] READ 64 byte(s):
40 88 00 00 00 00 88 00 00 00 00 88 00 00 F0 41
88 00 00 A0 40 88 00 00 00 00 88 00 00 00 00 88
00 00 F0 41 88 00 00 80 3F 88 00 00 00 00 88 00
00 00 00 88 00 00 00 00 88 00 00 70 41 88 00 00
[22:13:16.674] [INFO] [s22-backup] READ 64 byte(s):
00 3F 88 00 00 48 42 88 00 00 F0 40 88 00 00 00
00 88 00 00 40 40 88 00 00 D0 40 88 00 00 00 00
88 00 00 00 00 88 00 00 C0 40 88 00 00 00 00 88
00 00 70 41 88 00 00 00 3F 88 00 00 48 42 88 00
[22:13:16.675] [INFO] [s22-backup] READ 64 byte(s):
00 F0 40 88 00 00 00 00 88 00 00 70 41 88 00 00
00 3F 88 00 00 48 42 88 00 00 C8 41 88 00 00 F0
40 88 00 00 00 00 88 00 00 40 40 88 00 00 B4 43
88 00 00 F0 42 88 00 00 48 42 88 00 00 A0 40 88
[22:13:16.679] [INFO] [s22-backup] READ 64 byte(s):
00 00 80 3F 88 00 00 00 00 88 00 00 00 00 88 00
00 00 00 88 00 00 10 41 88 00 00 AF 43 88 00 00
A0 41 88 00 00 00 00 88 00 00 48 42 88 00 00 00
00 88 00 00 10 41 88 00 00 AF 43 88 00 00 A0 41
[22:13:16.684] [INFO] [s22-backup] READ 64 byte(s):
88 00 00 00 00 88 00 00 48 42 BA 6D 88 00 00 00
00 88 00 00 00 00 88 00 00 C8 C2 88 00 00 A0 41
88 00 00 70 C2 88 00 00 80 3F 88 00 00 00 00 88
00 00 00 00 88 00 00 00 00 88 00 00 A0 40 88 00
[22:13:16.687] [INFO] [s22-backup] READ 64 byte(s):
00 80 3F 88 00 00 A0 40 88 00 00 96 43 88 00 00
A0 40 88 33 33 33 3F 88 00 80 3B 44 88 00 00 A0
40 88 00 80 ED 44 88 00 00 80 3F 88 00 00 00 00
88 00 00 A0 40 88 00 00 A0 40 88 00 00 C8 42 88
[22:13:16.692] [INFO] [s22-backup] READ 64 byte(s):
00 00 80 3F 88 00 00 00 00 88 00 00 C8 41 88 00
00 A0 40 88 00 00 00 00 88 00 00 C0 3F 88 00 00
00 00 88 00 00 80 3F 88 00 00 C0 3F 88 00 00 00
00 88 00 00 00 00 88 00 00 A0 40 88 00 00 A0 40
[22:13:16.701] [INFO] [s22-backup] READ 64 byte(s):
88 00 00 80 3F 88 00 00 00 00 88 00 00 80 40 88
00 00 A0 40 88 00 00 00 00 88 00 00 00 00 88 00
00 F0 41 88 00 00 A0 40 88 00 00 00 00 88 00 00
00 00 88 00 00 F0 41 88 00 00 A0 40 88 00 00 00
[22:13:16.706] [INFO] [s22-backup] READ 64 byte(s):
00 88 00 00 00 00 88 00 00 F0 41 88 00 00 A0 40
88 00 00 00 00 88 00 00 00 00 88 00 00 F0 41 88
00 00 A0 40 88 00 00 00 00 88 00 00 00 00 88 00
00 F0 41 88 00 00 A0 40 88 00 00 00 00 88 00 00
[22:13:16.709] [INFO] [s22-backup] READ 64 byte(s):
00 00 88 00 00 F0 41 88 00 00 80 3F 88 00 00 00
00 88 00 00 00 00 88 00 00 00 00 88 00 00 70 41
88 00 00 00 3F 88 00 00 48 42 88 00 00 F0 40 88
00 00 00 00 88 00 00 40 40 88 00 00 D0 40 88 00
[22:13:16.711] [INFO] [s22-backup] READ 64 byte(s):
00 00 00 88 00 00 00 00 88 00 00 C0 40 88 00 00
00 00 88 00 00 70 41 88 00 00 00 3F 88 00 00 48
42 88 00 00 F0 40 88 00 00 00 00 88 00 00 70 41
88 00 00 00 3F 88 00 00 48 42 88 00 00 C8 41 88
[22:13:16.713] [INFO] [s22-backup] READ 64 byte(s):
00 00 F0 40 88 00 00 00 00 88 00 00 40 40 88 00
00 B4 43 88 00 00 F0 42 88 00 00 48 42 88 00 00
A0 40 88 00 00 80 3F 88 00 00 00 00 88 00 00 00
00 88 00 00 00 00 88 00 00 10 41 88 00 00 AF 43
[22:13:16.716] [INFO] [s22-backup] READ 64 byte(s):
88 00 00 A0 41 88 00 00 00 00 88 00 00 48 42 88
00 00 00 00 88 00 00 10 41 88 00 00 AF 43 88 00
00 A0 41 88 00 00 00 00 88 00 00 48 42 B9 0D B9
02 BC 21 00 46 95 3B A0 04 01 3C F7 07 1C 3C 4C
[22:13:16.718] [INFO] [s22-backup] READ 64 byte(s):
27 83 3C 97 45 FE 3B 1E AD EF 3C 06 B9 30 3A 15
7A FC 3B AB 00 B9 02 BC 0B 32 30 32 35 2D 31 32
2D 30 35 00 0A B9 02 BC 21 44 52 49 56 45 00 13
3C 9A 4B B2 3C 87 90 DC 3B 4D 57 A4 3C 5F 2D 0A
[22:13:16.720] [INFO] [s22-backup] READ 64 byte(s):
3C 0D 5E 5F 3C 13 6A 42 3B EB 05 B9 02 BC 21 4E
6F 6E 65 00 D4 D6 BB F4 FF 6F 3C 7F FD 55 BB 22
22 19 3C 91 F4 08 3C 4E 3A B2 3B 3D 80 58 3C E9
04 B9 02 BC 21 4E 6F 6E 65 00 BD 0F 3C 97 0D 02
[22:13:16.724] [INFO] [s22-backup] READ 64 byte(s):
BB A6 58 23 3C 78 E7 98 BB E5 D1 E1 3B 4D D4 FC
BB 14 F2 4B 3C 23 04 B9 02 BC 21 4E 6F 6E 65 00
E1 B0 3A BC C2 2A BA 79 5D C5 3B 98 2A 4B 3C C2
CE EF 3B 63 4F 89 3B 40 6A 91 3B BB 04 B9 02 BC
[22:13:16.726] [INFO] [s22-backup] READ 64 byte(s):
21 4E 6F 6E 65 00 7D 5E F5 3B FF FF 5C 3C A7 EB
66 3B A6 C1 8E 3B 4C D4 89 3B 0A C8 E2 39 4C E0
65 BB 5F 04 B9 02 BC 21 00 42 C8 BB 02 6C D9 BA
81 71 FF BB 18 22 BC BB C1 BC 34 BC 7D 5E 32 44
[22:13:16.728] [INFO] [s22-backup] READ 64 byte(s):
BC E5 AB C9 BB A3 E0 3F BC 81 00 B9 02 BC 21 00
F6 D7 BB 24 39 71 3B 20 52 40 3B 93 8F 52 3B CE
40 20 BC 52 D8 E4 3A A1 38 84 3B CB 4A 12 3C 52
00 B9 02 BC 21 00 10 04 3D 40 B8 BE 3C 9C B2 D8
[22:13:16.732] [INFO] [s22-backup] READ 64 byte(s):
3C 17 BA C5 3C DA 7F 88 3C A5 03 93 3C 75 E8 5B
3C 73 85 7A 3C D8 00 B9 02 BC 21 00 B4 54 BC 1C
88 7D 5D BC CD D1 BD BC 8B DE A4 BC DB 40 14 BC
7F A8 44 BC 50 0E B4 3B 38 FE 21 BC 1A 00 B9 02
[22:13:16.734] [INFO] [s22-backup] READ 64 byte(s):
BC 21 00 B0 0C 3C F2 33 5A BB D6 6E E9 3A 72 0C
D6 3B 6B 85 48 3C 46 83 D7 3B 98 5E 4C 3B BE 8E
30 3C AE 00 B9 02 BC 41 00 0C F3 3B B4 A8 22 3C
50 49 86 3C C4 4A 8A 3C E4 AF 90 3C 65 B0 BE 3C
[22:13:16.735] [INFO] [s22-backup] READ 46 byte(s):
73 75 0B 3C 7D 5E 25 FD 3B 28 04 DF 3A 54 29 DF
3C 1A 86 26 BC 29 C8 19 3D FC 9F 43 BC 66 00 66
3D 85 51 A8 BB 80 65 00 00 72 00 70 94 7E
[22:13:16.742] [INFO] [s22-backup] WRITE 21 byte(s):
7E B9 03 81 00 03 82 06 00 80 0B 03 B9 04 0B 01
0C 00 68 8E 7E
[22:13:16.745] [INFO] [s22-backup] READ 64 byte(s):
7E B9 03 81 04 03 81 9D 08 0B B9 03 01 0C B9 04
B9 02 BC 21 49 6E 73 74 61 6E 74 20 50 69 63 6B
20 56 32 00 00 00 00 00 00 00 00 00 00 00 00 00
00 00 00 00 00 0F BA 02 88 00 00 00 00 88 00 00
[22:13:16.746] [INFO] [s22-backup] READ 64 byte(s):
F0 42 BA 03 BA 6D 88 00 00 80 3F 88 00 00 80 3F
88 00 00 38 C2 88 00 00 82 43 88 00 00 B4 C2 88
00 00 80 3F 88 00 00 80 3F 88 00 00 BC C1 88 00
00 00 00 88 00 00 D0 41 88 00 00 80 3F 88 00 00
[22:13:16.748] [INFO] [s22-backup] READ 64 byte(s):
A0 40 88 00 00 96 43 88 00 00 A0 40 88 33 33 33
3F 88 00 80 3B 44 88 00 00 A0 40 88 00 80 ED 44
88 00 00 80 3F 88 00 00 00 00 88 9A 99 D9 40 88
33 33 33 40 88 00 00 94 42 88 00 00 80 3F 88 00
[22:13:16.750] [INFO] [s22-backup] READ 64 byte(s):
00 00 40 88 00 00 C8 41 88 00 00 A0 40 88 00 00
00 00 88 00 00 C0 3F 88 00 00 00 00 88 00 00 80
3F 88 00 00 C0 3F 88 00 00 00 00 88 00 00 00 00
88 00 00 A0 40 88 00 00 A0 40 88 00 00 80 3F 88
[22:13:16.751] [INFO] [s22-backup] READ 64 byte(s):
00 00 00 00 88 00 00 80 40 88 00 00 A0 40 88 00
00 00 00 88 00 00 00 00 88 00 00 F0 41 88 00 00
A0 40 88 00 00 00 00 88 00 00 00 00 88 00 00 F0
41 88 00 00 A0 40 88 00 00 00 00 88 00 00 00 00
[22:13:16.753] [INFO] [s22-backup] READ 64 byte(s):
88 00 00 F0 41 88 00 00 A0 40 88 00 00 00 00 88
00 00 00 00 88 00 00 F0 41 88 00 00 80 40 88 00
00 00 00 88 00 00 00 00 88 00 00 F0 41 88 00 00
A0 40 88 00 00 00 00 88 00 00 00 00 88 00 00 F0
[22:13:16.762] [INFO] [s22-backup] READ 64 byte(s):
41 88 00 00 80 3F 88 00 00 00 00 88 00 00 00 00
88 00 00 00 00 88 00 00 70 41 88 00 00 00 3F 88
00 00 48 42 88 00 00 F0 40 88 00 00 00 00 88 00
00 40 40 88 00 00 D0 40 88 00 00 00 00 88 00 00
[22:13:16.764] [INFO] [s22-backup] READ 64 byte(s):
00 00 88 00 00 C0 40 88 00 00 00 00 88 00 00 70
41 88 00 00 00 3F 88 00 00 48 42 88 00 00 F0 40
88 00 00 00 00 88 00 00 70 41 88 00 00 00 3F 88
00 00 48 42 88 00 00 C8 41 88 00 00 F0 40 88 00
[22:13:16.765] [INFO] [s22-backup] READ 64 byte(s):
00 00 00 88 00 00 40 40 88 00 00 B4 43 88 00 00
F0 42 88 00 00 48 42 88 00 00 A0 40 88 00 00 80
3F 88 00 00 80 3F 88 00 00 80 3F 88 00 00 00 00
88 00 00 10 41 88 00 00 AF 43 88 00 00 A0 41 88
[22:13:16.767] [INFO] [s22-backup] READ 64 byte(s):
00 00 00 00 88 00 00 48 42 88 00 00 80 3F 88 00
00 40 40 88 00 80 0E 44 88 00 00 28 42 88 00 00
00 00 88 00 00 48 42 BA 6D 88 00 00 00 00 88 00
00 00 00 88 00 00 C8 C2 88 00 00 A0 41 88 00 00
[22:13:16.768] [INFO] [s22-backup] READ 64 byte(s):
70 C2 88 00 00 80 3F 88 00 00 00 00 88 00 00 00
00 88 00 00 00 00 88 00 00 A0 40 88 00 00 80 3F
88 00 00 A0 40 88 00 00 96 43 88 00 00 A0 40 88
33 33 33 3F 88 00 80 3B 44 88 00 00 A0 40 88 00
[22:13:16.770] [INFO] [s22-backup] READ 64 byte(s):
80 ED 44 88 00 00 80 3F 88 00 00 00 00 88 00 00
A0 40 88 00 00 A0 40 88 00 00 C8 42 88 00 00 80
3F 88 00 00 00 00 88 00 00 C8 41 88 00 00 A0 40
88 00 00 00 00 88 00 00 C0 3F 88 00 00 00 00 88
[22:13:16.771] [INFO] [s22-backup] READ 64 byte(s):
00 00 80 3F 88 00 00 C0 3F 88 00 00 00 00 88 00
00 00 00 88 00 00 A0 40 88 00 00 A0 40 88 00 00
80 3F 88 00 00 00 00 88 00 00 80 40 88 00 00 A0
40 88 00 00 00 00 88 00 00 00 00 88 00 00 F0 41
[22:13:16.773] [INFO] [s22-backup] READ 64 byte(s):
88 00 00 A0 40 88 00 00 00 00 88 00 00 00 00 88
00 00 F0 41 88 00 00 A0 40 88 00 00 00 00 88 00
00 00 00 88 00 00 F0 41 88 00 00 A0 40 88 00 00
00 00 88 00 00 00 00 88 00 00 F0 41 88 00 00 A0
[22:13:16.776] [INFO] [s22-backup] READ 64 byte(s):
40 88 00 00 00 00 88 00 00 00 00 88 00 00 F0 41
88 00 00 A0 40 88 00 00 00 00 88 00 00 00 00 88
00 00 F0 41 88 00 00 80 3F 88 00 00 00 00 88 00
00 00 00 88 00 00 00 00 88 00 00 70 41 88 00 00
[22:13:16.780] [INFO] [s22-backup] READ 64 byte(s):
00 3F 88 00 00 48 42 88 00 00 F0 40 88 00 00 00
00 88 00 00 40 40 88 00 00 D0 40 88 00 00 00 00
88 00 00 00 00 88 00 00 C0 40 88 00 00 00 00 88
00 00 70 41 88 00 00 00 3F 88 00 00 48 42 88 00
[22:13:16.783] [INFO] [s22-backup] READ 64 byte(s):
00 F0 40 88 00 00 00 00 88 00 00 70 41 88 00 00
00 3F 88 00 00 48 42 88 00 00 C8 41 88 00 00 F0
40 88 00 00 00 00 88 00 00 40 40 88 00 00 B4 43
88 00 00 F0 42 88 00 00 48 42 88 00 00 A0 40 88
[22:13:16.789] [INFO] [s22-backup] READ 64 byte(s):
00 00 80 3F 88 00 00 00 00 88 00 00 00 00 88 00
00 00 00 88 00 00 10 41 88 00 00 AF 43 88 00 00
A0 41 88 00 00 00 00 88 00 00 48 42 88 00 00 00
00 88 00 00 10 41 88 00 00 AF 43 88 00 00 A0 41
[22:13:16.790] [INFO] [s22-backup] READ 64 byte(s):
88 00 00 00 00 88 00 00 48 42 BA 6D 88 00 00 00
00 88 00 00 00 00 88 00 00 C8 C2 88 00 00 A0 41
88 00 00 70 C2 88 00 00 80 3F 88 00 00 00 00 88
00 00 00 00 88 00 00 00 00 88 00 00 A0 40 88 00
[22:13:16.791] [INFO] [s22-backup] READ 64 byte(s):
00 80 3F 88 00 00 A0 40 88 00 00 96 43 88 00 00
A0 40 88 33 33 33 3F 88 00 80 3B 44 88 00 00 A0
40 88 00 80 ED 44 88 00 00 80 3F 88 00 00 00 00
88 00 00 A0 40 88 00 00 A0 40 88 00 00 C8 42 88
[22:13:16.793] [INFO] [s22-backup] READ 64 byte(s):
00 00 80 3F 88 00 00 00 00 88 00 00 C8 41 88 00
00 A0 40 88 00 00 00 00 88 00 00 C0 3F 88 00 00
00 00 88 00 00 80 3F 88 00 00 C0 3F 88 00 00 00
00 88 00 00 00 00 88 00 00 A0 40 88 00 00 A0 40
[22:13:16.795] [INFO] [s22-backup] READ 64 byte(s):
88 00 00 80 3F 88 00 00 00 00 88 00 00 80 40 88
00 00 A0 40 88 00 00 00 00 88 00 00 00 00 88 00
00 F0 41 88 00 00 A0 40 88 00 00 00 00 88 00 00
00 00 88 00 00 F0 41 88 00 00 A0 40 88 00 00 00
[22:13:16.796] [INFO] [s22-backup] READ 64 byte(s):
00 88 00 00 00 00 88 00 00 F0 41 88 00 00 A0 40
88 00 00 00 00 88 00 00 00 00 88 00 00 F0 41 88
00 00 A0 40 88 00 00 00 00 88 00 00 00 00 88 00
00 F0 41 88 00 00 A0 40 88 00 00 00 00 88 00 00
[22:13:16.798] [INFO] [s22-backup] READ 64 byte(s):
00 00 88 00 00 F0 41 88 00 00 80 3F 88 00 00 00
00 88 00 00 00 00 88 00 00 00 00 88 00 00 70 41
88 00 00 00 3F 88 00 00 48 42 88 00 00 F0 40 88
00 00 00 00 88 00 00 40 40 88 00 00 D0 40 88 00
[22:13:16.800] [INFO] [s22-backup] READ 64 byte(s):
00 00 00 88 00 00 00 00 88 00 00 C0 40 88 00 00
00 00 88 00 00 70 41 88 00 00 00 3F 88 00 00 48
42 88 00 00 F0 40 88 00 00 00 00 88 00 00 70 41
88 00 00 00 3F 88 00 00 48 42 88 00 00 C8 41 88
[22:13:16.802] [INFO] [s22-backup] READ 64 byte(s):
00 00 F0 40 88 00 00 00 00 88 00 00 40 40 88 00
00 B4 43 88 00 00 F0 42 88 00 00 48 42 88 00 00
A0 40 88 00 00 80 3F 88 00 00 00 00 88 00 00 00
00 88 00 00 00 00 88 00 00 10 41 88 00 00 AF 43
[22:13:16.804] [INFO] [s22-backup] READ 64 byte(s):
88 00 00 A0 41 88 00 00 00 00 88 00 00 48 42 88
00 00 00 00 88 00 00 10 41 88 00 00 AF 43 88 00
00 A0 41 88 00 00 00 00 88 00 00 48 42 B9 0D B9
02 BC 21 00 6D 9D BA 37 7A 9F BA 2F CF BC BB F5
[22:13:16.805] [INFO] [s22-backup] READ 64 byte(s):
D2 C7 39 7B 2A 0E 3C 35 27 EA 3B 29 88 22 3C 43
5F F5 BA 61 00 B9 02 BC 0B 32 30 32 35 2D 31 31
2D 32 38 00 0A B9 02 BC 21 44 52 49 56 45 00 25
BB D6 38 D5 BB 01 55 34 BB E8 6B CF 3B 24 AB D7
[22:13:16.809] [INFO] [s22-backup] READ 64 byte(s):
3B 9E B9 31 3C 94 37 40 3B DA 05 B9 02 BC 21 4E
6F 6E 65 00 DC 79 3B 47 F4 8D 3B 34 E8 CB 3B FB
88 F8 BA 0F 4F 6E 3A D4 D7 A1 BA 5C DA 16 BB BA
04 B9 02 BC 21 4E 6F 6E 65 00 89 6B 3B 0B 6D 21
[22:13:16.810] [INFO] [s22-backup] READ 64 byte(s):
3C 7C 99 BE 3B BD 8C FD 3B E2 A7 B2 3B 58 DE 10
BB 45 3B DE 3A FE 04 B9 02 BC 21 4E 6F 6E 65 00
5A AD B9 6D B8 7D 5D 3A 52 D8 09 BB F9 F7 15 3B
0F F4 14 BA CC 2A E1 3B 1E D7 69 3B 41 04 B9 02
[22:13:16.812] [INFO] [s22-backup] READ 64 byte(s):
BC 21 4E 6F 6E 65 00 1A A1 3B CD 1F DC B9 39 24
3A 3B C5 84 EB 3A 6E 78 3A 3B 6F 7C 17 3B 4F 6F
96 BB 9B 04 B9 02 BC 21 00 D7 72 3B 24 16 20 3B
0E 55 32 39 91 7B A3 3A F2 D5 8F BA 0B F9 B8 3B
[22:13:16.814] [INFO] [s22-backup] READ 64 byte(s):
DC BE 4D 3B A7 9E A5 3B DF 00 B9 02 BC 21 00 31
11 BA AF 1C FD 39 B8 5C F1 3B 3A 88 C5 3B 40 6A
D8 3B 65 DD D8 3A 64 D2 31 BB 49 49 21 BB 00 00
B9 02 BC 21 00 68 6A B9 9C 60 75 3B F2 D4 8B 3A
[22:13:16.816] [INFO] [s22-backup] READ 64 byte(s):
41 B9 38 BA 4C 89 C1 3A D9 79 B1 BA D0 2C 33 3B
A5 A4 2C BB D5 00 B9 02 BC 21 00 2A FB 3B 7D 5E
37 10 3C D0 46 66 3B 6F 17 E3 3B DE 88 A7 3A 0B
F0 88 3B D7 F4 83 3B C3 26 67 3B EF 00 B9 02 BC
[22:13:16.818] [INFO] [s22-backup] READ 64 byte(s):
21 00 1A 62 BA 50 51 E8 BB D8 4A 6F BB A6 37 BD
BB 97 86 B7 3A C4 4F 12 3C D6 00 92 3B 8B 79 68
3B 02 00 B9 02 BC 41 00 82 36 BB A1 38 A0 BA 17
B2 A3 3B 06 A1 FB 3A F2 A3 83 3B 69 24 B5 BB 0E
[22:13:16.820] [INFO] [s22-backup] READ 45 byte(s):
AE 6A BB 28 22 E9 BB A0 E4 92 BB 7D 5D 6E 9F BA
C1 D7 D1 BB 4F 8B 6E 3B 5C CA AA BA 7A 5D 35 BC
18 13 C4 98 9F 08 00 00 72 00 E4 78 7E
[22:13:16.823] [INFO] [s22-backup] WRITE 21 byte(s):
7E B9 03 81 00 03 82 06 00 80 0B 03 B9 04 0B 01
0D 00 B0 97 7E
[22:13:16.827] [INFO] [s22-backup] READ 64 byte(s):
7E B9 03 81 04 03 81 9D 08 0B B9 03 01 0D B9 04
B9 02 BC 21 42 53 20 38 30 30 52 42 00 00 00 00
00 00 00 00 00 00 00 00 00 00 00 00 00 00 00 00
00 00 00 00 00 08 BA 02 88 00 00 00 00 88 00 00
[22:13:16.830] [INFO] [s22-backup] READ 64 byte(s):
F0 42 BA 03 BA 6D 88 00 00 80 3F 88 00 00 80 3F
88 00 00 44 C2 88 00 00 91 43 88 00 00 96 C2 88
00 00 80 3F 88 00 00 80 3F 88 00 00 EC C1 88 00
00 00 00 88 00 00 C0 41 88 00 00 80 3F 88 CD CC
[22:13:16.832] [INFO] [s22-backup] READ 64 byte(s):
DC 40 88 00 00 96 43 88 00 00 00 00 88 33 33 33
3F 88 00 80 3B 44 88 9A 99 79 40 88 00 80 ED 44
88 00 00 80 3F 88 00 00 00 00 88 9A 99 99 40 88
CD CC 8C 3F 88 00 00 C8 42 88 00 00 80 3F 88 00
[22:13:16.838] [INFO] [s22-backup] READ 64 byte(s):
00 00 00 88 00 00 10 42 88 9A 99 A9 40 88 00 00
00 00 88 00 00 C0 3F 88 00 00 00 00 88 00 00 80
3F 88 00 00 00 40 88 00 00 00 00 88 00 00 00 00
88 00 00 A0 40 88 00 00 A0 40 88 00 00 80 3F 88
[22:13:16.841] [INFO] [s22-backup] READ 64 byte(s):
00 00 00 00 88 00 00 A0 40 88 00 00 A0 40 88 00
00 00 00 88 00 00 00 00 88 00 00 F0 41 88 00 00
A0 40 88 00 00 00 00 88 00 00 00 00 88 00 00 F0
41 88 00 00 A0 40 88 00 00 00 00 88 00 00 00 00
[22:13:16.844] [INFO] [s22-backup] READ 64 byte(s):
88 00 00 F0 41 88 00 00 A0 40 88 00 00 00 00 88
00 00 00 00 88 00 00 F0 41 88 00 00 A0 40 88 00
00 A0 41 88 00 00 00 00 88 00 00 00 00 88 00 00
20 40 88 00 00 DC 42 88 00 00 20 41 88 00 00 B8
[22:13:16.848] [INFO] [s22-backup] READ 64 byte(s):
42 88 00 00 80 3F 88 00 00 00 00 88 00 00 00 00
88 00 00 00 00 88 00 00 70 41 88 FF FF FF 3E 88
00 00 48 42 88 00 00 F0 40 88 00 00 00 00 88 00
00 40 40 88 00 00 D0 40 88 00 00 00 00 88 00 00
[22:13:16.850] [INFO] [s22-backup] READ 64 byte(s):
00 00 88 00 00 C0 40 88 00 00 00 00 88 00 00 70
41 88 FF FF FF 3E 88 00 00 48 42 88 00 00 F0 40
88 00 00 00 00 88 00 00 70 41 88 FF FF FF 3E 88
00 00 48 42 88 00 00 C8 41 88 00 00 F0 40 88 00
[22:13:16.852] [INFO] [s22-backup] READ 64 byte(s):
00 00 00 88 00 00 40 40 88 00 00 B4 43 88 00 00
F0 42 88 00 00 48 42 88 00 00 A0 40 88 00 00 80
3F 88 00 00 00 00 88 00 00 00 00 88 00 00 00 00
88 00 00 10 41 88 00 00 AF 43 88 00 00 A0 41 88
[22:13:16.853] [INFO] [s22-backup] READ 64 byte(s):
00 00 00 00 88 00 00 48 42 88 00 00 00 00 88 00
00 10 41 88 00 00 AF 43 88 00 00 A0 41 88 00 00
00 00 88 00 00 48 42 BA 6D 88 00 00 00 00 88 00
00 00 00 88 00 00 C8 C2 88 00 00 A0 41 88 00 00
[22:13:16.854] [INFO] [s22-backup] READ 64 byte(s):
70 C2 88 00 00 80 3F 88 00 00 00 00 88 00 00 00
00 88 00 00 00 00 88 00 00 A0 40 88 00 00 80 3F
88 00 00 A0 40 88 00 00 96 43 88 00 00 A0 40 88
33 33 33 3F 88 00 80 3B 44 88 00 00 A0 40 88 00
[22:13:16.855] [INFO] [s22-backup] READ 64 byte(s):
80 ED 44 88 00 00 80 3F 88 00 00 00 00 88 00 00
A0 40 88 00 00 A0 40 88 00 00 C8 42 88 00 00 80
3F 88 00 00 00 00 88 00 00 C8 41 88 00 00 A0 40
88 00 00 00 00 88 00 00 C0 3F 88 00 00 00 00 88
[22:13:16.857] [INFO] [s22-backup] READ 64 byte(s):
00 00 80 3F 88 00 00 C0 3F 88 00 00 00 00 88 00
00 00 00 88 00 00 A0 40 88 00 00 A0 40 88 00 00
80 3F 88 00 00 00 00 88 00 00 80 40 88 00 00 A0
40 88 00 00 00 00 88 00 00 00 00 88 00 00 F0 41
[22:13:16.859] [INFO] [s22-backup] READ 64 byte(s):
88 00 00 A0 40 88 00 00 00 00 88 00 00 00 00 88
00 00 F0 41 88 00 00 A0 40 88 00 00 00 00 88 00
00 00 00 88 00 00 F0 41 88 00 00 A0 40 88 00 00
00 00 88 00 00 00 00 88 00 00 F0 41 88 00 00 A0
[22:13:16.861] [INFO] [s22-backup] READ 64 byte(s):
40 88 00 00 00 00 88 00 00 00 00 88 00 00 F0 41
88 00 00 A0 40 88 00 00 00 00 88 00 00 00 00 88
00 00 F0 41 88 00 00 80 3F 88 00 00 00 00 88 00
00 00 00 88 00 00 00 00 88 00 00 70 41 88 00 00
[22:13:16.862] [INFO] [s22-backup] READ 64 byte(s):
00 3F 88 00 00 48 42 88 00 00 F0 40 88 00 00 00
00 88 00 00 40 40 88 00 00 D0 40 88 00 00 00 00
88 00 00 00 00 88 00 00 C0 40 88 00 00 00 00 88
00 00 70 41 88 00 00 00 3F 88 00 00 48 42 88 00
[22:13:16.864] [INFO] [s22-backup] READ 64 byte(s):
00 F0 40 88 00 00 00 00 88 00 00 70 41 88 00 00
00 3F 88 00 00 48 42 88 00 00 C8 41 88 00 00 F0
40 88 00 00 00 00 88 00 00 40 40 88 00 00 B4 43
88 00 00 F0 42 88 00 00 48 42 88 00 00 A0 40 88
[22:13:16.869] [INFO] [s22-backup] READ 64 byte(s):
00 00 80 3F 88 00 00 00 00 88 00 00 00 00 88 00
00 00 00 88 00 00 10 41 88 00 00 AF 43 88 00 00
A0 41 88 00 00 00 00 88 00 00 48 42 88 00 00 00
00 88 00 00 10 41 88 00 00 AF 43 88 00 00 A0 41
[22:13:16.872] [INFO] [s22-backup] READ 64 byte(s):
88 00 00 00 00 88 00 00 48 42 BA 6D 88 00 00 00
00 88 00 00 00 00 88 00 00 C8 C2 88 00 00 A0 41
88 00 00 70 C2 88 00 00 80 3F 88 00 00 00 00 88
00 00 00 00 88 00 00 00 00 88 00 00 A0 40 88 00
[22:13:16.875] [INFO] [s22-backup] READ 64 byte(s):
00 80 3F 88 00 00 A0 40 88 00 00 96 43 88 00 00
A0 40 88 33 33 33 3F 88 00 80 3B 44 88 00 00 A0
40 88 00 80 ED 44 88 00 00 80 3F 88 00 00 00 00
88 00 00 A0 40 88 00 00 A0 40 88 00 00 C8 42 88
[22:13:16.878] [INFO] [s22-backup] READ 64 byte(s):
00 00 80 3F 88 00 00 00 00 88 00 00 C8 41 88 00
00 A0 40 88 00 00 00 00 88 00 00 C0 3F 88 00 00
00 00 88 00 00 80 3F 88 00 00 C0 3F 88 00 00 00
00 88 00 00 00 00 88 00 00 A0 40 88 00 00 A0 40
[22:13:16.880] [INFO] [s22-backup] READ 64 byte(s):
88 00 00 80 3F 88 00 00 00 00 88 00 00 80 40 88
00 00 A0 40 88 00 00 00 00 88 00 00 00 00 88 00
00 F0 41 88 00 00 A0 40 88 00 00 00 00 88 00 00
00 00 88 00 00 F0 41 88 00 00 A0 40 88 00 00 00
[22:13:16.883] [INFO] [s22-backup] READ 64 byte(s):
00 88 00 00 00 00 88 00 00 F0 41 88 00 00 A0 40
88 00 00 00 00 88 00 00 00 00 88 00 00 F0 41 88
00 00 A0 40 88 00 00 00 00 88 00 00 00 00 88 00
00 F0 41 88 00 00 A0 40 88 00 00 00 00 88 00 00
[22:13:16.885] [INFO] [s22-backup] READ 64 byte(s):
00 00 88 00 00 F0 41 88 00 00 80 3F 88 00 00 00
00 88 00 00 00 00 88 00 00 00 00 88 00 00 70 41
88 00 00 00 3F 88 00 00 48 42 88 00 00 F0 40 88
00 00 00 00 88 00 00 40 40 88 00 00 D0 40 88 00
[22:13:16.888] [INFO] [s22-backup] READ 64 byte(s):
00 00 00 88 00 00 00 00 88 00 00 C0 40 88 00 00
00 00 88 00 00 70 41 88 00 00 00 3F 88 00 00 48
42 88 00 00 F0 40 88 00 00 00 00 88 00 00 70 41
88 00 00 00 3F 88 00 00 48 42 88 00 00 C8 41 88
[22:13:16.889] [INFO] [s22-backup] READ 64 byte(s):
00 00 F0 40 88 00 00 00 00 88 00 00 40 40 88 00
00 B4 43 88 00 00 F0 42 88 00 00 48 42 88 00 00
A0 40 88 00 00 80 3F 88 00 00 00 00 88 00 00 00
00 88 00 00 00 00 88 00 00 10 41 88 00 00 AF 43
[22:13:16.892] [INFO] [s22-backup] READ 64 byte(s):
88 00 00 A0 41 88 00 00 00 00 88 00 00 48 42 88
00 00 00 00 88 00 00 10 41 88 00 00 AF 43 88 00
00 A0 41 88 00 00 00 00 88 00 00 48 42 B9 0D B9
02 BC 21 00 81 C9 BB CA 19 4A BC 87 8E FA BB 9F
[22:13:16.895] [INFO] [s22-backup] READ 64 byte(s):
B7 9E BB 61 83 54 BC 51 63 0A BC A2 09 6E BC 31
AA 20 BC 57 00 B9 02 BC 0B 32 30 32 35 2D 31 31
2D 32 38 00 0A B9 02 BC 21 44 52 49 56 45 00 7D
5D BB 5E AF 85 BB 30 B9 27 BC D9 37 0A BC CF A5
[22:13:16.899] [INFO] [s22-backup] READ 64 byte(s):
21 BC 51 4E BC BB 61 B7 C8 BB 7D 5E 05 B9 02 BC
21 45 6C 65 63 74 72 69 63 20 42 61 73 73 00 7F
BB 33 3A AB BB 28 C0 B4 BB C6 E0 D3 BB 8B B3 EA
BB C6 0D B9 02 BC 21 4E 6F 6E 65 00 42 0E BC D3
[22:13:16.901] [INFO] [s22-backup] READ 64 byte(s):
A6 55 BC 1A 41 46 BC 92 D3 FA BB DE C3 33 BC 77
8D 9C BB 04 18 F7 BB FC 04 B9 02 BC 21 4E 6F 6E
65 00 FB 01 BB 6B 5D 11 BC B5 E0 14 BB 52 DB 23
BC F3 54 CC BB 12 A4 F3 3A 9B 4F 16 BC 54 04 B9
[22:13:16.903] [INFO] [s22-backup] READ 64 byte(s):
02 BC 21 4E 6F 6E 65 00 CF 93 BB F6 31 03 BC 6B
F1 6F BB 6F 2E 9B BB E1 2F 78 BB 00 AF 93 BA 08
D6 9B BB 78 04 B9 02 BC 21 00 67 C4 BB 4D 4E DE
BB 18 D6 8F BB 87 C5 DE BB AC BE D8 BB 9A 76 05
[22:13:16.905] [INFO] [s22-backup] READ 64 byte(s):
BC 50 DE 29 BC 48 C8 AD BB A3 00 B9 02 BC 21 00
4A 00 BC 11 47 01 BC 0C A4 62 BB 36 5A 02 BC 81
1F CA BB E8 95 D6 BB D2 B5 4C BB D9 CD 5C BB 88
00 B9 02 BC 21 00 EC 9F BB E3 80 87 BB 50 F2 77
[22:13:16.908] [INFO] [s22-backup] READ 64 byte(s):
BB 53 9F E0 BB 62 CC 3E BB F6 B2 99 BA A3 4A C7
BB 27 F9 1E BB AC 00 B9 02 BC 21 4E 6F 6E 65 00
B2 99 BB 5A 52 52 3B F4 F7 8B BA 7A D7 D5 3A 02
DC DE B9 32 56 2F BB 46 DC 8A 39 AA 04 B9 02 BC
[22:13:16.910] [INFO] [s22-backup] READ 64 byte(s):
21 4E 6F 6E 65 00 88 53 BB 22 60 C7 BB 00 E9 27
BB 68 B1 8D BB 98 E0 8F BB 2B 6C DA BB EC 68 D7
BB 4E 04 B9 02 BC 41 49 4B 20 4D 75 6C 74 69 6D
65 64 69 61 20 50 72 65 6D 69 75 6D 20 50 72 65
[22:13:16.912] [INFO] [s22-backup] READ 44 byte(s):
73 65 74 00 34 AD BB A9 AF 59 BC 63 AC 01 BC EC
4C A7 BB 3B 76 E5 BC B4 2E D2 3C 87 58 27 BD 18
D4 CB 98 9F 08 00 00 72 1C 36 32 7E
[22:13:16.914] [INFO] [s22-backup] WRITE 21 byte(s):
7E B9 03 81 00 03 82 06 00 80 0B 03 B9 04 0B 01
0E 00 D8 BD 7E
[22:13:16.917] [INFO] [s22-backup] READ 64 byte(s):
7E B9 03 81 04 03 81 9D 08 0B B9 03 01 0E B9 04
B9 02 BC 21 4D 65 64 69 75 6D 20 43 6C 61 73 73
00 00 00 00 00 00 00 00 00 00 00 00 00 00 00 00
00 00 00 00 00 0C BA 02 88 00 00 00 00 88 00 00
[22:13:16.920] [INFO] [s22-backup] READ 64 byte(s):
F0 42 BA 03 BA 6D 88 00 00 00 00 88 00 00 80 3F
88 00 00 48 C2 88 00 00 FA 43 88 00 00 C8 C2 88
00 00 00 00 88 00 00 80 3F 88 00 00 48 C1 88 00
00 80 3F 88 00 00 A8 41 88 00 00 80 3F 88 00 00
[22:13:16.925] [INFO] [s22-backup] READ 64 byte(s):
A0 40 88 00 00 96 43 88 00 00 A0 40 88 33 33 33
3F 88 00 80 3B 44 88 00 00 A0 40 88 00 80 ED 44
88 00 00 80 3F 88 00 00 00 00 88 CD CC 14 41 88
CD CC EC 40 88 00 00 96 42 88 00 00 80 3F 88 00
[22:13:16.928] [INFO] [s22-backup] READ 64 byte(s):
00 00 00 88 00 00 18 42 88 00 00 A0 40 88 00 00
00 00 88 00 00 C0 3F 88 00 00 00 00 88 00 00 80
3F 88 00 00 C0 3F 88 00 00 00 00 88 00 00 00 00
88 00 00 A0 40 88 00 00 A0 40 88 00 00 80 3F 88
[22:13:16.930] [INFO] [s22-backup] READ 64 byte(s):
00 00 00 00 88 00 00 80 40 88 00 00 A0 40 88 00
00 00 00 88 00 00 00 00 88 00 00 F0 41 88 00 00
A0 40 88 00 00 00 00 88 00 00 00 00 88 00 00 F0
41 88 00 00 A0 40 88 00 00 00 00 88 00 00 00 00
[22:13:16.932] [INFO] [s22-backup] READ 64 byte(s):
88 00 00 F0 41 88 00 00 A0 40 88 00 00 00 00 88
00 00 00 00 88 00 00 F0 41 88 00 00 A0 40 88 00
00 00 00 88 00 00 00 00 88 00 00 F0 41 88 00 00
A0 40 88 00 00 00 00 88 00 00 00 00 88 00 00 F0
[22:13:16.934] [INFO] [s22-backup] READ 64 byte(s):
41 88 00 00 80 3F 88 00 00 00 00 88 00 00 00 00
88 00 00 00 00 88 00 00 70 41 88 FF FF FF 3E 88
00 00 48 42 88 00 00 F0 40 88 00 00 00 00 88 00
00 40 40 88 00 00 D0 40 88 00 00 00 00 88 00 00
[22:13:16.936] [INFO] [s22-backup] READ 64 byte(s):
00 00 88 00 00 C0 40 88 00 00 00 00 88 00 00 70
41 88 FF FF FF 3E 88 00 00 48 42 88 00 00 F0 40
88 00 00 00 00 88 00 00 70 41 88 FF FF FF 3E 88
00 00 48 42 88 00 00 C8 41 88 00 00 F0 40 88 00
[22:13:16.937] [INFO] [s22-backup] READ 64 byte(s):
00 00 00 88 00 00 40 40 88 00 00 B4 43 88 00 00
F0 42 88 00 00 48 42 88 00 00 A0 40 88 00 00 80
3F 88 00 00 00 00 88 00 00 80 3F 88 00 00 00 00
88 00 00 10 41 88 00 00 AF 43 88 00 00 A0 41 88
[22:13:16.939] [INFO] [s22-backup] READ 64 byte(s):
00 00 00 00 88 00 00 48 42 88 00 00 00 00 88 00
00 10 41 88 00 00 A0 41 88 00 00 F0 41 88 00 00
00 00 88 00 00 48 42 BA 6D 88 00 00 00 00 88 00
00 00 00 88 00 00 C8 C2 88 00 00 A0 41 88 00 00
[22:13:16.941] [INFO] [s22-backup] READ 64 byte(s):
70 C2 88 00 00 80 3F 88 00 00 00 00 88 00 00 00
00 88 00 00 00 00 88 00 00 A0 40 88 00 00 80 3F
88 00 00 A0 40 88 00 00 96 43 88 00 00 A0 40 88
33 33 33 3F 88 00 80 3B 44 88 00 00 A0 40 88 00
[22:13:16.943] [INFO] [s22-backup] READ 64 byte(s):
80 ED 44 88 00 00 80 3F 88 00 00 00 00 88 00 00
A0 40 88 00 00 A0 40 88 00 00 C8 42 88 00 00 80
3F 88 00 00 00 00 88 00 00 C8 41 88 00 00 A0 40
88 00 00 00 00 88 00 00 C0 3F 88 00 00 00 00 88
[22:13:16.945] [INFO] [s22-backup] READ 64 byte(s):
00 00 80 3F 88 00 00 C0 3F 88 00 00 00 00 88 00
00 00 00 88 00 00 A0 40 88 00 00 A0 40 88 00 00
80 3F 88 00 00 00 00 88 00 00 80 40 88 00 00 A0
40 88 00 00 00 00 88 00 00 00 00 88 00 00 F0 41
[22:13:16.947] [INFO] [s22-backup] READ 64 byte(s):
88 00 00 A0 40 88 00 00 00 00 88 00 00 00 00 88
00 00 F0 41 88 00 00 A0 40 88 00 00 00 00 88 00
00 00 00 88 00 00 F0 41 88 00 00 A0 40 88 00 00
00 00 88 00 00 00 00 88 00 00 F0 41 88 00 00 A0
[22:13:16.949] [INFO] [s22-backup] READ 64 byte(s):
40 88 00 00 00 00 88 00 00 00 00 88 00 00 F0 41
88 00 00 A0 40 88 00 00 00 00 88 00 00 00 00 88
00 00 F0 41 88 00 00 80 3F 88 00 00 00 00 88 00
00 00 00 88 00 00 00 00 88 00 00 70 41 88 00 00
[22:13:16.951] [INFO] [s22-backup] READ 64 byte(s):
00 3F 88 00 00 48 42 88 00 00 F0 40 88 00 00 00
00 88 00 00 40 40 88 00 00 D0 40 88 00 00 00 00
88 00 00 00 00 88 00 00 C0 40 88 00 00 00 00 88
00 00 70 41 88 00 00 00 3F 88 00 00 48 42 88 00
[22:13:16.954] [INFO] [s22-backup] READ 64 byte(s):
00 F0 40 88 00 00 00 00 88 00 00 70 41 88 00 00
00 3F 88 00 00 48 42 88 00 00 C8 41 88 00 00 F0
40 88 00 00 00 00 88 00 00 40 40 88 00 00 B4 43
88 00 00 F0 42 88 00 00 48 42 88 00 00 A0 40 88
[22:13:16.957] [INFO] [s22-backup] READ 64 byte(s):
00 00 80 3F 88 00 00 00 00 88 00 00 00 00 88 00
00 00 00 88 00 00 10 41 88 00 00 AF 43 88 00 00
A0 41 88 00 00 00 00 88 00 00 48 42 88 00 00 00
00 88 00 00 10 41 88 00 00 AF 43 88 00 00 A0 41
[22:13:16.961] [INFO] [s22-backup] READ 64 byte(s):
88 00 00 00 00 88 00 00 48 42 BA 6D 88 00 00 00
00 88 00 00 00 00 88 00 00 C8 C2 88 00 00 A0 41
88 00 00 70 C2 88 00 00 80 3F 88 00 00 00 00 88
00 00 00 00 88 00 00 00 00 88 00 00 A0 40 88 00
[22:13:16.963] [INFO] [s22-backup] READ 64 byte(s):
00 80 3F 88 00 00 A0 40 88 00 00 96 43 88 00 00
A0 40 88 33 33 33 3F 88 00 80 3B 44 88 00 00 A0
40 88 00 80 ED 44 88 00 00 80 3F 88 00 00 00 00
88 00 00 A0 40 88 00 00 A0 40 88 00 00 C8 42 88
[22:13:16.965] [INFO] [s22-backup] READ 64 byte(s):
00 00 80 3F 88 00 00 00 00 88 00 00 C8 41 88 00
00 A0 40 88 00 00 00 00 88 00 00 C0 3F 88 00 00
00 00 88 00 00 80 3F 88 00 00 C0 3F 88 00 00 00
00 88 00 00 00 00 88 00 00 A0 40 88 00 00 A0 40
[22:13:16.966] [INFO] [s22-backup] READ 64 byte(s):
88 00 00 80 3F 88 00 00 00 00 88 00 00 80 40 88
00 00 A0 40 88 00 00 00 00 88 00 00 00 00 88 00
00 F0 41 88 00 00 A0 40 88 00 00 00 00 88 00 00
00 00 88 00 00 F0 41 88 00 00 A0 40 88 00 00 00
[22:13:16.968] [INFO] [s22-backup] READ 64 byte(s):
00 88 00 00 00 00 88 00 00 F0 41 88 00 00 A0 40
88 00 00 00 00 88 00 00 00 00 88 00 00 F0 41 88
00 00 A0 40 88 00 00 00 00 88 00 00 00 00 88 00
00 F0 41 88 00 00 A0 40 88 00 00 00 00 88 00 00
[22:13:16.971] [INFO] [s22-backup] READ 64 byte(s):
00 00 88 00 00 F0 41 88 00 00 80 3F 88 00 00 00
00 88 00 00 00 00 88 00 00 00 00 88 00 00 70 41
88 00 00 00 3F 88 00 00 48 42 88 00 00 F0 40 88
00 00 00 00 88 00 00 40 40 88 00 00 D0 40 88 00
[22:13:16.974] [INFO] [s22-backup] READ 64 byte(s):
00 00 00 88 00 00 00 00 88 00 00 C0 40 88 00 00
00 00 88 00 00 70 41 88 00 00 00 3F 88 00 00 48
42 88 00 00 F0 40 88 00 00 00 00 88 00 00 70 41
88 00 00 00 3F 88 00 00 48 42 88 00 00 C8 41 88
[22:13:16.978] [INFO] [s22-backup] READ 64 byte(s):
00 00 F0 40 88 00 00 00 00 88 00 00 40 40 88 00
00 B4 43 88 00 00 F0 42 88 00 00 48 42 88 00 00
A0 40 88 00 00 80 3F 88 00 00 00 00 88 00 00 00
00 88 00 00 00 00 88 00 00 10 41 88 00 00 AF 43
[22:13:16.982] [INFO] [s22-backup] READ 64 byte(s):
88 00 00 A0 41 88 00 00 00 00 88 00 00 48 42 88
00 00 00 00 88 00 00 10 41 88 00 00 AF 43 88 00
00 A0 41 88 00 00 00 00 88 00 00 48 42 B9 0D B9
02 BC 21 00 45 F2 3B 92 C8 62 3B 99 86 A5 38 5B
[22:13:16.985] [INFO] [s22-backup] READ 64 byte(s):
27 F2 39 CE C2 C5 3B CC 17 0F 3C 40 3A 13 3C 54
DD 99 3B AB 00 B9 02 BC 0B 32 30 32 35 2D 31 32
2D 30 36 00 0A B9 02 BC 21 44 52 49 56 45 00 04
3C F3 04 E6 3B E6 2F 4D 3B 77 51 68 3B 2A 33 9C
[22:13:16.988] [INFO] [s22-backup] READ 64 byte(s):
3B 26 4D F1 3B 2B 61 F1 3B 74 05 B9 02 BC 21 4E
6F 6E 65 00 B4 FD 3A 61 71 A2 3A B3 9B 2A 3B 30
2A 8E 3B DF 80 C2 3B 1A B3 C7 3B A8 FA B1 3B FB
04 B9 02 BC 21 4E 6F 6E 65 00 16 19 3C CE 6C FB
[22:13:16.992] [INFO] [s22-backup] READ 64 byte(s):
3B 68 39 8A 3B 04 FF 81 3B 0C 10 6B 3A 14 34 15
BB B5 93 E3 BA 0C 04 B9 02 BC 21 4E 6F 6E 65 00
CD D2 3B 5D D0 22 3C 9C 32 5A 3C 1C 88 35 3C 24
6A 79 3B A8 08 03 BB 45 7A 97 BB A7 04 B9 02 BC
[22:13:16.996] [INFO] [s22-backup] READ 64 byte(s):
21 4E 6F 6E 65 00 9B 81 3C 04 90 98 3C E5 CD 68
3C 0F 10 DB 3B C8 86 81 3B 33 12 93 3B 5C 73 E1
3B BA 04 B9 02 BC 21 00 26 6F 3C 56 87 38 3C F6
A3 AF 3B 10 18 DD 3A EF 1F 6D 3B EC 51 22 3C D9
[22:13:16.999] [INFO] [s22-backup] READ 64 byte(s):
FF 50 3C FC CB 80 3C D6 00 B9 02 BC 21 00 05 C1
3A 4C 77 24 3B 34 06 2F 3B AE DB 6F 3B 5E 65 B9
3B 2E 84 CA 3B AD 34 68 3B 7C 14 80 3B 7A 00 B9
02 BC 21 00 4F E6 3B 44 75 4D 3C 93 ED 66 3C 03
[22:13:17.000] [INFO] [s22-backup] READ 64 byte(s):
9A 70 3C 7F 98 69 3C C7 A4 E8 3B FB E8 63 3B 68
5A C7 39 3A 00 B9 02 BC 21 00 5A 35 3C B1 D7 B8
3C E4 65 D9 3C 08 CF F9 3C 8D 6E D1 3C 82 46 8E
3C 98 DD 77 3C CC 60 98 3C F2 00 B9 02 BC 21 00
[22:13:17.001] [INFO] [s22-backup] READ 64 byte(s):
EF 35 3C 03 36 CF 3B 68 80 08 3C 63 2D 17 3C 98
F2 37 3C 1D A4 4A 3C 8E D0 82 3C 49 B7 91 3C 47
00 B9 02 BC 41 00 A2 92 3C CC 8D A3 3C 71 E2 86
3C 9C F2 7D 5D 3C 70 D1 44 3C A7 E7 8D 3C C4 12
[22:13:17.002] [INFO] [s22-backup] READ 43 byte(s):
6B 3C A7 21 18 3C D1 C2 A6 3B EB 9A 4C BB 94 A2
04 BC 5A 30 C1 BB 85 9C 4A 3B 5E C1 D2 3B 0D 6A
5C 75 46 94 00 00 72 00 37 89 7E
[22:13:17.007] [INFO] [s22-backup] WRITE 21 byte(s):
7E B9 03 81 00 03 82 06 00 80 0B 03 B9 04 0B 01
0F 00 00 A4 7E
[22:13:17.012] [INFO] [s22-backup] READ 64 byte(s):
7E B9 03 81 04 03 81 9D 08 0B B9 03 01 0F B9 04
B9 02 BC 21 44 72 69 76 65 6E 20 42 61 73 73 20
34 30 30 2B 2C 20 6E 6F 20 63 61 62 00 00 00 00
00 00 00 00 00 18 BA 02 88 00 00 00 00 88 00 00
[22:13:17.014] [INFO] [s22-backup] READ 64 byte(s):
F0 42 BA 03 BA 6D 88 00 00 00 00 88 00 00 00 00
88 00 00 C8 C2 88 00 00 A0 41 88 00 00 70 C2 88
00 00 80 3F 88 00 00 00 00 88 00 00 00 00 88 00
00 00 00 88 00 00 A0 40 88 00 00 80 3F 88 00 00
[22:13:17.019] [INFO] [s22-backup] READ 64 byte(s):
A0 40 88 00 00 96 43 88 00 00 A0 40 88 33 33 33
3F 88 00 80 3B 44 88 00 00 A0 40 88 00 80 ED 44
88 00 00 80 3F 88 00 00 80 3F 88 00 00 A0 40 88
00 00 A0 40 88 00 00 C8 42 88 00 00 80 3F 88 00
[22:13:17.022] [INFO] [s22-backup] READ 64 byte(s):
00 00 40 88 00 00 C8 41 88 00 00 A0 40 88 00 00
00 00 88 00 00 C0 3F 88 00 00 00 00 88 00 00 80
3F 88 00 00 C0 3F 88 00 00 00 00 88 00 00 00 00
88 00 00 A0 40 88 00 00 A0 40 88 00 00 80 3F 88
[22:13:17.027] [INFO] [s22-backup] READ 64 byte(s):
00 00 00 00 88 00 00 80 40 88 00 00 A0 40 88 00
00 00 00 88 00 00 00 00 88 00 00 F0 41 88 00 00
A0 40 88 00 00 00 00 88 00 00 00 00 88 00 00 F0
41 88 00 00 A0 40 88 00 00 00 00 88 00 00 00 00
[22:13:17.031] [INFO] [s22-backup] READ 64 byte(s):
88 00 00 F0 41 88 00 00 A0 40 88 00 00 00 00 88
00 00 00 00 88 00 00 F0 41 88 00 00 A0 40 88 00
00 00 00 88 00 00 00 00 88 00 00 F0 41 88 00 00
A0 40 88 00 00 00 00 88 00 00 00 00 88 00 00 F0
[22:13:17.035] [INFO] [s22-backup] READ 64 byte(s):
41 88 00 00 80 3F 88 00 00 00 00 88 00 00 00 00
88 00 00 00 00 88 00 00 70 41 88 00 00 00 3F 88
00 00 48 42 88 00 00 F0 40 88 00 00 00 00 88 00
00 40 40 88 00 00 D0 40 88 00 00 00 00 88 00 00
[22:13:17.037] [INFO] [s22-backup] READ 64 byte(s):
00 00 88 00 00 C0 40 88 00 00 00 00 88 00 00 70
41 88 00 00 00 3F 88 00 00 48 42 88 00 00 F0 40
88 00 00 00 00 88 00 00 70 41 88 00 00 00 3F 88
00 00 48 42 88 00 00 C8 41 88 00 00 F0 40 88 00
[22:13:17.039] [INFO] [s22-backup] READ 64 byte(s):
00 00 00 88 00 00 40 40 88 00 00 B4 43 88 00 00
F0 42 88 00 00 48 42 88 00 00 A0 40 88 00 00 80
3F 88 00 00 00 00 88 00 00 00 00 88 00 00 00 00
88 00 00 10 41 88 00 00 AF 43 88 00 00 A0 41 88
[22:13:17.042] [INFO] [s22-backup] READ 64 byte(s):
00 00 00 00 88 00 00 48 42 88 00 00 00 00 88 00
00 10 41 88 00 00 AF 43 88 00 00 A0 41 88 00 00
00 00 88 00 00 48 42 BA 6D 88 00 00 00 00 88 00
00 00 00 88 00 00 C8 C2 88 00 00 A0 41 88 00 00
[22:13:17.045] [INFO] [s22-backup] READ 64 byte(s):
70 C2 88 00 00 80 3F 88 00 00 00 00 88 00 00 00
00 88 00 00 00 00 88 00 00 A0 40 88 00 00 80 3F
88 00 00 A0 40 88 00 00 96 43 88 00 00 A0 40 88
33 33 33 3F 88 00 80 3B 44 88 00 00 A0 40 88 00
[22:13:17.048] [INFO] [s22-backup] READ 64 byte(s):
80 ED 44 88 00 00 80 3F 88 00 00 80 3F 88 00 00
A0 40 88 00 00 A0 40 88 00 00 C8 42 88 00 00 80
3F 88 00 00 00 00 88 00 00 C8 41 88 00 00 A0 40
88 00 00 00 00 88 00 00 C0 3F 88 00 00 00 00 88
[22:13:17.051] [INFO] [s22-backup] READ 64 byte(s):
00 00 80 3F 88 00 00 C0 3F 88 00 00 00 00 88 00
00 00 00 88 00 00 A0 40 88 00 00 A0 40 88 00 00
80 3F 88 00 00 00 00 88 00 00 80 40 88 00 00 A0
40 88 00 00 00 00 88 00 00 00 00 88 00 00 F0 41
[22:13:17.054] [INFO] [s22-backup] READ 64 byte(s):
88 00 00 A0 40 88 00 00 00 00 88 00 00 00 00 88
00 00 F0 41 88 00 00 A0 40 88 00 00 00 00 88 00
00 00 00 88 00 00 F0 41 88 00 00 A0 40 88 00 00
00 00 88 00 00 00 00 88 00 00 F0 41 88 00 00 A0
[22:13:17.055] [INFO] [s22-backup] READ 64 byte(s):
40 88 00 00 00 00 88 00 00 00 00 88 00 00 F0 41
88 00 00 A0 40 88 00 00 00 00 88 00 00 00 00 88
00 00 F0 41 88 00 00 80 3F 88 00 00 00 00 88 00
00 00 00 88 00 00 00 00 88 00 00 70 41 88 00 00
[22:13:17.057] [INFO] [s22-backup] READ 64 byte(s):
00 3F 88 00 00 48 42 88 00 00 F0 40 88 00 00 00
00 88 00 00 40 40 88 00 00 D0 40 88 00 00 00 00
88 00 00 00 00 88 00 00 C0 40 88 00 00 00 00 88
00 00 70 41 88 00 00 00 3F 88 00 00 48 42 88 00
[22:13:17.059] [INFO] [s22-backup] READ 64 byte(s):
00 F0 40 88 00 00 00 00 88 00 00 70 41 88 00 00
00 3F 88 00 00 48 42 88 00 00 C8 41 88 00 00 F0
40 88 00 00 00 00 88 00 00 40 40 88 00 00 B4 43
88 00 00 F0 42 88 00 00 48 42 88 00 00 A0 40 88
[22:13:17.061] [INFO] [s22-backup] READ 64 byte(s):
00 00 80 3F 88 00 00 00 00 88 00 00 00 00 88 00
00 00 00 88 00 00 10 41 88 00 00 AF 43 88 00 00
A0 41 88 00 00 00 00 88 00 00 48 42 88 00 00 00
00 88 00 00 10 41 88 00 00 AF 43 88 00 00 A0 41
[22:13:17.064] [INFO] [s22-backup] READ 64 byte(s):
88 00 00 00 00 88 00 00 48 42 BA 6D 88 00 00 00
00 88 00 00 00 00 88 00 00 C8 C2 88 00 00 A0 41
88 00 00 70 C2 88 00 00 80 3F 88 00 00 00 00 88
00 00 00 00 88 00 00 00 00 88 00 00 A0 40 88 00
[22:13:17.066] [INFO] [s22-backup] READ 64 byte(s):
00 80 3F 88 00 00 A0 40 88 00 00 96 43 88 00 00
A0 40 88 33 33 33 3F 88 00 80 3B 44 88 00 00 A0
40 88 00 80 ED 44 88 00 00 80 3F 88 00 00 80 3F
88 00 00 A0 40 88 00 00 A0 40 88 00 00 C8 42 88
[22:13:17.068] [INFO] [s22-backup] READ 64 byte(s):
00 00 80 3F 88 00 00 00 00 88 00 00 C8 41 88 00
00 A0 40 88 00 00 00 00 88 00 00 C0 3F 88 00 00
00 00 88 00 00 80 3F 88 00 00 C0 3F 88 00 00 00
00 88 00 00 00 00 88 00 00 A0 40 88 00 00 A0 40
[22:13:17.070] [INFO] [s22-backup] READ 64 byte(s):
88 00 00 80 3F 88 00 00 00 00 88 00 00 80 40 88
00 00 A0 40 88 00 00 00 00 88 00 00 00 00 88 00
00 F0 41 88 00 00 A0 40 88 00 00 00 00 88 00 00
00 00 88 00 00 F0 41 88 00 00 A0 40 88 00 00 00
[22:13:17.077] [INFO] [s22-backup] READ 64 byte(s):
00 88 00 00 00 00 88 00 00 F0 41 88 00 00 A0 40
88 00 00 00 00 88 00 00 00 00 88 00 00 F0 41 88
00 00 A0 40 88 00 00 00 00 88 00 00 00 00 88 00
00 F0 41 88 00 00 A0 40 88 00 00 00 00 88 00 00
[22:13:17.081] [INFO] [s22-backup] READ 64 byte(s):
00 00 88 00 00 F0 41 88 00 00 80 3F 88 00 00 00
00 88 00 00 00 00 88 00 00 00 00 88 00 00 70 41
88 00 00 00 3F 88 00 00 48 42 88 00 00 F0 40 88
00 00 00 00 88 00 00 40 40 88 00 00 D0 40 88 00
[22:13:17.083] [INFO] [s22-backup] READ 64 byte(s):
00 00 00 88 00 00 00 00 88 00 00 C0 40 88 00 00
00 00 88 00 00 70 41 88 00 00 00 3F 88 00 00 48
42 88 00 00 F0 40 88 00 00 00 00 88 00 00 70 41
88 00 00 00 3F 88 00 00 48 42 88 00 00 C8 41 88
[22:13:17.087] [INFO] [s22-backup] READ 64 byte(s):
00 00 F0 40 88 00 00 00 00 88 00 00 40 40 88 00
00 B4 43 88 00 00 F0 42 88 00 00 48 42 88 00 00
A0 40 88 00 00 80 3F 88 00 00 00 00 88 00 00 00
00 88 00 00 00 00 88 00 00 10 41 88 00 00 AF 43
[22:13:17.088] [INFO] [s22-backup] READ 64 byte(s):
88 00 00 A0 41 88 00 00 00 00 88 00 00 48 42 88
00 00 00 00 88 00 00 10 41 88 00 00 AF 43 88 00
00 A0 41 88 00 00 00 00 88 00 00 48 42 B9 0D B9
02 BC 21 00 A1 82 BC 07 FC 3C BB B3 8F 64 3A DF
[22:13:17.090] [INFO] [s22-backup] READ 64 byte(s):
A4 0D 3B 13 49 51 BC 30 78 84 BC 23 0C EA 39 24
2A 66 3C 90 00 B9 02 BC 0B 32 30 32 35 2D 31 32
2D 31 30 00 0A B9 02 BC 21 44 52 49 56 45 00 62
BC 75 92 13 BC 17 47 DF BB 4E 2F F4 BB 12 22 A4
[22:13:17.094] [INFO] [s22-backup] READ 64 byte(s):
BB C0 B4 7C BB E0 C5 B3 38 0A 05 B9 02 BC 21 4E
6F 6E 65 00 DC 11 BC 2D 07 C7 BC 4E A9 AA BC 01
1D 8F BC 62 58 54 BC 4C 0F 7C 3A 2D F7 1F 3B 4D
04 B9 02 BC 21 4E 6F 6E 65 00 74 57 BB 6D 33 44
[22:13:17.098] [INFO] [s22-backup] READ 64 byte(s):
3C E1 33 68 3C EB 69 57 3C 8F 98 2C 3B 73 B5 62
BA 2C FE A6 BB 28 04 B9 02 BC 21 4E 6F 6E 65 00
A2 2E BC 90 63 50 BC D9 FE AC BB 0D 7A 5E BB 9B
48 5F BB 29 02 10 BC 0D 7B 59 BB 94 04 B9 02 BC
[22:13:17.099] [INFO] [s22-backup] READ 64 byte(s):
21 4E 6F 6E 65 00 C3 8E BB B6 5E 05 BC EA 71 FB
39 67 82 89 BC 6E C2 22 BC B3 06 9F BB C0 4B F7
36 8E 04 B9 02 BC 21 00 DD 40 BC 4D 78 1A BC 46
67 D9 BA F3 22 CB 3B 6F 4A 57 3C E3 37 54 3C E1
[22:13:17.102] [INFO] [s22-backup] READ 64 byte(s):
7A 0D BA 67 DC F4 BB 65 00 B9 02 BC 21 00 EA 0C
3A 87 66 97 3B 32 46 5B BB 95 91 63 3B B4 57 E2
3A A9 16 97 3C 37 DE 97 3B B0 88 14 BB 4C 00 B9
02 BC 21 00 43 1D 3C 0D A5 04 BB 4D 40 3E 3C F6
[22:13:17.105] [INFO] [s22-backup] READ 64 byte(s):
C0 82 BC 72 DD 13 BC 81 F9 97 BA 5F 1B 28 3C 7C
2E CE B9 D0 00 B9 02 BC 21 00 59 7D 5E 3C 52 0F
AC 3B 39 0D 33 BC 22 52 08 BB 4F A0 00 3C B6 07
F7 3B D2 5F FB 3A A6 C5 2C BA 63 00 B9 02 BC 21
[22:13:17.107] [INFO] [s22-backup] READ 64 byte(s):
00 7F 84 3B 76 A4 25 BC 2D B3 51 3A 93 5D B3 BB
4C 44 AD BA 4E 10 38 BA 7A 13 1D 3B A3 07 9C BC
74 00 B9 02 BC 41 00 D9 04 BA 78 2D 1E 3B 26 BB
DE BB 86 8B 6A 3C E1 6D DF 3C 64 08 32 3C D8 C5
[22:13:17.109] [INFO] [s22-backup] READ 44 byte(s):
AC BB 6A 07 AB BC 4D 6E 9E BB A9 C7 E2 3B 09 3B
43 3C C7 02 10 3C 06 C2 F7 3C B1 1C 12 3D 7A 38
F5 50 61 7D 5D 00 00 72 00 B3 0E 7E
[22:13:17.115] [INFO] [s22-backup] WRITE 21 byte(s):
7E B9 03 81 00 03 82 06 00 80 0B 03 B9 04 0B 01
10 00 59 B2 7E
[22:13:17.130] [INFO] [s22-backup] READ 64 byte(s):
7E B9 03 81 04 03 81 9D 08 0B B9 03 01 10 B9 04
B9 02 BC 21 42 6F 6F 67 69 65 20 34 30 30 20 32
00 00 00 00 00 00 00 00 00 00 00 00 00 00 00 00
00 00 00 00 00 0C BA 02 88 00 00 00 00 88 00 00
[22:13:17.133] [INFO] [s22-backup] READ 64 byte(s):
F0 42 BA 03 BA 6D 88 00 00 00 00 88 00 00 80 3F
88 00 00 98 C2 88 00 00 FA 43 88 00 00 AA C2 88
00 00 80 3F 88 00 00 80 3F 88 00 00 EC C1 88 00
00 80 40 88 00 00 A0 41 88 00 00 80 3F 88 00 00
[22:13:17.136] [INFO] [s22-backup] READ 64 byte(s):
A0 40 88 00 00 96 43 88 9A 99 B9 40 88 33 33 33
3F 88 00 80 3B 44 88 00 00 A0 40 88 00 80 ED 44
88 00 00 80 3F 88 00 00 80 3F 88 00 00 20 41 88
00 00 A0 40 88 00 00 A0 42 88 00 00 80 3F 88 00
[22:13:17.139] [INFO] [s22-backup] READ 64 byte(s):
00 80 3F 88 00 00 10 42 88 00 00 A0 40 88 00 00
00 00 88 00 00 00 00 88 00 00 20 41 88 00 00 80
3F 88 00 00 00 00 88 00 00 00 00 88 00 00 00 00
88 00 00 20 41 88 00 00 A0 40 88 00 00 80 3F 88
[22:13:17.142] [INFO] [s22-backup] READ 64 byte(s):
00 00 00 00 88 00 00 80 40 88 00 00 A0 40 88 00
00 00 00 88 00 00 00 00 88 00 00 F0 41 88 00 00
A0 40 88 00 00 00 00 88 00 00 00 00 88 00 00 F0
41 88 00 00 A0 40 88 00 00 00 00 88 00 00 00 00
[22:13:17.146] [INFO] [s22-backup] READ 64 byte(s):
88 00 00 F0 41 88 00 00 A0 40 88 00 00 00 00 88
00 00 00 00 88 00 00 F0 41 88 00 00 A0 40 88 00
00 00 00 88 00 00 00 00 88 00 00 B8 41 88 00 00
A0 40 88 00 00 00 00 88 00 00 00 00 88 00 00 F0
[22:13:17.148] [INFO] [s22-backup] READ 64 byte(s):
41 88 00 00 80 3F 88 00 00 00 00 88 00 00 00 00
88 00 00 00 00 88 00 00 70 41 88 00 00 00 3F 88
00 00 48 42 88 00 00 F0 40 88 00 00 00 00 88 00
00 40 40 88 00 00 D0 40 88 00 00 00 00 88 00 00
[22:13:17.151] [INFO] [s22-backup] READ 64 byte(s):
00 00 88 00 00 C0 40 88 00 00 00 00 88 00 00 70
41 88 00 00 00 3F 88 00 00 48 42 88 00 00 F0 40
88 00 00 00 00 88 00 00 70 41 88 00 00 00 3F 88
00 00 48 42 88 00 00 C8 41 88 00 00 F0 40 88 00
[22:13:17.153] [INFO] [s22-backup] READ 64 byte(s):
00 00 00 88 00 00 40 40 88 00 00 B4 43 88 00 00
F0 42 88 00 00 48 42 88 00 00 A0 40 88 00 00 80
3F 88 00 00 00 00 88 00 00 00 00 88 00 00 00 00
88 00 00 10 41 88 00 00 AF 43 88 00 00 A0 41 88
[22:13:17.155] [INFO] [s22-backup] READ 64 byte(s):
00 00 00 00 88 00 00 48 42 88 00 00 00 00 88 00
00 10 41 88 00 00 AF 43 88 00 00 A0 41 88 00 00
00 00 88 00 00 48 42 BA 6D 88 00 00 00 00 88 00
00 00 00 88 00 00 C8 C2 88 00 00 A0 41 88 00 00
[22:13:17.157] [INFO] [s22-backup] READ 64 byte(s):
70 C2 88 00 00 80 3F 88 00 00 00 00 88 00 00 00
00 88 00 00 00 00 88 00 00 A0 40 88 00 00 80 3F
88 00 00 A0 40 88 00 00 96 43 88 00 00 A0 40 88
33 33 33 3F 88 00 80 3B 44 88 00 00 A0 40 88 00
[22:13:17.159] [INFO] [s22-backup] READ 64 byte(s):
80 ED 44 88 00 00 80 3F 88 00 00 80 3F 88 00 00
A0 40 88 00 00 A0 40 88 00 00 C8 42 88 00 00 80
3F 88 00 00 00 00 88 00 00 C8 41 88 00 00 A0 40
88 00 00 00 00 88 00 00 C0 3F 88 00 00 00 00 88
[22:13:17.161] [INFO] [s22-backup] READ 64 byte(s):
00 00 80 3F 88 00 00 C0 3F 88 00 00 00 00 88 00
00 00 00 88 00 00 A0 40 88 00 00 A0 40 88 00 00
80 3F 88 00 00 00 00 88 00 00 80 40 88 00 00 A0
40 88 00 00 00 00 88 00 00 00 00 88 00 00 F0 41
[22:13:17.162] [INFO] [s22-backup] READ 64 byte(s):
88 00 00 A0 40 88 00 00 00 00 88 00 00 00 00 88
00 00 F0 41 88 00 00 A0 40 88 00 00 00 00 88 00
00 00 00 88 00 00 F0 41 88 00 00 A0 40 88 00 00
00 00 88 00 00 00 00 88 00 00 F0 41 88 00 00 A0
[22:13:17.164] [INFO] [s22-backup] READ 64 byte(s):
40 88 00 00 00 00 88 00 00 00 00 88 00 00 F0 41
88 00 00 A0 40 88 00 00 00 00 88 00 00 00 00 88
00 00 F0 41 88 00 00 80 3F 88 00 00 00 00 88 00
00 00 00 88 00 00 00 00 88 00 00 70 41 88 00 00
[22:13:17.166] [INFO] [s22-backup] READ 64 byte(s):
00 3F 88 00 00 48 42 88 00 00 F0 40 88 00 00 00
00 88 00 00 40 40 88 00 00 D0 40 88 00 00 00 00
88 00 00 00 00 88 00 00 C0 40 88 00 00 00 00 88
00 00 70 41 88 00 00 00 3F 88 00 00 48 42 88 00
[22:13:17.167] [INFO] [s22-backup] READ 64 byte(s):
00 F0 40 88 00 00 00 00 88 00 00 70 41 88 00 00
00 3F 88 00 00 48 42 88 00 00 C8 41 88 00 00 F0
40 88 00 00 00 00 88 00 00 40 40 88 00 00 B4 43
88 00 00 F0 42 88 00 00 48 42 88 00 00 A0 40 88
[22:13:17.169] [INFO] [s22-backup] READ 64 byte(s):
00 00 80 3F 88 00 00 00 00 88 00 00 00 00 88 00
00 00 00 88 00 00 10 41 88 00 00 AF 43 88 00 00
A0 41 88 00 00 00 00 88 00 00 48 42 88 00 00 00
00 88 00 00 10 41 88 00 00 AF 43 88 00 00 A0 41
[22:13:17.170] [INFO] [s22-backup] READ 64 byte(s):
88 00 00 00 00 88 00 00 48 42 BA 6D 88 00 00 00
00 88 00 00 00 00 88 00 00 C8 C2 88 00 00 A0 41
88 00 00 70 C2 88 00 00 80 3F 88 00 00 00 00 88
00 00 00 00 88 00 00 00 00 88 00 00 A0 40 88 00
[22:13:17.173] [INFO] [s22-backup] READ 64 byte(s):
00 80 3F 88 00 00 A0 40 88 00 00 96 43 88 00 00
A0 40 88 33 33 33 3F 88 00 80 3B 44 88 00 00 A0
40 88 00 80 ED 44 88 00 00 80 3F 88 00 00 80 3F
88 00 00 A0 40 88 00 00 A0 40 88 00 00 C8 42 88
[22:13:17.176] [INFO] [s22-backup] READ 64 byte(s):
00 00 80 3F 88 00 00 00 00 88 00 00 C8 41 88 00
00 A0 40 88 00 00 00 00 88 00 00 C0 3F 88 00 00
00 00 88 00 00 80 3F 88 00 00 C0 3F 88 00 00 00
00 88 00 00 00 00 88 00 00 A0 40 88 00 00 A0 40
[22:13:17.178] [INFO] [s22-backup] READ 64 byte(s):
88 00 00 80 3F 88 00 00 00 00 88 00 00 80 40 88
00 00 A0 40 88 00 00 00 00 88 00 00 00 00 88 00
00 F0 41 88 00 00 A0 40 88 00 00 00 00 88 00 00
00 00 88 00 00 F0 41 88 00 00 A0 40 88 00 00 00
[22:13:17.180] [INFO] [s22-backup] READ 64 byte(s):
00 88 00 00 00 00 88 00 00 F0 41 88 00 00 A0 40
88 00 00 00 00 88 00 00 00 00 88 00 00 F0 41 88
00 00 A0 40 88 00 00 00 00 88 00 00 00 00 88 00
00 F0 41 88 00 00 A0 40 88 00 00 00 00 88 00 00
[22:13:17.182] [INFO] [s22-backup] READ 64 byte(s):
00 00 88 00 00 F0 41 88 00 00 80 3F 88 00 00 00
00 88 00 00 00 00 88 00 00 00 00 88 00 00 70 41
88 00 00 00 3F 88 00 00 48 42 88 00 00 F0 40 88
00 00 00 00 88 00 00 40 40 88 00 00 D0 40 88 00
[22:13:17.184] [INFO] [s22-backup] READ 64 byte(s):
00 00 00 88 00 00 00 00 88 00 00 C0 40 88 00 00
00 00 88 00 00 70 41 88 00 00 00 3F 88 00 00 48
42 88 00 00 F0 40 88 00 00 00 00 88 00 00 70 41
88 00 00 00 3F 88 00 00 48 42 88 00 00 C8 41 88
[22:13:17.189] [INFO] [s22-backup] READ 64 byte(s):
00 00 F0 40 88 00 00 00 00 88 00 00 40 40 88 00
00 B4 43 88 00 00 F0 42 88 00 00 48 42 88 00 00
A0 40 88 00 00 80 3F 88 00 00 00 00 88 00 00 00
00 88 00 00 00 00 88 00 00 10 41 88 00 00 AF 43
[22:13:17.191] [INFO] [s22-backup] READ 64 byte(s):
88 00 00 A0 41 88 00 00 00 00 88 00 00 48 42 88
00 00 00 00 88 00 00 10 41 88 00 00 AF 43 88 00
00 A0 41 88 00 00 00 00 88 00 00 48 42 B9 0D B9
02 BC 21 00 EE 04 3B F5 2C 07 3C 93 91 A8 3B 7D
[22:13:17.193] [INFO] [s22-backup] READ 64 byte(s):
5D 1A C8 3B AC 7D 5D 08 3C CA A5 1C 3B 3B EC FD
3A 25 36 76 3B 85 00 B9 02 BC 0B 32 30 32 35 2D
31 32 2D 31 30 00 0A B9 02 BC 21 44 52 49 56 45
00 DD 3B 99 B6 00 3C 40 03 FB 3A 4A F0 58 39 93
[22:13:17.196] [INFO] [s22-backup] READ 64 byte(s):
7A 80 3B 34 D4 59 3C D7 E6 C1 3B 47 05 B9 02 BC
21 4E 6F 6E 65 00 82 A5 3B 9E 0C BA 3B 19 6A 62
3B 72 68 DA 3B F3 06 57 3B 93 68 1C 3C 73 6F 10
3C F6 04 B9 02 BC 21 4E 6F 6E 65 00 94 E9 BA E5
[22:13:17.198] [INFO] [s22-backup] READ 64 byte(s):
44 B1 3B 02 B2 2E 3C FC 05 2F 3C F2 50 92 3B EB
E5 06 BA 23 34 01 3C 47 04 B9 02 BC 21 4E 6F 6E
65 00 E4 F4 3B 0A 28 A6 3B 43 50 A9 3B B3 54 CA
3B 46 7D 5E 39 3B 9C 4D E5 B9 E2 EA 34 3B EC 04
[22:13:17.201] [INFO] [s22-backup] READ 64 byte(s):
B9 02 BC 21 4E 6F 6E 65 00 1B FD 3B 4A CD 8C 3B
29 3D 74 39 B3 AA 29 BA ED 30 B2 3B 12 15 1B 3C
C5 A2 6A 3B 22 04 B9 02 BC 21 00 1F 55 3C 2D 0A
2F 3C 98 4C 23 3B 76 6A CB BB 92 DD 19 39 2D 82
[22:13:17.203] [INFO] [s22-backup] READ 64 byte(s):
DD 3B F4 90 CB 3B 91 6E F9 3A D0 00 B9 02 BC 21
00 82 83 3B 00 E2 2A BB 15 89 79 3B 9C 74 1A 3C
6C 97 F4 3B 35 DC 45 BB 8C 5C B0 37 CE 48 23 3B
4F 00 B9 02 BC 21 00 8F 87 3B 2C 86 88 3B 2F 9E
[22:13:17.205] [INFO] [s22-backup] READ 64 byte(s):
A5 3B 43 EE B5 3B 85 C4 15 3B 79 E9 34 3B F0 65
92 BA C7 1F 8F 3B 26 00 B9 02 BC 21 00 88 93 3B
EE 63 6F 3B 0E B5 7C 37 68 AB 81 3B 84 76 A2 3B
A2 41 B6 3B 1B FB 2E 3B 67 72 72 3A 0B 00 B9 02
[22:13:17.207] [INFO] [s22-backup] READ 64 byte(s):
BC 21 00 DF 81 3B F2 CA FA 3B 6C 38 98 3B 87 FC
64 3A DF 7C 69 3A B7 91 49 3B B1 9B 93 3B 90 1A
B8 3B 9D 00 B9 02 BC 41 00 3A 32 3A 5C C7 80 3B
D6 32 A4 3B 39 7B 64 3B 98 A2 9E BA 19 14 B6 3A
[22:13:17.210] [INFO] [s22-backup] READ 46 byte(s):
CF 24 A2 3B AD 35 80 3B 50 C0 8A 3B 75 BF 4B 3B
98 6A 32 BA AD CE 03 3B 1B 9B E8 3B 91 AA 78 3C
0A F2 F4 50 61 7D 5D 00 00 72 00 D7 64 7E
[22:13:17.214] [INFO] [s22-backup] WRITE 21 byte(s):
7E B9 03 81 00 03 82 06 00 80 0B 03 B9 04 0B 01
11 00 81 AB 7E
[22:13:17.218] [INFO] [s22-backup] READ 64 byte(s):
7E B9 03 81 04 03 81 9D 08 0B B9 03 01 11 B9 04
B9 02 BC 21 73 75 62 77 61 79 20 63 6C 65 61 6E
00 00 00 00 00 00 00 00 00 00 00 00 00 00 00 00
00 00 00 00 00 0C BA 02 88 00 00 00 00 88 00 00
[22:13:17.220] [INFO] [s22-backup] READ 64 byte(s):
F0 42 BA 03 BA 6D 88 00 00 00 00 88 00 00 00 00
88 00 00 C8 C2 88 00 00 A0 41 88 00 00 70 C2 88
00 00 80 3F 88 00 00 00 00 88 00 00 00 00 88 00
00 00 00 88 00 00 A0 40 88 00 00 80 3F 88 00 00
[22:13:17.224] [INFO] [s22-backup] READ 64 byte(s):
A0 40 88 00 00 96 43 88 00 00 A0 40 88 33 33 33
3F 88 00 80 3B 44 88 00 00 A0 40 88 00 80 ED 44
88 00 00 80 3F 88 00 00 80 3F 88 00 00 A0 40 88
00 00 A0 40 88 00 00 C8 42 88 00 00 80 3F 88 00
[22:13:17.226] [INFO] [s22-backup] READ 64 byte(s):
00 00 40 88 00 00 C8 41 88 00 00 A0 40 88 00 00
00 00 88 00 00 C0 3F 88 00 00 00 00 88 00 00 80
3F 88 00 00 C0 3F 88 00 00 00 00 88 00 00 00 00
88 00 00 A0 40 88 00 00 A0 40 88 00 00 80 3F 88
[22:13:17.228] [INFO] [s22-backup] READ 64 byte(s):
00 00 00 00 88 00 00 80 40 88 00 00 A0 40 88 00
00 00 00 88 00 00 00 00 88 00 00 F0 41 88 00 00
A0 40 88 00 00 00 00 88 00 00 00 00 88 00 00 F0
41 88 00 00 A0 40 88 00 00 00 00 88 00 00 00 00
[22:13:17.229] [INFO] [s22-backup] READ 64 byte(s):
88 00 00 F0 41 88 00 00 A0 40 88 00 00 00 00 88
00 00 00 00 88 00 00 F0 41 88 00 00 A0 40 88 00
00 00 00 88 00 00 00 00 88 00 00 F0 41 88 00 00
A0 40 88 00 00 00 00 88 00 00 00 00 88 00 00 F0
[22:13:17.232] [INFO] [s22-backup] READ 64 byte(s):
41 88 00 00 80 3F 88 00 00 00 00 88 00 00 00 00
88 00 00 00 00 88 00 00 70 41 88 00 00 00 3F 88
00 00 48 42 88 00 00 F0 40 88 00 00 00 00 88 00
00 40 40 88 00 00 D0 40 88 00 00 00 00 88 00 00
[22:13:17.234] [INFO] [s22-backup] READ 64 byte(s):
00 00 88 00 00 C0 40 88 00 00 00 00 88 00 00 70
41 88 00 00 00 3F 88 00 00 48 42 88 00 00 F0 40
88 00 00 00 00 88 00 00 70 41 88 00 00 00 3F 88
00 00 48 42 88 00 00 C8 41 88 00 00 F0 40 88 00
[22:13:17.236] [INFO] [s22-backup] READ 64 byte(s):
00 00 00 88 00 00 40 40 88 00 00 B4 43 88 00 00
F0 42 88 00 00 48 42 88 00 00 A0 40 88 00 00 80
3F 88 00 00 00 00 88 00 00 00 00 88 00 00 00 00
88 00 00 10 41 88 00 00 AF 43 88 00 00 A0 41 88
[22:13:17.240] [INFO] [s22-backup] READ 64 byte(s):
00 00 00 00 88 00 00 48 42 88 00 00 00 00 88 00
00 10 41 88 00 00 AF 43 88 00 00 A0 41 88 00 00
00 00 88 00 00 48 42 BA 6D 88 00 00 00 00 88 00
00 00 00 88 00 00 C8 C2 88 00 00 A0 41 88 00 00
[22:13:17.244] [INFO] [s22-backup] READ 64 byte(s):
70 C2 88 00 00 80 3F 88 00 00 00 00 88 00 00 00
00 88 00 00 00 00 88 00 00 A0 40 88 00 00 80 3F
88 00 00 A0 40 88 00 00 96 43 88 00 00 A0 40 88
33 33 33 3F 88 00 80 3B 44 88 00 00 A0 40 88 00
[22:13:17.247] [INFO] [s22-backup] READ 64 byte(s):
80 ED 44 88 00 00 80 3F 88 00 00 80 3F 88 00 00
A0 40 88 00 00 A0 40 88 00 00 C8 42 88 00 00 80
3F 88 00 00 00 00 88 00 00 C8 41 88 00 00 A0 40
88 00 00 00 00 88 00 00 C0 3F 88 00 00 00 00 88
[22:13:17.249] [INFO] [s22-backup] READ 64 byte(s):
00 00 80 3F 88 00 00 C0 3F 88 00 00 00 00 88 00
00 00 00 88 00 00 A0 40 88 00 00 A0 40 88 00 00
80 3F 88 00 00 00 00 88 00 00 80 40 88 00 00 A0
40 88 00 00 00 00 88 00 00 00 00 88 00 00 F0 41
[22:13:17.253] [INFO] [s22-backup] READ 64 byte(s):
88 00 00 A0 40 88 00 00 00 00 88 00 00 00 00 88
00 00 F0 41 88 00 00 A0 40 88 00 00 00 00 88 00
00 00 00 88 00 00 F0 41 88 00 00 A0 40 88 00 00
00 00 88 00 00 00 00 88 00 00 F0 41 88 00 00 A0
[22:13:17.257] [INFO] [s22-backup] READ 64 byte(s):
40 88 00 00 00 00 88 00 00 00 00 88 00 00 F0 41
88 00 00 A0 40 88 00 00 00 00 88 00 00 00 00 88
00 00 F0 41 88 00 00 80 3F 88 00 00 00 00 88 00
00 00 00 88 00 00 00 00 88 00 00 70 41 88 00 00
[22:13:17.260] [INFO] [s22-backup] READ 64 byte(s):
00 3F 88 00 00 48 42 88 00 00 F0 40 88 00 00 00
00 88 00 00 40 40 88 00 00 D0 40 88 00 00 00 00
88 00 00 00 00 88 00 00 C0 40 88 00 00 00 00 88
00 00 70 41 88 00 00 00 3F 88 00 00 48 42 88 00
[22:13:17.263] [INFO] [s22-backup] READ 64 byte(s):
00 F0 40 88 00 00 00 00 88 00 00 70 41 88 00 00
00 3F 88 00 00 48 42 88 00 00 C8 41 88 00 00 F0
40 88 00 00 00 00 88 00 00 40 40 88 00 00 B4 43
88 00 00 F0 42 88 00 00 48 42 88 00 00 A0 40 88
[22:13:17.265] [INFO] [s22-backup] READ 64 byte(s):
00 00 80 3F 88 00 00 00 00 88 00 00 00 00 88 00
00 00 00 88 00 00 10 41 88 00 00 AF 43 88 00 00
A0 41 88 00 00 00 00 88 00 00 48 42 88 00 00 00
00 88 00 00 10 41 88 00 00 AF 43 88 00 00 A0 41
[22:13:17.266] [INFO] [s22-backup] READ 64 byte(s):
88 00 00 00 00 88 00 00 48 42 BA 6D 88 00 00 00
00 88 00 00 00 00 88 00 00 C8 C2 88 00 00 A0 41
88 00 00 70 C2 88 00 00 80 3F 88 00 00 00 00 88
00 00 00 00 88 00 00 00 00 88 00 00 A0 40 88 00
[22:13:17.268] [INFO] [s22-backup] READ 64 byte(s):
00 80 3F 88 00 00 A0 40 88 00 00 96 43 88 00 00
A0 40 88 33 33 33 3F 88 00 80 3B 44 88 00 00 A0
40 88 00 80 ED 44 88 00 00 80 3F 88 00 00 80 3F
88 00 00 A0 40 88 00 00 A0 40 88 00 00 C8 42 88
[22:13:17.270] [INFO] [s22-backup] READ 64 byte(s):
00 00 80 3F 88 00 00 00 00 88 00 00 C8 41 88 00
00 A0 40 88 00 00 00 00 88 00 00 C0 3F 88 00 00
00 00 88 00 00 80 3F 88 00 00 C0 3F 88 00 00 00
00 88 00 00 00 00 88 00 00 A0 40 88 00 00 A0 40
[22:13:17.275] [INFO] [s22-backup] READ 64 byte(s):
88 00 00 80 3F 88 00 00 00 00 88 00 00 80 40 88
00 00 A0 40 88 00 00 00 00 88 00 00 00 00 88 00
00 F0 41 88 00 00 A0 40 88 00 00 00 00 88 00 00
00 00 88 00 00 F0 41 88 00 00 A0 40 88 00 00 00
[22:13:17.278] [INFO] [s22-backup] READ 64 byte(s):
00 88 00 00 00 00 88 00 00 F0 41 88 00 00 A0 40
88 00 00 00 00 88 00 00 00 00 88 00 00 F0 41 88
00 00 A0 40 88 00 00 00 00 88 00 00 00 00 88 00
00 F0 41 88 00 00 A0 40 88 00 00 00 00 88 00 00
[22:13:17.280] [INFO] [s22-backup] READ 64 byte(s):
00 00 88 00 00 F0 41 88 00 00 80 3F 88 00 00 00
00 88 00 00 00 00 88 00 00 00 00 88 00 00 70 41
88 00 00 00 3F 88 00 00 48 42 88 00 00 F0 40 88
00 00 00 00 88 00 00 40 40 88 00 00 D0 40 88 00
[22:13:17.283] [INFO] [s22-backup] READ 64 byte(s):
00 00 00 88 00 00 00 00 88 00 00 C0 40 88 00 00
00 00 88 00 00 70 41 88 00 00 00 3F 88 00 00 48
42 88 00 00 F0 40 88 00 00 00 00 88 00 00 70 41
88 00 00 00 3F 88 00 00 48 42 88 00 00 C8 41 88
[22:13:17.285] [INFO] [s22-backup] READ 64 byte(s):
00 00 F0 40 88 00 00 00 00 88 00 00 40 40 88 00
00 B4 43 88 00 00 F0 42 88 00 00 48 42 88 00 00
A0 40 88 00 00 80 3F 88 00 00 00 00 88 00 00 00
00 88 00 00 00 00 88 00 00 10 41 88 00 00 AF 43
[22:13:17.288] [INFO] [s22-backup] READ 64 byte(s):
88 00 00 A0 41 88 00 00 00 00 88 00 00 48 42 88
00 00 00 00 88 00 00 10 41 88 00 00 AF 43 88 00
00 A0 41 88 00 00 00 00 88 00 00 48 42 B9 0D B9
02 BC 21 00 20 C1 B8 32 94 F7 3A B6 BF 45 3A 3E
[22:13:17.292] [INFO] [s22-backup] READ 64 byte(s):
9B 81 3A A1 10 42 3B 80 CC B4 37 3D 13 85 BB AF
12 44 BB 99 00 B9 02 BC 0B 32 30 32 35 2D 31 32
2D 31 30 00 0A B9 02 BC 21 43 4C 45 41 4E 00 0B
3A 62 6B 47 3A 8C B3 D6 3A F2 10 08 3B 9D FB 7C
[22:13:17.294] [INFO] [s22-backup] READ 64 byte(s):
BA AB E3 7A 3B 60 90 35 37 34 05 B9 02 BC 21 4E
6F 6E 65 00 FC 3C BB 30 C2 8A 38 50 81 FA 38 0C
D7 CB BA C2 FA 16 3A B9 A0 33 BB 30 98 37 BA F8
04 B9 02 BC 21 4E 6F 6E 65 00 52 D8 37 36 DD 23
[22:13:17.297] [INFO] [s22-backup] READ 64 byte(s):
BA 2A 82 3F 3A 02 66 D5 3A 8C C9 8C B9 36 20 32
BB 42 01 4F BB 7D 5E 04 B9 02 BC 21 4E 6F 6E 65
00 57 13 BA 4C 8F 54 3A 0F 98 0D 3B 78 5C 0F 3B
11 D8 C0 3A 8C 36 21 3B 50 1A 65 3B BD 04 B9 02
[22:13:17.299] [INFO] [s22-backup] READ 64 byte(s):
BC 21 4E 6F 6E 65 00 DA 0C BB 1C 6C 4D 39 7B 77
43 3A 3F 25 27 BB 8F 22 A9 B9 9A FB 8E B8 2E 68
2A BB 14 04 B9 02 BC 21 00 E3 23 BB 9B 4A BD 3A
2C 50 78 BA C4 9F 8D BA AB 3A E4 BA FE F3 A4 BA
[22:13:17.301] [INFO] [s22-backup] READ 64 byte(s):
4A 1E 4B 3A 26 8A 8B 3A 80 00 B9 02 BC 21 00 6A
22 BA 24 FC 8A BB 18 AC 4B BA C3 D0 B6 3A 2C 07
36 3A F8 49 3C B9 5A D3 00 3B 01 48 A6 3A 24 00
B9 02 BC 21 00 55 7C 3B 49 CD 33 3B 64 EF A4 39
[22:13:17.311] [INFO] [s22-backup] READ 64 byte(s):
B4 89 76 B9 19 26 EE 3A F7 CD 2E 3B E9 DF 09 3B
9F FD 40 BA B8 00 B9 02 BC 21 00 59 DB BB 7A 76
C4 BB 90 3D 18 BC FC A5 10 BC A4 28 08 BC C6 29
4E BC BC 84 62 BC B0 DF 72 BC 8C 00 B9 02 BC 21
[22:13:17.335] [INFO] [s22-backup] READ 64 byte(s):
00 F5 70 BC 39 17 47 BC C6 CB B9 BB 76 64 04 3B
BA 79 9E 3B 20 63 B4 3B 82 C1 6E 3B 7C 7D 5D 04
3B 68 00 B9 02 BC 41 00 85 BA BB D1 3D 26 BB 75
4E 1C 3B EB 67 AC 3B 50 CC 82 3B 18 9E 7C 3B A9
[22:13:17.341] [INFO] [s22-backup] READ 45 byte(s):
38 46 BA 72 53 FF BA 99 73 0C 3B 52 0A FE 3B 75
6B FB 3B 1A CE 53 3A 93 51 54 BC B0 2A CE 38 7A
38 F5 50 61 7D 5D 00 00 72 00 9F AB 7E
[22:13:17.344] [INFO] [s22-backup] WRITE 21 byte(s):
7E B9 03 81 00 03 82 06 00 80 0B 03 B9 04 0B 01
12 00 E9 81 7E
[22:13:17.350] [INFO] [s22-backup] READ 64 byte(s):
7E B9 03 81 04 03 81 9D 08 0B B9 03 01 12 B9 04
B9 02 BC 21 48 55 47 45 20 4D 55 46 46 00 00 00
00 00 00 00 00 00 00 00 00 00 00 00 00 00 00 00
00 00 00 00 00 09 BA 02 88 00 00 00 00 88 00 00
[22:13:17.353] [INFO] [s22-backup] READ 64 byte(s):
F0 42 BA 03 BA 6D 88 00 00 00 00 88 00 00 80 3F
88 00 00 84 C2 88 00 00 A0 41 88 00 00 20 C2 88
00 00 80 3F 88 00 00 80 3F 88 00 00 80 C0 88 00
00 40 C0 88 00 00 A0 40 88 00 00 80 3F 88 00 00
[22:13:17.354] [INFO] [s22-backup] READ 64 byte(s):
A0 40 88 00 00 96 43 88 00 00 A0 40 88 33 33 33
3F 88 00 80 3B 44 88 00 00 A0 40 88 00 00 FA 44
88 00 00 80 3F 88 00 00 80 3F 88 67 66 A6 40 88
00 00 A0 40 88 00 00 C8 42 88 00 00 80 3F 88 00
[22:13:17.358] [INFO] [s22-backup] READ 64 byte(s):
00 00 40 88 00 00 C8 41 88 00 00 A0 40 88 00 00
00 00 88 00 00 C0 3F 88 00 00 00 00 88 00 00 80
3F 88 00 00 C0 3F 88 00 00 00 00 88 00 00 00 00
88 00 00 A0 40 88 00 00 A0 40 88 00 00 80 3F 88
[22:13:17.360] [INFO] [s22-backup] READ 64 byte(s):
00 00 80 3F 88 00 00 80 40 88 00 00 A0 40 88 00
00 00 00 88 00 00 00 00 88 00 00 00 00 88 00 00
A0 40 88 00 00 00 00 88 00 00 00 00 88 00 00 00
00 88 00 00 A0 40 88 00 00 00 00 88 00 00 00 00
[22:13:17.362] [INFO] [s22-backup] READ 64 byte(s):
88 00 00 00 00 88 00 00 A0 40 88 00 00 00 00 88
00 00 00 00 88 00 00 00 00 88 00 00 A0 40 88 00
00 00 00 88 00 00 00 00 88 00 00 00 00 88 00 00
A0 40 88 00 00 00 00 88 00 00 00 00 88 00 00 00
[22:13:17.366] [INFO] [s22-backup] READ 64 byte(s):
00 88 00 00 80 3F 88 00 00 00 00 88 00 00 00 00
88 00 00 00 00 88 00 00 70 41 88 00 00 00 3F 88
00 00 48 42 88 00 00 F0 40 88 00 00 00 00 88 00
00 40 40 88 00 00 D0 40 88 00 00 00 00 88 00 00
[22:13:17.371] [INFO] [s22-backup] READ 64 byte(s):
00 00 88 00 00 C0 40 88 00 00 00 00 88 00 00 70
41 88 00 00 00 3F 88 00 00 48 42 88 00 00 F0 40
88 00 00 00 00 88 00 00 70 41 88 00 00 00 3F 88
00 00 48 42 88 00 00 C8 41 88 00 00 F0 40 88 00
[22:13:17.374] [INFO] [s22-backup] READ 64 byte(s):
00 00 00 88 00 00 40 40 88 00 00 B4 43 88 00 00
F0 42 88 00 00 48 42 88 00 00 A0 40 88 00 00 80
3F 88 00 00 00 00 88 00 00 00 00 88 00 00 00 00
88 00 00 10 41 88 00 00 AF 43 88 00 00 A0 41 88
[22:13:17.376] [INFO] [s22-backup] READ 64 byte(s):
00 00 00 00 88 00 00 48 42 88 00 00 00 00 88 00
00 10 41 88 00 00 AF 43 88 00 00 A0 41 88 00 00
00 00 88 00 00 48 42 BA 6D 88 00 00 00 00 88 00
00 00 00 88 00 00 C8 C2 88 00 00 A0 41 88 00 00
[22:13:17.380] [INFO] [s22-backup] READ 64 byte(s):
70 C2 88 00 00 80 3F 88 00 00 00 00 88 00 00 00
00 88 00 00 00 00 88 00 00 A0 40 88 00 00 80 3F
88 00 00 A0 40 88 00 00 96 43 88 00 00 A0 40 88
33 33 33 3F 88 00 80 3B 44 88 00 00 A0 40 88 00
[22:13:17.382] [INFO] [s22-backup] READ 64 byte(s):
80 ED 44 88 00 00 80 3F 88 00 00 80 3F 88 00 00
A0 40 88 00 00 A0 40 88 00 00 C8 42 88 00 00 80
3F 88 00 00 00 00 88 00 00 C8 41 88 00 00 A0 40
88 00 00 00 00 88 00 00 C0 3F 88 00 00 00 00 88
[22:13:17.385] [INFO] [s22-backup] READ 64 byte(s):
00 00 80 3F 88 00 00 C0 3F 88 00 00 00 00 88 00
00 00 00 88 00 00 A0 40 88 00 00 A0 40 88 00 00
80 3F 88 00 00 00 00 88 00 00 80 40 88 00 00 A0
40 88 00 00 00 00 88 00 00 00 00 88 00 00 00 00
[22:13:17.387] [INFO] [s22-backup] READ 64 byte(s):
88 00 00 A0 40 88 00 00 00 00 88 00 00 00 00 88
00 00 00 00 88 00 00 A0 40 88 00 00 00 00 88 00
00 00 00 88 00 00 00 00 88 00 00 A0 40 88 00 00
00 00 88 00 00 00 00 88 00 00 00 00 88 00 00 A0
[22:13:17.390] [INFO] [s22-backup] READ 64 byte(s):
40 88 00 00 00 00 88 00 00 00 00 88 00 00 00 00
88 00 00 A0 40 88 00 00 00 00 88 00 00 00 00 88
00 00 00 00 88 00 00 80 3F 88 00 00 00 00 88 00
00 00 00 88 00 00 00 00 88 00 00 70 41 88 00 00
[22:13:17.393] [INFO] [s22-backup] READ 64 byte(s):
00 3F 88 00 00 48 42 88 00 00 F0 40 88 00 00 00
00 88 00 00 40 40 88 00 00 D0 40 88 00 00 00 00
88 00 00 00 00 88 00 00 C0 40 88 00 00 00 00 88
00 00 70 41 88 00 00 00 3F 88 00 00 48 42 88 00
[22:13:17.395] [INFO] [s22-backup] READ 64 byte(s):
00 F0 40 88 00 00 00 00 88 00 00 70 41 88 00 00
00 3F 88 00 00 48 42 88 00 00 C8 41 88 00 00 F0
40 88 00 00 00 00 88 00 00 40 40 88 00 00 B4 43
88 00 00 F0 42 88 00 00 48 42 88 00 00 A0 40 88
[22:13:17.397] [INFO] [s22-backup] READ 64 byte(s):
00 00 80 3F 88 00 00 00 00 88 00 00 00 00 88 00
00 00 00 88 00 00 10 41 88 00 00 AF 43 88 00 00
A0 41 88 00 00 00 00 88 00 00 48 42 88 00 00 00
00 88 00 00 10 41 88 00 00 AF 43 88 00 00 A0 41
[22:13:17.399] [INFO] [s22-backup] READ 64 byte(s):
88 00 00 00 00 88 00 00 48 42 BA 6D 88 00 00 00
00 88 00 00 00 00 88 00 00 C8 C2 88 00 00 A0 41
88 00 00 70 C2 88 00 00 80 3F 88 00 00 00 00 88
00 00 00 00 88 00 00 00 00 88 00 00 A0 40 88 00
[22:13:17.401] [INFO] [s22-backup] READ 64 byte(s):
00 80 3F 88 00 00 A0 40 88 00 00 96 43 88 00 00
A0 40 88 33 33 33 3F 88 00 80 3B 44 88 00 00 A0
40 88 00 80 ED 44 88 00 00 80 3F 88 00 00 80 3F
88 00 00 A0 40 88 00 00 A0 40 88 00 00 C8 42 88
[22:13:17.403] [INFO] [s22-backup] READ 64 byte(s):
00 00 80 3F 88 00 00 00 00 88 00 00 C8 41 88 00
00 A0 40 88 00 00 00 00 88 00 00 C0 3F 88 00 00
00 00 88 00 00 80 3F 88 00 00 C0 3F 88 00 00 00
00 88 00 00 00 00 88 00 00 A0 40 88 00 00 A0 40
[22:13:17.405] [INFO] [s22-backup] READ 64 byte(s):
88 00 00 80 3F 88 00 00 00 00 88 00 00 80 40 88
00 00 A0 40 88 00 00 00 00 88 00 00 00 00 88 00
00 00 00 88 00 00 A0 40 88 00 00 00 00 88 00 00
00 00 88 00 00 00 00 88 00 00 A0 40 88 00 00 00
[22:13:17.406] [INFO] [s22-backup] READ 64 byte(s):
00 88 00 00 00 00 88 00 00 00 00 88 00 00 A0 40
88 00 00 00 00 88 00 00 00 00 88 00 00 00 00 88
00 00 A0 40 88 00 00 00 00 88 00 00 00 00 88 00
00 00 00 88 00 00 A0 40 88 00 00 00 00 88 00 00
[22:13:17.408] [INFO] [s22-backup] READ 64 byte(s):
00 00 88 00 00 00 00 88 00 00 80 3F 88 00 00 00
00 88 00 00 00 00 88 00 00 00 00 88 00 00 70 41
88 00 00 00 3F 88 00 00 48 42 88 00 00 F0 40 88
00 00 00 00 88 00 00 40 40 88 00 00 D0 40 88 00
[22:13:17.410] [INFO] [s22-backup] READ 64 byte(s):
00 00 00 88 00 00 00 00 88 00 00 C0 40 88 00 00
00 00 88 00 00 70 41 88 00 00 00 3F 88 00 00 48
42 88 00 00 F0 40 88 00 00 00 00 88 00 00 70 41
88 00 00 00 3F 88 00 00 48 42 88 00 00 C8 41 88
[22:13:17.412] [INFO] [s22-backup] READ 64 byte(s):
00 00 F0 40 88 00 00 00 00 88 00 00 40 40 88 00
00 B4 43 88 00 00 F0 42 88 00 00 48 42 88 00 00
A0 40 88 00 00 80 3F 88 00 00 00 00 88 00 00 00
00 88 00 00 00 00 88 00 00 10 41 88 00 00 AF 43
[22:13:17.413] [INFO] [s22-backup] READ 64 byte(s):
88 00 00 A0 41 88 00 00 00 00 88 00 00 48 42 88
00 00 00 00 88 00 00 10 41 88 00 00 AF 43 88 00
00 A0 41 88 00 00 00 00 88 00 00 48 42 B9 0D B9
02 BC 21 00 36 C2 3B 5F CB A0 3A B0 B4 87 BA E0
[22:13:17.415] [INFO] [s22-backup] READ 64 byte(s):
38 42 3C F2 9A 19 3C 89 37 BA 3B DC F4 91 BA D6
E1 0B BB E3 00 B9 02 BC 0B 32 30 32 34 2D 30 33
2D 32 32 00 0A B9 02 BC 21 53 54 4F 4D 50 20 2D
20 46 55 5A 5A 00 A1 37 3C 3E B2 D6 3A E2 58 A8
[22:13:17.417] [INFO] [s22-backup] READ 64 byte(s):
3B 67 FA 89 BB B8 78 06 BB E0 0C B9 02 BC 21 45
6C 65 63 74 72 69 63 20 47 75 69 74 61 72 00 CB
1D 49 3B FC 17 10 3B 08 61 19 3B 18 3A 2E BA F2
0F B9 02 BC 21 53 6F 6C 69 64 20 42 6F 64 79 00
[22:13:17.418] [INFO] [s22-backup] READ 64 byte(s):
3A 65 9E 9A 3B B8 2C B2 BA A7 B8 60 3B E0 31 84
BB 28 0E C0 BA 54 0A B9 02 BC 21 00 1A DE BA 88
E6 C2 BA 44 EB F1 BB 8E 8B 69 BA 5F 50 EC 3B 61
63 A7 BA A7 94 4A 3B 73 79 2E 3A 0C 00 B9 02 BC
[22:13:17.420] [INFO] [s22-backup] READ 64 byte(s):
21 00 A7 2C BC DC A6 17 BC A4 A4 F5 3B 70 1C 9E
3B 0E 8C C4 3B 74 40 09 3B D4 AF 8D BC 50 B9 6C
BB F9 00 B9 02 BC 21 00 8B D2 BB 7A 5C 62 BC 71
B6 3F BC 56 4E 29 3C 51 12 B2 3B 2D 18 D6 BB C7
[22:13:17.423] [INFO] [s22-backup] READ 64 byte(s):
6E A5 3B 2E 2A 1E BC D6 00 B9 02 BC 21 00 A3 0A
BC 2E 81 24 39 17 12 BC 3B F9 02 C1 BB 9D D9 84
3B 02 F9 B0 3B A8 DA 04 BC 67 60 98 BC 05 00 B9
02 BC 21 00 18 90 3B 7F 6D A7 3C 4B F3 73 BB 6F
[22:13:17.424] [INFO] [s22-backup] READ 64 byte(s):
12 E7 3B EC 96 1A BC F3 05 1D BC F6 95 5C 3B DD
41 94 BA 91 00 B9 02 BC 21 00 78 F8 3B 93 64 2C
BC 76 69 23 3B C0 7A BD BB 5A F5 F1 39 7B 61 8D
3B FE 8A B6 BC 77 F8 6A BC 97 00 B9 02 BC 21 00
[22:13:17.426] [INFO] [s22-backup] READ 64 byte(s):
3D C9 3B C8 2A 0C BC 09 60 47 BC B5 82 0F 3C 20
EF 0F BB 4C 9C 6E BC E8 EC 1C BB 48 9E 11 BC 84
00 B9 02 BC 41 49 4B 20 4D 75 6C 74 69 6D 65 64
69 61 20 50 72 65 6D 69 75 6D 20 50 72 65 73 65
[22:13:17.428] [INFO] [s22-backup] READ 42 byte(s):
74 00 BC B1 BC 3F 40 3B 3B 58 CD 88 BC AC 62 05
BC 7C 14 28 BC E0 E4 2F E3 0B 00 00 00 12 00 00
00 00 00 00 00 10 1C C9 8D 7E
[22:13:17.431] [INFO] [s22-backup] WRITE 21 byte(s):
7E B9 03 81 00 03 82 06 00 80 0B 03 B9 04 0B 01
13 00 31 98 7E
[22:13:17.436] [INFO] [s22-backup] READ 64 byte(s):
7E B9 03 81 04 03 81 9D 08 0B B9 03 01 13 B9 04
B9 02 BC 21 41 6C 6C 20 41 72 6F 75 6E 64 20 44
72 69 76 65 00 00 00 00 00 00 00 00 00 00 00 00
00 00 00 00 00 10 BA 02 88 00 00 00 00 88 00 00
[22:13:17.440] [INFO] [s22-backup] READ 64 byte(s):
F0 42 BA 03 BA 6D 88 00 00 00 00 88 00 00 80 3F
88 00 00 C8 C2 88 00 00 A0 41 88 00 00 70 C2 88
00 00 80 3F 88 00 00 80 3F 88 00 00 98 C1 88 00
00 80 3F 88 00 00 A0 40 88 00 00 80 3F 88 00 00
[22:13:17.442] [INFO] [s22-backup] READ 64 byte(s):
A0 40 88 00 00 96 43 88 00 00 A0 40 88 33 33 33
3F 88 00 80 3B 44 88 00 00 A0 40 88 00 80 ED 44
88 00 00 80 3F 88 00 00 00 00 88 67 66 D6 40 88
00 00 A0 40 88 00 00 C8 42 88 00 00 80 3F 88 00
[22:13:17.443] [INFO] [s22-backup] READ 64 byte(s):
00 00 00 88 00 00 C8 41 88 00 00 A0 40 88 00 00
00 00 88 00 00 C0 3F 88 00 00 00 00 88 00 00 80
3F 88 00 00 C0 3F 88 00 00 00 00 88 00 00 00 00
88 00 00 A0 40 88 00 00 A0 40 88 00 00 80 3F 88
[22:13:17.448] [INFO] [s22-backup] READ 64 byte(s):
00 00 80 3F 88 00 00 80 40 88 00 00 A0 40 88 00
00 00 00 88 00 00 00 00 88 00 00 F0 41 88 00 00
A0 40 88 00 00 00 00 88 00 00 00 00 88 00 00 F0
41 88 00 00 A0 40 88 00 00 00 00 88 00 00 00 00
[22:13:17.451] [INFO] [s22-backup] READ 64 byte(s):
88 00 00 F0 41 88 00 00 A0 40 88 00 00 00 00 88
00 00 00 00 88 00 00 F0 41 88 00 00 A0 40 88 00
00 00 00 88 00 00 00 00 88 00 00 00 00 88 00 00
A0 40 88 00 00 00 00 88 00 00 00 00 88 00 00 F0
[22:13:17.453] [INFO] [s22-backup] READ 64 byte(s):
41 88 00 00 80 3F 88 00 00 00 00 88 00 00 00 00
88 00 00 00 00 88 00 00 70 41 88 00 00 00 3F 88
00 00 48 42 88 00 00 F0 40 88 00 00 00 00 88 00
00 40 40 88 00 00 D0 40 88 00 00 00 00 88 00 00
[22:13:17.456] [INFO] [s22-backup] READ 64 byte(s):
00 00 88 00 00 C0 40 88 00 00 00 00 88 00 00 70
41 88 00 00 00 3F 88 00 00 48 42 88 00 00 F0 40
88 00 00 00 00 88 00 00 70 41 88 00 00 00 3F 88
00 00 48 42 88 00 00 C8 41 88 00 00 F0 40 88 00
[22:13:17.458] [INFO] [s22-backup] READ 64 byte(s):
00 00 00 88 00 00 40 40 88 00 00 B4 43 88 00 00
F0 42 88 00 00 48 42 88 00 00 A0 40 88 00 00 80
3F 88 00 00 00 00 88 00 00 00 00 88 00 00 00 00
88 00 00 10 41 88 00 00 AF 43 88 00 00 A0 41 88
[22:13:17.460] [INFO] [s22-backup] READ 64 byte(s):
00 00 00 00 88 00 00 48 42 88 00 00 00 00 88 00
00 10 41 88 00 00 AF 43 88 00 00 A0 41 88 00 00
00 00 88 00 00 48 42 BA 6D 88 00 00 00 00 88 00
00 00 00 88 00 00 C8 C2 88 00 00 A0 41 88 00 00
[22:13:17.461] [INFO] [s22-backup] READ 64 byte(s):
70 C2 88 00 00 80 3F 88 00 00 00 00 88 00 00 00
00 88 00 00 00 00 88 00 00 A0 40 88 00 00 80 3F
88 00 00 A0 40 88 00 00 96 43 88 00 00 A0 40 88
33 33 33 3F 88 00 80 3B 44 88 00 00 A0 40 88 00
[22:13:17.463] [INFO] [s22-backup] READ 64 byte(s):
80 ED 44 88 00 00 80 3F 88 00 00 00 00 88 00 00
A0 40 88 00 00 A0 40 88 00 00 C8 42 88 00 00 80
3F 88 00 00 00 00 88 00 00 C8 41 88 00 00 A0 40
88 00 00 00 00 88 00 00 C0 3F 88 00 00 00 00 88
[22:13:17.465] [INFO] [s22-backup] READ 64 byte(s):
00 00 80 3F 88 00 00 C0 3F 88 00 00 00 00 88 00
00 00 00 88 00 00 A0 40 88 00 00 A0 40 88 00 00
80 3F 88 00 00 00 00 88 00 00 80 40 88 00 00 A0
40 88 00 00 00 00 88 00 00 00 00 88 00 00 F0 41
[22:13:17.467] [INFO] [s22-backup] READ 64 byte(s):
88 00 00 A0 40 88 00 00 00 00 88 00 00 00 00 88
00 00 F0 41 88 00 00 A0 40 88 00 00 00 00 88 00
00 00 00 88 00 00 F0 41 88 00 00 A0 40 88 00 00
00 00 88 00 00 00 00 88 00 00 F0 41 88 00 00 A0
[22:13:17.468] [INFO] [s22-backup] READ 64 byte(s):
40 88 00 00 00 00 88 00 00 00 00 88 00 00 F0 41
88 00 00 A0 40 88 00 00 00 00 88 00 00 00 00 88
00 00 F0 41 88 00 00 80 3F 88 00 00 00 00 88 00
00 00 00 88 00 00 00 00 88 00 00 70 41 88 00 00
[22:13:17.470] [INFO] [s22-backup] READ 64 byte(s):
00 3F 88 00 00 48 42 88 00 00 F0 40 88 00 00 00
00 88 00 00 40 40 88 00 00 D0 40 88 00 00 00 00
88 00 00 00 00 88 00 00 C0 40 88 00 00 00 00 88
00 00 70 41 88 00 00 00 3F 88 00 00 48 42 88 00
[22:13:17.475] [INFO] [s22-backup] READ 64 byte(s):
00 F0 40 88 00 00 00 00 88 00 00 70 41 88 00 00
00 3F 88 00 00 48 42 88 00 00 C8 41 88 00 00 F0
40 88 00 00 00 00 88 00 00 40 40 88 00 00 B4 43
88 00 00 F0 42 88 00 00 48 42 88 00 00 A0 40 88
[22:13:17.478] [INFO] [s22-backup] READ 64 byte(s):
00 00 80 3F 88 00 00 00 00 88 00 00 00 00 88 00
00 00 00 88 00 00 10 41 88 00 00 AF 43 88 00 00
A0 41 88 00 00 00 00 88 00 00 48 42 88 00 00 00
00 88 00 00 10 41 88 00 00 AF 43 88 00 00 A0 41
[22:13:17.481] [INFO] [s22-backup] READ 64 byte(s):
88 00 00 00 00 88 00 00 48 42 BA 6D 88 00 00 00
00 88 00 00 00 00 88 00 00 C8 C2 88 00 00 A0 41
88 00 00 70 C2 88 00 00 80 3F 88 00 00 00 00 88
00 00 00 00 88 00 00 00 00 88 00 00 A0 40 88 00
[22:13:17.485] [INFO] [s22-backup] READ 64 byte(s):
00 80 3F 88 00 00 A0 40 88 00 00 96 43 88 00 00
A0 40 88 33 33 33 3F 88 00 80 3B 44 88 00 00 A0
40 88 00 80 ED 44 88 00 00 80 3F 88 00 00 00 00
88 00 00 A0 40 88 00 00 A0 40 88 00 00 C8 42 88
[22:13:17.487] [INFO] [s22-backup] READ 64 byte(s):
00 00 80 3F 88 00 00 00 00 88 00 00 C8 41 88 00
00 A0 40 88 00 00 00 00 88 00 00 C0 3F 88 00 00
00 00 88 00 00 80 3F 88 00 00 C0 3F 88 00 00 00
00 88 00 00 00 00 88 00 00 A0 40 88 00 00 A0 40
[22:13:17.489] [INFO] [s22-backup] READ 64 byte(s):
88 00 00 80 3F 88 00 00 00 00 88 00 00 80 40 88
00 00 A0 40 88 00 00 00 00 88 00 00 00 00 88 00
00 F0 41 88 00 00 A0 40 88 00 00 00 00 88 00 00
00 00 88 00 00 F0 41 88 00 00 A0 40 88 00 00 00
[22:13:17.491] [INFO] [s22-backup] READ 64 byte(s):
00 88 00 00 00 00 88 00 00 F0 41 88 00 00 A0 40
88 00 00 00 00 88 00 00 00 00 88 00 00 F0 41 88
00 00 A0 40 88 00 00 00 00 88 00 00 00 00 88 00
00 F0 41 88 00 00 A0 40 88 00 00 00 00 88 00 00
[22:13:17.493] [INFO] [s22-backup] READ 64 byte(s):
00 00 88 00 00 F0 41 88 00 00 80 3F 88 00 00 00
00 88 00 00 00 00 88 00 00 00 00 88 00 00 70 41
88 00 00 00 3F 88 00 00 48 42 88 00 00 F0 40 88
00 00 00 00 88 00 00 40 40 88 00 00 D0 40 88 00
[22:13:17.495] [INFO] [s22-backup] READ 64 byte(s):
00 00 00 88 00 00 00 00 88 00 00 C0 40 88 00 00
00 00 88 00 00 70 41 88 00 00 00 3F 88 00 00 48
42 88 00 00 F0 40 88 00 00 00 00 88 00 00 70 41
88 00 00 00 3F 88 00 00 48 42 88 00 00 C8 41 88
[22:13:17.497] [INFO] [s22-backup] READ 64 byte(s):
00 00 F0 40 88 00 00 00 00 88 00 00 40 40 88 00
00 B4 43 88 00 00 F0 42 88 00 00 48 42 88 00 00
A0 40 88 00 00 80 3F 88 00 00 00 00 88 00 00 00
00 88 00 00 00 00 88 00 00 10 41 88 00 00 AF 43
[22:13:17.499] [INFO] [s22-backup] READ 64 byte(s):
88 00 00 A0 41 88 00 00 00 00 88 00 00 48 42 88
00 00 00 00 88 00 00 10 41 88 00 00 AF 43 88 00
00 A0 41 88 00 00 00 00 88 00 00 48 42 B9 0D B9
02 BC 21 00 E7 74 BA B4 6C 0B 3B B2 E9 95 BC 65
[22:13:17.500] [INFO] [s22-backup] READ 64 byte(s):
22 01 BD 06 44 B4 BC 03 F2 B4 BC 58 DC EA 3A F5
D1 6A 3B 1F 00 B9 02 BC 0B 32 30 32 36 2D 30 31
2D 30 34 00 0A B9 02 BC 21 44 52 49 56 45 00 B4
BC FA 91 D5 BC 16 9F AD BC 32 FF 1F BC B7 FC 30
[22:13:17.502] [INFO] [s22-backup] READ 64 byte(s):
BA 02 5D AB BC 66 38 52 BD 6E 05 B9 02 BC 21 4E
6F 6E 65 00 9D B0 BC 60 23 EA BC 30 A0 4E BD 84
43 48 BD 32 D7 4E BD F9 5E 22 BD 13 AE BB BC CF
04 B9 02 BC 21 4E 6F 6E 65 00 79 42 BD 80 1F 25
[22:13:17.503] [INFO] [s22-backup] READ 64 byte(s):
BD A5 9A AA B9 1D 55 F4 3B 1A BE 82 BC 97 3A 25
BD 36 19 EC BC FF 04 B9 02 BC 21 4E 6F 6E 65 00
C1 FD BB B4 6F 1E 3C D7 5E 22 BA E8 89 0A BC E7
84 9D BA 01 A4 48 3C 07 7F F4 3C CA 04 B9 02 BC
[22:13:17.505] [INFO] [s22-backup] READ 64 byte(s):
21 4E 6F 6E 65 00 DD DC BB FF 64 55 3C 66 55 82
BB 61 38 B7 BC 7A 4D 90 BC 21 68 73 BB E9 CA 0A
BC A6 04 B9 02 BC 21 00 52 89 BC 28 5D A0 BB B5
2A 7D 5D BC 58 8F 39 BC A5 6F D0 B7 D9 12 AC B9
[22:13:17.506] [INFO] [s22-backup] READ 64 byte(s):
91 48 41 BC AF 82 02 BD 50 00 B9 02 BC 21 00 3E
6C BC 86 03 17 BD F0 DE 13 BD 13 2E 26 BC 9D 9A
C6 BB 75 50 32 BC 49 5E 00 BD 88 42 FC BC CF 00
B9 02 BC 21 00 4E 92 BC E4 9F 1A BB 96 01 5A 3C
[22:13:17.508] [INFO] [s22-backup] READ 64 byte(s):
B1 BC 00 BC 4E E8 CA BC EA ED 21 BD 9A 34 73 BC
77 CE 01 3C 4C 00 B9 02 BC 21 00 E3 81 BC 9D 44
2C 3C CE 21 19 3C F8 B9 01 3C 0E 2A A4 BB F1 EB
AB BB 9C 13 EE 3B 09 5E 88 3C A6 00 B9 02 BC 21
[22:13:17.510] [INFO] [s22-backup] READ 64 byte(s):
00 B9 92 3C 85 D0 67 BB 81 8C 0A BC F3 0F AB 3C
27 23 54 3D E5 33 81 3D 55 C5 05 3D 88 1C 4A 3C
0B 00 B9 02 BC 41 00 BF B1 3D DC C1 7A 3D 77 F9
C6 3C 84 38 C4 3C 6B 81 25 3D 82 71 46 3D ED 63
[22:13:17.512] [INFO] [s22-backup] READ 43 byte(s):
A0 3D 17 38 DA 3D C2 5D BC 3D 65 D0 31 3D 4D 48
14 3C C6 DE 71 BD 01 1C 80 BD 90 E5 01 3F 51 BE
63 B5 7A 25 00 00 72 00 5E 91 7E
[22:13:17.518] [FINDING] S22 backup: full state blob (160 bytes):
B9 01 B9 0E 82 4C 42 4C 47 B9 03 00 04 00 88 00
00 20 40 00 00 01 BA 14 B9 03 00 80 FF 00 B9 03
00 00 80 FF B9 03 80 FF 00 00 B9 03 80 FF 00 00
B9 03 00 00 80 FF B9 03 80 FF 00 00 B9 03 80 BF
80 BF 80 BF B9 03 0F 80 FF 2F B9 03 80 FF 00 00
B9 03 2F 00 80 FF B9 03 11 11 00 B9 03 00 00 80
FF B9 03 05 00 11 B9 03 80 FF 00 00 B9 03 80 FF
00 00 B9 03 11 00 00 B9 03 00 80 FF 00 B9 03 0B
0B 0B B9 03 11 22 00 B9 03 00 19 19 BC 06 00 00
0A 00 03 00 00 00 81 B8 01 01 00 88 00 00 70 43
[22:13:17.525] [INFO] S22 backup: preset 0 "Modern Triple": [0.0000, 0.0000, -100.0000, 20.0000, -60.0000, 1.0000, 0.0000, 0.0000, 0.0000, 5.0000, 1.0000, 5.0000, 300.0000, 5.0000, 0.7000, 750.0000, 5.0000, 1900.0000, 1.0000, 0.0000, 5.4000, 7.0000, 100.0000, 1.0000, 0.0000, 25.0000, 5.0000, 0.0000, 1.5000, 0.0000, 1.0000, 1.5000, 0.0000, 0.0000, 5.0000, 5.0000, 1.0000, 0.0000, 4.0000, 5.0000, 0.0000, 0.0000, 30.0000, 5.0000, 0.0000, 0.0000, 30.0000, 5.0000, 0.0000, 0.0000, 30.0000, 5.0000, 0.0000, 0.0000, 30.0000, 5.0000, 0.0000, 0.0000, 30.0000, 5.0000, 0.0000, 0.0000, 30.0000, 1.0000, 0.0000, 0.0000, 0.0000, 15.0000, 0.5000, 50.0000, 7.5000, 0.0000, 3.0000, 6.5000, 0.0000, 0.0000, 6.0000, 0.0000, 15.0000, 0.5000, 50.0000, 7.5000, 0.0000, 15.0000, 0.5000, 50.0000, 25.0000, 7.5000, 0.0000, 3.0000, 360.0000, 120.0000, 50.0000, 5.0000, 1.0000, 0.0000, 0.0000, 0.0000, 9.0000, 350.0000, 20.0000, 0.0000, 50.0000, 0.0000, 9.0000, 350.0000, 20.0000, 0.0000, 50.0000]
[22:13:17.528] [INFO] S22 backup: preset 1 "Pushed Triple": [0.0000, 0.0000, -100.0000, 20.0000, -60.0000, 1.0000, 0.0000, 0.0000, 0.0000, 5.0000, 1.0000, 5.0000, 300.0000, 5.0000, 0.7000, 750.0000, 5.0000, 1900.0000, 1.0000, 0.0000, 5.0000, 5.9000, 100.0000, 1.0000, 0.0000, 25.0000, 5.0000, 0.0000, 1.5000, 0.0000, 1.0000, 1.5000, 0.0000, 0.0000, 5.0000, 5.0000, 1.0000, 0.0000, 4.0000, 5.0000, 0.0000, 0.0000, 30.0000, 5.0000, 0.0000, 0.0000, 30.0000, 5.0000, 0.0000, 0.0000, 30.0000, 5.0000, 0.0000, 0.0000, 30.0000, 5.0000, 0.0000, 0.0000, 30.0000, 5.0000, 0.0000, 0.0000, 30.0000, 1.0000, 0.0000, 0.0000, 0.0000, 15.0000, 0.5000, 50.0000, 7.5000, 0.0000, 3.0000, 6.5000, 0.0000, 0.0000, 6.0000, 0.0000, 15.0000, 0.5000, 50.0000, 7.5000, 0.0000, 15.0000, 0.5000, 50.0000, 25.0000, 7.5000, 0.0000, 3.0000, 360.0000, 120.0000, 50.0000, 5.0000, 1.0000, 0.0000, 0.0000, 0.0000, 9.0000, 350.0000, 20.0000, 0.0000, 50.0000, 0.0000, 9.0000, 350.0000, 20.0000, 0.0000, 50.0000]
[22:13:17.531] [INFO] S22 backup: preset 2 "Dark & Driven": [0.0000, 0.0000, -100.0000, 20.0000, -60.0000, 1.0000, 0.0000, 0.0000, 0.0000, 5.0000, 1.0000, 3.7000, 300.0000, 5.0000, 0.7000, 750.0000, 10.0000, 1900.0000, 1.0000, 0.0000, 5.0000, 5.3000, 100.0000, 1.0000, 2.0000, 25.0000, 5.0000, 0.0000, 1.5000, 0.0000, 1.0000, 1.5000, 0.0000, 0.0000, 5.0000, 5.8000, 1.0000, 0.0000, 4.0000, 5.0000, 0.0000, 0.0000, 30.0000, 5.0000, 0.0000, 0.0000, 30.0000, 5.0000, 0.0000, 0.0000, 30.0000, 5.0000, 0.0000, 0.0000, 30.0000, 5.0000, 0.0000, 0.0000, 30.0000, 5.0000, 0.0000, 0.0000, 30.0000, 1.0000, 0.0000, 0.0000, 0.0000, 15.0000, 0.5000, 50.0000, 7.5000, 0.0000, 3.0000, 6.5000, 0.0000, 0.0000, 6.0000, 0.0000, 15.0000, 0.5000, 50.0000, 7.5000, 0.0000, 15.0000, 0.5000, 50.0000, 25.0000, 7.5000, 0.0000, 3.0000, 360.0000, 120.0000, 50.0000, 5.0000, 1.0000, 0.0000, 0.0000, 0.0000, 9.0000, 350.0000, 20.0000, 0.0000, 50.0000, 0.0000, 9.0000, 350.0000, 20.0000, 0.0000, 50.0000]
[22:13:17.533] [INFO] S22 backup: preset 3 "Super Shredding": [0.0000, 1.0000, -100.0000, 20.0000, -60.0000, 1.0000, 0.0000, 0.0000, 0.0000, 5.0000, 1.0000, 5.0000, 300.0000, 4.8000, 0.7000, 750.0000, 5.3000, 1900.0000, 1.0000, 0.0000, 5.0000, 10.0000, 100.0000, 1.0000, 0.0000, 25.0000, 5.0000, 0.0000, 1.5000, 0.0000, 1.0000, 1.5000, 0.0000, 0.0000, 5.0000, 5.0000, 1.0000, 0.0000, 4.0000, 5.0000, 0.0000, 0.0000, 30.0000, 5.0000, 0.0000, 0.0000, 30.0000, 5.0000, 0.0000, 0.0000, 30.0000, 5.0000, 0.0000, 0.0000, 30.0000, 5.0000, 0.0000, 0.0000, 30.0000, 5.0000, 0.0000, 0.0000, 30.0000, 1.0000, 0.0000, 0.0000, 0.0000, 15.0000, 0.5000, 50.0000, 7.5000, 0.0000, 3.0000, 6.5000, 0.0000, 0.0000, 6.0000, 0.0000, 15.0000, 0.5000, 50.0000, 7.5000, 0.0000, 15.0000, 0.5000, 50.0000, 25.0000, 7.5000, 0.0000, 3.0000, 360.0000, 120.0000, 50.0000, 5.0000, 1.0000, 0.0000, 0.0000, 0.0000, 9.0000, 350.0000, 20.0000, 0.0000, 50.0000, 0.0000, 9.0000, 350.0000, 20.0000, 0.0000, 50.0000]
[22:13:17.535] [INFO] S22 backup: preset 4 "Toronto's Beast": [0.0000, 0.0000, -100.0000, 20.0000, -60.0000, 1.0000, 0.0000, 0.0000, 0.0000, 5.0000, 1.0000, 6.9000, 300.0000, 5.0000, 0.7000, 750.0000, 5.0000, 1900.0000, 1.0000, 1.0000, 10.0000, 3.9000, 56.0000, 1.0000, 2.0000, 25.0000, 5.0000, 0.0000, 1.5000, 0.0000, 1.0000, 1.5000, 0.0000, 0.0000, 5.0000, 5.0000, 1.0000, 0.0000, 4.0000, 5.0000, 0.0000, 0.0000, 30.0000, 5.0000, 0.0000, 0.0000, 30.0000, 5.0000, 0.0000, 0.0000, 30.0000, 5.0000, 0.0000, 0.0000, 30.0000, 5.0000, 0.0000, 0.0000, 30.0000, 5.0000, 0.0000, 0.0000, 30.0000, 1.0000, 0.0000, 0.0000, 0.0000, 15.0000, 0.5000, 50.0000, 7.5000, 0.0000, 3.0000, 6.5000, 0.0000, 0.0000, 6.0000, 0.0000, 15.0000, 0.5000, 50.0000, 7.5000, 0.0000, 15.0000, 0.5000, 50.0000, 25.0000, 7.5000, 0.0000, 3.0000, 360.0000, 120.0000, 50.0000, 5.0000, 1.0000, 0.0000, 0.0000, 0.0000, 9.0000, 350.0000, 20.0000, 0.0000, 50.0000, 0.0000, 9.0000, 350.0000, 20.0000, 0.0000, 50.0000]
[22:13:17.538] [INFO] S22 backup: preset 5 "Driven Bass Melter": [0.0000, 0.0000, -100.0000, 20.0000, -60.0000, 1.0000, 0.0000, 0.0000, 0.0000, 5.0000, 1.0000, 5.0000, 300.0000, 5.0000, 0.7000, 750.0000, 5.0000, 1900.0000, 1.0000, 0.0000, 5.0000, 5.0000, 100.0000, 1.0000, 0.0000, 25.0000, 5.0000, 0.0000, 1.5000, 0.0000, 1.0000, 1.5000, 0.0000, 0.0000, 5.0000, 5.0000, 1.0000, 0.0000, 4.0000, 5.0000, 0.0000, 0.0000, 30.0000, 5.0000, 0.0000, 0.0000, 30.0000, 5.0000, 0.0000, 0.0000, 30.0000, 5.0000, 0.0000, 0.0000, 30.0000, 5.0000, 0.0000, 0.0000, 30.0000, 5.0000, 0.0000, 0.0000, 30.0000, 1.0000, 0.0000, 0.0000, 0.0000, 15.0000, 0.5000, 50.0000, 7.5000, 0.0000, 3.0000, 6.5000, 0.0000, 0.0000, 6.0000, 0.0000, 15.0000, 0.5000, 50.0000, 7.5000, 0.0000, 15.0000, 0.5000, 50.0000, 25.0000, 7.5000, 0.0000, 3.0000, 360.0000, 120.0000, 50.0000, 5.0000, 1.0000, 0.0000, 0.0000, 0.0000, 9.0000, 350.0000, 20.0000, 0.0000, 50.0000, 0.0000, 9.0000, 350.0000, 20.0000, 0.0000, 50.0000]
[22:13:17.539] [INFO] S22 backup: preset 6 "Lower Bass Melter": [0.0000, 1.0000, -27.0000, 500.0000, -60.0000, 0.0000, 1.0000, -12.5000, 10.0000, 17.0000, 1.0000, 5.0000, 300.0000, 5.0000, 0.7000, 750.0000, 5.0000, 1900.0000, 1.0000, 0.0000, 2.5000, 3.0000, 69.0000, 1.0000, 0.0000, 25.0000, 5.0000, 0.0000, 1.5000, 0.0000, 1.0000, 1.5000, 0.0000, 0.0000, 10.0000, 10.0000, 1.0000, 1.0000, 4.0000, 5.0000, 0.0000, 0.0000, 30.0000, 5.0000, 0.0000, 0.0000, 30.0000, 5.0000, 0.0000, 0.0000, 30.0000, 5.0000, 0.0000, 0.0000, 30.0000, 5.0000, 0.0000, 0.0000, 0.0000, 5.0000, 0.0000, 0.0000, 30.0000, 1.0000, 0.0000, 0.0000, 0.0000, 15.0000, 1.0600, 19.0000, 7.5000, 0.0000, 3.0000, 6.5000, 0.0000, 0.0000, 6.0000, 0.0000, 15.0000, 0.5000, 50.0000, 7.5000, 0.0000, 15.0000, 0.5000, 50.0000, 25.0000, 7.5000, 0.0000, 3.0000, 360.0000, 120.0000, 50.0000, 5.0000, 1.0000, 0.0000, 0.0000, 0.0000, 9.0000, 350.0000, 20.0000, 0.0000, 50.0000, 0.0000, 9.0000, 350.0000, 20.0000, 0.0000, 50.0000]
[22:13:17.542] [INFO] S22 backup: preset 7 "64 Lo Gain Feels": [0.0000, 0.0000, -100.0000, 20.0000, -60.0000, 1.0000, 0.0000, 0.0000, 0.0000, 5.0000, 1.0000, 5.0000, 300.0000, 5.0000, 0.7000, 750.0000, 5.0000, 1900.0000, 1.0000, 0.0000, 5.0000, 5.0000, 100.0000, 1.0000, 0.0000, 25.0000, 5.0000, 0.0000, 1.5000, 0.0000, 1.0000, 1.5000, 0.0000, 0.0000, 5.0000, 5.0000, 1.0000, 0.0000, 4.0000, 5.0000, 0.0000, 0.0000, 30.0000, 5.0000, 0.0000, 0.0000, 30.0000, 5.0000, 0.0000, 0.0000, 30.0000, 5.0000, 0.0000, 0.0000, 30.0000, 5.0000, 0.0000, 0.0000, 30.0000, 5.0000, 0.0000, 0.0000, 30.0000, 1.0000, 0.0000, 0.0000, 0.0000, 15.0000, 0.5000, 50.0000, 7.5000, 0.0000, 3.0000, 6.5000, 0.0000, 0.0000, 6.0000, 0.0000, 15.0000, 0.5000, 50.0000, 7.5000, 0.0000, 15.0000, 0.5000, 50.0000, 25.0000, 7.5000, 0.0000, 3.0000, 360.0000, 120.0000, 50.0000, 5.0000, 1.0000, 0.0000, 0.0000, 0.0000, 9.0000, 350.0000, 20.0000, 0.0000, 50.0000, 0.0000, 9.0000, 350.0000, 20.0000, 0.0000, 50.0000]
[22:13:17.544] [INFO] S22 backup: preset 8 "64 Mid Gain Feels": [0.0000, 1.0000, -58.0000, 500.0000, -100.0000, 1.0000, 1.0000, -10.5000, -9.0000, 12.0000, 1.0000, 0.0000, 300.0000, 6.6000, 0.7000, 750.0000, 7.6000, 1900.0000, 1.0000, 0.0000, 9.3000, 6.7000, 100.0000, 1.0000, 0.0000, 25.0000, 5.0000, 0.0000, 1.5000, 0.0000, 1.0000, 1.5000, 0.0000, 0.0000, 6.0000, 5.9000, 1.0000, 0.0000, 4.0000, 5.0000, 0.0000, 0.0000, 30.0000, 5.0000, 0.0000, 0.0000, 30.0000, 5.0000, 0.0000, 0.0000, 30.0000, 5.0000, 0.0000, 0.0000, 30.0000, 5.0000, 0.0000, 0.0000, 30.0000, 5.0000, 0.0000, 0.0000, 30.0000, 1.0000, 0.0000, 0.0000, 0.0000, 15.0000, 0.5000, 50.0000, 7.5000, 0.0000, 3.0000, 6.5000, 0.0000, 0.0000, 6.0000, 0.0000, 15.0000, 0.5000, 50.0000, 7.5000, 0.0000, 15.0000, 0.5000, 50.0000, 25.0000, 7.5000, 0.0000, 3.0000, 360.0000, 120.0000, 50.0000, 5.0000, 1.0000, 0.0000, 0.0000, 0.0000, 9.0000, 350.0000, 20.0000, 0.0000, 50.0000, 0.0000, 9.0000, 350.0000, 20.0000, 0.0000, 50.0000]
[22:13:17.546] [INFO] S22 backup: preset 9 "66 Lo Gain Feels": [0.0000, 0.0000, -100.0000, 20.0000, -60.0000, 1.0000, 0.0000, 0.0000, 0.0000, 5.0000, 1.0000, 5.0000, 300.0000, 5.0000, 0.7000, 750.0000, 5.0000, 1900.0000, 1.0000, 0.0000, 5.0000, 5.0000, 100.0000, 1.0000, 0.0000, 25.0000, 5.0000, 0.0000, 1.5000, 0.0000, 1.0000, 1.5000, 0.0000, 0.0000, 5.0000, 5.0000, 1.0000, 0.0000, 4.0000, 5.0000, 0.0000, 0.0000, 30.0000, 5.0000, 0.0000, 0.0000, 30.0000, 5.0000, 0.0000, 0.0000, 30.0000, 5.0000, 0.0000, 0.0000, 30.0000, 5.0000, 0.0000, 0.0000, 30.0000, 5.0000, 0.0000, 0.0000, 30.0000, 1.0000, 0.0000, 0.0000, 0.0000, 15.0000, 0.5000, 50.0000, 7.5000, 0.0000, 3.0000, 6.5000, 0.0000, 0.0000, 6.0000, 0.0000, 15.0000, 0.5000, 50.0000, 7.5000, 0.0000, 15.0000, 0.5000, 50.0000, 25.0000, 7.5000, 0.0000, 3.0000, 360.0000, 120.0000, 50.0000, 5.0000, 1.0000, 0.0000, 0.0000, 0.0000, 9.0000, 350.0000, 20.0000, 0.0000, 50.0000, 0.0000, 9.0000, 350.0000, 20.0000, 0.0000, 50.0000]
[22:13:17.548] [INFO] S22 backup: preset 10 "Traditional LoGain": [0.0000, 0.0000, -100.0000, 20.0000, -60.0000, 1.0000, 0.0000, 0.0000, 0.0000, 5.0000, 1.0000, 3.1000, 300.0000, 5.0000, 0.7000, 750.0000, 5.0000, 1900.0000, 1.0000, 0.0000, 5.4000, 8.6000, 100.0000, 1.0000, 0.0000, 25.0000, 5.0000, 0.0000, 1.5000, 0.0000, 1.0000, 1.5000, 0.0000, 0.0000, 5.0000, 5.0000, 1.0000, 0.0000, 4.0000, 5.0000, 0.0000, 0.0000, 30.0000, 5.0000, 0.0000, 0.0000, 30.0000, 5.0000, 0.0000, 0.0000, 30.0000, 5.0000, 0.0000, 0.0000, 30.0000, 5.0000, 0.0000, 0.0000, 30.0000, 5.0000, 0.0000, 0.0000, 30.0000, 1.0000, 0.0000, 0.0000, 0.0000, 15.0000, 0.5000, 50.0000, 7.5000, 0.0000, 3.0000, 6.5000, 0.0000, 0.0000, 6.0000, 0.0000, 15.0000, 0.5000, 50.0000, 7.5000, 0.0000, 15.0000, 0.5000, 50.0000, 25.0000, 7.5000, 0.0000, 3.0000, 360.0000, 120.0000, 50.0000, 5.0000, 1.0000, 0.0000, 0.0000, 0.0000, 9.0000, 350.0000, 20.0000, 0.0000, 50.0000, 0.0000, 9.0000, 350.0000, 20.0000, 0.0000, 50.0000]
[22:13:17.550] [INFO] S22 backup: preset 11 "Crunchy Right Bass": [0.0000, 1.0000, -63.0000, 20.0000, -60.0000, 1.0000, 1.0000, -22.5000, 0.0000, 5.0000, 1.0000, 6.7000, 300.0000, 3.2000, 0.7000, 750.0000, 6.2000, 1900.0000, 1.0000, 0.0000, 9.1000, 8.7000, 100.0000, 1.0000, 0.0000, 25.0000, 5.0000, 0.0000, 1.5000, 0.0000, 1.0000, 1.5000, 0.0000, 0.0000, 5.0000, 5.0000, 1.0000, 1.0000, 4.0000, 5.0000, 0.0000, 0.0000, 30.0000, 5.0000, 0.0000, 0.0000, 30.0000, 5.0000, 0.0000, 0.0000, 30.0000, 5.0000, 0.0000, 0.0000, 30.0000, 5.0000, 0.0000, 0.0000, 0.0000, 5.0000, 0.0000, 0.0000, 30.0000, 1.0000, 0.0000, 0.0000, 0.0000, 15.0000, 0.5000, 50.0000, 7.5000, 0.0000, 3.0000, 6.5000, 0.0000, 0.0000, 6.0000, 0.0000, 15.0000, 0.5000, 50.0000, 7.5000, 0.0000, 15.0000, 0.5000, 50.0000, 25.0000, 7.5000, 0.0000, 3.0000, 360.0000, 120.0000, 50.0000, 5.0000, 1.0000, 0.0000, 0.0000, 0.0000, 9.0000, 350.0000, 20.0000, 0.0000, 50.0000, 0.0000, 9.0000, 350.0000, 20.0000, 0.0000, 50.0000]
[22:13:17.554] [INFO] S22 backup: preset 12 "Instant Pick V2": [1.0000, 1.0000, -46.0000, 260.0000, -90.0000, 1.0000, 1.0000, -23.5000, 0.0000, 26.0000, 1.0000, 5.0000, 300.0000, 5.0000, 0.7000, 750.0000, 5.0000, 1900.0000, 1.0000, 0.0000, 6.8000, 2.8000, 74.0000, 1.0000, 2.0000, 25.0000, 5.0000, 0.0000, 1.5000, 0.0000, 1.0000, 1.5000, 0.0000, 0.0000, 5.0000, 5.0000, 1.0000, 0.0000, 4.0000, 5.0000, 0.0000, 0.0000, 30.0000, 5.0000, 0.0000, 0.0000, 30.0000, 5.0000, 0.0000, 0.0000, 30.0000, 5.0000, 0.0000, 0.0000, 30.0000, 4.0000, 0.0000, 0.0000, 30.0000, 5.0000, 0.0000, 0.0000, 30.0000, 1.0000, 0.0000, 0.0000, 0.0000, 15.0000, 0.5000, 50.0000, 7.5000, 0.0000, 3.0000, 6.5000, 0.0000, 0.0000, 6.0000, 0.0000, 15.0000, 0.5000, 50.0000, 7.5000, 0.0000, 15.0000, 0.5000, 50.0000, 25.0000, 7.5000, 0.0000, 3.0000, 360.0000, 120.0000, 50.0000, 5.0000, 1.0000, 1.0000, 1.0000, 0.0000, 9.0000, 350.0000, 20.0000, 0.0000, 50.0000, 1.0000, 3.0000, 570.0000, 42.0000, 0.0000, 50.0000]
[22:13:17.556] [INFO] S22 backup: preset 13 "BS 800RB": [1.0000, 1.0000, -49.0000, 290.0000, -75.0000, 1.0000, 1.0000, -29.5000, 0.0000, 24.0000, 1.0000, 6.9000, 300.0000, 0.0000, 0.7000, 750.0000, 3.9000, 1900.0000, 1.0000, 0.0000, 4.8000, 1.1000, 100.0000, 1.0000, 0.0000, 36.0000, 5.3000, 0.0000, 1.5000, 0.0000, 1.0000, 2.0000, 0.0000, 0.0000, 5.0000, 5.0000, 1.0000, 0.0000, 5.0000, 5.0000, 0.0000, 0.0000, 30.0000, 5.0000, 0.0000, 0.0000, 30.0000, 5.0000, 0.0000, 0.0000, 30.0000, 5.0000, 0.0000, 0.0000, 30.0000, 5.0000, 20.0000, 0.0000, 0.0000, 2.5000, 110.0000, 10.0000, 92.0000, 1.0000, 0.0000, 0.0000, 0.0000, 15.0000, 0.5000, 50.0000, 7.5000, 0.0000, 3.0000, 6.5000, 0.0000, 0.0000, 6.0000, 0.0000, 15.0000, 0.5000, 50.0000, 7.5000, 0.0000, 15.0000, 0.5000, 50.0000, 25.0000, 7.5000, 0.0000, 3.0000, 360.0000, 120.0000, 50.0000, 5.0000, 1.0000, 0.0000, 0.0000, 0.0000, 9.0000, 350.0000, 20.0000, 0.0000, 50.0000, 0.0000, 9.0000, 350.0000, 20.0000, 0.0000, 50.0000]
[22:13:17.558] [INFO] S22 backup: preset 14 "Medium Class": [0.0000, 1.0000, -50.0000, 500.0000, -100.0000, 0.0000, 1.0000, -12.5000, 1.0000, 21.0000, 1.0000, 5.0000, 300.0000, 5.0000, 0.7000, 750.0000, 5.0000, 1900.0000, 1.0000, 0.0000, 9.3000, 7.4000, 75.0000, 1.0000, 0.0000, 38.0000, 5.0000, 0.0000, 1.5000, 0.0000, 1.0000, 1.5000, 0.0000, 0.0000, 5.0000, 5.0000, 1.0000, 0.0000, 4.0000, 5.0000, 0.0000, 0.0000, 30.0000, 5.0000, 0.0000, 0.0000, 30.0000, 5.0000, 0.0000, 0.0000, 30.0000, 5.0000, 0.0000, 0.0000, 30.0000, 5.0000, 0.0000, 0.0000, 30.0000, 5.0000, 0.0000, 0.0000, 30.0000, 1.0000, 0.0000, 0.0000, 0.0000, 15.0000, 0.5000, 50.0000, 7.5000, 0.0000, 3.0000, 6.5000, 0.0000, 0.0000, 6.0000, 0.0000, 15.0000, 0.5000, 50.0000, 7.5000, 0.0000, 15.0000, 0.5000, 50.0000, 25.0000, 7.5000, 0.0000, 3.0000, 360.0000, 120.0000, 50.0000, 5.0000, 1.0000, 0.0000, 1.0000, 0.0000, 9.0000, 350.0000, 20.0000, 0.0000, 50.0000, 0.0000, 9.0000, 20.0000, 30.0000, 0.0000, 50.0000]
[22:13:17.562] [INFO] S22 backup: preset 15 "Driven Bass 400+, no cab": [0.0000, 0.0000, -100.0000, 20.0000, -60.0000, 1.0000, 0.0000, 0.0000, 0.0000, 5.0000, 1.0000, 5.0000, 300.0000, 5.0000, 0.7000, 750.0000, 5.0000, 1900.0000, 1.0000, 1.0000, 5.0000, 5.0000, 100.0000, 1.0000, 2.0000, 25.0000, 5.0000, 0.0000, 1.5000, 0.0000, 1.0000, 1.5000, 0.0000, 0.0000, 5.0000, 5.0000, 1.0000, 0.0000, 4.0000, 5.0000, 0.0000, 0.0000, 30.0000, 5.0000, 0.0000, 0.0000, 30.0000, 5.0000, 0.0000, 0.0000, 30.0000, 5.0000, 0.0000, 0.0000, 30.0000, 5.0000, 0.0000, 0.0000, 30.0000, 5.0000, 0.0000, 0.0000, 30.0000, 1.0000, 0.0000, 0.0000, 0.0000, 15.0000, 0.5000, 50.0000, 7.5000, 0.0000, 3.0000, 6.5000, 0.0000, 0.0000, 6.0000, 0.0000, 15.0000, 0.5000, 50.0000, 7.5000, 0.0000, 15.0000, 0.5000, 50.0000, 25.0000, 7.5000, 0.0000, 3.0000, 360.0000, 120.0000, 50.0000, 5.0000, 1.0000, 0.0000, 0.0000, 0.0000, 9.0000, 350.0000, 20.0000, 0.0000, 50.0000, 0.0000, 9.0000, 350.0000, 20.0000, 0.0000, 50.0000]
[22:13:17.564] [INFO] S22 backup: preset 16 "Boogie 400 2": [0.0000, 1.0000, -76.0000, 500.0000, -85.0000, 1.0000, 1.0000, -29.5000, 4.0000, 20.0000, 1.0000, 5.0000, 300.0000, 5.8000, 0.7000, 750.0000, 5.0000, 1900.0000, 1.0000, 1.0000, 10.0000, 5.0000, 80.0000, 1.0000, 1.0000, 36.0000, 5.0000, 0.0000, 0.0000, 10.0000, 1.0000, 0.0000, 0.0000, 0.0000, 10.0000, 5.0000, 1.0000, 0.0000, 4.0000, 5.0000, 0.0000, 0.0000, 30.0000, 5.0000, 0.0000, 0.0000, 30.0000, 5.0000, 0.0000, 0.0000, 30.0000, 5.0000, 0.0000, 0.0000, 30.0000, 5.0000, 0.0000, 0.0000, 23.0000, 5.0000, 0.0000, 0.0000, 30.0000, 1.0000, 0.0000, 0.0000, 0.0000, 15.0000, 0.5000, 50.0000, 7.5000, 0.0000, 3.0000, 6.5000, 0.0000, 0.0000, 6.0000, 0.0000, 15.0000, 0.5000, 50.0000, 7.5000, 0.0000, 15.0000, 0.5000, 50.0000, 25.0000, 7.5000, 0.0000, 3.0000, 360.0000, 120.0000, 50.0000, 5.0000, 1.0000, 0.0000, 0.0000, 0.0000, 9.0000, 350.0000, 20.0000, 0.0000, 50.0000, 0.0000, 9.0000, 350.0000, 20.0000, 0.0000, 50.0000]
[22:13:17.567] [INFO] S22 backup: preset 17 "subway clean": [0.0000, 0.0000, -100.0000, 20.0000, -60.0000, 1.0000, 0.0000, 0.0000, 0.0000, 5.0000, 1.0000, 5.0000, 300.0000, 5.0000, 0.7000, 750.0000, 5.0000, 1900.0000, 1.0000, 1.0000, 5.0000, 5.0000, 100.0000, 1.0000, 2.0000, 25.0000, 5.0000, 0.0000, 1.5000, 0.0000, 1.0000, 1.5000, 0.0000, 0.0000, 5.0000, 5.0000, 1.0000, 0.0000, 4.0000, 5.0000, 0.0000, 0.0000, 30.0000, 5.0000, 0.0000, 0.0000, 30.0000, 5.0000, 0.0000, 0.0000, 30.0000, 5.0000, 0.0000, 0.0000, 30.0000, 5.0000, 0.0000, 0.0000, 30.0000, 5.0000, 0.0000, 0.0000, 30.0000, 1.0000, 0.0000, 0.0000, 0.0000, 15.0000, 0.5000, 50.0000, 7.5000, 0.0000, 3.0000, 6.5000, 0.0000, 0.0000, 6.0000, 0.0000, 15.0000, 0.5000, 50.0000, 7.5000, 0.0000, 15.0000, 0.5000, 50.0000, 25.0000, 7.5000, 0.0000, 3.0000, 360.0000, 120.0000, 50.0000, 5.0000, 1.0000, 0.0000, 0.0000, 0.0000, 9.0000, 350.0000, 20.0000, 0.0000, 50.0000, 0.0000, 9.0000, 350.0000, 20.0000, 0.0000, 50.0000]
[22:13:17.570] [INFO] S22 backup: preset 18 "HUGE MUFF": [0.0000, 1.0000, -66.0000, 20.0000, -40.0000, 1.0000, 1.0000, -4.0000, -3.0000, 5.0000, 1.0000, 5.0000, 300.0000, 5.0000, 0.7000, 750.0000, 5.0000, 2000.0000, 1.0000, 1.0000, 5.2000, 5.0000, 100.0000, 1.0000, 2.0000, 25.0000, 5.0000, 0.0000, 1.5000, 0.0000, 1.0000, 1.5000, 0.0000, 0.0000, 5.0000, 5.0000, 1.0000, 1.0000, 4.0000, 5.0000, 0.0000, 0.0000, 0.0000, 5.0000, 0.0000, 0.0000, 0.0000, 5.0000, 0.0000, 0.0000, 0.0000, 5.0000, 0.0000, 0.0000, 0.0000, 5.0000, 0.0000, 0.0000, 0.0000, 5.0000, 0.0000, 0.0000, 0.0000, 1.0000, 0.0000, 0.0000, 0.0000, 15.0000, 0.5000, 50.0000, 7.5000, 0.0000, 3.0000, 6.5000, 0.0000, 0.0000, 6.0000, 0.0000, 15.0000, 0.5000, 50.0000, 7.5000, 0.0000, 15.0000, 0.5000, 50.0000, 25.0000, 7.5000, 0.0000, 3.0000, 360.0000, 120.0000, 50.0000, 5.0000, 1.0000, 0.0000, 0.0000, 0.0000, 9.0000, 350.0000, 20.0000, 0.0000, 50.0000, 0.0000, 9.0000, 350.0000, 20.0000, 0.0000, 50.0000]
[22:13:17.571] [INFO] S22 backup: preset 19 "All Around Drive": [0.0000, 1.0000, -100.0000, 20.0000, -60.0000, 1.0000, 1.0000, -19.0000, 1.0000, 5.0000, 1.0000, 5.0000, 300.0000, 5.0000, 0.7000, 750.0000, 5.0000, 1900.0000, 1.0000, 0.0000, 6.7000, 5.0000, 100.0000, 1.0000, 0.0000, 25.0000, 5.0000, 0.0000, 1.5000, 0.0000, 1.0000, 1.5000, 0.0000, 0.0000, 5.0000, 5.0000, 1.0000, 1.0000, 4.0000, 5.0000, 0.0000, 0.0000, 30.0000, 5.0000, 0.0000, 0.0000, 30.0000, 5.0000, 0.0000, 0.0000, 30.0000, 5.0000, 0.0000, 0.0000, 30.0000, 5.0000, 0.0000, 0.0000, 0.0000, 5.0000, 0.0000, 0.0000, 30.0000, 1.0000, 0.0000, 0.0000, 0.0000, 15.0000, 0.5000, 50.0000, 7.5000, 0.0000, 3.0000, 6.5000, 0.0000, 0.0000, 6.0000, 0.0000, 15.0000, 0.5000, 50.0000, 7.5000, 0.0000, 15.0000, 0.5000, 50.0000, 25.0000, 7.5000, 0.0000, 3.0000, 360.0000, 120.0000, 50.0000, 5.0000, 1.0000, 0.0000, 0.0000, 0.0000, 9.0000, 350.0000, 20.0000, 0.0000, 50.0000, 0.0000, 9.0000, 350.0000, 20.0000, 0.0000, 50.0000]
[22:13:17.573] [FINDING] S22 backup COMPLETE: state blob + 20/20 presets captured, before any write this session. Save this log now (Save & share log) before running either write drill.
[22:13:17.956] [INFO] S22 backup persisted to disk: Documents/tonex-logs/tonex-probe-2026-08-19_220308.log.txt
[22:13:25.057] [WARN] === S22 safety drill: preset-change byte-diff drill starting (issue #27 §2/§3 — THIS WILL CHANGE THE PEDAL'S ACTIVE PRESET) ===
[22:13:25.063] [INFO] [s22-preset-diff] WRITE 17 byte(s):
7E B9 03 00 82 04 00 80 0B 01 B9 02 02 0B 17 8C
7E
[22:13:25.063] [INFO] [connection-health:s22-preset-diff] connectionState -> Hello
[22:13:25.068] [INFO] [s22-preset-diff] READ 52 byte(s):
7E B9 03 02 2B 0B B9 07 00 80 C7 B9 03 02 01 00
B9 03 01 03 0F BC 14 6B 8D C2 72 D6 FA 9B 73 06
A3 3D D9 08 13 CD 0E FD 09 78 36 82 1B 45 0F 00
00 F0 F3 7E
[22:13:25.072] [INFO] [connection-health:s22-preset-diff] connectionState -> GetState
[22:13:25.073] [INFO] [s22-preset-diff] WRITE 19 byte(s):
7E B9 03 00 82 06 00 80 0B 03 B9 02 81 06 03 0B
44 66 7E
[22:13:25.078] [INFO] [s22-preset-diff] READ 64 byte(s):
7E B9 03 81 06 03 80 A0 0B B9 01 B9 0E 82 4C 42
4C 47 B9 03 00 04 00 88 00 00 20 40 00 00 01 BA
14 B9 03 00 80 FF 00 B9 03 00 00 80 FF B9 03 80
FF 00 00 B9 03 80 FF 00 00 B9 03 00 00 80 FF B9
[22:13:25.083] [INFO] [s22-preset-diff] READ 64 byte(s):
03 80 FF 00 00 B9 03 80 BF 80 BF 80 BF B9 03 0F
80 FF 2F B9 03 80 FF 00 00 B9 03 2F 00 80 FF B9
03 11 11 00 B9 03 00 00 80 FF B9 03 05 00 11 B9
03 80 FF 00 00 B9 03 80 FF 00 00 B9 03 11 00 00
[22:13:25.085] [INFO] [s22-preset-diff] READ 44 byte(s):
B9 03 00 80 FF 00 B9 03 0B 0B 0B B9 03 11 22 00
B9 03 00 19 19 BC 06 00 00 0A 00 03 00 00 00 81
B8 01 01 00 88 00 00 70 43 AC 11 7E
[22:13:25.088] [INFO] [connection-health:s22-preset-diff] connectionState -> Ready
[22:13:25.088] [INFO] [s22-preset-diff] WRITE 21 byte(s):
7E B9 03 81 00 03 82 06 00 80 0B 03 B9 04 0B 01
00 00 C8 27 7E
[22:13:25.094] [INFO] [s22-preset-diff] READ 64 byte(s):
7E B9 03 81 04 03 81 9D 08 0B B9 03 01 00 B9 04
B9 02 BC 21 4D 6F 64 65 72 6E 20 54 72 69 70 6C
65 00 00 00 00 00 00 00 00 00 00 00 00 00 00 00
00 00 00 00 00 0D BA 02 88 00 00 00 00 88 00 00
[22:13:25.099] [INFO] [s22-preset-diff] READ 64 byte(s):
F0 42 BA 03 BA 6D 88 00 00 00 00 88 00 00 00 00
88 00 00 C8 C2 88 00 00 A0 41 88 00 00 70 C2 88
00 00 80 3F 88 00 00 00 00 88 00 00 00 00 88 00
00 00 00 88 00 00 A0 40 88 00 00 80 3F 88 00 00
[22:13:25.104] [INFO] [s22-preset-diff] READ 64 byte(s):
A0 40 88 00 00 96 43 88 00 00 A0 40 88 33 33 33
3F 88 00 80 3B 44 88 00 00 A0 40 88 00 80 ED 44
88 00 00 80 3F 88 00 00 00 00 88 CD CC AC 40 88
00 00 E0 40 88 00 00 C8 42 88 00 00 80 3F 88 00
[22:13:25.107] [INFO] [s22-preset-diff] READ 64 byte(s):
00 00 00 88 00 00 C8 41 88 00 00 A0 40 88 00 00
00 00 88 00 00 C0 3F 88 00 00 00 00 88 00 00 80
3F 88 00 00 C0 3F 88 00 00 00 00 88 00 00 00 00
88 00 00 A0 40 88 00 00 A0 40 88 00 00 80 3F 88
[22:13:25.112] [INFO] [s22-preset-diff] READ 64 byte(s):
00 00 00 00 88 00 00 80 40 88 00 00 A0 40 88 00
00 00 00 88 00 00 00 00 88 00 00 F0 41 88 00 00
A0 40 88 00 00 00 00 88 00 00 00 00 88 00 00 F0
41 88 00 00 A0 40 88 00 00 00 00 88 00 00 00 00
[22:13:25.116] [INFO] [s22-preset-diff] READ 64 byte(s):
88 00 00 F0 41 88 00 00 A0 40 88 00 00 00 00 88
00 00 00 00 88 00 00 F0 41 88 00 00 A0 40 88 00
00 00 00 88 00 00 00 00 88 00 00 F0 41 88 00 00
A0 40 88 00 00 00 00 88 00 00 00 00 88 00 00 F0
[22:13:25.118] [INFO] [s22-preset-diff] READ 64 byte(s):
41 88 00 00 80 3F 88 00 00 00 00 88 00 00 00 00
88 00 00 00 00 88 00 00 70 41 88 00 00 00 3F 88
00 00 48 42 88 00 00 F0 40 88 00 00 00 00 88 00
00 40 40 88 00 00 D0 40 88 00 00 00 00 88 00 00
[22:13:25.120] [INFO] [s22-preset-diff] READ 64 byte(s):
00 00 88 00 00 C0 40 88 00 00 00 00 88 00 00 70
41 88 00 00 00 3F 88 00 00 48 42 88 00 00 F0 40
88 00 00 00 00 88 00 00 70 41 88 00 00 00 3F 88
00 00 48 42 88 00 00 C8 41 88 00 00 F0 40 88 00
[22:13:25.121] [INFO] [s22-preset-diff] READ 64 byte(s):
00 00 00 88 00 00 40 40 88 00 00 B4 43 88 00 00
F0 42 88 00 00 48 42 88 00 00 A0 40 88 00 00 80
3F 88 00 00 00 00 88 00 00 00 00 88 00 00 00 00
88 00 00 10 41 88 00 00 AF 43 88 00 00 A0 41 88
[22:13:25.124] [INFO] [s22-preset-diff] READ 64 byte(s):
00 00 00 00 88 00 00 48 42 88 00 00 00 00 88 00
00 10 41 88 00 00 AF 43 88 00 00 A0 41 88 00 00
00 00 88 00 00 48 42 BA 6D 88 00 00 00 00 88 00
00 00 00 88 00 00 C8 C2 88 00 00 A0 41 88 00 00
[22:13:25.126] [INFO] [s22-preset-diff] READ 64 byte(s):
70 C2 88 00 00 80 3F 88 00 00 00 00 88 00 00 00
00 88 00 00 00 00 88 00 00 A0 40 88 00 00 80 3F
88 00 00 A0 40 88 00 00 96 43 88 00 00 A0 40 88
33 33 33 3F 88 00 80 3B 44 88 00 00 A0 40 88 00
[22:13:25.128] [INFO] [s22-preset-diff] READ 64 byte(s):
80 ED 44 88 00 00 80 3F 88 00 00 00 00 88 00 00
A0 40 88 00 00 A0 40 88 00 00 C8 42 88 00 00 80
3F 88 00 00 00 00 88 00 00 C8 41 88 00 00 A0 40
88 00 00 00 00 88 00 00 C0 3F 88 00 00 00 00 88
[22:13:25.132] [INFO] [s22-preset-diff] READ 64 byte(s):
00 00 80 3F 88 00 00 C0 3F 88 00 00 00 00 88 00
00 00 00 88 00 00 A0 40 88 00 00 A0 40 88 00 00
80 3F 88 00 00 00 00 88 00 00 80 40 88 00 00 A0
40 88 00 00 00 00 88 00 00 00 00 88 00 00 F0 41
[22:13:25.134] [INFO] [s22-preset-diff] READ 64 byte(s):
88 00 00 A0 40 88 00 00 00 00 88 00 00 00 00 88
00 00 F0 41 88 00 00 A0 40 88 00 00 00 00 88 00
00 00 00 88 00 00 F0 41 88 00 00 A0 40 88 00 00
00 00 88 00 00 00 00 88 00 00 F0 41 88 00 00 A0
[22:13:25.137] [INFO] [s22-preset-diff] READ 64 byte(s):
40 88 00 00 00 00 88 00 00 00 00 88 00 00 F0 41
88 00 00 A0 40 88 00 00 00 00 88 00 00 00 00 88
00 00 F0 41 88 00 00 80 3F 88 00 00 00 00 88 00
00 00 00 88 00 00 00 00 88 00 00 70 41 88 00 00
[22:13:25.138] [INFO] [s22-preset-diff] READ 64 byte(s):
00 3F 88 00 00 48 42 88 00 00 F0 40 88 00 00 00
00 88 00 00 40 40 88 00 00 D0 40 88 00 00 00 00
88 00 00 00 00 88 00 00 C0 40 88 00 00 00 00 88
00 00 70 41 88 00 00 00 3F 88 00 00 48 42 88 00
[22:13:25.141] [INFO] [s22-preset-diff] READ 64 byte(s):
00 F0 40 88 00 00 00 00 88 00 00 70 41 88 00 00
00 3F 88 00 00 48 42 88 00 00 C8 41 88 00 00 F0
40 88 00 00 00 00 88 00 00 40 40 88 00 00 B4 43
88 00 00 F0 42 88 00 00 48 42 88 00 00 A0 40 88
[22:13:25.142] [INFO] [s22-preset-diff] READ 64 byte(s):
00 00 80 3F 88 00 00 00 00 88 00 00 00 00 88 00
00 00 00 88 00 00 10 41 88 00 00 AF 43 88 00 00
A0 41 88 00 00 00 00 88 00 00 48 42 88 00 00 00
00 88 00 00 10 41 88 00 00 AF 43 88 00 00 A0 41
[22:13:25.145] [INFO] [s22-preset-diff] READ 64 byte(s):
88 00 00 00 00 88 00 00 48 42 BA 6D 88 00 00 00
00 88 00 00 00 00 88 00 00 C8 C2 88 00 00 A0 41
88 00 00 70 C2 88 00 00 80 3F 88 00 00 00 00 88
00 00 00 00 88 00 00 00 00 88 00 00 A0 40 88 00
[22:13:25.150] [INFO] [s22-preset-diff] READ 64 byte(s):
00 80 3F 88 00 00 A0 40 88 00 00 96 43 88 00 00
A0 40 88 33 33 33 3F 88 00 80 3B 44 88 00 00 A0
40 88 00 80 ED 44 88 00 00 80 3F 88 00 00 00 00
88 00 00 A0 40 88 00 00 A0 40 88 00 00 C8 42 88
[22:13:25.153] [INFO] [s22-preset-diff] READ 64 byte(s):
00 00 80 3F 88 00 00 00 00 88 00 00 C8 41 88 00
00 A0 40 88 00 00 00 00 88 00 00 C0 3F 88 00 00
00 00 88 00 00 80 3F 88 00 00 C0 3F 88 00 00 00
00 88 00 00 00 00 88 00 00 A0 40 88 00 00 A0 40
[22:13:25.156] [INFO] [s22-preset-diff] READ 64 byte(s):
88 00 00 80 3F 88 00 00 00 00 88 00 00 80 40 88
00 00 A0 40 88 00 00 00 00 88 00 00 00 00 88 00
00 F0 41 88 00 00 A0 40 88 00 00 00 00 88 00 00
00 00 88 00 00 F0 41 88 00 00 A0 40 88 00 00 00
[22:13:25.159] [INFO] [s22-preset-diff] READ 64 byte(s):
00 88 00 00 00 00 88 00 00 F0 41 88 00 00 A0 40
88 00 00 00 00 88 00 00 00 00 88 00 00 F0 41 88
00 00 A0 40 88 00 00 00 00 88 00 00 00 00 88 00
00 F0 41 88 00 00 A0 40 88 00 00 00 00 88 00 00
[22:13:25.161] [INFO] [s22-preset-diff] READ 64 byte(s):
00 00 88 00 00 F0 41 88 00 00 80 3F 88 00 00 00
00 88 00 00 00 00 88 00 00 00 00 88 00 00 70 41
88 00 00 00 3F 88 00 00 48 42 88 00 00 F0 40 88
00 00 00 00 88 00 00 40 40 88 00 00 D0 40 88 00
[22:13:25.162] [INFO] [s22-preset-diff] READ 64 byte(s):
00 00 00 88 00 00 00 00 88 00 00 C0 40 88 00 00
00 00 88 00 00 70 41 88 00 00 00 3F 88 00 00 48
42 88 00 00 F0 40 88 00 00 00 00 88 00 00 70 41
88 00 00 00 3F 88 00 00 48 42 88 00 00 C8 41 88
[22:13:25.163] [INFO] [s22-preset-diff] READ 64 byte(s):
00 00 F0 40 88 00 00 00 00 88 00 00 40 40 88 00
00 B4 43 88 00 00 F0 42 88 00 00 48 42 88 00 00
A0 40 88 00 00 80 3F 88 00 00 00 00 88 00 00 00
00 88 00 00 00 00 88 00 00 10 41 88 00 00 AF 43
[22:13:25.165] [INFO] [s22-preset-diff] READ 64 byte(s):
88 00 00 A0 41 88 00 00 00 00 88 00 00 48 42 88
00 00 00 00 88 00 00 10 41 88 00 00 AF 43 88 00
00 A0 41 88 00 00 00 00 88 00 00 48 42 B9 0D B9
02 BC 21 00 6B 01 BC DE C0 C7 BA 72 C3 F8 BA B6
[22:13:25.166] [INFO] [s22-preset-diff] READ 64 byte(s):
3B D5 BB F8 23 DF BB E4 BE 15 BC 1B 94 32 BC B2
3B 1C BC 83 00 B9 02 BC 0B 32 30 32 36 2D 30 32
2D 31 34 00 0A B9 02 BC 21 48 49 2D 47 41 49 4E
00 8A 8B 74 BB 19 F5 72 3B 33 6A A2 BB 70 BA 7D
[22:13:25.168] [INFO] [s22-preset-diff] READ 64 byte(s):
5E BC 7F 46 4F BC 1A 89 24 BC 3F 07 B9 02 BC 21
4E 6F 6E 65 00 25 77 3B 3B 80 28 3C D6 D7 6F BA
68 80 CA BB A4 E0 C3 B9 95 0D 92 3B 39 B4 95 BB
DA 04 B9 02 BC 21 4E 6F 6E 65 00 8E 3B BA E0 F1
[22:13:25.169] [INFO] [s22-preset-diff] READ 64 byte(s):
00 BB 16 33 24 BA FD 13 07 BB E5 23 28 BC 94 CD
18 BC AE D2 76 BB 07 04 B9 02 BC 21 4E 6F 6E 65
00 AB 34 BB 6E 56 B8 BA B4 66 AF B9 BB D3 2A 3C
8D EB 01 3C CC 1B 16 BB 72 9C 2D BB FC 04 B9 02
[22:13:25.171] [INFO] [s22-preset-diff] READ 64 byte(s):
BC 21 4E 6F 6E 65 00 4C 62 BB CC 71 79 BC F5 13
00 BC F8 41 15 3C C8 A3 23 3C 62 37 FC 3B 4D 46
C1 3B 24 04 B9 02 BC 21 00 29 45 BC 3C 2B 32 BC
90 40 67 B9 CA EB F2 3B 48 4C 80 3A D3 16 3E 3C
[22:13:25.174] [INFO] [s22-preset-diff] READ 64 byte(s):
75 CC 53 3C CB 67 10 BC 8E 00 B9 02 BC 21 00 C9
B8 BB A4 03 37 3C CF 5F CA 3C 90 EC 8C 3C 78 96
59 3C E8 47 4B 3B B9 CA 30 BB D2 B5 11 BC 60 00
B9 02 BC 21 00 5D 04 3C D6 60 33 3C EB 46 2C 3C
[22:13:25.176] [INFO] [s22-preset-diff] READ 64 byte(s):
3F BF 1F 3C 38 37 23 B9 7C 60 16 3C 92 C6 60 3B
82 C0 CD 3B 7D 5E 00 B9 02 BC 21 00 18 0F 3C DC
40 3F 3C 3B 93 59 3C 43 BC D3 3B FC F6 C9 3B A1
78 25 BC 4B 6D CB 3B 63 D5 08 3C 0E 00 B9 02 BC
[22:13:25.178] [INFO] [s22-preset-diff] READ 64 byte(s):
21 00 57 91 BC ED 04 58 BC CC AA 6E BB 91 67 1C
BC B5 53 17 BC D2 12 9F 3C 93 4D C0 3B EA 28 5D
BB 94 00 B9 02 BC 41 00 77 0D 3D 41 4E 1D 3D AE
E8 3F BC E0 AA 19 3D 28 89 CB 3C B1 9F 71 BB F7
[22:13:25.179] [INFO] [s22-preset-diff] READ 44 byte(s):
66 2C BD 80 30 0D BC 96 1B A0 BC 97 66 D3 BC 8E
A2 74 3B 15 61 88 BC 0B F2 99 BC AB 90 17 BC 5E
DF 9A 8B 12 99 00 00 72 00 67 0E 7E
[22:13:25.183] [INFO] [s22-preset-diff] WRITE 21 byte(s):
7E B9 03 81 00 03 82 06 00 80 0B 03 B9 04 0B 01
01 00 10 3E 7E
[22:13:25.186] [INFO] [s22-preset-diff] READ 64 byte(s):
7E B9 03 81 04 03 81 9D 08 0B B9 03 01 01 B9 04
B9 02 BC 21 50 75 73 68 65 64 20 54 72 69 70 6C
65 00 00 00 00 00 00 00 00 00 00 00 00 00 00 00
00 00 00 00 00 0D BA 02 88 00 00 00 00 88 00 00
[22:13:25.188] [INFO] [s22-preset-diff] READ 64 byte(s):
F0 42 BA 03 BA 6D 88 00 00 00 00 88 00 00 00 00
88 00 00 C8 C2 88 00 00 A0 41 88 00 00 70 C2 88
00 00 80 3F 88 00 00 00 00 88 00 00 00 00 88 00
00 00 00 88 00 00 A0 40 88 00 00 80 3F 88 00 00
[22:13:25.190] [INFO] [s22-preset-diff] READ 64 byte(s):
A0 40 88 00 00 96 43 88 00 00 A0 40 88 33 33 33
3F 88 00 80 3B 44 88 00 00 A0 40 88 00 80 ED 44
88 00 00 80 3F 88 00 00 00 00 88 00 00 A0 40 88
CD CC BC 40 88 00 00 C8 42 88 00 00 80 3F 88 00
[22:13:25.192] [INFO] [s22-preset-diff] READ 64 byte(s):
00 00 00 88 00 00 C8 41 88 00 00 A0 40 88 00 00
00 00 88 00 00 C0 3F 88 00 00 00 00 88 00 00 80
3F 88 00 00 C0 3F 88 00 00 00 00 88 00 00 00 00
88 00 00 A0 40 88 00 00 A0 40 88 00 00 80 3F 88
[22:13:25.194] [INFO] [s22-preset-diff] READ 64 byte(s):
00 00 00 00 88 00 00 80 40 88 00 00 A0 40 88 00
00 00 00 88 00 00 00 00 88 00 00 F0 41 88 00 00
A0 40 88 00 00 00 00 88 00 00 00 00 88 00 00 F0
41 88 00 00 A0 40 88 00 00 00 00 88 00 00 00 00
[22:13:25.196] [INFO] [s22-preset-diff] READ 64 byte(s):
88 00 00 F0 41 88 00 00 A0 40 88 00 00 00 00 88
00 00 00 00 88 00 00 F0 41 88 00 00 A0 40 88 00
00 00 00 88 00 00 00 00 88 00 00 F0 41 88 00 00
A0 40 88 00 00 00 00 88 00 00 00 00 88 00 00 F0
[22:13:25.197] [INFO] [s22-preset-diff] READ 64 byte(s):
41 88 00 00 80 3F 88 00 00 00 00 88 00 00 00 00
88 00 00 00 00 88 00 00 70 41 88 00 00 00 3F 88
00 00 48 42 88 00 00 F0 40 88 00 00 00 00 88 00
00 40 40 88 00 00 D0 40 88 00 00 00 00 88 00 00
[22:13:25.199] [INFO] [s22-preset-diff] READ 64 byte(s):
00 00 88 00 00 C0 40 88 00 00 00 00 88 00 00 70
41 88 00 00 00 3F 88 00 00 48 42 88 00 00 F0 40
88 00 00 00 00 88 00 00 70 41 88 00 00 00 3F 88
00 00 48 42 88 00 00 C8 41 88 00 00 F0 40 88 00
[22:13:25.200] [INFO] [s22-preset-diff] READ 64 byte(s):
00 00 00 88 00 00 40 40 88 00 00 B4 43 88 00 00
F0 42 88 00 00 48 42 88 00 00 A0 40 88 00 00 80
3F 88 00 00 00 00 88 00 00 00 00 88 00 00 00 00
88 00 00 10 41 88 00 00 AF 43 88 00 00 A0 41 88
[22:13:25.202] [INFO] [s22-preset-diff] READ 64 byte(s):
00 00 00 00 88 00 00 48 42 88 00 00 00 00 88 00
00 10 41 88 00 00 AF 43 88 00 00 A0 41 88 00 00
00 00 88 00 00 48 42 BA 6D 88 00 00 00 00 88 00
00 00 00 88 00 00 C8 C2 88 00 00 A0 41 88 00 00
[22:13:25.205] [INFO] [s22-preset-diff] READ 64 byte(s):
70 C2 88 00 00 80 3F 88 00 00 00 00 88 00 00 00
00 88 00 00 00 00 88 00 00 A0 40 88 00 00 80 3F
88 00 00 A0 40 88 00 00 96 43 88 00 00 A0 40 88
33 33 33 3F 88 00 80 3B 44 88 00 00 A0 40 88 00
[22:13:25.208] [INFO] [s22-preset-diff] READ 64 byte(s):
80 ED 44 88 00 00 80 3F 88 00 00 00 00 88 00 00
A0 40 88 00 00 A0 40 88 00 00 C8 42 88 00 00 80
3F 88 00 00 00 00 88 00 00 C8 41 88 00 00 A0 40
88 00 00 00 00 88 00 00 C0 3F 88 00 00 00 00 88
[22:13:25.211] [INFO] [s22-preset-diff] READ 64 byte(s):
00 00 80 3F 88 00 00 C0 3F 88 00 00 00 00 88 00
00 00 00 88 00 00 A0 40 88 00 00 A0 40 88 00 00
80 3F 88 00 00 00 00 88 00 00 80 40 88 00 00 A0
40 88 00 00 00 00 88 00 00 00 00 88 00 00 F0 41
[22:13:25.213] [INFO] [s22-preset-diff] READ 64 byte(s):
88 00 00 A0 40 88 00 00 00 00 88 00 00 00 00 88
00 00 F0 41 88 00 00 A0 40 88 00 00 00 00 88 00
00 00 00 88 00 00 F0 41 88 00 00 A0 40 88 00 00
00 00 88 00 00 00 00 88 00 00 F0 41 88 00 00 A0
[22:13:25.216] [INFO] [s22-preset-diff] READ 64 byte(s):
40 88 00 00 00 00 88 00 00 00 00 88 00 00 F0 41
88 00 00 A0 40 88 00 00 00 00 88 00 00 00 00 88
00 00 F0 41 88 00 00 80 3F 88 00 00 00 00 88 00
00 00 00 88 00 00 00 00 88 00 00 70 41 88 00 00
[22:13:25.218] [INFO] [s22-preset-diff] READ 64 byte(s):
00 3F 88 00 00 48 42 88 00 00 F0 40 88 00 00 00
00 88 00 00 40 40 88 00 00 D0 40 88 00 00 00 00
88 00 00 00 00 88 00 00 C0 40 88 00 00 00 00 88
00 00 70 41 88 00 00 00 3F 88 00 00 48 42 88 00
[22:13:25.222] [INFO] [s22-preset-diff] READ 64 byte(s):
00 F0 40 88 00 00 00 00 88 00 00 70 41 88 00 00
00 3F 88 00 00 48 42 88 00 00 C8 41 88 00 00 F0
40 88 00 00 00 00 88 00 00 40 40 88 00 00 B4 43
88 00 00 F0 42 88 00 00 48 42 88 00 00 A0 40 88
[22:13:25.226] [INFO] [s22-preset-diff] READ 64 byte(s):
00 00 80 3F 88 00 00 00 00 88 00 00 00 00 88 00
00 00 00 88 00 00 10 41 88 00 00 AF 43 88 00 00
A0 41 88 00 00 00 00 88 00 00 48 42 88 00 00 00
00 88 00 00 10 41 88 00 00 AF 43 88 00 00 A0 41
[22:13:25.227] [INFO] [s22-preset-diff] READ 64 byte(s):
88 00 00 00 00 88 00 00 48 42 BA 6D 88 00 00 00
00 88 00 00 00 00 88 00 00 C8 C2 88 00 00 A0 41
88 00 00 70 C2 88 00 00 80 3F 88 00 00 00 00 88
00 00 00 00 88 00 00 00 00 88 00 00 A0 40 88 00
[22:13:25.229] [INFO] [s22-preset-diff] READ 64 byte(s):
00 80 3F 88 00 00 A0 40 88 00 00 96 43 88 00 00
A0 40 88 33 33 33 3F 88 00 80 3B 44 88 00 00 A0
40 88 00 80 ED 44 88 00 00 80 3F 88 00 00 00 00
88 00 00 A0 40 88 00 00 A0 40 88 00 00 C8 42 88
[22:13:25.231] [INFO] [s22-preset-diff] READ 64 byte(s):
00 00 80 3F 88 00 00 00 00 88 00 00 C8 41 88 00
00 A0 40 88 00 00 00 00 88 00 00 C0 3F 88 00 00
00 00 88 00 00 80 3F 88 00 00 C0 3F 88 00 00 00
00 88 00 00 00 00 88 00 00 A0 40 88 00 00 A0 40
[22:13:25.233] [INFO] [s22-preset-diff] READ 64 byte(s):
88 00 00 80 3F 88 00 00 00 00 88 00 00 80 40 88
00 00 A0 40 88 00 00 00 00 88 00 00 00 00 88 00
00 F0 41 88 00 00 A0 40 88 00 00 00 00 88 00 00
00 00 88 00 00 F0 41 88 00 00 A0 40 88 00 00 00
[22:13:25.235] [INFO] [s22-preset-diff] READ 64 byte(s):
00 88 00 00 00 00 88 00 00 F0 41 88 00 00 A0 40
88 00 00 00 00 88 00 00 00 00 88 00 00 F0 41 88
00 00 A0 40 88 00 00 00 00 88 00 00 00 00 88 00
00 F0 41 88 00 00 A0 40 88 00 00 00 00 88 00 00
[22:13:25.238] [INFO] [s22-preset-diff] READ 64 byte(s):
00 00 88 00 00 F0 41 88 00 00 80 3F 88 00 00 00
00 88 00 00 00 00 88 00 00 00 00 88 00 00 70 41
88 00 00 00 3F 88 00 00 48 42 88 00 00 F0 40 88
00 00 00 00 88 00 00 40 40 88 00 00 D0 40 88 00
[22:13:25.240] [INFO] [s22-preset-diff] READ 64 byte(s):
00 00 00 88 00 00 00 00 88 00 00 C0 40 88 00 00
00 00 88 00 00 70 41 88 00 00 00 3F 88 00 00 48
42 88 00 00 F0 40 88 00 00 00 00 88 00 00 70 41
88 00 00 00 3F 88 00 00 48 42 88 00 00 C8 41 88
[22:13:25.242] [INFO] [s22-preset-diff] READ 64 byte(s):
00 00 F0 40 88 00 00 00 00 88 00 00 40 40 88 00
00 B4 43 88 00 00 F0 42 88 00 00 48 42 88 00 00
A0 40 88 00 00 80 3F 88 00 00 00 00 88 00 00 00
00 88 00 00 00 00 88 00 00 10 41 88 00 00 AF 43
[22:13:25.244] [INFO] [s22-preset-diff] READ 64 byte(s):
88 00 00 A0 41 88 00 00 00 00 88 00 00 48 42 88
00 00 00 00 88 00 00 10 41 88 00 00 AF 43 88 00
00 A0 41 88 00 00 00 00 88 00 00 48 42 B9 0D B9
02 BC 21 00 44 3B BC 36 C0 77 BA 13 01 09 BB 6B
[22:13:25.246] [INFO] [s22-preset-diff] READ 64 byte(s):
36 38 3C FD A6 65 3C C5 85 15 BB 13 A6 86 BB 94
8D CD BA 90 00 B9 02 BC 0B 32 30 32 36 2D 30 32
2D 31 34 00 0A B9 02 BC 21 44 52 49 56 45 00 2F
3B B4 32 E4 39 67 F4 A3 3A 6E 21 1B 3C 98 30 2F
[22:13:25.248] [INFO] [s22-preset-diff] READ 64 byte(s):
3B 7F A4 8C 39 A4 BA BD BB FD 05 B9 02 BC 21 4E
6F 6E 65 00 1A CF BA DC F9 F4 BB 60 87 D5 39 99
BE D5 3B A7 B3 EB 3B 1A 4B D1 3B 59 54 2C 3B A1
04 B9 02 BC 21 4E 6F 6E 65 00 BD 56 BA 30 08 1B
[22:13:25.251] [INFO] [s22-preset-diff] READ 64 byte(s):
B9 E6 EC 2C BB 08 61 E4 BB F1 4B AC BB 2F 2E E0
3B 55 7D 5D 95 3C 37 04 B9 02 BC 21 4E 6F 6E 65
00 74 46 BA F5 96 96 3B BF F8 11 3C 81 E6 81 3C
E6 78 84 3C 78 B0 9C 39 36 A7 4B BC 15 04 B9 02
[22:13:25.253] [INFO] [s22-preset-diff] READ 64 byte(s):
BC 21 4E 6F 6E 65 00 E5 BA 3B 34 4F EF B9 64 BE
02 BC 06 AA 1B BB 5E E1 94 3B E8 FD 44 3B 6F 90
02 3C F2 04 B9 02 BC 21 00 85 AB 3A C2 56 E4 B9
B8 21 0A 38 44 3B 47 B9 95 99 9D BA FD 5E 90 3B
[22:13:25.255] [INFO] [s22-preset-diff] READ 64 byte(s):
F3 3B 3E 3C E0 4D 01 3C D4 00 B9 02 BC 21 00 B0
A7 3B CD C2 7D 5D 3C A8 A2 D6 3B EE 51 62 3B 20
3C B7 3B 6D D6 24 3C 32 C1 0E 3C 09 69 33 BA 90
00 B9 02 BC 21 00 A4 11 3A 70 A0 9B B9 17 FF F3
[22:13:25.257] [INFO] [s22-preset-diff] READ 64 byte(s):
3B AC 1E A4 3B CB 03 AF 3B 7F 5C 8E 3C 20 7C 8B
3C 23 85 0B 3C 3C 00 B9 02 BC 21 00 12 D0 3B 15
7B 83 BB 56 D5 15 BC DE 03 D1 BB 0C 95 17 3A F1
4E 13 3B 18 09 55 3B 74 D8 32 3A 64 00 B9 02 BC
[22:13:25.267] [INFO] [s22-preset-diff] READ 64 byte(s):
21 00 E5 D8 3B 62 B5 97 BB 1F 6D DE BB FC CE 76
BC CE 47 88 BC FB EC 0C BC CD C0 34 BC 18 16 71
BC 49 00 B9 02 BC 41 00 03 E0 BC EE 6A E4 BC 9D
35 CC BC 54 F5 D5 BC 81 EC 88 BC CA 51 8E BC 4B
[22:13:25.270] [INFO] [s22-preset-diff] READ 44 byte(s):
26 93 BC AE BD 77 BC 12 C7 54 BC EE 4B 0C BB 6C
39 31 3C 5C A6 76 BC AE AA BE BC A3 90 F2 BC 5E
DF 9A 8B 12 99 00 00 72 00 DA 96 7E
[22:13:25.274] [INFO] [s22-preset-diff] WRITE 21 byte(s):
7E B9 03 81 00 03 82 06 00 80 0B 03 B9 04 0B 01
02 00 78 14 7E
[22:13:25.283] [INFO] [s22-preset-diff] READ 64 byte(s):
7E B9 03 81 04 03 81 9D 08 0B B9 03 01 02 B9 04
B9 02 BC 21 44 61 72 6B 20 26 20 44 72 69 76 65
6E 00 00 00 00 00 00 00 00 00 00 00 00 00 00 00
00 00 00 00 00 0D BA 02 88 00 00 00 00 88 00 00
[22:13:25.286] [INFO] [s22-preset-diff] READ 64 byte(s):
F0 42 BA 03 BA 6D 88 00 00 00 00 88 00 00 00 00
88 00 00 C8 C2 88 00 00 A0 41 88 00 00 70 C2 88
00 00 80 3F 88 00 00 00 00 88 00 00 00 00 88 00
00 00 00 88 00 00 A0 40 88 00 00 80 3F 88 CD CC
[22:13:25.289] [INFO] [s22-preset-diff] READ 64 byte(s):
6C 40 88 00 00 96 43 88 00 00 A0 40 88 33 33 33
3F 88 00 80 3B 44 88 00 00 20 41 88 00 80 ED 44
88 00 00 80 3F 88 00 00 00 00 88 00 00 A0 40 88
9A 99 A9 40 88 00 00 C8 42 88 00 00 80 3F 88 00
[22:13:25.291] [INFO] [s22-preset-diff] READ 64 byte(s):
00 00 40 88 00 00 C8 41 88 00 00 A0 40 88 00 00
00 00 88 00 00 C0 3F 88 00 00 00 00 88 00 00 80
3F 88 00 00 C0 3F 88 00 00 00 00 88 00 00 00 00
88 00 00 A0 40 88 9A 99 B9 40 88 00 00 80 3F 88
[22:13:25.293] [INFO] [s22-preset-diff] READ 64 byte(s):
00 00 00 00 88 00 00 80 40 88 00 00 A0 40 88 00
00 00 00 88 00 00 00 00 88 00 00 F0 41 88 00 00
A0 40 88 00 00 00 00 88 00 00 00 00 88 00 00 F0
41 88 00 00 A0 40 88 00 00 00 00 88 00 00 00 00
[22:13:25.295] [INFO] [s22-preset-diff] READ 64 byte(s):
88 00 00 F0 41 88 00 00 A0 40 88 00 00 00 00 88
00 00 00 00 88 00 00 F0 41 88 00 00 A0 40 88 00
00 00 00 88 00 00 00 00 88 00 00 F0 41 88 00 00
A0 40 88 00 00 00 00 88 00 00 00 00 88 00 00 F0
[22:13:25.297] [INFO] [s22-preset-diff] READ 64 byte(s):
41 88 00 00 80 3F 88 00 00 00 00 88 00 00 00 00
88 00 00 00 00 88 00 00 70 41 88 FF FF FF 3E 88
00 00 48 42 88 00 00 F0 40 88 00 00 00 00 88 00
00 40 40 88 00 00 D0 40 88 00 00 00 00 88 00 00
[22:13:25.302] [INFO] [s22-preset-diff] READ 64 byte(s):
00 00 88 00 00 C0 40 88 00 00 00 00 88 00 00 70
41 88 FF FF FF 3E 88 00 00 48 42 88 00 00 F0 40
88 00 00 00 00 88 00 00 70 41 88 FF FF FF 3E 88
00 00 48 42 88 00 00 C8 41 88 00 00 F0 40 88 00
[22:13:25.305] [INFO] [s22-preset-diff] READ 64 byte(s):
00 00 00 88 00 00 40 40 88 00 00 B4 43 88 00 00
F0 42 88 00 00 48 42 88 00 00 A0 40 88 00 00 80
3F 88 00 00 00 00 88 00 00 00 00 88 00 00 00 00
88 00 00 10 41 88 00 00 AF 43 88 00 00 A0 41 88
[22:13:25.307] [INFO] [s22-preset-diff] READ 64 byte(s):
00 00 00 00 88 00 00 48 42 88 00 00 00 00 88 00
00 10 41 88 00 00 AF 43 88 00 00 A0 41 88 00 00
00 00 88 00 00 48 42 BA 6D 88 00 00 00 00 88 00
00 00 00 88 00 00 C8 C2 88 00 00 A0 41 88 00 00
[22:13:25.310] [INFO] [s22-preset-diff] READ 64 byte(s):
70 C2 88 00 00 80 3F 88 00 00 00 00 88 00 00 00
00 88 00 00 00 00 88 00 00 A0 40 88 00 00 80 3F
88 00 00 A0 40 88 00 00 96 43 88 00 00 A0 40 88
33 33 33 3F 88 00 80 3B 44 88 00 00 A0 40 88 00
[22:13:25.312] [INFO] [s22-preset-diff] READ 64 byte(s):
80 ED 44 88 00 00 80 3F 88 00 00 00 00 88 00 00
A0 40 88 00 00 A0 40 88 00 00 C8 42 88 00 00 80
3F 88 00 00 00 00 88 00 00 C8 41 88 00 00 A0 40
88 00 00 00 00 88 00 00 C0 3F 88 00 00 00 00 88
[22:13:25.315] [INFO] [s22-preset-diff] READ 64 byte(s):
00 00 80 3F 88 00 00 C0 3F 88 00 00 00 00 88 00
00 00 00 88 00 00 A0 40 88 00 00 A0 40 88 00 00
80 3F 88 00 00 00 00 88 00 00 80 40 88 00 00 A0
40 88 00 00 00 00 88 00 00 00 00 88 00 00 F0 41
[22:13:25.318] [INFO] [s22-preset-diff] READ 64 byte(s):
88 00 00 A0 40 88 00 00 00 00 88 00 00 00 00 88
00 00 F0 41 88 00 00 A0 40 88 00 00 00 00 88 00
00 00 00 88 00 00 F0 41 88 00 00 A0 40 88 00 00
00 00 88 00 00 00 00 88 00 00 F0 41 88 00 00 A0
[22:13:25.320] [INFO] [s22-preset-diff] READ 64 byte(s):
40 88 00 00 00 00 88 00 00 00 00 88 00 00 F0 41
88 00 00 A0 40 88 00 00 00 00 88 00 00 00 00 88
00 00 F0 41 88 00 00 80 3F 88 00 00 00 00 88 00
00 00 00 88 00 00 00 00 88 00 00 70 41 88 00 00
[22:13:25.323] [INFO] [s22-preset-diff] READ 64 byte(s):
00 3F 88 00 00 48 42 88 00 00 F0 40 88 00 00 00
00 88 00 00 40 40 88 00 00 D0 40 88 00 00 00 00
88 00 00 00 00 88 00 00 C0 40 88 00 00 00 00 88
00 00 70 41 88 00 00 00 3F 88 00 00 48 42 88 00
[22:13:25.325] [INFO] [s22-preset-diff] READ 64 byte(s):
00 F0 40 88 00 00 00 00 88 00 00 70 41 88 00 00
00 3F 88 00 00 48 42 88 00 00 C8 41 88 00 00 F0
40 88 00 00 00 00 88 00 00 40 40 88 00 00 B4 43
88 00 00 F0 42 88 00 00 48 42 88 00 00 A0 40 88
[22:13:25.329] [INFO] [s22-preset-diff] READ 64 byte(s):
00 00 80 3F 88 00 00 00 00 88 00 00 00 00 88 00
00 00 00 88 00 00 10 41 88 00 00 AF 43 88 00 00
A0 41 88 00 00 00 00 88 00 00 48 42 88 00 00 00
00 88 00 00 10 41 88 00 00 AF 43 88 00 00 A0 41
[22:13:25.331] [INFO] [s22-preset-diff] READ 64 byte(s):
88 00 00 00 00 88 00 00 48 42 BA 6D 88 00 00 00
00 88 00 00 00 00 88 00 00 C8 C2 88 00 00 A0 41
88 00 00 70 C2 88 00 00 80 3F 88 00 00 00 00 88
00 00 00 00 88 00 00 00 00 88 00 00 A0 40 88 00
[22:13:25.333] [INFO] [s22-preset-diff] READ 64 byte(s):
00 80 3F 88 00 00 A0 40 88 00 00 96 43 88 00 00
A0 40 88 33 33 33 3F 88 00 80 3B 44 88 00 00 A0
40 88 00 80 ED 44 88 00 00 80 3F 88 00 00 00 00
88 00 00 A0 40 88 00 00 A0 40 88 00 00 C8 42 88
[22:13:25.335] [INFO] [s22-preset-diff] READ 64 byte(s):
00 00 80 3F 88 00 00 00 00 88 00 00 C8 41 88 00
00 A0 40 88 00 00 00 00 88 00 00 C0 3F 88 00 00
00 00 88 00 00 80 3F 88 00 00 C0 3F 88 00 00 00
00 88 00 00 00 00 88 00 00 A0 40 88 00 00 A0 40
[22:13:25.338] [INFO] [s22-preset-diff] READ 64 byte(s):
88 00 00 80 3F 88 00 00 00 00 88 00 00 80 40 88
00 00 A0 40 88 00 00 00 00 88 00 00 00 00 88 00
00 F0 41 88 00 00 A0 40 88 00 00 00 00 88 00 00
00 00 88 00 00 F0 41 88 00 00 A0 40 88 00 00 00
[22:13:25.340] [INFO] [s22-preset-diff] READ 64 byte(s):
00 88 00 00 00 00 88 00 00 F0 41 88 00 00 A0 40
88 00 00 00 00 88 00 00 00 00 88 00 00 F0 41 88
00 00 A0 40 88 00 00 00 00 88 00 00 00 00 88 00
00 F0 41 88 00 00 A0 40 88 00 00 00 00 88 00 00
[22:13:25.342] [INFO] [s22-preset-diff] READ 64 byte(s):
00 00 88 00 00 F0 41 88 00 00 80 3F 88 00 00 00
00 88 00 00 00 00 88 00 00 00 00 88 00 00 70 41
88 00 00 00 3F 88 00 00 48 42 88 00 00 F0 40 88
00 00 00 00 88 00 00 40 40 88 00 00 D0 40 88 00
[22:13:25.344] [INFO] [s22-preset-diff] READ 64 byte(s):
00 00 00 88 00 00 00 00 88 00 00 C0 40 88 00 00
00 00 88 00 00 70 41 88 00 00 00 3F 88 00 00 48
42 88 00 00 F0 40 88 00 00 00 00 88 00 00 70 41
88 00 00 00 3F 88 00 00 48 42 88 00 00 C8 41 88
[22:13:25.346] [INFO] [s22-preset-diff] READ 64 byte(s):
00 00 F0 40 88 00 00 00 00 88 00 00 40 40 88 00
00 B4 43 88 00 00 F0 42 88 00 00 48 42 88 00 00
A0 40 88 00 00 80 3F 88 00 00 00 00 88 00 00 00
00 88 00 00 00 00 88 00 00 10 41 88 00 00 AF 43
[22:13:25.348] [INFO] [s22-preset-diff] READ 64 byte(s):
88 00 00 A0 41 88 00 00 00 00 88 00 00 48 42 88
00 00 00 00 88 00 00 10 41 88 00 00 AF 43 88 00
00 A0 41 88 00 00 00 00 88 00 00 48 42 B9 0D B9
02 BC 21 00 0A F7 3A 94 5B 21 3C 55 FA C5 3B 10
[22:13:25.350] [INFO] [s22-preset-diff] READ 64 byte(s):
41 E0 3B 10 F3 77 BB EC 3E 25 BC 47 DA 2E BC C0
FD BA BB FE 00 B9 02 BC 0B 32 30 32 35 2D 31 31
2D 32 38 00 0A B9 02 BC 21 48 49 2D 47 41 49 4E
00 1B 01 8D 3C 07 57 60 3C A7 CE 54 3C 52 9A 1C
[22:13:25.354] [INFO] [s22-preset-diff] READ 64 byte(s):
3C 64 EA 9D 3A 90 00 46 BA DD 07 B9 02 BC 21 4E
6F 6E 65 00 0C E5 3B 87 4A D2 3C 4B 89 E1 3C EA
24 C3 3C AE 42 18 3C 01 21 11 BB 5D 09 9A BB BE
04 B9 02 BC 21 4E 6F 6E 65 00 79 36 BC DE EE 25
[22:13:25.357] [INFO] [s22-preset-diff] READ 64 byte(s):
BB BE 35 6A BB 8D 61 97 BA 17 2A B6 BB 71 3C 79
BC 94 00 63 BC 33 04 B9 02 BC 21 4E 6F 6E 65 00
CA 88 BC D0 24 73 BC 4C 91 BD BC 4C AF A0 BC 5B
51 9B BC 79 13 5E BC 44 41 5E BC C6 04 B9 02 BC
[22:13:25.361] [INFO] [s22-preset-diff] READ 64 byte(s):
21 4E 6F 6E 65 00 4B 94 BC AC BE 6B BC 2A 61 CE
BC 8D 29 E7 BC 5B D6 16 BD A5 DB 11 BD F9 7B E8
BC A2 04 B9 02 BC 21 00 40 08 BD 45 F5 3B BD F7
C9 30 BD C9 39 3E BD DC 6E 0B BD 87 DC AA BC F5
[22:13:25.364] [INFO] [s22-preset-diff] READ 64 byte(s):
36 93 BC 25 19 BB BC 08 00 B9 02 BC 21 00 5A 13
BD 5D E7 D3 BC 5D 96 62 BC 75 8E 84 BC 87 A4 E7
BC 1B 06 1B BD 93 D2 2B BD 95 7C 2B BD CE 00 B9
02 BC 21 00 5A DF BC 3C FC F0 BC 3B D6 DD BC 14
[22:13:25.367] [INFO] [s22-preset-diff] READ 64 byte(s):
52 D4 BC 77 02 0B BD 2B E2 0E BD CC 1B 21 BD 22
92 11 BD 84 00 B9 02 BC 21 00 CA 00 BD CF D1 B0
BC E7 A0 BF BC D3 C9 F2 BC 08 11 52 BD D0 5B 72
BD 0F 22 77 BD 32 CE 52 BD 31 00 B9 02 BC 21 00
[22:13:25.371] [INFO] [s22-preset-diff] READ 64 byte(s):
C8 BD BC AC 70 D5 BC C8 23 15 BD 61 A7 0C BD 9B
BA 17 BD BF 92 14 BD 8C BD 29 BD CD 4F 44 BD 16
00 B9 02 BC 41 00 3D C3 BC B1 A7 CC BC F1 DE A4
BB BB 46 36 3B 28 15 6E 3C AB 6E 06 3B 5E B6 96
[22:13:25.374] [INFO] [s22-preset-diff] READ 43 byte(s):
3B DC 2A CF BB 48 63 81 3B 9A 46 60 BB 3E EA 0B
3B 08 D6 CA BB 99 72 7D 5E 3B E9 80 F9 BB F5 A3
AB BB 80 65 00 00 72 00 69 A9 7E
[22:13:25.378] [INFO] [s22-preset-diff] WRITE 21 byte(s):
7E B9 03 81 00 03 82 06 00 80 0B 03 B9 04 0B 01
03 00 A0 0D 7E
[22:13:25.383] [INFO] [s22-preset-diff] READ 64 byte(s):
7E B9 03 81 04 03 81 9D 08 0B B9 03 01 03 B9 04
B9 02 BC 21 53 75 70 65 72 20 53 68 72 65 64 64
69 6E 67 00 00 00 00 00 00 00 00 00 00 00 00 00
00 00 00 00 00 0F BA 02 88 00 00 00 00 88 00 00
[22:13:25.387] [INFO] [s22-preset-diff] READ 64 byte(s):
F0 42 BA 03 BA 6D 88 00 00 00 00 88 00 00 80 3F
88 00 00 C8 C2 88 00 00 A0 41 88 00 00 70 C2 88
00 00 80 3F 88 00 00 00 00 88 00 00 00 00 88 00
00 00 00 88 00 00 A0 40 88 00 00 80 3F 88 00 00
[22:13:25.391] [INFO] [s22-preset-diff] READ 64 byte(s):
A0 40 88 00 00 96 43 88 9A 99 99 40 88 33 33 33
3F 88 00 80 3B 44 88 9A 99 A9 40 88 00 80 ED 44
88 00 00 80 3F 88 00 00 00 00 88 00 00 A0 40 88
00 00 20 41 88 00 00 C8 42 88 00 00 80 3F 88 00
[22:13:25.393] [INFO] [s22-preset-diff] READ 64 byte(s):
00 00 00 88 00 00 C8 41 88 00 00 A0 40 88 00 00
00 00 88 00 00 C0 3F 88 00 00 00 00 88 00 00 80
3F 88 00 00 C0 3F 88 00 00 00 00 88 00 00 00 00
88 00 00 A0 40 88 00 00 A0 40 88 00 00 80 3F 88
[22:13:25.396] [INFO] [s22-preset-diff] READ 64 byte(s):
00 00 00 00 88 00 00 80 40 88 00 00 A0 40 88 00
00 00 00 88 00 00 00 00 88 00 00 F0 41 88 00 00
A0 40 88 00 00 00 00 88 00 00 00 00 88 00 00 F0
41 88 00 00 A0 40 88 00 00 00 00 88 00 00 00 00
[22:13:25.398] [INFO] [s22-preset-diff] READ 64 byte(s):
88 00 00 F0 41 88 00 00 A0 40 88 00 00 00 00 88
00 00 00 00 88 00 00 F0 41 88 00 00 A0 40 88 00
00 00 00 88 00 00 00 00 88 00 00 F0 41 88 00 00
A0 40 88 00 00 00 00 88 00 00 00 00 88 00 00 F0
[22:13:25.400] [INFO] [s22-preset-diff] READ 64 byte(s):
41 88 00 00 80 3F 88 00 00 00 00 88 00 00 00 00
88 00 00 00 00 88 00 00 70 41 88 00 00 00 3F 88
00 00 48 42 88 00 00 F0 40 88 00 00 00 00 88 00
00 40 40 88 00 00 D0 40 88 00 00 00 00 88 00 00
[22:13:25.402] [INFO] [s22-preset-diff] READ 64 byte(s):
00 00 88 00 00 C0 40 88 00 00 00 00 88 00 00 70
41 88 00 00 00 3F 88 00 00 48 42 88 00 00 F0 40
88 00 00 00 00 88 00 00 70 41 88 00 00 00 3F 88
00 00 48 42 88 00 00 C8 41 88 00 00 F0 40 88 00
[22:13:25.403] [INFO] [s22-preset-diff] READ 64 byte(s):
00 00 00 88 00 00 40 40 88 00 00 B4 43 88 00 00
F0 42 88 00 00 48 42 88 00 00 A0 40 88 00 00 80
3F 88 00 00 00 00 88 00 00 00 00 88 00 00 00 00
88 00 00 10 41 88 00 00 AF 43 88 00 00 A0 41 88
[22:13:25.405] [INFO] [s22-preset-diff] READ 64 byte(s):
00 00 00 00 88 00 00 48 42 88 00 00 00 00 88 00
00 10 41 88 00 00 AF 43 88 00 00 A0 41 88 00 00
00 00 88 00 00 48 42 BA 6D 88 00 00 00 00 88 00
00 00 00 88 00 00 C8 C2 88 00 00 A0 41 88 00 00
[22:13:25.407] [INFO] [s22-preset-diff] READ 64 byte(s):
70 C2 88 00 00 80 3F 88 00 00 00 00 88 00 00 00
00 88 00 00 00 00 88 00 00 A0 40 88 00 00 80 3F
88 00 00 A0 40 88 00 00 96 43 88 00 00 A0 40 88
33 33 33 3F 88 00 80 3B 44 88 00 00 A0 40 88 00
[22:13:25.408] [INFO] [s22-preset-diff] READ 64 byte(s):
80 ED 44 88 00 00 80 3F 88 00 00 00 00 88 00 00
A0 40 88 00 00 A0 40 88 00 00 C8 42 88 00 00 80
3F 88 00 00 00 00 88 00 00 C8 41 88 00 00 A0 40
88 00 00 00 00 88 00 00 C0 3F 88 00 00 00 00 88
[22:13:25.411] [INFO] [s22-preset-diff] READ 64 byte(s):
00 00 80 3F 88 00 00 C0 3F 88 00 00 00 00 88 00
00 00 00 88 00 00 A0 40 88 00 00 A0 40 88 00 00
80 3F 88 00 00 00 00 88 00 00 80 40 88 00 00 A0
40 88 00 00 00 00 88 00 00 00 00 88 00 00 F0 41
[22:13:25.414] [INFO] [s22-preset-diff] READ 64 byte(s):
88 00 00 A0 40 88 00 00 00 00 88 00 00 00 00 88
00 00 F0 41 88 00 00 A0 40 88 00 00 00 00 88 00
00 00 00 88 00 00 F0 41 88 00 00 A0 40 88 00 00
00 00 88 00 00 00 00 88 00 00 F0 41 88 00 00 A0
[22:13:25.416] [INFO] [s22-preset-diff] READ 64 byte(s):
40 88 00 00 00 00 88 00 00 00 00 88 00 00 F0 41
88 00 00 A0 40 88 00 00 00 00 88 00 00 00 00 88
00 00 F0 41 88 00 00 80 3F 88 00 00 00 00 88 00
00 00 00 88 00 00 00 00 88 00 00 70 41 88 00 00
[22:13:25.419] [INFO] [s22-preset-diff] READ 64 byte(s):
00 3F 88 00 00 48 42 88 00 00 F0 40 88 00 00 00
00 88 00 00 40 40 88 00 00 D0 40 88 00 00 00 00
88 00 00 00 00 88 00 00 C0 40 88 00 00 00 00 88
00 00 70 41 88 00 00 00 3F 88 00 00 48 42 88 00
[22:13:25.422] [INFO] [s22-preset-diff] READ 64 byte(s):
00 F0 40 88 00 00 00 00 88 00 00 70 41 88 00 00
00 3F 88 00 00 48 42 88 00 00 C8 41 88 00 00 F0
40 88 00 00 00 00 88 00 00 40 40 88 00 00 B4 43
88 00 00 F0 42 88 00 00 48 42 88 00 00 A0 40 88
[22:13:25.425] [INFO] [s22-preset-diff] READ 64 byte(s):
00 00 80 3F 88 00 00 00 00 88 00 00 00 00 88 00
00 00 00 88 00 00 10 41 88 00 00 AF 43 88 00 00
A0 41 88 00 00 00 00 88 00 00 48 42 88 00 00 00
00 88 00 00 10 41 88 00 00 AF 43 88 00 00 A0 41
[22:13:25.429] [INFO] [s22-preset-diff] READ 64 byte(s):
88 00 00 00 00 88 00 00 48 42 BA 6D 88 00 00 00
00 88 00 00 00 00 88 00 00 C8 C2 88 00 00 A0 41
88 00 00 70 C2 88 00 00 80 3F 88 00 00 00 00 88
00 00 00 00 88 00 00 00 00 88 00 00 A0 40 88 00
[22:13:25.434] [INFO] [s22-preset-diff] READ 64 byte(s):
00 80 3F 88 00 00 A0 40 88 00 00 96 43 88 00 00
A0 40 88 33 33 33 3F 88 00 80 3B 44 88 00 00 A0
40 88 00 80 ED 44 88 00 00 80 3F 88 00 00 00 00
88 00 00 A0 40 88 00 00 A0 40 88 00 00 C8 42 88
[22:13:25.437] [INFO] [s22-preset-diff] READ 64 byte(s):
00 00 80 3F 88 00 00 00 00 88 00 00 C8 41 88 00
00 A0 40 88 00 00 00 00 88 00 00 C0 3F 88 00 00
00 00 88 00 00 80 3F 88 00 00 C0 3F 88 00 00 00
00 88 00 00 00 00 88 00 00 A0 40 88 00 00 A0 40
[22:13:25.440] [INFO] [s22-preset-diff] READ 64 byte(s):
88 00 00 80 3F 88 00 00 00 00 88 00 00 80 40 88
00 00 A0 40 88 00 00 00 00 88 00 00 00 00 88 00
00 F0 41 88 00 00 A0 40 88 00 00 00 00 88 00 00
00 00 88 00 00 F0 41 88 00 00 A0 40 88 00 00 00
[22:13:25.443] [INFO] [s22-preset-diff] READ 64 byte(s):
00 88 00 00 00 00 88 00 00 F0 41 88 00 00 A0 40
88 00 00 00 00 88 00 00 00 00 88 00 00 F0 41 88
00 00 A0 40 88 00 00 00 00 88 00 00 00 00 88 00
00 F0 41 88 00 00 A0 40 88 00 00 00 00 88 00 00
[22:13:25.446] [INFO] [s22-preset-diff] READ 64 byte(s):
00 00 88 00 00 F0 41 88 00 00 80 3F 88 00 00 00
00 88 00 00 00 00 88 00 00 00 00 88 00 00 70 41
88 00 00 00 3F 88 00 00 48 42 88 00 00 F0 40 88
00 00 00 00 88 00 00 40 40 88 00 00 D0 40 88 00
[22:13:25.450] [INFO] [s22-preset-diff] READ 64 byte(s):
00 00 00 88 00 00 00 00 88 00 00 C0 40 88 00 00
00 00 88 00 00 70 41 88 00 00 00 3F 88 00 00 48
42 88 00 00 F0 40 88 00 00 00 00 88 00 00 70 41
88 00 00 00 3F 88 00 00 48 42 88 00 00 C8 41 88
[22:13:25.453] [INFO] [s22-preset-diff] READ 64 byte(s):
00 00 F0 40 88 00 00 00 00 88 00 00 40 40 88 00
00 B4 43 88 00 00 F0 42 88 00 00 48 42 88 00 00
A0 40 88 00 00 80 3F 88 00 00 00 00 88 00 00 00
00 88 00 00 00 00 88 00 00 10 41 88 00 00 AF 43
[22:13:25.456] [INFO] [s22-preset-diff] READ 64 byte(s):
88 00 00 A0 41 88 00 00 00 00 88 00 00 48 42 88
00 00 00 00 88 00 00 10 41 88 00 00 AF 43 88 00
00 A0 41 88 00 00 00 00 88 00 00 48 42 B9 0D B9
02 BC 21 00 60 8E BB 70 B9 D8 B9 BB 1C 6C BB 3D
[22:13:25.460] [INFO] [s22-preset-diff] READ 64 byte(s):
CA E7 BB 47 B5 0F BC CE 27 DA BA 78 48 DF 3B 96
8F 84 3C 6D 00 B9 02 BC 0B 32 30 32 36 2D 30 32
2D 31 34 00 0A B9 02 BC 21 48 49 2D 47 41 49 4E
00 FA B2 F9 3B 25 C8 FA 3B AA C3 6D 3C 0A 03 76
[22:13:25.462] [INFO] [s22-preset-diff] READ 64 byte(s):
3C AE 58 91 3B 95 32 1A BB DA 07 B9 02 BC 21 4E
6F 6E 65 00 E6 05 3C 03 79 73 BA 49 11 ED 3A FF
64 75 3C DE 69 18 3C 5E AF 62 B9 B0 03 B5 3A 80
04 B9 02 BC 21 4E 6F 6E 65 00 94 9D 3B EC A1 21
[22:13:25.467] [INFO] [s22-preset-diff] READ 64 byte(s):
3C 1F 96 00 3C 4F 22 2A 3C CA 0D 16 3C 36 1F 1A
3C 3E 10 64 3B BA 04 B9 02 BC 21 4E 6F 6E 65 00
87 4A 3C E2 03 EE 3B C0 15 14 3C E5 26 EC 3B 1A
FF 5B BB 9E 16 FB 3B 8E 85 01 3C 65 04 B9 02 BC
[22:13:25.470] [INFO] [s22-preset-diff] READ 64 byte(s):
21 4E 6F 6E 65 00 16 BB 3B 70 DC F4 BA D7 9B B9
BB A6 87 4B BC 95 19 48 BB 95 74 61 3C 5F 28 8A
3C 82 04 B9 02 BC 21 00 49 B9 3A A4 56 8A BB 33
B5 8E 3B 08 6B 86 3B 84 87 BB 3B 8F 11 3E 3B 58
[22:13:25.475] [INFO] [s22-preset-diff] READ 64 byte(s):
DD EE BB 25 BA D9 BB ED 00 B9 02 BC 21 00 DB D5
BB 0D 00 5E 3B 2A 0A A8 3A 22 78 AC BB E8 76 81
3A E6 36 3D 3C A4 C3 60 BC 4A 21 87 BB 88 00 B9
02 BC 21 00 18 C5 BB 00 EF F5 B7 73 9A A8 3C 7F
[22:13:25.479] [INFO] [s22-preset-diff] READ 64 byte(s):
AB B4 3B 5B C2 AC 3B D8 78 EE 3B 9A BF 90 3C 86
F0 68 3C 1C 00 B9 02 BC 21 00 B1 63 3C 41 B3 D2
BB 74 E0 CB 3A 24 CE 78 3A DE 57 23 3C EC BA 0E
BC 11 AF 65 BA C6 9D 04 BC 12 00 B9 02 BC 21 00
[22:13:25.487] [INFO] [s22-preset-diff] READ 64 byte(s):
07 02 3C AA 1A AE 3B B4 11 56 3A 32 22 FC 3B 26
32 18 3C D5 B3 36 3C 34 3D 2C BC C6 92 0D BD 49
00 B9 02 BC 41 00 E7 43 BB 24 3E 14 BC 32 16 2F
BB 02 B3 2C 3C 48 45 1D BD A3 ED 45 BD 22 F3 EF
[22:13:25.497] [INFO] [s22-preset-diff] READ 42 byte(s):
BC 82 33 1A BD 0C 97 40 BC 38 6B 50 BC CE 27 14
3D B1 DA 80 3D FD 5D 7F 3D 6D C0 29 3B 3D 35 35
21 8A FF 00 00 72 00 3D 87 7E
[22:13:25.501] [INFO] [s22-preset-diff] WRITE 21 byte(s):
7E B9 03 81 00 03 82 06 00 80 0B 03 B9 04 0B 01
04 00 A8 40 7E
[22:13:25.505] [INFO] [s22-preset-diff] READ 64 byte(s):
7E B9 03 81 04 03 81 9D 08 0B B9 03 01 04 B9 04
B9 02 BC 21 54 6F 72 6F 6E 74 6F 27 73 20 42 65
61 73 74 00 00 00 00 00 00 00 00 00 00 00 00 00
00 00 00 00 00 0F BA 02 88 00 00 00 00 88 00 00
[22:13:25.511] [INFO] [s22-preset-diff] READ 64 byte(s):
F0 42 BA 03 BA 6D 88 00 00 00 00 88 00 00 00 00
88 00 00 C8 C2 88 00 00 A0 41 88 00 00 70 C2 88
00 00 80 3F 88 00 00 00 00 88 00 00 00 00 88 00
00 00 00 88 00 00 A0 40 88 00 00 80 3F 88 CD CC
[22:13:25.513] [INFO] [s22-preset-diff] READ 64 byte(s):
DC 40 88 00 00 96 43 88 00 00 A0 40 88 33 33 33
3F 88 00 80 3B 44 88 00 00 A0 40 88 00 80 ED 44
88 00 00 80 3F 88 00 00 80 3F 88 00 00 20 41 88
9A 99 79 40 88 00 00 60 42 88 00 00 80 3F 88 00
[22:13:25.518] [INFO] [s22-preset-diff] READ 64 byte(s):
00 00 40 88 00 00 C8 41 88 00 00 A0 40 88 00 00
00 00 88 00 00 C0 3F 88 00 00 00 00 88 00 00 80
3F 88 00 00 C0 3F 88 00 00 00 00 88 00 00 00 00
88 00 00 A0 40 88 00 00 A0 40 88 00 00 80 3F 88
[22:13:25.520] [INFO] [s22-preset-diff] READ 64 byte(s):
00 00 00 00 88 00 00 80 40 88 00 00 A0 40 88 00
00 00 00 88 00 00 00 00 88 00 00 F0 41 88 00 00
A0 40 88 00 00 00 00 88 00 00 00 00 88 00 00 F0
41 88 00 00 A0 40 88 00 00 00 00 88 00 00 00 00
[22:13:25.522] [INFO] [s22-preset-diff] READ 64 byte(s):
88 00 00 F0 41 88 00 00 A0 40 88 00 00 00 00 88
00 00 00 00 88 00 00 F0 41 88 00 00 A0 40 88 00
00 00 00 88 00 00 00 00 88 00 00 F0 41 88 00 00
A0 40 88 00 00 00 00 88 00 00 00 00 88 00 00 F0
[22:13:25.524] [INFO] [s22-preset-diff] READ 64 byte(s):
41 88 00 00 80 3F 88 00 00 00 00 88 00 00 00 00
88 00 00 00 00 88 00 00 70 41 88 00 00 00 3F 88
00 00 48 42 88 00 00 F0 40 88 00 00 00 00 88 00
00 40 40 88 00 00 D0 40 88 00 00 00 00 88 00 00
[22:13:25.527] [INFO] [s22-preset-diff] READ 64 byte(s):
00 00 88 00 00 C0 40 88 00 00 00 00 88 00 00 70
41 88 00 00 00 3F 88 00 00 48 42 88 00 00 F0 40
88 00 00 00 00 88 00 00 70 41 88 00 00 00 3F 88
00 00 48 42 88 00 00 C8 41 88 00 00 F0 40 88 00
[22:13:25.529] [INFO] [s22-preset-diff] READ 64 byte(s):
00 00 00 88 00 00 40 40 88 00 00 B4 43 88 00 00
F0 42 88 00 00 48 42 88 00 00 A0 40 88 00 00 80
3F 88 00 00 00 00 88 00 00 00 00 88 00 00 00 00
88 00 00 10 41 88 00 00 AF 43 88 00 00 A0 41 88
[22:13:25.531] [INFO] [s22-preset-diff] READ 64 byte(s):
00 00 00 00 88 00 00 48 42 88 00 00 00 00 88 00
00 10 41 88 00 00 AF 43 88 00 00 A0 41 88 00 00
00 00 88 00 00 48 42 BA 6D 88 00 00 00 00 88 00
00 00 00 88 00 00 C8 C2 88 00 00 A0 41 88 00 00
[22:13:25.534] [INFO] [s22-preset-diff] READ 64 byte(s):
70 C2 88 00 00 80 3F 88 00 00 00 00 88 00 00 00
00 88 00 00 00 00 88 00 00 A0 40 88 00 00 80 3F
88 00 00 A0 40 88 00 00 96 43 88 00 00 A0 40 88
33 33 33 3F 88 00 80 3B 44 88 00 00 A0 40 88 00
[22:13:25.536] [INFO] [s22-preset-diff] READ 64 byte(s):
80 ED 44 88 00 00 80 3F 88 00 00 80 3F 88 00 00
A0 40 88 00 00 A0 40 88 00 00 C8 42 88 00 00 80
3F 88 00 00 00 00 88 00 00 C8 41 88 00 00 A0 40
88 00 00 00 00 88 00 00 C0 3F 88 00 00 00 00 88
[22:13:25.537] [INFO] [s22-preset-diff] READ 64 byte(s):
00 00 80 3F 88 00 00 C0 3F 88 00 00 00 00 88 00
00 00 00 88 00 00 A0 40 88 00 00 A0 40 88 00 00
80 3F 88 00 00 00 00 88 00 00 80 40 88 00 00 A0
40 88 00 00 00 00 88 00 00 00 00 88 00 00 F0 41
[22:13:25.539] [INFO] [s22-preset-diff] READ 64 byte(s):
88 00 00 A0 40 88 00 00 00 00 88 00 00 00 00 88
00 00 F0 41 88 00 00 A0 40 88 00 00 00 00 88 00
00 00 00 88 00 00 F0 41 88 00 00 A0 40 88 00 00
00 00 88 00 00 00 00 88 00 00 F0 41 88 00 00 A0
[22:13:25.544] [INFO] [s22-preset-diff] READ 64 byte(s):
40 88 00 00 00 00 88 00 00 00 00 88 00 00 F0 41
88 00 00 A0 40 88 00 00 00 00 88 00 00 00 00 88
00 00 F0 41 88 00 00 80 3F 88 00 00 00 00 88 00
00 00 00 88 00 00 00 00 88 00 00 70 41 88 00 00
[22:13:25.547] [INFO] [s22-preset-diff] READ 64 byte(s):
00 3F 88 00 00 48 42 88 00 00 F0 40 88 00 00 00
00 88 00 00 40 40 88 00 00 D0 40 88 00 00 00 00
88 00 00 00 00 88 00 00 C0 40 88 00 00 00 00 88
00 00 70 41 88 00 00 00 3F 88 00 00 48 42 88 00
[22:13:25.550] [INFO] [s22-preset-diff] READ 64 byte(s):
00 F0 40 88 00 00 00 00 88 00 00 70 41 88 00 00
00 3F 88 00 00 48 42 88 00 00 C8 41 88 00 00 F0
40 88 00 00 00 00 88 00 00 40 40 88 00 00 B4 43
88 00 00 F0 42 88 00 00 48 42 88 00 00 A0 40 88
[22:13:25.554] [INFO] [s22-preset-diff] READ 64 byte(s):
00 00 80 3F 88 00 00 00 00 88 00 00 00 00 88 00
00 00 00 88 00 00 10 41 88 00 00 AF 43 88 00 00
A0 41 88 00 00 00 00 88 00 00 48 42 88 00 00 00
00 88 00 00 10 41 88 00 00 AF 43 88 00 00 A0 41
[22:13:25.558] [INFO] [s22-preset-diff] READ 64 byte(s):
88 00 00 00 00 88 00 00 48 42 BA 6D 88 00 00 00
00 88 00 00 00 00 88 00 00 C8 C2 88 00 00 A0 41
88 00 00 70 C2 88 00 00 80 3F 88 00 00 00 00 88
00 00 00 00 88 00 00 00 00 88 00 00 A0 40 88 00
[22:13:25.561] [INFO] [s22-preset-diff] READ 64 byte(s):
00 80 3F 88 00 00 A0 40 88 00 00 96 43 88 00 00
A0 40 88 33 33 33 3F 88 00 80 3B 44 88 00 00 A0
40 88 00 80 ED 44 88 00 00 80 3F 88 00 00 80 3F
88 00 00 A0 40 88 00 00 A0 40 88 00 00 C8 42 88
[22:13:25.565] [INFO] [s22-preset-diff] READ 64 byte(s):
00 00 80 3F 88 00 00 00 00 88 00 00 C8 41 88 00
00 A0 40 88 00 00 00 00 88 00 00 C0 3F 88 00 00
00 00 88 00 00 80 3F 88 00 00 C0 3F 88 00 00 00
00 88 00 00 00 00 88 00 00 A0 40 88 00 00 A0 40
[22:13:25.567] [INFO] [s22-preset-diff] READ 64 byte(s):
88 00 00 80 3F 88 00 00 00 00 88 00 00 80 40 88
00 00 A0 40 88 00 00 00 00 88 00 00 00 00 88 00
00 F0 41 88 00 00 A0 40 88 00 00 00 00 88 00 00
00 00 88 00 00 F0 41 88 00 00 A0 40 88 00 00 00
[22:13:25.568] [INFO] [s22-preset-diff] READ 64 byte(s):
00 88 00 00 00 00 88 00 00 F0 41 88 00 00 A0 40
88 00 00 00 00 88 00 00 00 00 88 00 00 F0 41 88
00 00 A0 40 88 00 00 00 00 88 00 00 00 00 88 00
00 F0 41 88 00 00 A0 40 88 00 00 00 00 88 00 00
[22:13:25.571] [INFO] [s22-preset-diff] READ 64 byte(s):
00 00 88 00 00 F0 41 88 00 00 80 3F 88 00 00 00
00 88 00 00 00 00 88 00 00 00 00 88 00 00 70 41
88 00 00 00 3F 88 00 00 48 42 88 00 00 F0 40 88
00 00 00 00 88 00 00 40 40 88 00 00 D0 40 88 00
[22:13:25.573] [INFO] [s22-preset-diff] READ 64 byte(s):
00 00 00 88 00 00 00 00 88 00 00 C0 40 88 00 00
00 00 88 00 00 70 41 88 00 00 00 3F 88 00 00 48
42 88 00 00 F0 40 88 00 00 00 00 88 00 00 70 41
88 00 00 00 3F 88 00 00 48 42 88 00 00 C8 41 88
[22:13:25.576] [INFO] [s22-preset-diff] READ 64 byte(s):
00 00 F0 40 88 00 00 00 00 88 00 00 40 40 88 00
00 B4 43 88 00 00 F0 42 88 00 00 48 42 88 00 00
A0 40 88 00 00 80 3F 88 00 00 00 00 88 00 00 00
00 88 00 00 00 00 88 00 00 10 41 88 00 00 AF 43
[22:13:25.579] [INFO] [s22-preset-diff] READ 64 byte(s):
88 00 00 A0 41 88 00 00 00 00 88 00 00 48 42 88
00 00 00 00 88 00 00 10 41 88 00 00 AF 43 88 00
00 A0 41 88 00 00 00 00 88 00 00 48 42 B9 0D B9
02 BC 21 00 66 96 BC 5B BD 4F BC 06 15 60 3B 9F
[22:13:25.581] [INFO] [s22-preset-diff] READ 64 byte(s):
3D EB BC F5 2E CC BB 62 AE C7 BB FA B3 E7 BC 7B
1C 9B 3A 35 00 B9 02 BC 0B 32 30 32 35 2D 31 32
2D 30 35 00 0A B9 02 BC 21 53 54 4F 4D 50 20 2D
20 44 49 53 54 4F 52 54 49 4F 4E 00 BB 94 62 30
[22:13:25.584] [INFO] [s22-preset-diff] READ 64 byte(s):
3A 27 38 D0 BC 06 5D 88 3B 3B 12 B9 02 BC 21 4E
6F 6E 65 00 FF A5 BC 96 C6 D4 BC 39 17 CD 3B 39
1A FE BB 12 F9 49 BC 71 0F AC BB 6A 40 C6 BC 90
04 B9 02 BC 21 4E 6F 6E 65 00 27 B6 BC D2 38 03
[22:13:25.587] [INFO] [s22-preset-diff] READ 64 byte(s):
3A 26 52 7D 5D BC 22 7D 5D B5 BC 34 51 57 3B 28
91 A0 BC AD 1A B8 BC 1F 04 B9 02 BC 21 4E 6F 6E
65 00 24 44 BB 24 21 AA BC E0 F8 E0 BB 8A C2 BF
BC 8B 33 97 BC 31 46 F2 BB 09 9F 94 BC C5 04 B9
[22:13:25.590] [INFO] [s22-preset-diff] READ 64 byte(s):
02 BC 21 4E 6F 6E 65 00 FC 3A BC 34 05 B2 BC 21
28 4D BC FE DB 84 BC F1 BB A4 BC 7C 64 DF BB 73
73 AD BC 96 04 B9 02 BC 21 00 B3 B5 BC F2 E5 4F
BC E6 34 6E BC DF 22 C2 BC 09 36 58 BC ED 12 3C
[22:13:25.592] [INFO] [s22-preset-diff] READ 64 byte(s):
BC 23 B9 06 BC 13 DB C5 BC 56 00 B9 02 BC 21 00
8A 80 BC ED 2C 5D BB 63 35 D9 BC D7 B7 34 BC AA
BF 1D BB 00 CF CD BC CA 8D 2F 3C 9C FC 9B BC 24
00 B9 02 BC 21 00 2D 8F BC 78 5B 98 BC A5 BB 03
[22:13:25.594] [INFO] [s22-preset-diff] READ 64 byte(s):
3C E7 E1 ED BC 47 49 C3 BC 3D BA 4D B9 03 68 9F
BC 97 4F D7 3A 69 00 B9 02 BC 21 00 5B 91 BC E0
99 2B 3C 1E AF E8 BC 43 0A 9D BA 32 4F 53 3A 68
FC CE BC 5C D6 81 3C EF B0 57 BC 0F 00 B9 02 BC
[22:13:25.596] [INFO] [s22-preset-diff] READ 64 byte(s):
21 00 5D EB BC ED E4 A9 3B 44 94 D8 3B D9 54 07
BD 7A 10 94 3B 8B 4A 1E 3C 9D 18 DF BC E2 FE 9C
3B 3D 00 B9 02 BC 41 00 9D 9C 3B 9D 20 1E BB F7
15 D6 BC 1B 44 25 3C 7D 5D 74 62 BC D9 C9 E7 BC
[22:13:25.598] [INFO] [s22-preset-diff] READ 45 byte(s):
68 E3 46 3C 55 52 7B BC BF AA DE BC FF 8B 1D 3D
69 01 33 BD FB 23 70 BB F6 85 D9 3C B4 99 88 BD
55 5E A8 BB 80 65 00 00 72 00 FC 16 7E
[22:13:25.606] [INFO] [s22-preset-diff] WRITE 21 byte(s):
7E B9 03 81 00 03 82 06 00 80 0B 03 B9 04 0B 01
05 00 70 59 7E
[22:13:25.613] [INFO] [s22-preset-diff] READ 64 byte(s):
7E B9 03 81 04 03 81 9D 08 0B B9 03 01 05 B9 04
B9 02 BC 21 44 72 69 76 65 6E 20 42 61 73 73 20
4D 65 6C 74 65 72 00 00 00 00 00 00 00 00 00 00
00 00 00 00 00 12 BA 02 88 00 00 00 00 88 00 00
[22:13:25.617] [INFO] [s22-preset-diff] READ 64 byte(s):
F0 42 BA 03 BA 6D 88 00 00 00 00 88 00 00 00 00
88 00 00 C8 C2 88 00 00 A0 41 88 00 00 70 C2 88
00 00 80 3F 88 00 00 00 00 88 00 00 00 00 88 00
00 00 00 88 00 00 A0 40 88 00 00 80 3F 88 00 00
[22:13:25.621] [INFO] [s22-preset-diff] READ 64 byte(s):
A0 40 88 00 00 96 43 88 00 00 A0 40 88 33 33 33
3F 88 00 80 3B 44 88 00 00 A0 40 88 00 80 ED 44
88 00 00 80 3F 88 00 00 00 00 88 00 00 A0 40 88
00 00 A0 40 88 00 00 C8 42 88 00 00 80 3F 88 00
[22:13:25.628] [INFO] [s22-preset-diff] READ 64 byte(s):
00 00 00 88 00 00 C8 41 88 00 00 A0 40 88 00 00
00 00 88 00 00 C0 3F 88 00 00 00 00 88 00 00 80
3F 88 00 00 C0 3F 88 00 00 00 00 88 00 00 00 00
88 00 00 A0 40 88 00 00 A0 40 88 00 00 80 3F 88
[22:13:25.632] [INFO] [s22-preset-diff] READ 64 byte(s):
00 00 00 00 88 00 00 80 40 88 00 00 A0 40 88 00
00 00 00 88 00 00 00 00 88 00 00 F0 41 88 00 00
A0 40 88 00 00 00 00 88 00 00 00 00 88 00 00 F0
41 88 00 00 A0 40 88 00 00 00 00 88 00 00 00 00
[22:13:25.636] [INFO] [s22-preset-diff] READ 64 byte(s):
88 00 00 F0 41 88 00 00 A0 40 88 00 00 00 00 88
00 00 00 00 88 00 00 F0 41 88 00 00 A0 40 88 00
00 00 00 88 00 00 00 00 88 00 00 F0 41 88 00 00
A0 40 88 00 00 00 00 88 00 00 00 00 88 00 00 F0
[22:13:25.639] [INFO] [s22-preset-diff] READ 64 byte(s):
41 88 00 00 80 3F 88 00 00 00 00 88 00 00 00 00
88 00 00 00 00 88 00 00 70 41 88 FF FF FF 3E 88
00 00 48 42 88 00 00 F0 40 88 00 00 00 00 88 00
00 40 40 88 00 00 D0 40 88 00 00 00 00 88 00 00
[22:13:25.642] [INFO] [s22-preset-diff] READ 64 byte(s):
00 00 88 00 00 C0 40 88 00 00 00 00 88 00 00 70
41 88 FF FF FF 3E 88 00 00 48 42 88 00 00 F0 40
88 00 00 00 00 88 00 00 70 41 88 FF FF FF 3E 88
00 00 48 42 88 00 00 C8 41 88 00 00 F0 40 88 00
[22:13:25.644] [INFO] [s22-preset-diff] READ 64 byte(s):
00 00 00 88 00 00 40 40 88 00 00 B4 43 88 00 00
F0 42 88 00 00 48 42 88 00 00 A0 40 88 00 00 80
3F 88 00 00 00 00 88 00 00 00 00 88 00 00 00 00
88 00 00 10 41 88 00 00 AF 43 88 00 00 A0 41 88
[22:13:25.647] [INFO] [s22-preset-diff] READ 64 byte(s):
00 00 00 00 88 00 00 48 42 88 00 00 00 00 88 00
00 10 41 88 00 00 AF 43 88 00 00 A0 41 88 00 00
00 00 88 00 00 48 42 BA 6D 88 00 00 00 00 88 00
00 00 00 88 00 00 C8 C2 88 00 00 A0 41 88 00 00
[22:13:25.649] [INFO] [s22-preset-diff] READ 64 byte(s):
70 C2 88 00 00 80 3F 88 00 00 00 00 88 00 00 00
00 88 00 00 00 00 88 00 00 A0 40 88 00 00 80 3F
88 00 00 A0 40 88 00 00 96 43 88 00 00 A0 40 88
33 33 33 3F 88 00 80 3B 44 88 00 00 A0 40 88 00
[22:13:25.653] [INFO] [s22-preset-diff] READ 64 byte(s):
80 ED 44 88 00 00 80 3F 88 00 00 00 00 88 00 00
A0 40 88 00 00 A0 40 88 00 00 C8 42 88 00 00 80
3F 88 00 00 00 00 88 00 00 C8 41 88 00 00 A0 40
88 00 00 00 00 88 00 00 C0 3F 88 00 00 00 00 88
[22:13:25.654] [INFO] [s22-preset-diff] READ 64 byte(s):
00 00 80 3F 88 00 00 C0 3F 88 00 00 00 00 88 00
00 00 00 88 00 00 A0 40 88 00 00 A0 40 88 00 00
80 3F 88 00 00 00 00 88 00 00 80 40 88 00 00 A0
40 88 00 00 00 00 88 00 00 00 00 88 00 00 F0 41
[22:13:25.656] [INFO] [s22-preset-diff] READ 64 byte(s):
88 00 00 A0 40 88 00 00 00 00 88 00 00 00 00 88
00 00 F0 41 88 00 00 A0 40 88 00 00 00 00 88 00
00 00 00 88 00 00 F0 41 88 00 00 A0 40 88 00 00
00 00 88 00 00 00 00 88 00 00 F0 41 88 00 00 A0
[22:13:25.658] [INFO] [s22-preset-diff] READ 64 byte(s):
40 88 00 00 00 00 88 00 00 00 00 88 00 00 F0 41
88 00 00 A0 40 88 00 00 00 00 88 00 00 00 00 88
00 00 F0 41 88 00 00 80 3F 88 00 00 00 00 88 00
00 00 00 88 00 00 00 00 88 00 00 70 41 88 00 00
[22:13:25.660] [INFO] [s22-preset-diff] READ 64 byte(s):
00 3F 88 00 00 48 42 88 00 00 F0 40 88 00 00 00
00 88 00 00 40 40 88 00 00 D0 40 88 00 00 00 00
88 00 00 00 00 88 00 00 C0 40 88 00 00 00 00 88
00 00 70 41 88 00 00 00 3F 88 00 00 48 42 88 00
[22:13:25.662] [INFO] [s22-preset-diff] READ 64 byte(s):
00 F0 40 88 00 00 00 00 88 00 00 70 41 88 00 00
00 3F 88 00 00 48 42 88 00 00 C8 41 88 00 00 F0
40 88 00 00 00 00 88 00 00 40 40 88 00 00 B4 43
88 00 00 F0 42 88 00 00 48 42 88 00 00 A0 40 88
[22:13:25.664] [INFO] [s22-preset-diff] READ 64 byte(s):
00 00 80 3F 88 00 00 00 00 88 00 00 00 00 88 00
00 00 00 88 00 00 10 41 88 00 00 AF 43 88 00 00
A0 41 88 00 00 00 00 88 00 00 48 42 88 00 00 00
00 88 00 00 10 41 88 00 00 AF 43 88 00 00 A0 41
[22:13:25.667] [INFO] [s22-preset-diff] READ 64 byte(s):
88 00 00 00 00 88 00 00 48 42 BA 6D 88 00 00 00
00 88 00 00 00 00 88 00 00 C8 C2 88 00 00 A0 41
88 00 00 70 C2 88 00 00 80 3F 88 00 00 00 00 88
00 00 00 00 88 00 00 00 00 88 00 00 A0 40 88 00
[22:13:25.669] [INFO] [s22-preset-diff] READ 64 byte(s):
00 80 3F 88 00 00 A0 40 88 00 00 96 43 88 00 00
A0 40 88 33 33 33 3F 88 00 80 3B 44 88 00 00 A0
40 88 00 80 ED 44 88 00 00 80 3F 88 00 00 00 00
88 00 00 A0 40 88 00 00 A0 40 88 00 00 C8 42 88
[22:13:25.671] [INFO] [s22-preset-diff] READ 64 byte(s):
00 00 80 3F 88 00 00 00 00 88 00 00 C8 41 88 00
00 A0 40 88 00 00 00 00 88 00 00 C0 3F 88 00 00
00 00 88 00 00 80 3F 88 00 00 C0 3F 88 00 00 00
00 88 00 00 00 00 88 00 00 A0 40 88 00 00 A0 40
[22:13:25.674] [INFO] [s22-preset-diff] READ 64 byte(s):
88 00 00 80 3F 88 00 00 00 00 88 00 00 80 40 88
00 00 A0 40 88 00 00 00 00 88 00 00 00 00 88 00
00 F0 41 88 00 00 A0 40 88 00 00 00 00 88 00 00
00 00 88 00 00 F0 41 88 00 00 A0 40 88 00 00 00
[22:13:25.676] [INFO] [s22-preset-diff] READ 64 byte(s):
00 88 00 00 00 00 88 00 00 F0 41 88 00 00 A0 40
88 00 00 00 00 88 00 00 00 00 88 00 00 F0 41 88
00 00 A0 40 88 00 00 00 00 88 00 00 00 00 88 00
00 F0 41 88 00 00 A0 40 88 00 00 00 00 88 00 00
[22:13:25.678] [INFO] [s22-preset-diff] READ 64 byte(s):
00 00 88 00 00 F0 41 88 00 00 80 3F 88 00 00 00
00 88 00 00 00 00 88 00 00 00 00 88 00 00 70 41
88 00 00 00 3F 88 00 00 48 42 88 00 00 F0 40 88
00 00 00 00 88 00 00 40 40 88 00 00 D0 40 88 00
[22:13:25.680] [INFO] [s22-preset-diff] READ 64 byte(s):
00 00 00 88 00 00 00 00 88 00 00 C0 40 88 00 00
00 00 88 00 00 70 41 88 00 00 00 3F 88 00 00 48
42 88 00 00 F0 40 88 00 00 00 00 88 00 00 70 41
88 00 00 00 3F 88 00 00 48 42 88 00 00 C8 41 88
[22:13:25.684] [INFO] [s22-preset-diff] READ 64 byte(s):
00 00 F0 40 88 00 00 00 00 88 00 00 40 40 88 00
00 B4 43 88 00 00 F0 42 88 00 00 48 42 88 00 00
A0 40 88 00 00 80 3F 88 00 00 00 00 88 00 00 00
00 88 00 00 00 00 88 00 00 10 41 88 00 00 AF 43
[22:13:25.689] [INFO] [s22-preset-diff] READ 64 byte(s):
88 00 00 A0 41 88 00 00 00 00 88 00 00 48 42 88
00 00 00 00 88 00 00 10 41 88 00 00 AF 43 88 00
00 A0 41 88 00 00 00 00 88 00 00 48 42 B9 0D B9
02 BC 21 00 29 1C B7 14 AC E7 3C C9 A6 9A 3C 8B
[22:13:25.694] [INFO] [s22-preset-diff] READ 64 byte(s):
DA 94 3C D8 C9 E4 3C C0 86 8B 3C CC 12 0D 3D EB
B9 E1 3C 7A 00 B9 02 BC 0B 32 30 32 35 2D 31 32
2D 30 35 00 0A B9 02 BC 21 44 52 49 56 45 00 AC
3C A5 8D 63 3C 8D 41 2B 3C 70 77 80 3C 1D BB EB
[22:13:25.698] [INFO] [s22-preset-diff] READ 64 byte(s):
3C DB 6E 50 3C 7B E0 05 3D 99 05 B9 02 BC 21 4E
6F 6E 65 00 87 1E 3C D1 04 0C 3C 22 D8 F8 3A 02
A9 77 3B 96 72 14 3C 5B 62 87 BB D5 BE 12 3C 65
04 B9 02 BC 21 4E 6F 6E 65 00 A7 9A BA 6D BD A9
[22:13:25.700] [INFO] [s22-preset-diff] READ 64 byte(s):
3B C6 41 16 3C F0 F0 2E 3C 7D 5E 1C 2A 3C 21 DF
01 3C BC 3C 7D 5D BC 9A 04 B9 02 BC 21 4E 6F 6E
65 00 0D FE BB CE E2 38 3A F5 AA 9A 3C 14 48 AA
3A B0 00 14 3C D3 23 09 BB 42 7F AB 3B C2 04 B9
[22:13:25.703] [INFO] [s22-preset-diff] READ 64 byte(s):
02 BC 21 4E 6F 6E 65 00 C2 AF 3C 67 AF 5E 3C C6
32 C5 3A 9A D0 87 39 C1 97 6A BB B5 EC E0 BB F4
FD D7 39 2D 04 B9 02 BC 21 00 87 12 3C F1 62 14
39 FB 20 1F 3B 3F D0 F1 BB 95 84 20 3B C0 25 08
[22:13:25.705] [INFO] [s22-preset-diff] READ 64 byte(s):
B8 39 A1 1B 3C D5 EA 24 3C 4B 00 B9 02 BC 21 00
1E FF BB 7D 5E C6 9F BB FD EF 85 BC 2E E5 A3 BB
E7 BF 6A BC 09 CD 43 BB FA B6 DC BB 3C 0B 48 3C
07 00 B9 02 BC 21 00 4F 1C 3A 58 4C E7 3B 21 47
[22:13:25.708] [INFO] [s22-preset-diff] READ 64 byte(s):
87 3B 65 44 87 3A B9 F5 11 3C 63 81 0F BC EE BC
F0 BA 43 66 85 BC 9F 00 B9 02 BC 21 00 73 3B BC
34 12 42 3B 7D 5D 73 C9 3C 0D 1B BE 3C 3A D5 A0
3C 66 6B F4 3C FB 55 18 3C 70 B3 60 3C 55 00 B9
[22:13:25.715] [INFO] [s22-preset-diff] READ 64 byte(s):
02 BC 21 00 EF 15 BB 7C F5 15 BC DA 27 D3 3B 8A
15 FC 3A 13 05 69 3C D7 E4 24 3C E5 4F 90 3C 5F
0D 91 3C D8 00 B9 02 BC 41 00 90 1B 3D 9B D2 15
BC 97 E4 07 3C 09 87 B1 3C 52 EE 27 3C 38 DB 15
[22:13:25.717] [INFO] [s22-preset-diff] READ 46 byte(s):
3C C1 38 DE 3C EC 91 8A 3A FA 6C E3 3C 0A 51 6A
3C 51 EA D3 3C 20 D4 31 3D CC 88 1E BD 71 D4 C5
3D 93 4F EE AC 5B 88 00 00 72 00 5C E7 7E
[22:13:25.720] [INFO] [s22-preset-diff] WRITE 21 byte(s):
7E B9 03 81 00 03 82 06 00 80 0B 03 B9 04 0B 01
06 00 18 73 7E
[22:13:25.724] [INFO] [s22-preset-diff] READ 64 byte(s):
7E B9 03 81 04 03 81 9D 08 0B B9 03 01 06 B9 04
B9 02 BC 21 4C 6F 77 65 72 20 42 61 73 73 20 4D
65 6C 74 65 72 00 00 00 00 00 00 00 00 00 00 00
00 00 00 00 00 11 BA 02 88 00 00 00 00 88 00 00
[22:13:25.726] [INFO] [s22-preset-diff] READ 64 byte(s):
F0 42 BA 03 BA 6D 88 00 00 00 00 88 00 00 80 3F
88 00 00 D8 C1 88 00 00 FA 43 88 00 00 70 C2 88
00 00 00 00 88 00 00 80 3F 88 00 00 48 C1 88 00
00 20 41 88 00 00 88 41 88 00 00 80 3F 88 00 00
[22:13:25.727] [INFO] [s22-preset-diff] READ 64 byte(s):
A0 40 88 00 00 96 43 88 00 00 A0 40 88 33 33 33
3F 88 00 80 3B 44 88 00 00 A0 40 88 00 80 ED 44
88 00 00 80 3F 88 00 00 00 00 88 00 00 20 40 88
00 00 40 40 88 00 00 8A 42 88 00 00 80 3F 88 00
[22:13:25.729] [INFO] [s22-preset-diff] READ 64 byte(s):
00 00 00 88 00 00 C8 41 88 00 00 A0 40 88 00 00
00 00 88 00 00 C0 3F 88 00 00 00 00 88 00 00 80
3F 88 00 00 C0 3F 88 00 00 00 00 88 00 00 00 00
88 00 00 20 41 88 00 00 20 41 88 00 00 80 3F 88
[22:13:25.732] [INFO] [s22-preset-diff] READ 64 byte(s):
00 00 80 3F 88 00 00 80 40 88 00 00 A0 40 88 00
00 00 00 88 00 00 00 00 88 00 00 F0 41 88 00 00
A0 40 88 00 00 00 00 88 00 00 00 00 88 00 00 F0
41 88 00 00 A0 40 88 00 00 00 00 88 00 00 00 00
[22:13:25.734] [INFO] [s22-preset-diff] READ 64 byte(s):
88 00 00 F0 41 88 00 00 A0 40 88 00 00 00 00 88
00 00 00 00 88 00 00 F0 41 88 00 00 A0 40 88 00
00 00 00 88 00 00 00 00 88 00 00 00 00 88 00 00
A0 40 88 00 00 00 00 88 00 00 00 00 88 00 00 F0
[22:13:25.736] [INFO] [s22-preset-diff] READ 64 byte(s):
41 88 00 00 80 3F 88 00 00 00 00 88 00 00 00 00
88 00 00 00 00 88 00 00 70 41 88 14 AE 87 3F 88
00 00 98 41 88 00 00 F0 40 88 00 00 00 00 88 00
00 40 40 88 00 00 D0 40 88 00 00 00 00 88 00 00
[22:13:25.738] [INFO] [s22-preset-diff] READ 64 byte(s):
00 00 88 00 00 C0 40 88 00 00 00 00 88 00 00 70
41 88 FF FF FF 3E 88 00 00 48 42 88 00 00 F0 40
88 00 00 00 00 88 00 00 70 41 88 FF FF FF 3E 88
00 00 48 42 88 00 00 C8 41 88 00 00 F0 40 88 00
[22:13:25.740] [INFO] [s22-preset-diff] READ 64 byte(s):
00 00 00 88 00 00 40 40 88 00 00 B4 43 88 00 00
F0 42 88 00 00 48 42 88 00 00 A0 40 88 00 00 80
3F 88 00 00 00 00 88 00 00 00 00 88 00 00 00 00
88 00 00 10 41 88 00 00 AF 43 88 00 00 A0 41 88
[22:13:25.742] [INFO] [s22-preset-diff] READ 64 byte(s):
00 00 00 00 88 00 00 48 42 88 00 00 00 00 88 00
00 10 41 88 00 00 AF 43 88 00 00 A0 41 88 00 00
00 00 88 00 00 48 42 BA 6D 88 00 00 00 00 88 00
00 00 00 88 00 00 C8 C2 88 00 00 A0 41 88 00 00
[22:13:25.745] [INFO] [s22-preset-diff] READ 64 byte(s):
70 C2 88 00 00 80 3F 88 00 00 00 00 88 00 00 00
00 88 00 00 00 00 88 00 00 A0 40 88 00 00 80 3F
88 00 00 A0 40 88 00 00 96 43 88 00 00 A0 40 88
33 33 33 3F 88 00 80 3B 44 88 00 00 A0 40 88 00
[22:13:25.746] [INFO] [s22-preset-diff] READ 64 byte(s):
80 ED 44 88 00 00 80 3F 88 00 00 00 00 88 00 00
A0 40 88 00 00 A0 40 88 00 00 C8 42 88 00 00 80
3F 88 00 00 00 00 88 00 00 C8 41 88 00 00 A0 40
88 00 00 00 00 88 00 00 C0 3F 88 00 00 00 00 88
[22:13:25.749] [INFO] [s22-preset-diff] READ 64 byte(s):
00 00 80 3F 88 00 00 C0 3F 88 00 00 00 00 88 00
00 00 00 88 00 00 A0 40 88 00 00 A0 40 88 00 00
80 3F 88 00 00 00 00 88 00 00 80 40 88 00 00 A0
40 88 00 00 00 00 88 00 00 00 00 88 00 00 F0 41
[22:13:25.751] [INFO] [s22-preset-diff] READ 64 byte(s):
88 00 00 A0 40 88 00 00 00 00 88 00 00 00 00 88
00 00 F0 41 88 00 00 A0 40 88 00 00 00 00 88 00
00 00 00 88 00 00 F0 41 88 00 00 A0 40 88 00 00
00 00 88 00 00 00 00 88 00 00 F0 41 88 00 00 A0
[22:13:25.755] [INFO] [s22-preset-diff] READ 64 byte(s):
40 88 00 00 00 00 88 00 00 00 00 88 00 00 F0 41
88 00 00 A0 40 88 00 00 00 00 88 00 00 00 00 88
00 00 F0 41 88 00 00 80 3F 88 00 00 00 00 88 00
00 00 00 88 00 00 00 00 88 00 00 70 41 88 00 00
[22:13:25.757] [INFO] [s22-preset-diff] READ 64 byte(s):
00 3F 88 00 00 48 42 88 00 00 F0 40 88 00 00 00
00 88 00 00 40 40 88 00 00 D0 40 88 00 00 00 00
88 00 00 00 00 88 00 00 C0 40 88 00 00 00 00 88
00 00 70 41 88 00 00 00 3F 88 00 00 48 42 88 00
[22:13:25.761] [INFO] [s22-preset-diff] READ 64 byte(s):
00 F0 40 88 00 00 00 00 88 00 00 70 41 88 00 00
00 3F 88 00 00 48 42 88 00 00 C8 41 88 00 00 F0
40 88 00 00 00 00 88 00 00 40 40 88 00 00 B4 43
88 00 00 F0 42 88 00 00 48 42 88 00 00 A0 40 88
[22:13:25.764] [INFO] [s22-preset-diff] READ 64 byte(s):
00 00 80 3F 88 00 00 00 00 88 00 00 00 00 88 00
00 00 00 88 00 00 10 41 88 00 00 AF 43 88 00 00
A0 41 88 00 00 00 00 88 00 00 48 42 88 00 00 00
00 88 00 00 10 41 88 00 00 AF 43 88 00 00 A0 41
[22:13:25.766] [INFO] [s22-preset-diff] READ 64 byte(s):
88 00 00 00 00 88 00 00 48 42 BA 6D 88 00 00 00
00 88 00 00 00 00 88 00 00 C8 C2 88 00 00 A0 41
88 00 00 70 C2 88 00 00 80 3F 88 00 00 00 00 88
00 00 00 00 88 00 00 00 00 88 00 00 A0 40 88 00
[22:13:25.771] [INFO] [s22-preset-diff] READ 64 byte(s):
00 80 3F 88 00 00 A0 40 88 00 00 96 43 88 00 00
A0 40 88 33 33 33 3F 88 00 80 3B 44 88 00 00 A0
40 88 00 80 ED 44 88 00 00 80 3F 88 00 00 00 00
88 00 00 A0 40 88 00 00 A0 40 88 00 00 C8 42 88
[22:13:25.773] [INFO] [s22-preset-diff] READ 64 byte(s):
00 00 80 3F 88 00 00 00 00 88 00 00 C8 41 88 00
00 A0 40 88 00 00 00 00 88 00 00 C0 3F 88 00 00
00 00 88 00 00 80 3F 88 00 00 C0 3F 88 00 00 00
00 88 00 00 00 00 88 00 00 A0 40 88 00 00 A0 40
[22:13:25.775] [INFO] [s22-preset-diff] READ 64 byte(s):
88 00 00 80 3F 88 00 00 00 00 88 00 00 80 40 88
00 00 A0 40 88 00 00 00 00 88 00 00 00 00 88 00
00 F0 41 88 00 00 A0 40 88 00 00 00 00 88 00 00
00 00 88 00 00 F0 41 88 00 00 A0 40 88 00 00 00
[22:13:25.777] [INFO] [s22-preset-diff] READ 64 byte(s):
00 88 00 00 00 00 88 00 00 F0 41 88 00 00 A0 40
88 00 00 00 00 88 00 00 00 00 88 00 00 F0 41 88
00 00 A0 40 88 00 00 00 00 88 00 00 00 00 88 00
00 F0 41 88 00 00 A0 40 88 00 00 00 00 88 00 00
[22:13:25.779] [INFO] [s22-preset-diff] READ 64 byte(s):
00 00 88 00 00 F0 41 88 00 00 80 3F 88 00 00 00
00 88 00 00 00 00 88 00 00 00 00 88 00 00 70 41
88 00 00 00 3F 88 00 00 48 42 88 00 00 F0 40 88
00 00 00 00 88 00 00 40 40 88 00 00 D0 40 88 00
[22:13:25.780] [INFO] [s22-preset-diff] READ 64 byte(s):
00 00 00 88 00 00 00 00 88 00 00 C0 40 88 00 00
00 00 88 00 00 70 41 88 00 00 00 3F 88 00 00 48
42 88 00 00 F0 40 88 00 00 00 00 88 00 00 70 41
88 00 00 00 3F 88 00 00 48 42 88 00 00 C8 41 88
[22:13:25.783] [INFO] [s22-preset-diff] READ 64 byte(s):
00 00 F0 40 88 00 00 00 00 88 00 00 40 40 88 00
00 B4 43 88 00 00 F0 42 88 00 00 48 42 88 00 00
A0 40 88 00 00 80 3F 88 00 00 00 00 88 00 00 00
00 88 00 00 00 00 88 00 00 10 41 88 00 00 AF 43
[22:13:25.785] [INFO] [s22-preset-diff] READ 64 byte(s):
88 00 00 A0 41 88 00 00 00 00 88 00 00 48 42 88
00 00 00 00 88 00 00 10 41 88 00 00 AF 43 88 00
00 A0 41 88 00 00 00 00 88 00 00 48 42 B9 0D B9
02 BC 21 00 E8 89 3B DB E8 39 BB B6 EB 53 3B C1
[22:13:25.787] [INFO] [s22-preset-diff] READ 64 byte(s):
F8 44 3C 31 36 81 3C EA 08 8F 3C D1 95 E8 3C 2C
B1 49 3C 4E 00 B9 02 BC 0B 32 30 32 35 2D 31 31
2D 32 38 00 0A B9 02 BC 21 48 49 2D 47 41 49 4E
00 88 86 D8 3A C7 21 F2 BA 54 A1 CE 3B 26 D7 1F
[22:13:25.788] [INFO] [s22-preset-diff] READ 64 byte(s):
3C E7 1B DB BB 88 6B 3A BC 2E 07 B9 02 BC 21 4E
6F 6E 65 00 96 DF 3A 2A 6B 2B BB CA E3 26 BC 1C
72 F3 BB F3 04 2E BC 4C 1F 05 BC 5A 64 99 3B 74
04 B9 02 BC 21 4E 6F 6E 65 00 A3 8B BC DD A5 D3
[22:13:25.790] [INFO] [s22-preset-diff] READ 64 byte(s):
BC 59 84 B5 BC F5 76 B7 BC 78 C5 92 BC 9C CA 9D
BB 84 6E 2E BB 71 04 B9 02 BC 21 4E 6F 6E 65 00
92 42 BC 1B AA 66 BC 53 7C DD BC 4C FE F2 BC 19
34 E9 BC BB D0 C5 BC EE 77 5B BB F5 04 B9 02 BC
[22:13:25.791] [INFO] [s22-preset-diff] READ 64 byte(s):
21 4E 6F 6E 65 00 EB 98 BB 9A F1 14 BB 4C C7 E9
BA DC 7C DC BC 82 EA CC BC 4B 12 0C BC 25 F9 D4
BC E8 04 B9 02 BC 21 00 C1 34 BB CF 09 1A 3B 93
E5 A3 BB ED 7D 5D 73 BC 99 BD D0 BC B3 33 02 BC
[22:13:25.793] [INFO] [s22-preset-diff] READ 64 byte(s):
7D 5D B4 1E BC 3F 49 E1 BC 1C 00 B9 02 BC 21 00
EC B4 BC 0D 17 B4 BC 68 3A 6C BC BC A8 17 3C C4
5A 20 BC 48 5F 40 BC 68 E3 9D BC A6 08 7D 5D BC
87 00 B9 02 BC 21 00 6D 8E BB 9D CF EC 3B AA EA
[22:13:25.794] [INFO] [s22-preset-diff] READ 64 byte(s):
54 BC 0C 54 D7 BC 12 AA A8 BC 52 84 96 BA 66 AF
96 BB 03 95 F6 BC 35 00 B9 02 BC 21 00 2A BF BB
AE 3B 4B BC 0E B3 1A BC 19 62 CE BB B1 07 1A BC
9D 31 71 3C 0A A0 DB B9 C2 78 95 BB 43 00 B9 02
[22:13:25.796] [INFO] [s22-preset-diff] READ 64 byte(s):
BC 21 00 B6 9C BC A9 06 BF BC C0 AE 79 3A 1A 9D
10 3C 9F 7D 5E 94 3B EB B5 0F BB BD 8B 37 BC BB
6C 56 BB E8 00 B9 02 BC 41 00 CB B7 3C 54 DC 06
3D 5D D9 0C 3C F3 6B 1A BC 4F 6F 01 BC FD EA 5D
[22:13:25.797] [INFO] [s22-preset-diff] READ 46 byte(s):
3B ED 4B 4F 3C 4E 49 90 3B 4B BC 80 3C 26 D2 A2
3B C9 AF AC 3B 96 95 75 BB 31 E5 B1 BB 82 E4 43
3D 68 D9 CB 98 9F 08 00 00 72 00 84 E4 7E
[22:13:25.800] [INFO] [s22-preset-diff] WRITE 21 byte(s):
7E B9 03 81 00 03 82 06 00 80 0B 03 B9 04 0B 01
07 00 C0 6A 7E
[22:13:25.803] [INFO] [s22-preset-diff] READ 64 byte(s):
7E B9 03 81 04 03 81 9D 08 0B B9 03 01 07 B9 04
B9 02 BC 21 36 34 20 4C 6F 20 47 61 69 6E 20 46
65 65 6C 73 00 00 00 00 00 00 00 00 00 00 00 00
00 00 00 00 00 10 BA 02 88 00 00 00 00 88 00 00
[22:13:25.807] [INFO] [s22-preset-diff] READ 64 byte(s):
F0 42 BA 03 BA 6D 88 00 00 00 00 88 00 00 00 00
88 00 00 C8 C2 88 00 00 A0 41 88 00 00 70 C2 88
00 00 80 3F 88 00 00 00 00 88 00 00 00 00 88 00
00 00 00 88 00 00 A0 40 88 00 00 80 3F 88 00 00
[22:13:25.813] [INFO] [s22-preset-diff] READ 64 byte(s):
A0 40 88 00 00 96 43 88 00 00 A0 40 88 33 33 33
3F 88 00 80 3B 44 88 00 00 A0 40 88 00 80 ED 44
88 00 00 80 3F 88 00 00 00 00 88 00 00 A0 40 88
00 00 A0 40 88 00 00 C8 42 88 00 00 80 3F 88 00
[22:13:25.819] [INFO] [s22-preset-diff] READ 64 byte(s):
00 00 00 88 00 00 C8 41 88 00 00 A0 40 88 00 00
00 00 88 00 00 C0 3F 88 00 00 00 00 88 00 00 80
3F 88 00 00 C0 3F 88 00 00 00 00 88 00 00 00 00
88 00 00 A0 40 88 00 00 A0 40 88 00 00 80 3F 88
[22:13:25.821] [INFO] [s22-preset-diff] READ 64 byte(s):
00 00 00 00 88 00 00 80 40 88 00 00 A0 40 88 00
00 00 00 88 00 00 00 00 88 00 00 F0 41 88 00 00
A0 40 88 00 00 00 00 88 00 00 00 00 88 00 00 F0
41 88 00 00 A0 40 88 00 00 00 00 88 00 00 00 00
[22:13:25.823] [INFO] [s22-preset-diff] READ 64 byte(s):
88 00 00 F0 41 88 00 00 A0 40 88 00 00 00 00 88
00 00 00 00 88 00 00 F0 41 88 00 00 A0 40 88 00
00 00 00 88 00 00 00 00 88 00 00 F0 41 88 00 00
A0 40 88 00 00 00 00 88 00 00 00 00 88 00 00 F0
[22:13:25.824] [INFO] [s22-preset-diff] READ 64 byte(s):
41 88 00 00 80 3F 88 00 00 00 00 88 00 00 00 00
88 00 00 00 00 88 00 00 70 41 88 00 00 00 3F 88
00 00 48 42 88 00 00 F0 40 88 00 00 00 00 88 00
00 40 40 88 00 00 D0 40 88 00 00 00 00 88 00 00
[22:13:25.826] [INFO] [s22-preset-diff] READ 64 byte(s):
00 00 88 00 00 C0 40 88 00 00 00 00 88 00 00 70
41 88 00 00 00 3F 88 00 00 48 42 88 00 00 F0 40
88 00 00 00 00 88 00 00 70 41 88 00 00 00 3F 88
00 00 48 42 88 00 00 C8 41 88 00 00 F0 40 88 00
[22:13:25.828] [INFO] [s22-preset-diff] READ 64 byte(s):
00 00 00 88 00 00 40 40 88 00 00 B4 43 88 00 00
F0 42 88 00 00 48 42 88 00 00 A0 40 88 00 00 80
3F 88 00 00 00 00 88 00 00 00 00 88 00 00 00 00
88 00 00 10 41 88 00 00 AF 43 88 00 00 A0 41 88
[22:13:25.830] [INFO] [s22-preset-diff] READ 64 byte(s):
00 00 00 00 88 00 00 48 42 88 00 00 00 00 88 00
00 10 41 88 00 00 AF 43 88 00 00 A0 41 88 00 00
00 00 88 00 00 48 42 BA 6D 88 00 00 00 00 88 00
00 00 00 88 00 00 C8 C2 88 00 00 A0 41 88 00 00
[22:13:25.832] [INFO] [s22-preset-diff] READ 64 byte(s):
70 C2 88 00 00 80 3F 88 00 00 00 00 88 00 00 00
00 88 00 00 00 00 88 00 00 A0 40 88 00 00 80 3F
88 00 00 A0 40 88 00 00 96 43 88 00 00 A0 40 88
33 33 33 3F 88 00 80 3B 44 88 00 00 A0 40 88 00
[22:13:25.834] [INFO] [s22-preset-diff] READ 64 byte(s):
80 ED 44 88 00 00 80 3F 88 00 00 00 00 88 00 00
A0 40 88 00 00 A0 40 88 00 00 C8 42 88 00 00 80
3F 88 00 00 00 00 88 00 00 C8 41 88 00 00 A0 40
88 00 00 00 00 88 00 00 C0 3F 88 00 00 00 00 88
[22:13:25.836] [INFO] [s22-preset-diff] READ 64 byte(s):
00 00 80 3F 88 00 00 C0 3F 88 00 00 00 00 88 00
00 00 00 88 00 00 A0 40 88 00 00 A0 40 88 00 00
80 3F 88 00 00 00 00 88 00 00 80 40 88 00 00 A0
40 88 00 00 00 00 88 00 00 00 00 88 00 00 F0 41
[22:13:25.838] [INFO] [s22-preset-diff] READ 64 byte(s):
88 00 00 A0 40 88 00 00 00 00 88 00 00 00 00 88
00 00 F0 41 88 00 00 A0 40 88 00 00 00 00 88 00
00 00 00 88 00 00 F0 41 88 00 00 A0 40 88 00 00
00 00 88 00 00 00 00 88 00 00 F0 41 88 00 00 A0
[22:13:25.840] [INFO] [s22-preset-diff] READ 64 byte(s):
40 88 00 00 00 00 88 00 00 00 00 88 00 00 F0 41
88 00 00 A0 40 88 00 00 00 00 88 00 00 00 00 88
00 00 F0 41 88 00 00 80 3F 88 00 00 00 00 88 00
00 00 00 88 00 00 00 00 88 00 00 70 41 88 00 00
[22:13:25.841] [INFO] [s22-preset-diff] READ 64 byte(s):
00 3F 88 00 00 48 42 88 00 00 F0 40 88 00 00 00
00 88 00 00 40 40 88 00 00 D0 40 88 00 00 00 00
88 00 00 00 00 88 00 00 C0 40 88 00 00 00 00 88
00 00 70 41 88 00 00 00 3F 88 00 00 48 42 88 00
[22:13:25.844] [INFO] [s22-preset-diff] READ 64 byte(s):
00 F0 40 88 00 00 00 00 88 00 00 70 41 88 00 00
00 3F 88 00 00 48 42 88 00 00 C8 41 88 00 00 F0
40 88 00 00 00 00 88 00 00 40 40 88 00 00 B4 43
88 00 00 F0 42 88 00 00 48 42 88 00 00 A0 40 88
[22:13:25.848] [INFO] [s22-preset-diff] READ 64 byte(s):
00 00 80 3F 88 00 00 00 00 88 00 00 00 00 88 00
00 00 00 88 00 00 10 41 88 00 00 AF 43 88 00 00
A0 41 88 00 00 00 00 88 00 00 48 42 88 00 00 00
00 88 00 00 10 41 88 00 00 AF 43 88 00 00 A0 41
[22:13:25.853] [INFO] [s22-preset-diff] READ 64 byte(s):
88 00 00 00 00 88 00 00 48 42 BA 6D 88 00 00 00
00 88 00 00 00 00 88 00 00 C8 C2 88 00 00 A0 41
88 00 00 70 C2 88 00 00 80 3F 88 00 00 00 00 88
00 00 00 00 88 00 00 00 00 88 00 00 A0 40 88 00
[22:13:25.855] [INFO] [s22-preset-diff] READ 64 byte(s):
00 80 3F 88 00 00 A0 40 88 00 00 96 43 88 00 00
A0 40 88 33 33 33 3F 88 00 80 3B 44 88 00 00 A0
40 88 00 80 ED 44 88 00 00 80 3F 88 00 00 00 00
88 00 00 A0 40 88 00 00 A0 40 88 00 00 C8 42 88
[22:13:25.858] [INFO] [s22-preset-diff] READ 64 byte(s):
00 00 80 3F 88 00 00 00 00 88 00 00 C8 41 88 00
00 A0 40 88 00 00 00 00 88 00 00 C0 3F 88 00 00
00 00 88 00 00 80 3F 88 00 00 C0 3F 88 00 00 00
00 88 00 00 00 00 88 00 00 A0 40 88 00 00 A0 40
[22:13:25.860] [INFO] [s22-preset-diff] READ 64 byte(s):
88 00 00 80 3F 88 00 00 00 00 88 00 00 80 40 88
00 00 A0 40 88 00 00 00 00 88 00 00 00 00 88 00
00 F0 41 88 00 00 A0 40 88 00 00 00 00 88 00 00
00 00 88 00 00 F0 41 88 00 00 A0 40 88 00 00 00
[22:13:25.863] [INFO] [s22-preset-diff] READ 64 byte(s):
00 88 00 00 00 00 88 00 00 F0 41 88 00 00 A0 40
88 00 00 00 00 88 00 00 00 00 88 00 00 F0 41 88
00 00 A0 40 88 00 00 00 00 88 00 00 00 00 88 00
00 F0 41 88 00 00 A0 40 88 00 00 00 00 88 00 00
[22:13:25.864] [INFO] [s22-preset-diff] READ 64 byte(s):
00 00 88 00 00 F0 41 88 00 00 80 3F 88 00 00 00
00 88 00 00 00 00 88 00 00 00 00 88 00 00 70 41
88 00 00 00 3F 88 00 00 48 42 88 00 00 F0 40 88
00 00 00 00 88 00 00 40 40 88 00 00 D0 40 88 00
[22:13:25.866] [INFO] [s22-preset-diff] READ 64 byte(s):
00 00 00 88 00 00 00 00 88 00 00 C0 40 88 00 00
00 00 88 00 00 70 41 88 00 00 00 3F 88 00 00 48
42 88 00 00 F0 40 88 00 00 00 00 88 00 00 70 41
88 00 00 00 3F 88 00 00 48 42 88 00 00 C8 41 88
[22:13:25.868] [INFO] [s22-preset-diff] READ 64 byte(s):
00 00 F0 40 88 00 00 00 00 88 00 00 40 40 88 00
00 B4 43 88 00 00 F0 42 88 00 00 48 42 88 00 00
A0 40 88 00 00 80 3F 88 00 00 00 00 88 00 00 00
00 88 00 00 00 00 88 00 00 10 41 88 00 00 AF 43
[22:13:25.870] [INFO] [s22-preset-diff] READ 64 byte(s):
88 00 00 A0 41 88 00 00 00 00 88 00 00 48 42 88
00 00 00 00 88 00 00 10 41 88 00 00 AF 43 88 00
00 A0 41 88 00 00 00 00 88 00 00 48 42 B9 0D B9
02 BC 21 00 B5 F0 3B B2 C7 FA 3A B8 9E 2C 3C 62
[22:13:25.872] [INFO] [s22-preset-diff] READ 64 byte(s):
05 98 3C 72 37 F6 3B 36 67 C8 BB 3D 45 8E 3C 70
CB 0D 3C 6A 00 B9 02 BC 0B 32 30 32 35 2D 31 32
2D 30 35 00 0A B9 02 BC 21 43 4C 45 41 4E 00 3E
3B 2E C1 C9 3B 9B A9 BE 3B CF B8 F1 BB 40 A2 66
[22:13:25.875] [INFO] [s22-preset-diff] READ 64 byte(s):
BB 9E 7A D2 BA B2 55 CD BA 7A 05 B9 02 BC 21 4E
6F 6E 65 00 A2 16 3B 21 EF 42 BB DA 00 84 BB 08
7B 93 3C FF DE C2 3B 6E 2D 27 BC 3B EC 1D 3C 9A
04 B9 02 BC 21 4E 6F 6E 65 00 09 3F 3B 92 9F AF
[22:13:25.877] [INFO] [s22-preset-diff] READ 64 byte(s):
BB 84 26 F6 BB CD 66 B1 B9 45 87 F7 BA 6F 7C C6
BB 6D 08 74 B9 4E 04 B9 02 BC 21 4E 6F 6E 65 00
D8 92 3A E0 32 1F 3B D4 24 91 BC 6A A2 71 BC 23
91 4F BB 8C 68 0C BC 10 B6 0E BC 29 04 B9 02 BC
[22:13:25.879] [INFO] [s22-preset-diff] READ 64 byte(s):
21 4E 6F 6E 65 00 58 62 BC 75 A4 1B BB DB 7D 5D
23 BB 9B F1 6D BC 24 AA 63 BC 6E 65 74 BB 48 B5
66 BC 1C 04 B9 02 BC 21 00 05 56 3B AA 40 97 B8
10 68 6D BC 65 30 30 BC 8F EE C1 BB C7 8E 88 BC
[22:13:25.881] [INFO] [s22-preset-diff] READ 64 byte(s):
56 CA 07 BC 0F 2C 37 3C 5F 00 B9 02 BC 21 00 40
9E 3B F0 08 EF 3B 18 97 CA BB 05 3E B6 37 A4 BC
1A BB A3 71 B9 3A 4B F0 A5 BC 75 1E 03 BC CF 00
B9 02 BC 21 00 9C 77 BC 36 5F 61 3A AD A6 8D 3B
[22:13:25.884] [INFO] [s22-preset-diff] READ 64 byte(s):
6E 1F 7D 5E BB 9C B9 1F 3B AD 18 9A 3B 3C 44 8E
BB EC 67 DE BC 53 00 B9 02 BC 21 00 93 B6 BC 82
C2 22 BC 38 5D 9B BC 9D 91 A1 BC 10 9A B0 BB B6
03 04 BC A9 5C E0 BC F1 09 C9 BB 8C 00 B9 02 BC
[22:13:25.886] [INFO] [s22-preset-diff] READ 64 byte(s):
21 00 83 0B 3C 67 48 A8 BC B3 B1 8B BC DC 31 73
3C 36 45 9D BC C2 A5 B0 BC 1A 08 8A 3C FA BC 88
BC 61 00 B9 02 BC 41 00 2E CA BC 9A 5D C3 BB 03
E2 01 BB 46 51 91 BC AC 0C 54 3C 57 45 96 BC B2
[22:13:25.887] [INFO] [s22-preset-diff] READ 44 byte(s):
DC 8B BC 28 7B 66 BC F5 2B 9F 3B 80 DD B5 3B FD
73 A0 BC 3C 6A 3E BD E3 C3 25 3D 8D 6F FF BD 85
51 A8 BB 80 65 00 00 72 00 E9 3A 7E
[22:13:25.891] [INFO] [s22-preset-diff] WRITE 21 byte(s):
7E B9 03 81 00 03 82 06 00 80 0B 03 B9 04 0B 01
08 00 08 E9 7E
[22:13:25.894] [INFO] [s22-preset-diff] READ 64 byte(s):
7E B9 03 81 04 03 81 9D 08 0B B9 03 01 08 B9 04
B9 02 BC 21 36 34 20 4D 69 64 20 47 61 69 6E 20
46 65 65 6C 73 00 00 00 00 00 00 00 00 00 00 00
00 00 00 00 00 11 BA 02 88 00 00 00 00 88 00 00
[22:13:25.896] [INFO] [s22-preset-diff] READ 64 byte(s):
F0 42 BA 03 BA 6D 88 00 00 00 00 88 00 00 80 3F
88 00 00 68 C2 88 00 00 FA 43 88 00 00 C8 C2 88
00 00 80 3F 88 00 00 80 3F 88 00 00 28 C1 88 00
00 10 C1 88 00 00 40 41 88 00 00 80 3F 88 00 00
[22:13:25.899] [INFO] [s22-preset-diff] READ 64 byte(s):
00 00 88 00 00 96 43 88 33 33 D3 40 88 33 33 33
3F 88 00 80 3B 44 88 33 33 F3 40 88 00 80 ED 44
88 00 00 80 3F 88 00 00 00 00 88 CD CC 14 41 88
67 66 D6 40 88 00 00 C8 42 88 00 00 80 3F 88 00
[22:13:25.903] [INFO] [s22-preset-diff] READ 64 byte(s):
00 00 00 88 00 00 C8 41 88 00 00 A0 40 88 00 00
00 00 88 00 00 C0 3F 88 00 00 00 00 88 00 00 80
3F 88 00 00 C0 3F 88 00 00 00 00 88 00 00 00 00
88 00 00 C0 40 88 CD CC BC 40 88 00 00 80 3F 88
[22:13:25.907] [INFO] [s22-preset-diff] READ 64 byte(s):
00 00 00 00 88 00 00 80 40 88 00 00 A0 40 88 00
00 00 00 88 00 00 00 00 88 00 00 F0 41 88 00 00
A0 40 88 00 00 00 00 88 00 00 00 00 88 00 00 F0
41 88 00 00 A0 40 88 00 00 00 00 88 00 00 00 00
[22:13:25.909] [INFO] [s22-preset-diff] READ 64 byte(s):
88 00 00 F0 41 88 00 00 A0 40 88 00 00 00 00 88
00 00 00 00 88 00 00 F0 41 88 00 00 A0 40 88 00
00 00 00 88 00 00 00 00 88 00 00 F0 41 88 00 00
A0 40 88 00 00 00 00 88 00 00 00 00 88 00 00 F0
[22:13:25.912] [INFO] [s22-preset-diff] READ 64 byte(s):
41 88 00 00 80 3F 88 00 00 00 00 88 00 00 00 00
88 00 00 00 00 88 00 00 70 41 88 FF FF FF 3E 88
00 00 48 42 88 00 00 F0 40 88 00 00 00 00 88 00
00 40 40 88 00 00 D0 40 88 00 00 00 00 88 00 00
[22:13:25.914] [INFO] [s22-preset-diff] READ 64 byte(s):
00 00 88 00 00 C0 40 88 00 00 00 00 88 00 00 70
41 88 FF FF FF 3E 88 00 00 48 42 88 00 00 F0 40
88 00 00 00 00 88 00 00 70 41 88 FF FF FF 3E 88
00 00 48 42 88 00 00 C8 41 88 00 00 F0 40 88 00
[22:13:25.917] [INFO] [s22-preset-diff] READ 64 byte(s):
00 00 00 88 00 00 40 40 88 00 00 B4 43 88 00 00
F0 42 88 00 00 48 42 88 00 00 A0 40 88 00 00 80
3F 88 00 00 00 00 88 00 00 00 00 88 00 00 00 00
88 00 00 10 41 88 00 00 AF 43 88 00 00 A0 41 88
[22:13:25.919] [INFO] [s22-preset-diff] READ 64 byte(s):
00 00 00 00 88 00 00 48 42 88 00 00 00 00 88 00
00 10 41 88 00 00 AF 43 88 00 00 A0 41 88 00 00
00 00 88 00 00 48 42 BA 6D 88 00 00 00 00 88 00
00 00 00 88 00 00 C8 C2 88 00 00 A0 41 88 00 00
[22:13:25.921] [INFO] [s22-preset-diff] READ 64 byte(s):
70 C2 88 00 00 80 3F 88 00 00 00 00 88 00 00 00
00 88 00 00 00 00 88 00 00 A0 40 88 00 00 80 3F
88 00 00 A0 40 88 00 00 96 43 88 00 00 A0 40 88
33 33 33 3F 88 00 80 3B 44 88 00 00 A0 40 88 00
[22:13:25.923] [INFO] [s22-preset-diff] READ 64 byte(s):
80 ED 44 88 00 00 80 3F 88 00 00 00 00 88 00 00
A0 40 88 00 00 A0 40 88 00 00 C8 42 88 00 00 80
3F 88 00 00 00 00 88 00 00 C8 41 88 00 00 A0 40
88 00 00 00 00 88 00 00 C0 3F 88 00 00 00 00 88
[22:13:25.926] [INFO] [s22-preset-diff] READ 64 byte(s):
00 00 80 3F 88 00 00 C0 3F 88 00 00 00 00 88 00
00 00 00 88 00 00 A0 40 88 00 00 A0 40 88 00 00
80 3F 88 00 00 00 00 88 00 00 80 40 88 00 00 A0
40 88 00 00 00 00 88 00 00 00 00 88 00 00 F0 41
[22:13:25.928] [INFO] [s22-preset-diff] READ 64 byte(s):
88 00 00 A0 40 88 00 00 00 00 88 00 00 00 00 88
00 00 F0 41 88 00 00 A0 40 88 00 00 00 00 88 00
00 00 00 88 00 00 F0 41 88 00 00 A0 40 88 00 00
00 00 88 00 00 00 00 88 00 00 F0 41 88 00 00 A0
[22:13:25.932] [INFO] [s22-preset-diff] READ 64 byte(s):
40 88 00 00 00 00 88 00 00 00 00 88 00 00 F0 41
88 00 00 A0 40 88 00 00 00 00 88 00 00 00 00 88
00 00 F0 41 88 00 00 80 3F 88 00 00 00 00 88 00
00 00 00 88 00 00 00 00 88 00 00 70 41 88 00 00
[22:13:25.934] [INFO] [s22-preset-diff] READ 64 byte(s):
00 3F 88 00 00 48 42 88 00 00 F0 40 88 00 00 00
00 88 00 00 40 40 88 00 00 D0 40 88 00 00 00 00
88 00 00 00 00 88 00 00 C0 40 88 00 00 00 00 88
00 00 70 41 88 00 00 00 3F 88 00 00 48 42 88 00
[22:13:25.937] [INFO] [s22-preset-diff] READ 64 byte(s):
00 F0 40 88 00 00 00 00 88 00 00 70 41 88 00 00
00 3F 88 00 00 48 42 88 00 00 C8 41 88 00 00 F0
40 88 00 00 00 00 88 00 00 40 40 88 00 00 B4 43
88 00 00 F0 42 88 00 00 48 42 88 00 00 A0 40 88
[22:13:25.939] [INFO] [s22-preset-diff] READ 64 byte(s):
00 00 80 3F 88 00 00 00 00 88 00 00 00 00 88 00
00 00 00 88 00 00 10 41 88 00 00 AF 43 88 00 00
A0 41 88 00 00 00 00 88 00 00 48 42 88 00 00 00
00 88 00 00 10 41 88 00 00 AF 43 88 00 00 A0 41
[22:13:25.941] [INFO] [s22-preset-diff] READ 64 byte(s):
88 00 00 00 00 88 00 00 48 42 BA 6D 88 00 00 00
00 88 00 00 00 00 88 00 00 C8 C2 88 00 00 A0 41
88 00 00 70 C2 88 00 00 80 3F 88 00 00 00 00 88
00 00 00 00 88 00 00 00 00 88 00 00 A0 40 88 00
[22:13:25.944] [INFO] [s22-preset-diff] READ 64 byte(s):
00 80 3F 88 00 00 A0 40 88 00 00 96 43 88 00 00
A0 40 88 33 33 33 3F 88 00 80 3B 44 88 00 00 A0
40 88 00 80 ED 44 88 00 00 80 3F 88 00 00 00 00
88 00 00 A0 40 88 00 00 A0 40 88 00 00 C8 42 88
[22:13:25.947] [INFO] [s22-preset-diff] READ 64 byte(s):
00 00 80 3F 88 00 00 00 00 88 00 00 C8 41 88 00
00 A0 40 88 00 00 00 00 88 00 00 C0 3F 88 00 00
00 00 88 00 00 80 3F 88 00 00 C0 3F 88 00 00 00
00 88 00 00 00 00 88 00 00 A0 40 88 00 00 A0 40
[22:13:25.950] [INFO] [s22-preset-diff] READ 64 byte(s):
88 00 00 80 3F 88 00 00 00 00 88 00 00 80 40 88
00 00 A0 40 88 00 00 00 00 88 00 00 00 00 88 00
00 F0 41 88 00 00 A0 40 88 00 00 00 00 88 00 00
00 00 88 00 00 F0 41 88 00 00 A0 40 88 00 00 00
[22:13:25.952] [INFO] [s22-preset-diff] READ 64 byte(s):
00 88 00 00 00 00 88 00 00 F0 41 88 00 00 A0 40
88 00 00 00 00 88 00 00 00 00 88 00 00 F0 41 88
00 00 A0 40 88 00 00 00 00 88 00 00 00 00 88 00
00 F0 41 88 00 00 A0 40 88 00 00 00 00 88 00 00
[22:13:25.954] [INFO] [s22-preset-diff] READ 64 byte(s):
00 00 88 00 00 F0 41 88 00 00 80 3F 88 00 00 00
00 88 00 00 00 00 88 00 00 00 00 88 00 00 70 41
88 00 00 00 3F 88 00 00 48 42 88 00 00 F0 40 88
00 00 00 00 88 00 00 40 40 88 00 00 D0 40 88 00
[22:13:25.957] [INFO] [s22-preset-diff] READ 64 byte(s):
00 00 00 88 00 00 00 00 88 00 00 C0 40 88 00 00
00 00 88 00 00 70 41 88 00 00 00 3F 88 00 00 48
42 88 00 00 F0 40 88 00 00 00 00 88 00 00 70 41
88 00 00 00 3F 88 00 00 48 42 88 00 00 C8 41 88
[22:13:25.959] [INFO] [s22-preset-diff] READ 64 byte(s):
00 00 F0 40 88 00 00 00 00 88 00 00 40 40 88 00
00 B4 43 88 00 00 F0 42 88 00 00 48 42 88 00 00
A0 40 88 00 00 80 3F 88 00 00 00 00 88 00 00 00
00 88 00 00 00 00 88 00 00 10 41 88 00 00 AF 43
[22:13:25.964] [INFO] [s22-preset-diff] READ 64 byte(s):
88 00 00 A0 41 88 00 00 00 00 88 00 00 48 42 88
00 00 00 00 88 00 00 10 41 88 00 00 AF 43 88 00
00 A0 41 88 00 00 00 00 88 00 00 48 42 B9 0D B9
02 BC 21 00 B5 F0 3B B2 C7 FA 3A B8 9E 2C 3C 62
[22:13:25.967] [INFO] [s22-preset-diff] READ 64 byte(s):
05 98 3C 72 37 F6 3B 36 67 C8 BB 3D 45 8E 3C 70
CB 0D 3C 6A 00 B9 02 BC 0B 32 30 32 35 2D 31 32
2D 30 36 00 0A B9 02 BC 21 44 52 49 56 45 00 3E
3B 2E C1 C9 3B 9B A9 BE 3B CF B8 F1 BB 40 A2 66
[22:13:25.970] [INFO] [s22-preset-diff] READ 64 byte(s):
BB 9E 7A D2 BA B2 55 CD BA 7A 05 B9 02 BC 21 4E
6F 6E 65 00 A2 16 3B 21 EF 42 BB DA 00 84 BB 08
7B 93 3C FF DE C2 3B 6E 2D 27 BC 3B EC 1D 3C 9A
04 B9 02 BC 21 4E 6F 6E 65 00 09 3F 3B 92 9F AF
[22:13:25.973] [INFO] [s22-preset-diff] READ 64 byte(s):
BB 84 26 F6 BB CD 66 B1 B9 45 87 F7 BA 6F 7C C6
BB 6D 08 74 B9 4E 04 B9 02 BC 21 4E 6F 6E 65 00
D8 92 3A E0 32 1F 3B D4 24 91 BC 6A A2 71 BC 23
91 4F BB 8C 68 0C BC 10 B6 0E BC 29 04 B9 02 BC
[22:13:25.976] [INFO] [s22-preset-diff] READ 64 byte(s):
21 4E 6F 6E 65 00 58 62 BC 75 A4 1B BB DB 7D 5D
23 BB 9B F1 6D BC 24 AA 63 BC 6E 65 74 BB 48 B5
66 BC 1C 04 B9 02 BC 21 00 05 56 3B AA 40 97 B8
10 68 6D BC 65 30 30 BC 8F EE C1 BB C7 8E 88 BC
[22:13:25.981] [INFO] [s22-preset-diff] READ 64 byte(s):
56 CA 07 BC 0F 2C 37 3C 5F 00 B9 02 BC 21 00 40
9E 3B F0 08 EF 3B 18 97 CA BB 05 3E B6 37 A4 BC
1A BB A3 71 B9 3A 4B F0 A5 BC 75 1E 03 BC CF 00
B9 02 BC 21 00 9C 77 BC 36 5F 61 3A AD A6 8D 3B
[22:13:25.985] [INFO] [s22-preset-diff] READ 64 byte(s):
6E 1F 7D 5E BB 9C B9 1F 3B AD 18 9A 3B 3C 44 8E
BB EC 67 DE BC 53 00 B9 02 BC 21 00 93 B6 BC 82
C2 22 BC 38 5D 9B BC 9D 91 A1 BC 10 9A B0 BB B6
03 04 BC A9 5C E0 BC F1 09 C9 BB 8C 00 B9 02 BC
[22:13:25.988] [INFO] [s22-preset-diff] READ 64 byte(s):
21 00 83 0B 3C 67 48 A8 BC B3 B1 8B BC DC 31 73
3C 36 45 9D BC C2 A5 B0 BC 1A 08 8A 3C FA BC 88
BC 61 00 B9 02 BC 41 00 2E CA BC 9A 5D C3 BB 03
E2 01 BB 46 51 91 BC AC 0C 54 3C 57 45 96 BC B2
[22:13:25.991] [INFO] [s22-preset-diff] READ 44 byte(s):
DC 8B BC 28 7B 66 BC F5 2B 9F 3B 80 DD B5 3B FD
73 A0 BC 3C 6A 3E BD E3 C3 25 3D 8D 6F FF BD B0
A2 5C 8B 9A 10 00 00 72 00 B5 BF 7E
[22:13:25.995] [INFO] [s22-preset-diff] WRITE 21 byte(s):
7E B9 03 81 00 03 82 06 00 80 0B 03 B9 04 0B 01
09 00 D0 F0 7E
[22:13:26.002] [INFO] [s22-preset-diff] READ 64 byte(s):
7E B9 03 81 04 03 81 9D 08 0B B9 03 01 09 B9 04
B9 02 BC 21 36 36 20 4C 6F 20 47 61 69 6E 20 46
65 65 6C 73 00 00 00 00 00 00 00 00 00 00 00 00
00 00 00 00 00 10 BA 02 88 00 00 00 00 88 00 00
[22:13:26.008] [INFO] [s22-preset-diff] READ 64 byte(s):
F0 42 BA 03 BA 6D 88 00 00 00 00 88 00 00 00 00
88 00 00 C8 C2 88 00 00 A0 41 88 00 00 70 C2 88
00 00 80 3F 88 00 00 00 00 88 00 00 00 00 88 00
00 00 00 88 00 00 A0 40 88 00 00 80 3F 88 00 00
[22:13:26.011] [INFO] [s22-preset-diff] READ 64 byte(s):
A0 40 88 00 00 96 43 88 00 00 A0 40 88 33 33 33
3F 88 00 80 3B 44 88 00 00 A0 40 88 00 80 ED 44
88 00 00 80 3F 88 00 00 00 00 88 00 00 A0 40 88
00 00 A0 40 88 00 00 C8 42 88 00 00 80 3F 88 00
[22:13:26.014] [INFO] [s22-preset-diff] READ 64 byte(s):
00 00 00 88 00 00 C8 41 88 00 00 A0 40 88 00 00
00 00 88 00 00 C0 3F 88 00 00 00 00 88 00 00 80
3F 88 00 00 C0 3F 88 00 00 00 00 88 00 00 00 00
88 00 00 A0 40 88 00 00 A0 40 88 00 00 80 3F 88
[22:13:26.018] [INFO] [s22-preset-diff] READ 64 byte(s):
00 00 00 00 88 00 00 80 40 88 00 00 A0 40 88 00
00 00 00 88 00 00 00 00 88 00 00 F0 41 88 00 00
A0 40 88 00 00 00 00 88 00 00 00 00 88 00 00 F0
41 88 00 00 A0 40 88 00 00 00 00 88 00 00 00 00
[22:13:26.024] [INFO] [s22-preset-diff] READ 64 byte(s):
88 00 00 F0 41 88 00 00 A0 40 88 00 00 00 00 88
00 00 00 00 88 00 00 F0 41 88 00 00 A0 40 88 00
00 00 00 88 00 00 00 00 88 00 00 F0 41 88 00 00
A0 40 88 00 00 00 00 88 00 00 00 00 88 00 00 F0
[22:13:26.027] [INFO] [s22-preset-diff] READ 64 byte(s):
41 88 00 00 80 3F 88 00 00 00 00 88 00 00 00 00
88 00 00 00 00 88 00 00 70 41 88 00 00 00 3F 88
00 00 48 42 88 00 00 F0 40 88 00 00 00 00 88 00
00 40 40 88 00 00 D0 40 88 00 00 00 00 88 00 00
[22:13:26.029] [INFO] [s22-preset-diff] READ 64 byte(s):
00 00 88 00 00 C0 40 88 00 00 00 00 88 00 00 70
41 88 00 00 00 3F 88 00 00 48 42 88 00 00 F0 40
88 00 00 00 00 88 00 00 70 41 88 00 00 00 3F 88
00 00 48 42 88 00 00 C8 41 88 00 00 F0 40 88 00
[22:13:26.031] [INFO] [s22-preset-diff] READ 64 byte(s):
00 00 00 88 00 00 40 40 88 00 00 B4 43 88 00 00
F0 42 88 00 00 48 42 88 00 00 A0 40 88 00 00 80
3F 88 00 00 00 00 88 00 00 00 00 88 00 00 00 00
88 00 00 10 41 88 00 00 AF 43 88 00 00 A0 41 88
[22:13:26.033] [INFO] [s22-preset-diff] READ 64 byte(s):
00 00 00 00 88 00 00 48 42 88 00 00 00 00 88 00
00 10 41 88 00 00 AF 43 88 00 00 A0 41 88 00 00
00 00 88 00 00 48 42 BA 6D 88 00 00 00 00 88 00
00 00 00 88 00 00 C8 C2 88 00 00 A0 41 88 00 00
[22:13:26.036] [INFO] [s22-preset-diff] READ 64 byte(s):
70 C2 88 00 00 80 3F 88 00 00 00 00 88 00 00 00
00 88 00 00 00 00 88 00 00 A0 40 88 00 00 80 3F
88 00 00 A0 40 88 00 00 96 43 88 00 00 A0 40 88
33 33 33 3F 88 00 80 3B 44 88 00 00 A0 40 88 00
[22:13:26.039] [INFO] [s22-preset-diff] READ 64 byte(s):
80 ED 44 88 00 00 80 3F 88 00 00 00 00 88 00 00
A0 40 88 00 00 A0 40 88 00 00 C8 42 88 00 00 80
3F 88 00 00 00 00 88 00 00 C8 41 88 00 00 A0 40
88 00 00 00 00 88 00 00 C0 3F 88 00 00 00 00 88
[22:13:26.041] [INFO] [s22-preset-diff] READ 64 byte(s):
00 00 80 3F 88 00 00 C0 3F 88 00 00 00 00 88 00
00 00 00 88 00 00 A0 40 88 00 00 A0 40 88 00 00
80 3F 88 00 00 00 00 88 00 00 80 40 88 00 00 A0
40 88 00 00 00 00 88 00 00 00 00 88 00 00 F0 41
[22:13:26.044] [INFO] [s22-preset-diff] READ 64 byte(s):
88 00 00 A0 40 88 00 00 00 00 88 00 00 00 00 88
00 00 F0 41 88 00 00 A0 40 88 00 00 00 00 88 00
00 00 00 88 00 00 F0 41 88 00 00 A0 40 88 00 00
00 00 88 00 00 00 00 88 00 00 F0 41 88 00 00 A0
[22:13:26.047] [INFO] [s22-preset-diff] READ 64 byte(s):
40 88 00 00 00 00 88 00 00 00 00 88 00 00 F0 41
88 00 00 A0 40 88 00 00 00 00 88 00 00 00 00 88
00 00 F0 41 88 00 00 80 3F 88 00 00 00 00 88 00
00 00 00 88 00 00 00 00 88 00 00 70 41 88 00 00
[22:13:26.050] [INFO] [s22-preset-diff] READ 64 byte(s):
00 3F 88 00 00 48 42 88 00 00 F0 40 88 00 00 00
00 88 00 00 40 40 88 00 00 D0 40 88 00 00 00 00
88 00 00 00 00 88 00 00 C0 40 88 00 00 00 00 88
00 00 70 41 88 00 00 00 3F 88 00 00 48 42 88 00
[22:13:26.055] [INFO] [s22-preset-diff] READ 64 byte(s):
00 F0 40 88 00 00 00 00 88 00 00 70 41 88 00 00
00 3F 88 00 00 48 42 88 00 00 C8 41 88 00 00 F0
40 88 00 00 00 00 88 00 00 40 40 88 00 00 B4 43
88 00 00 F0 42 88 00 00 48 42 88 00 00 A0 40 88
[22:13:26.059] [INFO] [s22-preset-diff] READ 64 byte(s):
00 00 80 3F 88 00 00 00 00 88 00 00 00 00 88 00
00 00 00 88 00 00 10 41 88 00 00 AF 43 88 00 00
A0 41 88 00 00 00 00 88 00 00 48 42 88 00 00 00
00 88 00 00 10 41 88 00 00 AF 43 88 00 00 A0 41
[22:13:26.062] [INFO] [s22-preset-diff] READ 64 byte(s):
88 00 00 00 00 88 00 00 48 42 BA 6D 88 00 00 00
00 88 00 00 00 00 88 00 00 C8 C2 88 00 00 A0 41
88 00 00 70 C2 88 00 00 80 3F 88 00 00 00 00 88
00 00 00 00 88 00 00 00 00 88 00 00 A0 40 88 00
[22:13:26.066] [INFO] [s22-preset-diff] READ 64 byte(s):
00 80 3F 88 00 00 A0 40 88 00 00 96 43 88 00 00
A0 40 88 33 33 33 3F 88 00 80 3B 44 88 00 00 A0
40 88 00 80 ED 44 88 00 00 80 3F 88 00 00 00 00
88 00 00 A0 40 88 00 00 A0 40 88 00 00 C8 42 88
[22:13:26.069] [INFO] [s22-preset-diff] READ 64 byte(s):
00 00 80 3F 88 00 00 00 00 88 00 00 C8 41 88 00
00 A0 40 88 00 00 00 00 88 00 00 C0 3F 88 00 00
00 00 88 00 00 80 3F 88 00 00 C0 3F 88 00 00 00
00 88 00 00 00 00 88 00 00 A0 40 88 00 00 A0 40
[22:13:26.072] [INFO] [s22-preset-diff] READ 64 byte(s):
88 00 00 80 3F 88 00 00 00 00 88 00 00 80 40 88
00 00 A0 40 88 00 00 00 00 88 00 00 00 00 88 00
00 F0 41 88 00 00 A0 40 88 00 00 00 00 88 00 00
00 00 88 00 00 F0 41 88 00 00 A0 40 88 00 00 00
[22:13:26.075] [INFO] [s22-preset-diff] READ 64 byte(s):
00 88 00 00 00 00 88 00 00 F0 41 88 00 00 A0 40
88 00 00 00 00 88 00 00 00 00 88 00 00 F0 41 88
00 00 A0 40 88 00 00 00 00 88 00 00 00 00 88 00
00 F0 41 88 00 00 A0 40 88 00 00 00 00 88 00 00
[22:13:26.078] [INFO] [s22-preset-diff] READ 64 byte(s):
00 00 88 00 00 F0 41 88 00 00 80 3F 88 00 00 00
00 88 00 00 00 00 88 00 00 00 00 88 00 00 70 41
88 00 00 00 3F 88 00 00 48 42 88 00 00 F0 40 88
00 00 00 00 88 00 00 40 40 88 00 00 D0 40 88 00
[22:13:26.082] [INFO] [s22-preset-diff] READ 64 byte(s):
00 00 00 88 00 00 00 00 88 00 00 C0 40 88 00 00
00 00 88 00 00 70 41 88 00 00 00 3F 88 00 00 48
42 88 00 00 F0 40 88 00 00 00 00 88 00 00 70 41
88 00 00 00 3F 88 00 00 48 42 88 00 00 C8 41 88
[22:13:26.085] [INFO] [s22-preset-diff] READ 64 byte(s):
00 00 F0 40 88 00 00 00 00 88 00 00 40 40 88 00
00 B4 43 88 00 00 F0 42 88 00 00 48 42 88 00 00
A0 40 88 00 00 80 3F 88 00 00 00 00 88 00 00 00
00 88 00 00 00 00 88 00 00 10 41 88 00 00 AF 43
[22:13:26.088] [INFO] [s22-preset-diff] READ 64 byte(s):
88 00 00 A0 41 88 00 00 00 00 88 00 00 48 42 88
00 00 00 00 88 00 00 10 41 88 00 00 AF 43 88 00
00 A0 41 88 00 00 00 00 88 00 00 48 42 B9 0D B9
02 BC 21 00 4C 53 3C 83 3A A9 3C 45 04 57 3C 90
[22:13:26.092] [INFO] [s22-preset-diff] READ 64 byte(s):
66 83 3C C1 1C BA 3C 82 B7 43 3C 7D 5D C1 92 3C
87 38 2D 3C 3B 00 B9 02 BC 0B 32 30 32 35 2D 31
32 2D 30 35 00 0A B9 02 BC 21 43 4C 45 41 4E 00
AA 3C E7 B0 52 3C 0E 61 C5 3A 8D 4C 0A BB 04 7C
[22:13:26.096] [INFO] [s22-preset-diff] READ 64 byte(s):
89 3C 0A F7 01 BB E8 2F 74 BA 19 05 B9 02 BC 21
4E 6F 6E 65 00 CA DA 3A 41 57 42 3C A4 34 EF 3A
C1 57 DE 3B E8 5C 85 3B EB 4A 18 3C 28 9C 60 3C
5D 04 B9 02 BC 21 4E 6F 6E 65 00 02 33 3B 10 70
[22:13:26.098] [INFO] [s22-preset-diff] READ 64 byte(s):
00 BC A4 B9 E1 BA 8C 43 8F 3B C8 BA 71 3A 86 09
ED 3A CF 40 A4 3B E3 04 B9 02 BC 21 4E 6F 6E 65
00 E0 09 BC 0F 66 6D BB 63 B6 1C BC 7C A2 10 BC
98 01 26 BB FB 33 6E BC BE 12 A5 BB 45 04 B9 02
[22:13:26.101] [INFO] [s22-preset-diff] READ 64 byte(s):
BC 21 4E 6F 6E 65 00 05 0E 3B B5 FA 3A BB 8B E0
BF BB 21 72 BE BB B9 79 09 BC 3C 8E 10 B7 A6 69
1D BC E8 04 B9 02 BC 21 00 01 2C BA E7 EA 03 BC
D8 05 0C BC 6A 73 01 BB 2E 3E 31 BC 87 EC 5B BB
[22:13:26.103] [INFO] [s22-preset-diff] READ 64 byte(s):
3E 92 9F BB 6B 33 75 BB F5 00 B9 02 BC 21 00 6A
F4 3B 4E E5 2F 3B F6 3C 6B 3B 80 C6 00 3C 2D F2
22 BC 34 7B 28 BC E6 0A A6 BB 80 C3 71 BC 5E 00
B9 02 BC 21 00 C3 76 BB 10 09 C1 3B AF 46 82 3B
[22:13:26.108] [INFO] [s22-preset-diff] READ 64 byte(s):
F8 AA 6E 3B 7D 5E 05 10 3C 6E 5A EC 39 A2 0D 14
3B A9 DD 0C BC 50 00 B9 02 BC 21 00 03 A7 BB 9B
1D 3B BC 63 C0 6D BB 60 0E F9 BB 13 7D 5E 6C BC
63 FA CD BB 18 74 37 BC A1 28 34 BC 38 00 B9 02
[22:13:26.112] [INFO] [s22-preset-diff] READ 64 byte(s):
BC 21 00 36 F5 BB 46 A0 D0 BB 4B 25 A0 3B A2 09
BC BA DE 03 08 BB F0 BF 02 BB C7 84 34 BB 6D C3
A9 B8 A5 00 B9 02 BC 41 00 13 60 BC E1 E8 E4 BB
D0 0D 96 BB 88 F9 B0 BC 8C E3 C2 3B CD 5D 4A 3C
[22:13:26.119] [INFO] [s22-preset-diff] READ 45 byte(s):
7F 5E BD BB 90 37 92 BC 14 66 A5 3C D0 AB B3 3C
0A 9B 22 BD B6 37 32 BD 3C 7C E9 3D FA 30 29 BE
85 51 A8 BB 80 65 00 00 72 00 87 32 7E
[22:13:26.124] [INFO] [s22-preset-diff] WRITE 21 byte(s):
7E B9 03 81 00 03 82 06 00 80 0B 03 B9 04 0B 01
0A 00 B8 DA 7E
[22:13:26.129] [INFO] [s22-preset-diff] READ 64 byte(s):
7E B9 03 81 04 03 81 9D 08 0B B9 03 01 0A B9 04
B9 02 BC 21 54 72 61 64 69 74 69 6F 6E 61 6C 20
4C 6F 47 61 69 6E 00 00 00 00 00 00 00 00 00 00
00 00 00 00 00 12 BA 02 88 00 00 00 00 88 00 00
[22:13:26.132] [INFO] [s22-preset-diff] READ 64 byte(s):
F0 42 BA 03 BA 6D 88 00 00 00 00 88 00 00 00 00
88 00 00 C8 C2 88 00 00 A0 41 88 00 00 70 C2 88
00 00 80 3F 88 00 00 00 00 88 00 00 00 00 88 00
00 00 00 88 00 00 A0 40 88 00 00 80 3F 88 67 66
[22:13:26.134] [INFO] [s22-preset-diff] READ 64 byte(s):
46 40 88 00 00 96 43 88 00 00 A0 40 88 33 33 33
3F 88 00 80 3B 44 88 00 00 A0 40 88 00 80 ED 44
88 00 00 80 3F 88 00 00 00 00 88 CD CC AC 40 88
9A 99 09 41 88 00 00 C8 42 88 00 00 80 3F 88 00
[22:13:26.137] [INFO] [s22-preset-diff] READ 64 byte(s):
00 00 00 88 00 00 C8 41 88 00 00 A0 40 88 00 00
00 00 88 00 00 C0 3F 88 00 00 00 00 88 00 00 80
3F 88 00 00 C0 3F 88 00 00 00 00 88 00 00 00 00
88 00 00 A0 40 88 00 00 A0 40 88 00 00 80 3F 88
[22:13:26.139] [INFO] [s22-preset-diff] READ 64 byte(s):
00 00 00 00 88 00 00 80 40 88 00 00 A0 40 88 00
00 00 00 88 00 00 00 00 88 00 00 F0 41 88 00 00
A0 40 88 00 00 00 00 88 00 00 00 00 88 00 00 F0
41 88 00 00 A0 40 88 00 00 00 00 88 00 00 00 00
[22:13:26.142] [INFO] [s22-preset-diff] READ 64 byte(s):
88 00 00 F0 41 88 00 00 A0 40 88 00 00 00 00 88
00 00 00 00 88 00 00 F0 41 88 00 00 A0 40 88 00
00 00 00 88 00 00 00 00 88 00 00 F0 41 88 00 00
A0 40 88 00 00 00 00 88 00 00 00 00 88 00 00 F0
[22:13:26.147] [INFO] [s22-preset-diff] READ 64 byte(s):
41 88 00 00 80 3F 88 00 00 00 00 88 00 00 00 00
88 00 00 00 00 88 00 00 70 41 88 00 00 00 3F 88
00 00 48 42 88 00 00 F0 40 88 00 00 00 00 88 00
00 40 40 88 00 00 D0 40 88 00 00 00 00 88 00 00
[22:13:26.149] [INFO] [s22-preset-diff] READ 64 byte(s):
00 00 88 00 00 C0 40 88 00 00 00 00 88 00 00 70
41 88 00 00 00 3F 88 00 00 48 42 88 00 00 F0 40
88 00 00 00 00 88 00 00 70 41 88 00 00 00 3F 88
00 00 48 42 88 00 00 C8 41 88 00 00 F0 40 88 00
[22:13:26.150] [INFO] [s22-preset-diff] READ 64 byte(s):
00 00 00 88 00 00 40 40 88 00 00 B4 43 88 00 00
F0 42 88 00 00 48 42 88 00 00 A0 40 88 00 00 80
3F 88 00 00 00 00 88 00 00 00 00 88 00 00 00 00
88 00 00 10 41 88 00 00 AF 43 88 00 00 A0 41 88
[22:13:26.155] [INFO] [s22-preset-diff] READ 64 byte(s):
00 00 00 00 88 00 00 48 42 88 00 00 00 00 88 00
00 10 41 88 00 00 AF 43 88 00 00 A0 41 88 00 00
00 00 88 00 00 48 42 BA 6D 88 00 00 00 00 88 00
00 00 00 88 00 00 C8 C2 88 00 00 A0 41 88 00 00
[22:13:26.158] [INFO] [s22-preset-diff] READ 64 byte(s):
70 C2 88 00 00 80 3F 88 00 00 00 00 88 00 00 00
00 88 00 00 00 00 88 00 00 A0 40 88 00 00 80 3F
88 00 00 A0 40 88 00 00 96 43 88 00 00 A0 40 88
33 33 33 3F 88 00 80 3B 44 88 00 00 A0 40 88 00
[22:13:26.161] [INFO] [s22-preset-diff] READ 64 byte(s):
80 ED 44 88 00 00 80 3F 88 00 00 00 00 88 00 00
A0 40 88 00 00 A0 40 88 00 00 C8 42 88 00 00 80
3F 88 00 00 00 00 88 00 00 C8 41 88 00 00 A0 40
88 00 00 00 00 88 00 00 C0 3F 88 00 00 00 00 88
[22:13:26.163] [INFO] [s22-preset-diff] READ 64 byte(s):
00 00 80 3F 88 00 00 C0 3F 88 00 00 00 00 88 00
00 00 00 88 00 00 A0 40 88 00 00 A0 40 88 00 00
80 3F 88 00 00 00 00 88 00 00 80 40 88 00 00 A0
40 88 00 00 00 00 88 00 00 00 00 88 00 00 F0 41
[22:13:26.167] [INFO] [s22-preset-diff] READ 64 byte(s):
88 00 00 A0 40 88 00 00 00 00 88 00 00 00 00 88
00 00 F0 41 88 00 00 A0 40 88 00 00 00 00 88 00
00 00 00 88 00 00 F0 41 88 00 00 A0 40 88 00 00
00 00 88 00 00 00 00 88 00 00 F0 41 88 00 00 A0
[22:13:26.172] [INFO] [s22-preset-diff] READ 64 byte(s):
40 88 00 00 00 00 88 00 00 00 00 88 00 00 F0 41
88 00 00 A0 40 88 00 00 00 00 88 00 00 00 00 88
00 00 F0 41 88 00 00 80 3F 88 00 00 00 00 88 00
00 00 00 88 00 00 00 00 88 00 00 70 41 88 00 00
[22:13:26.175] [INFO] [s22-preset-diff] READ 64 byte(s):
00 3F 88 00 00 48 42 88 00 00 F0 40 88 00 00 00
00 88 00 00 40 40 88 00 00 D0 40 88 00 00 00 00
88 00 00 00 00 88 00 00 C0 40 88 00 00 00 00 88
00 00 70 41 88 00 00 00 3F 88 00 00 48 42 88 00
[22:13:26.179] [INFO] [s22-preset-diff] READ 64 byte(s):
00 F0 40 88 00 00 00 00 88 00 00 70 41 88 00 00
00 3F 88 00 00 48 42 88 00 00 C8 41 88 00 00 F0
40 88 00 00 00 00 88 00 00 40 40 88 00 00 B4 43
88 00 00 F0 42 88 00 00 48 42 88 00 00 A0 40 88
[22:13:26.181] [INFO] [s22-preset-diff] READ 64 byte(s):
00 00 80 3F 88 00 00 00 00 88 00 00 00 00 88 00
00 00 00 88 00 00 10 41 88 00 00 AF 43 88 00 00
A0 41 88 00 00 00 00 88 00 00 48 42 88 00 00 00
00 88 00 00 10 41 88 00 00 AF 43 88 00 00 A0 41
[22:13:26.185] [INFO] [s22-preset-diff] READ 64 byte(s):
88 00 00 00 00 88 00 00 48 42 BA 6D 88 00 00 00
00 88 00 00 00 00 88 00 00 C8 C2 88 00 00 A0 41
88 00 00 70 C2 88 00 00 80 3F 88 00 00 00 00 88
00 00 00 00 88 00 00 00 00 88 00 00 A0 40 88 00
[22:13:26.190] [INFO] [s22-preset-diff] READ 64 byte(s):
00 80 3F 88 00 00 A0 40 88 00 00 96 43 88 00 00
A0 40 88 33 33 33 3F 88 00 80 3B 44 88 00 00 A0
40 88 00 80 ED 44 88 00 00 80 3F 88 00 00 00 00
88 00 00 A0 40 88 00 00 A0 40 88 00 00 C8 42 88
[22:13:26.194] [INFO] [s22-preset-diff] READ 64 byte(s):
00 00 80 3F 88 00 00 00 00 88 00 00 C8 41 88 00
00 A0 40 88 00 00 00 00 88 00 00 C0 3F 88 00 00
00 00 88 00 00 80 3F 88 00 00 C0 3F 88 00 00 00
00 88 00 00 00 00 88 00 00 A0 40 88 00 00 A0 40
[22:13:26.198] [INFO] [s22-preset-diff] READ 64 byte(s):
88 00 00 80 3F 88 00 00 00 00 88 00 00 80 40 88
00 00 A0 40 88 00 00 00 00 88 00 00 00 00 88 00
00 F0 41 88 00 00 A0 40 88 00 00 00 00 88 00 00
00 00 88 00 00 F0 41 88 00 00 A0 40 88 00 00 00
[22:13:26.204] [INFO] [s22-preset-diff] READ 64 byte(s):
00 88 00 00 00 00 88 00 00 F0 41 88 00 00 A0 40
88 00 00 00 00 88 00 00 00 00 88 00 00 F0 41 88
00 00 A0 40 88 00 00 00 00 88 00 00 00 00 88 00
00 F0 41 88 00 00 A0 40 88 00 00 00 00 88 00 00
[22:13:26.207] [INFO] [s22-preset-diff] READ 64 byte(s):
00 00 88 00 00 F0 41 88 00 00 80 3F 88 00 00 00
00 88 00 00 00 00 88 00 00 00 00 88 00 00 70 41
88 00 00 00 3F 88 00 00 48 42 88 00 00 F0 40 88
00 00 00 00 88 00 00 40 40 88 00 00 D0 40 88 00
[22:13:26.211] [INFO] [s22-preset-diff] READ 64 byte(s):
00 00 00 88 00 00 00 00 88 00 00 C0 40 88 00 00
00 00 88 00 00 70 41 88 00 00 00 3F 88 00 00 48
42 88 00 00 F0 40 88 00 00 00 00 88 00 00 70 41
88 00 00 00 3F 88 00 00 48 42 88 00 00 C8 41 88
[22:13:26.213] [INFO] [s22-preset-diff] READ 64 byte(s):
00 00 F0 40 88 00 00 00 00 88 00 00 40 40 88 00
00 B4 43 88 00 00 F0 42 88 00 00 48 42 88 00 00
A0 40 88 00 00 80 3F 88 00 00 00 00 88 00 00 00
00 88 00 00 00 00 88 00 00 10 41 88 00 00 AF 43
[22:13:26.215] [INFO] [s22-preset-diff] READ 64 byte(s):
88 00 00 A0 41 88 00 00 00 00 88 00 00 48 42 88
00 00 00 00 88 00 00 10 41 88 00 00 AF 43 88 00
00 A0 41 88 00 00 00 00 88 00 00 48 42 B9 0D B9
02 BC 21 00 49 DB 3A C0 05 C3 3B C0 40 9C 3C 6F
[22:13:26.220] [INFO] [s22-preset-diff] READ 64 byte(s):
3B 5F 3C 6C 1A B5 3C EB 26 79 3C A0 D4 35 3C CF
72 D4 3C A1 00 B9 02 BC 0B 32 30 32 35 2D 31 32
2D 30 35 00 0A B9 02 BC 21 43 4C 45 41 4E 00 AD
BB B9 FA CA 3A F5 AA 7F 3B F7 A7 EA 3B A6 63 AA
[22:13:26.223] [INFO] [s22-preset-diff] READ 64 byte(s):
39 23 0D 43 3C 37 FA E8 3B 71 05 B9 02 BC 21 4E
6F 6E 65 00 F3 01 BB 7D 5D 6E 80 3B 18 3E D2 3B
72 35 5F 3C 15 46 9E 3B AB D1 89 BA 4B FF 08 BA
D7 04 B9 02 BC 21 4E 6F 6E 65 00 97 86 3B 12 38
[22:13:26.230] [INFO] [s22-preset-diff] READ 64 byte(s):
E1 3B CD DF F4 3C AC B7 A5 3C BD 00 E0 3B 1D 80
96 BB C0 C9 0F BB 12 04 B9 02 BC 21 4E 6F 6E 65
00 F8 69 3C 79 A9 20 3C 49 09 E3 3B F7 28 25 3B
84 3D 0E BC 1A 92 FD BA 60 B4 04 3C 55 04 B9 02
[22:13:26.233] [INFO] [s22-preset-diff] READ 64 byte(s):
BC 21 4E 6F 6E 65 00 44 09 BC 2C 0F 55 BC 44 7A
5B BC E9 5D 5E 3B 3E 38 F1 BB 0A 61 4C 3B CC 6C
4D 3C 7B 04 B9 02 BC 21 00 02 0E BC 63 F9 94 BA
DC 5B AA BA CB 76 0D B9 59 9F D9 B8 F6 96 00 3B
[22:13:26.238] [INFO] [s22-preset-diff] READ 64 byte(s):
32 9F 0D 3C 7D 5E ED 35 3A 55 00 B9 02 BC 21 00
D8 29 BC 9C E8 8E BB 30 87 C0 BB 8A 06 37 3B A8
17 80 BB 9D 4A 01 BC 17 7F 21 3B EB 29 AB BB 8C
00 B9 02 BC 21 00 F4 5C 3C 8B 8E 92 3C F0 26 B9
[22:13:26.242] [INFO] [s22-preset-diff] READ 64 byte(s):
3B B2 AA 66 3C FE 95 75 3B 3C A9 A3 BB 13 0E C9
3B FD 5E 03 BA D3 00 B9 02 BC 21 00 88 25 3C F8
35 50 3A BE F5 49 BB 75 E5 B3 3B 37 8E 65 3B A0
55 F7 3B 21 44 77 BB 2C A8 45 BB B1 00 B9 02 BC
[22:13:26.247] [INFO] [s22-preset-diff] READ 64 byte(s):
21 00 5F 74 3C 8B 29 53 38 F9 AC 70 3B B1 45 1D
3C C5 44 94 3C 7F 87 13 3C 7B 57 9A 3C 6D 75 1F
3C A7 00 B9 02 BC 41 00 31 B4 3C C3 26 81 3C 4C
23 15 3C C3 37 1A 3C 8A 52 2C 3B 38 71 6D 3C 20
[22:13:26.249] [INFO] [s22-preset-diff] READ 45 byte(s):
30 D6 3C 65 24 41 37 3C E0 C7 3C 79 A5 EB 3C 53
D8 5A 3C 7A DB 84 3D F6 68 7D 5D BD DB 9D EA 3D
85 51 A8 BB 80 65 00 00 72 00 A4 E3 7E
[22:13:26.252] [INFO] [s22-preset-diff] WRITE 21 byte(s):
7E B9 03 81 00 03 82 06 00 80 0B 03 B9 04 0B 01
0B 00 60 C3 7E
[22:13:26.256] [INFO] [s22-preset-diff] READ 64 byte(s):
7E B9 03 81 04 03 81 9D 08 0B B9 03 01 0B B9 04
B9 02 BC 21 43 72 75 6E 63 68 79 20 52 69 67 68
74 20 42 61 73 73 00 00 00 00 00 00 00 00 00 00
00 00 00 00 00 12 BA 02 88 00 00 00 00 88 00 00
[22:13:26.264] [INFO] [s22-preset-diff] READ 64 byte(s):
F0 42 BA 03 BA 6D 88 00 00 00 00 88 00 00 80 3F
88 00 00 7C C2 88 00 00 A0 41 88 00 00 70 C2 88
00 00 80 3F 88 00 00 80 3F 88 00 00 B4 C1 88 00
00 00 00 88 00 00 A0 40 88 00 00 80 3F 88 67 66
[22:13:26.270] [INFO] [s22-preset-diff] READ 64 byte(s):
D6 40 88 00 00 96 43 88 CD CC 4C 40 88 33 33 33
3F 88 00 80 3B 44 88 67 66 C6 40 88 00 80 ED 44
88 00 00 80 3F 88 00 00 00 00 88 9A 99 11 41 88
33 33 0B 41 88 00 00 C8 42 88 00 00 80 3F 88 00
[22:13:26.272] [INFO] [s22-preset-diff] READ 64 byte(s):
00 00 00 88 00 00 C8 41 88 00 00 A0 40 88 00 00
00 00 88 00 00 C0 3F 88 00 00 00 00 88 00 00 80
3F 88 00 00 C0 3F 88 00 00 00 00 88 00 00 00 00
88 00 00 A0 40 88 00 00 A0 40 88 00 00 80 3F 88
[22:13:26.274] [INFO] [s22-preset-diff] READ 64 byte(s):
00 00 80 3F 88 00 00 80 40 88 00 00 A0 40 88 00
00 00 00 88 00 00 00 00 88 00 00 F0 41 88 00 00
A0 40 88 00 00 00 00 88 00 00 00 00 88 00 00 F0
41 88 00 00 A0 40 88 00 00 00 00 88 00 00 00 00
[22:13:26.275] [INFO] [s22-preset-diff] READ 64 byte(s):
88 00 00 F0 41 88 00 00 A0 40 88 00 00 00 00 88
00 00 00 00 88 00 00 F0 41 88 00 00 A0 40 88 00
00 00 00 88 00 00 00 00 88 00 00 00 00 88 00 00
A0 40 88 00 00 00 00 88 00 00 00 00 88 00 00 F0
[22:13:26.277] [INFO] [s22-preset-diff] READ 64 byte(s):
41 88 00 00 80 3F 88 00 00 00 00 88 00 00 00 00
88 00 00 00 00 88 00 00 70 41 88 00 00 00 3F 88
00 00 48 42 88 00 00 F0 40 88 00 00 00 00 88 00
00 40 40 88 00 00 D0 40 88 00 00 00 00 88 00 00
[22:13:26.281] [INFO] [s22-preset-diff] READ 64 byte(s):
00 00 88 00 00 C0 40 88 00 00 00 00 88 00 00 70
41 88 00 00 00 3F 88 00 00 48 42 88 00 00 F0 40
88 00 00 00 00 88 00 00 70 41 88 00 00 00 3F 88
00 00 48 42 88 00 00 C8 41 88 00 00 F0 40 88 00
[22:13:26.286] [INFO] [s22-preset-diff] READ 64 byte(s):
00 00 00 88 00 00 40 40 88 00 00 B4 43 88 00 00
F0 42 88 00 00 48 42 88 00 00 A0 40 88 00 00 80
3F 88 00 00 00 00 88 00 00 00 00 88 00 00 00 00
88 00 00 10 41 88 00 00 AF 43 88 00 00 A0 41 88
[22:13:26.290] [INFO] [s22-preset-diff] READ 64 byte(s):
00 00 00 00 88 00 00 48 42 88 00 00 00 00 88 00
00 10 41 88 00 00 AF 43 88 00 00 A0 41 88 00 00
00 00 88 00 00 48 42 BA 6D 88 00 00 00 00 88 00
00 00 00 88 00 00 C8 C2 88 00 00 A0 41 88 00 00
[22:13:26.293] [INFO] [s22-preset-diff] READ 64 byte(s):
70 C2 88 00 00 80 3F 88 00 00 00 00 88 00 00 00
00 88 00 00 00 00 88 00 00 A0 40 88 00 00 80 3F
88 00 00 A0 40 88 00 00 96 43 88 00 00 A0 40 88
33 33 33 3F 88 00 80 3B 44 88 00 00 A0 40 88 00
[22:13:26.295] [INFO] [s22-preset-diff] READ 64 byte(s):
80 ED 44 88 00 00 80 3F 88 00 00 00 00 88 00 00
A0 40 88 00 00 A0 40 88 00 00 C8 42 88 00 00 80
3F 88 00 00 00 00 88 00 00 C8 41 88 00 00 A0 40
88 00 00 00 00 88 00 00 C0 3F 88 00 00 00 00 88
[22:13:26.300] [INFO] [s22-preset-diff] READ 64 byte(s):
00 00 80 3F 88 00 00 C0 3F 88 00 00 00 00 88 00
00 00 00 88 00 00 A0 40 88 00 00 A0 40 88 00 00
80 3F 88 00 00 00 00 88 00 00 80 40 88 00 00 A0
40 88 00 00 00 00 88 00 00 00 00 88 00 00 F0 41
[22:13:26.303] [INFO] [s22-preset-diff] READ 64 byte(s):
88 00 00 A0 40 88 00 00 00 00 88 00 00 00 00 88
00 00 F0 41 88 00 00 A0 40 88 00 00 00 00 88 00
00 00 00 88 00 00 F0 41 88 00 00 A0 40 88 00 00
00 00 88 00 00 00 00 88 00 00 F0 41 88 00 00 A0
[22:13:26.306] [INFO] [s22-preset-diff] READ 64 byte(s):
40 88 00 00 00 00 88 00 00 00 00 88 00 00 F0 41
88 00 00 A0 40 88 00 00 00 00 88 00 00 00 00 88
00 00 F0 41 88 00 00 80 3F 88 00 00 00 00 88 00
00 00 00 88 00 00 00 00 88 00 00 70 41 88 00 00
[22:13:26.309] [INFO] [s22-preset-diff] READ 64 byte(s):
00 3F 88 00 00 48 42 88 00 00 F0 40 88 00 00 00
00 88 00 00 40 40 88 00 00 D0 40 88 00 00 00 00
88 00 00 00 00 88 00 00 C0 40 88 00 00 00 00 88
00 00 70 41 88 00 00 00 3F 88 00 00 48 42 88 00
[22:13:26.312] [INFO] [s22-preset-diff] READ 64 byte(s):
00 F0 40 88 00 00 00 00 88 00 00 70 41 88 00 00
00 3F 88 00 00 48 42 88 00 00 C8 41 88 00 00 F0
40 88 00 00 00 00 88 00 00 40 40 88 00 00 B4 43
88 00 00 F0 42 88 00 00 48 42 88 00 00 A0 40 88
[22:13:26.314] [INFO] [s22-preset-diff] READ 64 byte(s):
00 00 80 3F 88 00 00 00 00 88 00 00 00 00 88 00
00 00 00 88 00 00 10 41 88 00 00 AF 43 88 00 00
A0 41 88 00 00 00 00 88 00 00 48 42 88 00 00 00
00 88 00 00 10 41 88 00 00 AF 43 88 00 00 A0 41
[22:13:26.317] [INFO] [s22-preset-diff] READ 64 byte(s):
88 00 00 00 00 88 00 00 48 42 BA 6D 88 00 00 00
00 88 00 00 00 00 88 00 00 C8 C2 88 00 00 A0 41
88 00 00 70 C2 88 00 00 80 3F 88 00 00 00 00 88
00 00 00 00 88 00 00 00 00 88 00 00 A0 40 88 00
[22:13:26.319] [INFO] [s22-preset-diff] READ 64 byte(s):
00 80 3F 88 00 00 A0 40 88 00 00 96 43 88 00 00
A0 40 88 33 33 33 3F 88 00 80 3B 44 88 00 00 A0
40 88 00 80 ED 44 88 00 00 80 3F 88 00 00 00 00
88 00 00 A0 40 88 00 00 A0 40 88 00 00 C8 42 88
[22:13:26.321] [INFO] [s22-preset-diff] READ 64 byte(s):
00 00 80 3F 88 00 00 00 00 88 00 00 C8 41 88 00
00 A0 40 88 00 00 00 00 88 00 00 C0 3F 88 00 00
00 00 88 00 00 80 3F 88 00 00 C0 3F 88 00 00 00
00 88 00 00 00 00 88 00 00 A0 40 88 00 00 A0 40
[22:13:26.324] [INFO] [s22-preset-diff] READ 64 byte(s):
88 00 00 80 3F 88 00 00 00 00 88 00 00 80 40 88
00 00 A0 40 88 00 00 00 00 88 00 00 00 00 88 00
00 F0 41 88 00 00 A0 40 88 00 00 00 00 88 00 00
00 00 88 00 00 F0 41 88 00 00 A0 40 88 00 00 00
[22:13:26.326] [INFO] [s22-preset-diff] READ 64 byte(s):
00 88 00 00 00 00 88 00 00 F0 41 88 00 00 A0 40
88 00 00 00 00 88 00 00 00 00 88 00 00 F0 41 88
00 00 A0 40 88 00 00 00 00 88 00 00 00 00 88 00
00 F0 41 88 00 00 A0 40 88 00 00 00 00 88 00 00
[22:13:26.329] [INFO] [s22-preset-diff] READ 64 byte(s):
00 00 88 00 00 F0 41 88 00 00 80 3F 88 00 00 00
00 88 00 00 00 00 88 00 00 00 00 88 00 00 70 41
88 00 00 00 3F 88 00 00 48 42 88 00 00 F0 40 88
00 00 00 00 88 00 00 40 40 88 00 00 D0 40 88 00
[22:13:26.332] [INFO] [s22-preset-diff] READ 64 byte(s):
00 00 00 88 00 00 00 00 88 00 00 C0 40 88 00 00
00 00 88 00 00 70 41 88 00 00 00 3F 88 00 00 48
42 88 00 00 F0 40 88 00 00 00 00 88 00 00 70 41
88 00 00 00 3F 88 00 00 48 42 88 00 00 C8 41 88
[22:13:26.335] [INFO] [s22-preset-diff] READ 64 byte(s):
00 00 F0 40 88 00 00 00 00 88 00 00 40 40 88 00
00 B4 43 88 00 00 F0 42 88 00 00 48 42 88 00 00
A0 40 88 00 00 80 3F 88 00 00 00 00 88 00 00 00
00 88 00 00 00 00 88 00 00 10 41 88 00 00 AF 43
[22:13:26.338] [INFO] [s22-preset-diff] READ 64 byte(s):
88 00 00 A0 41 88 00 00 00 00 88 00 00 48 42 88
00 00 00 00 88 00 00 10 41 88 00 00 AF 43 88 00
00 A0 41 88 00 00 00 00 88 00 00 48 42 B9 0D B9
02 BC 21 00 46 95 3B A0 04 01 3C F7 07 1C 3C 4C
[22:13:26.341] [INFO] [s22-preset-diff] READ 64 byte(s):
27 83 3C 97 45 FE 3B 1E AD EF 3C 06 B9 30 3A 15
7A FC 3B AB 00 B9 02 BC 0B 32 30 32 35 2D 31 32
2D 30 35 00 0A B9 02 BC 21 44 52 49 56 45 00 13
3C 9A 4B B2 3C 87 90 DC 3B 4D 57 A4 3C 5F 2D 0A
[22:13:26.346] [INFO] [s22-preset-diff] READ 64 byte(s):
3C 0D 5E 5F 3C 13 6A 42 3B EB 05 B9 02 BC 21 4E
6F 6E 65 00 D4 D6 BB F4 FF 6F 3C 7F FD 55 BB 22
22 19 3C 91 F4 08 3C 4E 3A B2 3B 3D 80 58 3C E9
04 B9 02 BC 21 4E 6F 6E 65 00 BD 0F 3C 97 0D 02
[22:13:26.349] [INFO] [s22-preset-diff] READ 64 byte(s):
BB A6 58 23 3C 78 E7 98 BB E5 D1 E1 3B 4D D4 FC
BB 14 F2 4B 3C 23 04 B9 02 BC 21 4E 6F 6E 65 00
E1 B0 3A BC C2 2A BA 79 5D C5 3B 98 2A 4B 3C C2
CE EF 3B 63 4F 89 3B 40 6A 91 3B BB 04 B9 02 BC
[22:13:26.352] [INFO] [s22-preset-diff] READ 64 byte(s):
21 4E 6F 6E 65 00 7D 5E F5 3B FF FF 5C 3C A7 EB
66 3B A6 C1 8E 3B 4C D4 89 3B 0A C8 E2 39 4C E0
65 BB 5F 04 B9 02 BC 21 00 42 C8 BB 02 6C D9 BA
81 71 FF BB 18 22 BC BB C1 BC 34 BC 7D 5E 32 44
[22:13:26.355] [INFO] [s22-preset-diff] READ 64 byte(s):
BC E5 AB C9 BB A3 E0 3F BC 81 00 B9 02 BC 21 00
F6 D7 BB 24 39 71 3B 20 52 40 3B 93 8F 52 3B CE
40 20 BC 52 D8 E4 3A A1 38 84 3B CB 4A 12 3C 52
00 B9 02 BC 21 00 10 04 3D 40 B8 BE 3C 9C B2 D8
[22:13:26.358] [INFO] [s22-preset-diff] READ 64 byte(s):
3C 17 BA C5 3C DA 7F 88 3C A5 03 93 3C 75 E8 5B
3C 73 85 7A 3C D8 00 B9 02 BC 21 00 B4 54 BC 1C
88 7D 5D BC CD D1 BD BC 8B DE A4 BC DB 40 14 BC
7F A8 44 BC 50 0E B4 3B 38 FE 21 BC 1A 00 B9 02
[22:13:26.363] [INFO] [s22-preset-diff] READ 64 byte(s):
BC 21 00 B0 0C 3C F2 33 5A BB D6 6E E9 3A 72 0C
D6 3B 6B 85 48 3C 46 83 D7 3B 98 5E 4C 3B BE 8E
30 3C AE 00 B9 02 BC 41 00 0C F3 3B B4 A8 22 3C
50 49 86 3C C4 4A 8A 3C E4 AF 90 3C 65 B0 BE 3C
[22:13:26.365] [INFO] [s22-preset-diff] READ 46 byte(s):
73 75 0B 3C 7D 5E 25 FD 3B 28 04 DF 3A 54 29 DF
3C 1A 86 26 BC 29 C8 19 3D FC 9F 43 BC 66 00 66
3D 85 51 A8 BB 80 65 00 00 72 00 70 94 7E
[22:13:26.371] [INFO] [s22-preset-diff] WRITE 21 byte(s):
7E B9 03 81 00 03 82 06 00 80 0B 03 B9 04 0B 01
0C 00 68 8E 7E
[22:13:26.387] [INFO] [s22-preset-diff] READ 64 byte(s):
7E B9 03 81 04 03 81 9D 08 0B B9 03 01 0C B9 04
B9 02 BC 21 49 6E 73 74 61 6E 74 20 50 69 63 6B
20 56 32 00 00 00 00 00 00 00 00 00 00 00 00 00
00 00 00 00 00 0F BA 02 88 00 00 00 00 88 00 00
[22:13:26.394] [INFO] [s22-preset-diff] READ 64 byte(s):
F0 42 BA 03 BA 6D 88 00 00 80 3F 88 00 00 80 3F
88 00 00 38 C2 88 00 00 82 43 88 00 00 B4 C2 88
00 00 80 3F 88 00 00 80 3F 88 00 00 BC C1 88 00
00 00 00 88 00 00 D0 41 88 00 00 80 3F 88 00 00
[22:13:26.396] [INFO] [s22-preset-diff] READ 64 byte(s):
A0 40 88 00 00 96 43 88 00 00 A0 40 88 33 33 33
3F 88 00 80 3B 44 88 00 00 A0 40 88 00 80 ED 44
88 00 00 80 3F 88 00 00 00 00 88 9A 99 D9 40 88
33 33 33 40 88 00 00 94 42 88 00 00 80 3F 88 00
[22:13:26.399] [INFO] [s22-preset-diff] READ 64 byte(s):
00 00 40 88 00 00 C8 41 88 00 00 A0 40 88 00 00
00 00 88 00 00 C0 3F 88 00 00 00 00 88 00 00 80
3F 88 00 00 C0 3F 88 00 00 00 00 88 00 00 00 00
88 00 00 A0 40 88 00 00 A0 40 88 00 00 80 3F 88
[22:13:26.401] [INFO] [s22-preset-diff] READ 64 byte(s):
00 00 00 00 88 00 00 80 40 88 00 00 A0 40 88 00
00 00 00 88 00 00 00 00 88 00 00 F0 41 88 00 00
A0 40 88 00 00 00 00 88 00 00 00 00 88 00 00 F0
41 88 00 00 A0 40 88 00 00 00 00 88 00 00 00 00
[22:13:26.403] [INFO] [s22-preset-diff] READ 64 byte(s):
88 00 00 F0 41 88 00 00 A0 40 88 00 00 00 00 88
00 00 00 00 88 00 00 F0 41 88 00 00 80 40 88 00
00 00 00 88 00 00 00 00 88 00 00 F0 41 88 00 00
A0 40 88 00 00 00 00 88 00 00 00 00 88 00 00 F0
[22:13:26.407] [INFO] [s22-preset-diff] READ 64 byte(s):
41 88 00 00 80 3F 88 00 00 00 00 88 00 00 00 00
88 00 00 00 00 88 00 00 70 41 88 00 00 00 3F 88
00 00 48 42 88 00 00 F0 40 88 00 00 00 00 88 00
00 40 40 88 00 00 D0 40 88 00 00 00 00 88 00 00
[22:13:26.410] [INFO] [s22-preset-diff] READ 64 byte(s):
00 00 88 00 00 C0 40 88 00 00 00 00 88 00 00 70
41 88 00 00 00 3F 88 00 00 48 42 88 00 00 F0 40
88 00 00 00 00 88 00 00 70 41 88 00 00 00 3F 88
00 00 48 42 88 00 00 C8 41 88 00 00 F0 40 88 00
[22:13:26.413] [INFO] [s22-preset-diff] READ 64 byte(s):
00 00 00 88 00 00 40 40 88 00 00 B4 43 88 00 00
F0 42 88 00 00 48 42 88 00 00 A0 40 88 00 00 80
3F 88 00 00 80 3F 88 00 00 80 3F 88 00 00 00 00
88 00 00 10 41 88 00 00 AF 43 88 00 00 A0 41 88
[22:13:26.415] [INFO] [s22-preset-diff] READ 64 byte(s):
00 00 00 00 88 00 00 48 42 88 00 00 80 3F 88 00
00 40 40 88 00 80 0E 44 88 00 00 28 42 88 00 00
00 00 88 00 00 48 42 BA 6D 88 00 00 00 00 88 00
00 00 00 88 00 00 C8 C2 88 00 00 A0 41 88 00 00
[22:13:26.419] [INFO] [s22-preset-diff] READ 64 byte(s):
70 C2 88 00 00 80 3F 88 00 00 00 00 88 00 00 00
00 88 00 00 00 00 88 00 00 A0 40 88 00 00 80 3F
88 00 00 A0 40 88 00 00 96 43 88 00 00 A0 40 88
33 33 33 3F 88 00 80 3B 44 88 00 00 A0 40 88 00
[22:13:26.424] [INFO] [s22-preset-diff] READ 64 byte(s):
80 ED 44 88 00 00 80 3F 88 00 00 00 00 88 00 00
A0 40 88 00 00 A0 40 88 00 00 C8 42 88 00 00 80
3F 88 00 00 00 00 88 00 00 C8 41 88 00 00 A0 40
88 00 00 00 00 88 00 00 C0 3F 88 00 00 00 00 88
[22:13:26.430] [INFO] [s22-preset-diff] READ 64 byte(s):
00 00 80 3F 88 00 00 C0 3F 88 00 00 00 00 88 00
00 00 00 88 00 00 A0 40 88 00 00 A0 40 88 00 00
80 3F 88 00 00 00 00 88 00 00 80 40 88 00 00 A0
40 88 00 00 00 00 88 00 00 00 00 88 00 00 F0 41
[22:13:26.435] [INFO] [s22-preset-diff] READ 64 byte(s):
88 00 00 A0 40 88 00 00 00 00 88 00 00 00 00 88
00 00 F0 41 88 00 00 A0 40 88 00 00 00 00 88 00
00 00 00 88 00 00 F0 41 88 00 00 A0 40 88 00 00
00 00 88 00 00 00 00 88 00 00 F0 41 88 00 00 A0
[22:13:26.440] [INFO] [s22-preset-diff] READ 64 byte(s):
40 88 00 00 00 00 88 00 00 00 00 88 00 00 F0 41
88 00 00 A0 40 88 00 00 00 00 88 00 00 00 00 88
00 00 F0 41 88 00 00 80 3F 88 00 00 00 00 88 00
00 00 00 88 00 00 00 00 88 00 00 70 41 88 00 00
[22:13:26.443] [INFO] [s22-preset-diff] READ 64 byte(s):
00 3F 88 00 00 48 42 88 00 00 F0 40 88 00 00 00
00 88 00 00 40 40 88 00 00 D0 40 88 00 00 00 00
88 00 00 00 00 88 00 00 C0 40 88 00 00 00 00 88
00 00 70 41 88 00 00 00 3F 88 00 00 48 42 88 00
[22:13:26.447] [INFO] [s22-preset-diff] READ 64 byte(s):
00 F0 40 88 00 00 00 00 88 00 00 70 41 88 00 00
00 3F 88 00 00 48 42 88 00 00 C8 41 88 00 00 F0
40 88 00 00 00 00 88 00 00 40 40 88 00 00 B4 43
88 00 00 F0 42 88 00 00 48 42 88 00 00 A0 40 88
[22:13:26.451] [INFO] [s22-preset-diff] READ 64 byte(s):
00 00 80 3F 88 00 00 00 00 88 00 00 00 00 88 00
00 00 00 88 00 00 10 41 88 00 00 AF 43 88 00 00
A0 41 88 00 00 00 00 88 00 00 48 42 88 00 00 00
00 88 00 00 10 41 88 00 00 AF 43 88 00 00 A0 41
[22:13:26.455] [INFO] [s22-preset-diff] READ 64 byte(s):
88 00 00 00 00 88 00 00 48 42 BA 6D 88 00 00 00
00 88 00 00 00 00 88 00 00 C8 C2 88 00 00 A0 41
88 00 00 70 C2 88 00 00 80 3F 88 00 00 00 00 88
00 00 00 00 88 00 00 00 00 88 00 00 A0 40 88 00
[22:13:26.458] [INFO] [s22-preset-diff] READ 64 byte(s):
00 80 3F 88 00 00 A0 40 88 00 00 96 43 88 00 00
A0 40 88 33 33 33 3F 88 00 80 3B 44 88 00 00 A0
40 88 00 80 ED 44 88 00 00 80 3F 88 00 00 00 00
88 00 00 A0 40 88 00 00 A0 40 88 00 00 C8 42 88
[22:13:26.462] [INFO] [s22-preset-diff] READ 64 byte(s):
00 00 80 3F 88 00 00 00 00 88 00 00 C8 41 88 00
00 A0 40 88 00 00 00 00 88 00 00 C0 3F 88 00 00
00 00 88 00 00 80 3F 88 00 00 C0 3F 88 00 00 00
00 88 00 00 00 00 88 00 00 A0 40 88 00 00 A0 40
[22:13:26.468] [INFO] [s22-preset-diff] READ 64 byte(s):
88 00 00 80 3F 88 00 00 00 00 88 00 00 80 40 88
00 00 A0 40 88 00 00 00 00 88 00 00 00 00 88 00
00 F0 41 88 00 00 A0 40 88 00 00 00 00 88 00 00
00 00 88 00 00 F0 41 88 00 00 A0 40 88 00 00 00
[22:13:26.472] [INFO] [s22-preset-diff] READ 64 byte(s):
00 88 00 00 00 00 88 00 00 F0 41 88 00 00 A0 40
88 00 00 00 00 88 00 00 00 00 88 00 00 F0 41 88
00 00 A0 40 88 00 00 00 00 88 00 00 00 00 88 00
00 F0 41 88 00 00 A0 40 88 00 00 00 00 88 00 00
[22:13:26.475] [INFO] [s22-preset-diff] READ 64 byte(s):
00 00 88 00 00 F0 41 88 00 00 80 3F 88 00 00 00
00 88 00 00 00 00 88 00 00 00 00 88 00 00 70 41
88 00 00 00 3F 88 00 00 48 42 88 00 00 F0 40 88
00 00 00 00 88 00 00 40 40 88 00 00 D0 40 88 00
[22:13:26.479] [INFO] [s22-preset-diff] READ 64 byte(s):
00 00 00 88 00 00 00 00 88 00 00 C0 40 88 00 00
00 00 88 00 00 70 41 88 00 00 00 3F 88 00 00 48
42 88 00 00 F0 40 88 00 00 00 00 88 00 00 70 41
88 00 00 00 3F 88 00 00 48 42 88 00 00 C8 41 88
[22:13:26.484] [INFO] [s22-preset-diff] READ 64 byte(s):
00 00 F0 40 88 00 00 00 00 88 00 00 40 40 88 00
00 B4 43 88 00 00 F0 42 88 00 00 48 42 88 00 00
A0 40 88 00 00 80 3F 88 00 00 00 00 88 00 00 00
00 88 00 00 00 00 88 00 00 10 41 88 00 00 AF 43
[22:13:26.488] [INFO] [s22-preset-diff] READ 64 byte(s):
88 00 00 A0 41 88 00 00 00 00 88 00 00 48 42 88
00 00 00 00 88 00 00 10 41 88 00 00 AF 43 88 00
00 A0 41 88 00 00 00 00 88 00 00 48 42 B9 0D B9
02 BC 21 00 6D 9D BA 37 7A 9F BA 2F CF BC BB F5
[22:13:26.492] [INFO] [s22-preset-diff] READ 64 byte(s):
D2 C7 39 7B 2A 0E 3C 35 27 EA 3B 29 88 22 3C 43
5F F5 BA 61 00 B9 02 BC 0B 32 30 32 35 2D 31 31
2D 32 38 00 0A B9 02 BC 21 44 52 49 56 45 00 25
BB D6 38 D5 BB 01 55 34 BB E8 6B CF 3B 24 AB D7
[22:13:26.497] [INFO] [s22-preset-diff] READ 64 byte(s):
3B 9E B9 31 3C 94 37 40 3B DA 05 B9 02 BC 21 4E
6F 6E 65 00 DC 79 3B 47 F4 8D 3B 34 E8 CB 3B FB
88 F8 BA 0F 4F 6E 3A D4 D7 A1 BA 5C DA 16 BB BA
04 B9 02 BC 21 4E 6F 6E 65 00 89 6B 3B 0B 6D 21
[22:13:26.505] [INFO] [s22-preset-diff] READ 64 byte(s):
3C 7C 99 BE 3B BD 8C FD 3B E2 A7 B2 3B 58 DE 10
BB 45 3B DE 3A FE 04 B9 02 BC 21 4E 6F 6E 65 00
5A AD B9 6D B8 7D 5D 3A 52 D8 09 BB F9 F7 15 3B
0F F4 14 BA CC 2A E1 3B 1E D7 69 3B 41 04 B9 02
[22:13:26.509] [INFO] [s22-preset-diff] READ 64 byte(s):
BC 21 4E 6F 6E 65 00 1A A1 3B CD 1F DC B9 39 24
3A 3B C5 84 EB 3A 6E 78 3A 3B 6F 7C 17 3B 4F 6F
96 BB 9B 04 B9 02 BC 21 00 D7 72 3B 24 16 20 3B
0E 55 32 39 91 7B A3 3A F2 D5 8F BA 0B F9 B8 3B
[22:13:26.517] [INFO] [s22-preset-diff] READ 64 byte(s):
DC BE 4D 3B A7 9E A5 3B DF 00 B9 02 BC 21 00 31
11 BA AF 1C FD 39 B8 5C F1 3B 3A 88 C5 3B 40 6A
D8 3B 65 DD D8 3A 64 D2 31 BB 49 49 21 BB 00 00
B9 02 BC 21 00 68 6A B9 9C 60 75 3B F2 D4 8B 3A
[22:13:26.524] [INFO] [s22-preset-diff] READ 64 byte(s):
41 B9 38 BA 4C 89 C1 3A D9 79 B1 BA D0 2C 33 3B
A5 A4 2C BB D5 00 B9 02 BC 21 00 2A FB 3B 7D 5E
37 10 3C D0 46 66 3B 6F 17 E3 3B DE 88 A7 3A 0B
F0 88 3B D7 F4 83 3B C3 26 67 3B EF 00 B9 02 BC
[22:13:26.530] [INFO] [s22-preset-diff] READ 64 byte(s):
21 00 1A 62 BA 50 51 E8 BB D8 4A 6F BB A6 37 BD
BB 97 86 B7 3A C4 4F 12 3C D6 00 92 3B 8B 79 68
3B 02 00 B9 02 BC 41 00 82 36 BB A1 38 A0 BA 17
B2 A3 3B 06 A1 FB 3A F2 A3 83 3B 69 24 B5 BB 0E
[22:13:26.534] [INFO] [s22-preset-diff] READ 45 byte(s):
AE 6A BB 28 22 E9 BB A0 E4 92 BB 7D 5D 6E 9F BA
C1 D7 D1 BB 4F 8B 6E 3B 5C CA AA BA 7A 5D 35 BC
18 13 C4 98 9F 08 00 00 72 00 E4 78 7E
[22:13:26.540] [INFO] [s22-preset-diff] WRITE 21 byte(s):
7E B9 03 81 00 03 82 06 00 80 0B 03 B9 04 0B 01
0D 00 B0 97 7E
[22:13:26.545] [INFO] [s22-preset-diff] READ 64 byte(s):
7E B9 03 81 04 03 81 9D 08 0B B9 03 01 0D B9 04
B9 02 BC 21 42 53 20 38 30 30 52 42 00 00 00 00
00 00 00 00 00 00 00 00 00 00 00 00 00 00 00 00
00 00 00 00 00 08 BA 02 88 00 00 00 00 88 00 00
[22:13:26.548] [INFO] [s22-preset-diff] READ 64 byte(s):
F0 42 BA 03 BA 6D 88 00 00 80 3F 88 00 00 80 3F
88 00 00 44 C2 88 00 00 91 43 88 00 00 96 C2 88
00 00 80 3F 88 00 00 80 3F 88 00 00 EC C1 88 00
00 00 00 88 00 00 C0 41 88 00 00 80 3F 88 CD CC
[22:13:26.552] [INFO] [s22-preset-diff] READ 64 byte(s):
DC 40 88 00 00 96 43 88 00 00 00 00 88 33 33 33
3F 88 00 80 3B 44 88 9A 99 79 40 88 00 80 ED 44
88 00 00 80 3F 88 00 00 00 00 88 9A 99 99 40 88
CD CC 8C 3F 88 00 00 C8 42 88 00 00 80 3F 88 00
[22:13:26.556] [INFO] [s22-preset-diff] READ 64 byte(s):
00 00 00 88 00 00 10 42 88 9A 99 A9 40 88 00 00
00 00 88 00 00 C0 3F 88 00 00 00 00 88 00 00 80
3F 88 00 00 00 40 88 00 00 00 00 88 00 00 00 00
88 00 00 A0 40 88 00 00 A0 40 88 00 00 80 3F 88
[22:13:26.559] [INFO] [s22-preset-diff] READ 64 byte(s):
00 00 00 00 88 00 00 A0 40 88 00 00 A0 40 88 00
00 00 00 88 00 00 00 00 88 00 00 F0 41 88 00 00
A0 40 88 00 00 00 00 88 00 00 00 00 88 00 00 F0
41 88 00 00 A0 40 88 00 00 00 00 88 00 00 00 00
[22:13:26.560] [INFO] [s22-preset-diff] READ 64 byte(s):
88 00 00 F0 41 88 00 00 A0 40 88 00 00 00 00 88
00 00 00 00 88 00 00 F0 41 88 00 00 A0 40 88 00
00 A0 41 88 00 00 00 00 88 00 00 00 00 88 00 00
20 40 88 00 00 DC 42 88 00 00 20 41 88 00 00 B8
[22:13:26.562] [INFO] [s22-preset-diff] READ 64 byte(s):
42 88 00 00 80 3F 88 00 00 00 00 88 00 00 00 00
88 00 00 00 00 88 00 00 70 41 88 FF FF FF 3E 88
00 00 48 42 88 00 00 F0 40 88 00 00 00 00 88 00
00 40 40 88 00 00 D0 40 88 00 00 00 00 88 00 00
[22:13:26.563] [INFO] [s22-preset-diff] READ 64 byte(s):
00 00 88 00 00 C0 40 88 00 00 00 00 88 00 00 70
41 88 FF FF FF 3E 88 00 00 48 42 88 00 00 F0 40
88 00 00 00 00 88 00 00 70 41 88 FF FF FF 3E 88
00 00 48 42 88 00 00 C8 41 88 00 00 F0 40 88 00
[22:13:26.565] [INFO] [s22-preset-diff] READ 64 byte(s):
00 00 00 88 00 00 40 40 88 00 00 B4 43 88 00 00
F0 42 88 00 00 48 42 88 00 00 A0 40 88 00 00 80
3F 88 00 00 00 00 88 00 00 00 00 88 00 00 00 00
88 00 00 10 41 88 00 00 AF 43 88 00 00 A0 41 88
[22:13:26.568] [INFO] [s22-preset-diff] READ 64 byte(s):
00 00 00 00 88 00 00 48 42 88 00 00 00 00 88 00
00 10 41 88 00 00 AF 43 88 00 00 A0 41 88 00 00
00 00 88 00 00 48 42 BA 6D 88 00 00 00 00 88 00
00 00 00 88 00 00 C8 C2 88 00 00 A0 41 88 00 00
[22:13:26.570] [INFO] [s22-preset-diff] READ 64 byte(s):
70 C2 88 00 00 80 3F 88 00 00 00 00 88 00 00 00
00 88 00 00 00 00 88 00 00 A0 40 88 00 00 80 3F
88 00 00 A0 40 88 00 00 96 43 88 00 00 A0 40 88
33 33 33 3F 88 00 80 3B 44 88 00 00 A0 40 88 00
[22:13:26.573] [INFO] [s22-preset-diff] READ 64 byte(s):
80 ED 44 88 00 00 80 3F 88 00 00 00 00 88 00 00
A0 40 88 00 00 A0 40 88 00 00 C8 42 88 00 00 80
3F 88 00 00 00 00 88 00 00 C8 41 88 00 00 A0 40
88 00 00 00 00 88 00 00 C0 3F 88 00 00 00 00 88
[22:13:26.576] [INFO] [s22-preset-diff] READ 64 byte(s):
00 00 80 3F 88 00 00 C0 3F 88 00 00 00 00 88 00
00 00 00 88 00 00 A0 40 88 00 00 A0 40 88 00 00
80 3F 88 00 00 00 00 88 00 00 80 40 88 00 00 A0
40 88 00 00 00 00 88 00 00 00 00 88 00 00 F0 41
[22:13:26.579] [INFO] [s22-preset-diff] READ 64 byte(s):
88 00 00 A0 40 88 00 00 00 00 88 00 00 00 00 88
00 00 F0 41 88 00 00 A0 40 88 00 00 00 00 88 00
00 00 00 88 00 00 F0 41 88 00 00 A0 40 88 00 00
00 00 88 00 00 00 00 88 00 00 F0 41 88 00 00 A0
[22:13:26.582] [INFO] [s22-preset-diff] READ 64 byte(s):
40 88 00 00 00 00 88 00 00 00 00 88 00 00 F0 41
88 00 00 A0 40 88 00 00 00 00 88 00 00 00 00 88
00 00 F0 41 88 00 00 80 3F 88 00 00 00 00 88 00
00 00 00 88 00 00 00 00 88 00 00 70 41 88 00 00
[22:13:26.584] [INFO] [s22-preset-diff] READ 64 byte(s):
00 3F 88 00 00 48 42 88 00 00 F0 40 88 00 00 00
00 88 00 00 40 40 88 00 00 D0 40 88 00 00 00 00
88 00 00 00 00 88 00 00 C0 40 88 00 00 00 00 88
00 00 70 41 88 00 00 00 3F 88 00 00 48 42 88 00
[22:13:26.587] [INFO] [s22-preset-diff] READ 64 byte(s):
00 F0 40 88 00 00 00 00 88 00 00 70 41 88 00 00
00 3F 88 00 00 48 42 88 00 00 C8 41 88 00 00 F0
40 88 00 00 00 00 88 00 00 40 40 88 00 00 B4 43
88 00 00 F0 42 88 00 00 48 42 88 00 00 A0 40 88
[22:13:26.588] [INFO] [s22-preset-diff] READ 64 byte(s):
00 00 80 3F 88 00 00 00 00 88 00 00 00 00 88 00
00 00 00 88 00 00 10 41 88 00 00 AF 43 88 00 00
A0 41 88 00 00 00 00 88 00 00 48 42 88 00 00 00
00 88 00 00 10 41 88 00 00 AF 43 88 00 00 A0 41
[22:13:26.590] [INFO] [s22-preset-diff] READ 64 byte(s):
88 00 00 00 00 88 00 00 48 42 BA 6D 88 00 00 00
00 88 00 00 00 00 88 00 00 C8 C2 88 00 00 A0 41
88 00 00 70 C2 88 00 00 80 3F 88 00 00 00 00 88
00 00 00 00 88 00 00 00 00 88 00 00 A0 40 88 00
[22:13:26.592] [INFO] [s22-preset-diff] READ 64 byte(s):
00 80 3F 88 00 00 A0 40 88 00 00 96 43 88 00 00
A0 40 88 33 33 33 3F 88 00 80 3B 44 88 00 00 A0
40 88 00 80 ED 44 88 00 00 80 3F 88 00 00 00 00
88 00 00 A0 40 88 00 00 A0 40 88 00 00 C8 42 88
[22:13:26.594] [INFO] [s22-preset-diff] READ 64 byte(s):
00 00 80 3F 88 00 00 00 00 88 00 00 C8 41 88 00
00 A0 40 88 00 00 00 00 88 00 00 C0 3F 88 00 00
00 00 88 00 00 80 3F 88 00 00 C0 3F 88 00 00 00
00 88 00 00 00 00 88 00 00 A0 40 88 00 00 A0 40
[22:13:26.596] [INFO] [s22-preset-diff] READ 64 byte(s):
88 00 00 80 3F 88 00 00 00 00 88 00 00 80 40 88
00 00 A0 40 88 00 00 00 00 88 00 00 00 00 88 00
00 F0 41 88 00 00 A0 40 88 00 00 00 00 88 00 00
00 00 88 00 00 F0 41 88 00 00 A0 40 88 00 00 00
[22:13:26.600] [INFO] [s22-preset-diff] READ 64 byte(s):
00 88 00 00 00 00 88 00 00 F0 41 88 00 00 A0 40
88 00 00 00 00 88 00 00 00 00 88 00 00 F0 41 88
00 00 A0 40 88 00 00 00 00 88 00 00 00 00 88 00
00 F0 41 88 00 00 A0 40 88 00 00 00 00 88 00 00
[22:13:26.602] [INFO] [s22-preset-diff] READ 64 byte(s):
00 00 88 00 00 F0 41 88 00 00 80 3F 88 00 00 00
00 88 00 00 00 00 88 00 00 00 00 88 00 00 70 41
88 00 00 00 3F 88 00 00 48 42 88 00 00 F0 40 88
00 00 00 00 88 00 00 40 40 88 00 00 D0 40 88 00
[22:13:26.604] [INFO] [s22-preset-diff] READ 64 byte(s):
00 00 00 88 00 00 00 00 88 00 00 C0 40 88 00 00
00 00 88 00 00 70 41 88 00 00 00 3F 88 00 00 48
42 88 00 00 F0 40 88 00 00 00 00 88 00 00 70 41
88 00 00 00 3F 88 00 00 48 42 88 00 00 C8 41 88
[22:13:26.605] [INFO] [s22-preset-diff] READ 64 byte(s):
00 00 F0 40 88 00 00 00 00 88 00 00 40 40 88 00
00 B4 43 88 00 00 F0 42 88 00 00 48 42 88 00 00
A0 40 88 00 00 80 3F 88 00 00 00 00 88 00 00 00
00 88 00 00 00 00 88 00 00 10 41 88 00 00 AF 43
[22:13:26.607] [INFO] [s22-preset-diff] READ 64 byte(s):
88 00 00 A0 41 88 00 00 00 00 88 00 00 48 42 88
00 00 00 00 88 00 00 10 41 88 00 00 AF 43 88 00
00 A0 41 88 00 00 00 00 88 00 00 48 42 B9 0D B9
02 BC 21 00 81 C9 BB CA 19 4A BC 87 8E FA BB 9F
[22:13:26.609] [INFO] [s22-preset-diff] READ 64 byte(s):
B7 9E BB 61 83 54 BC 51 63 0A BC A2 09 6E BC 31
AA 20 BC 57 00 B9 02 BC 0B 32 30 32 35 2D 31 31
2D 32 38 00 0A B9 02 BC 21 44 52 49 56 45 00 7D
5D BB 5E AF 85 BB 30 B9 27 BC D9 37 0A BC CF A5
[22:13:26.612] [INFO] [s22-preset-diff] READ 64 byte(s):
21 BC 51 4E BC BB 61 B7 C8 BB 7D 5E 05 B9 02 BC
21 45 6C 65 63 74 72 69 63 20 42 61 73 73 00 7F
BB 33 3A AB BB 28 C0 B4 BB C6 E0 D3 BB 8B B3 EA
BB C6 0D B9 02 BC 21 4E 6F 6E 65 00 42 0E BC D3
[22:13:26.614] [INFO] [s22-preset-diff] READ 64 byte(s):
A6 55 BC 1A 41 46 BC 92 D3 FA BB DE C3 33 BC 77
8D 9C BB 04 18 F7 BB FC 04 B9 02 BC 21 4E 6F 6E
65 00 FB 01 BB 6B 5D 11 BC B5 E0 14 BB 52 DB 23
BC F3 54 CC BB 12 A4 F3 3A 9B 4F 16 BC 54 04 B9
[22:13:26.616] [INFO] [s22-preset-diff] READ 64 byte(s):
02 BC 21 4E 6F 6E 65 00 CF 93 BB F6 31 03 BC 6B
F1 6F BB 6F 2E 9B BB E1 2F 78 BB 00 AF 93 BA 08
D6 9B BB 78 04 B9 02 BC 21 00 67 C4 BB 4D 4E DE
BB 18 D6 8F BB 87 C5 DE BB AC BE D8 BB 9A 76 05
[22:13:26.618] [INFO] [s22-preset-diff] READ 64 byte(s):
BC 50 DE 29 BC 48 C8 AD BB A3 00 B9 02 BC 21 00
4A 00 BC 11 47 01 BC 0C A4 62 BB 36 5A 02 BC 81
1F CA BB E8 95 D6 BB D2 B5 4C BB D9 CD 5C BB 88
00 B9 02 BC 21 00 EC 9F BB E3 80 87 BB 50 F2 77
[22:13:26.621] [INFO] [s22-preset-diff] READ 64 byte(s):
BB 53 9F E0 BB 62 CC 3E BB F6 B2 99 BA A3 4A C7
BB 27 F9 1E BB AC 00 B9 02 BC 21 4E 6F 6E 65 00
B2 99 BB 5A 52 52 3B F4 F7 8B BA 7A D7 D5 3A 02
DC DE B9 32 56 2F BB 46 DC 8A 39 AA 04 B9 02 BC
[22:13:26.624] [INFO] [s22-preset-diff] READ 64 byte(s):
21 4E 6F 6E 65 00 88 53 BB 22 60 C7 BB 00 E9 27
BB 68 B1 8D BB 98 E0 8F BB 2B 6C DA BB EC 68 D7
BB 4E 04 B9 02 BC 41 49 4B 20 4D 75 6C 74 69 6D
65 64 69 61 20 50 72 65 6D 69 75 6D 20 50 72 65
[22:13:26.626] [INFO] [s22-preset-diff] READ 44 byte(s):
73 65 74 00 34 AD BB A9 AF 59 BC 63 AC 01 BC EC
4C A7 BB 3B 76 E5 BC B4 2E D2 3C 87 58 27 BD 18
D4 CB 98 9F 08 00 00 72 1C 36 32 7E
[22:13:26.630] [INFO] [s22-preset-diff] WRITE 21 byte(s):
7E B9 03 81 00 03 82 06 00 80 0B 03 B9 04 0B 01
0E 00 D8 BD 7E
[22:13:26.642] [INFO] [s22-preset-diff] READ 64 byte(s):
7E B9 03 81 04 03 81 9D 08 0B B9 03 01 0E B9 04
B9 02 BC 21 4D 65 64 69 75 6D 20 43 6C 61 73 73
00 00 00 00 00 00 00 00 00 00 00 00 00 00 00 00
00 00 00 00 00 0C BA 02 88 00 00 00 00 88 00 00
[22:13:26.650] [INFO] [s22-preset-diff] READ 64 byte(s):
F0 42 BA 03 BA 6D 88 00 00 00 00 88 00 00 80 3F
88 00 00 48 C2 88 00 00 FA 43 88 00 00 C8 C2 88
00 00 00 00 88 00 00 80 3F 88 00 00 48 C1 88 00
00 80 3F 88 00 00 A8 41 88 00 00 80 3F 88 00 00
[22:13:26.656] [INFO] [s22-preset-diff] READ 64 byte(s):
A0 40 88 00 00 96 43 88 00 00 A0 40 88 33 33 33
3F 88 00 80 3B 44 88 00 00 A0 40 88 00 80 ED 44
88 00 00 80 3F 88 00 00 00 00 88 CD CC 14 41 88
CD CC EC 40 88 00 00 96 42 88 00 00 80 3F 88 00
[22:13:26.661] [INFO] [s22-preset-diff] READ 64 byte(s):
00 00 00 88 00 00 18 42 88 00 00 A0 40 88 00 00
00 00 88 00 00 C0 3F 88 00 00 00 00 88 00 00 80
3F 88 00 00 C0 3F 88 00 00 00 00 88 00 00 00 00
88 00 00 A0 40 88 00 00 A0 40 88 00 00 80 3F 88
[22:13:26.669] [INFO] [s22-preset-diff] READ 64 byte(s):
00 00 00 00 88 00 00 80 40 88 00 00 A0 40 88 00
00 00 00 88 00 00 00 00 88 00 00 F0 41 88 00 00
A0 40 88 00 00 00 00 88 00 00 00 00 88 00 00 F0
41 88 00 00 A0 40 88 00 00 00 00 88 00 00 00 00
[22:13:26.676] [INFO] [s22-preset-diff] READ 64 byte(s):
88 00 00 F0 41 88 00 00 A0 40 88 00 00 00 00 88
00 00 00 00 88 00 00 F0 41 88 00 00 A0 40 88 00
00 00 00 88 00 00 00 00 88 00 00 F0 41 88 00 00
A0 40 88 00 00 00 00 88 00 00 00 00 88 00 00 F0
[22:13:26.679] [INFO] [s22-preset-diff] READ 64 byte(s):
41 88 00 00 80 3F 88 00 00 00 00 88 00 00 00 00
88 00 00 00 00 88 00 00 70 41 88 FF FF FF 3E 88
00 00 48 42 88 00 00 F0 40 88 00 00 00 00 88 00
00 40 40 88 00 00 D0 40 88 00 00 00 00 88 00 00
[22:13:26.686] [INFO] [s22-preset-diff] READ 64 byte(s):
00 00 88 00 00 C0 40 88 00 00 00 00 88 00 00 70
41 88 FF FF FF 3E 88 00 00 48 42 88 00 00 F0 40
88 00 00 00 00 88 00 00 70 41 88 FF FF FF 3E 88
00 00 48 42 88 00 00 C8 41 88 00 00 F0 40 88 00
[22:13:26.688] [INFO] [s22-preset-diff] READ 64 byte(s):
00 00 00 88 00 00 40 40 88 00 00 B4 43 88 00 00
F0 42 88 00 00 48 42 88 00 00 A0 40 88 00 00 80
3F 88 00 00 00 00 88 00 00 80 3F 88 00 00 00 00
88 00 00 10 41 88 00 00 AF 43 88 00 00 A0 41 88
[22:13:26.690] [INFO] [s22-preset-diff] READ 64 byte(s):
00 00 00 00 88 00 00 48 42 88 00 00 00 00 88 00
00 10 41 88 00 00 A0 41 88 00 00 F0 41 88 00 00
00 00 88 00 00 48 42 BA 6D 88 00 00 00 00 88 00
00 00 00 88 00 00 C8 C2 88 00 00 A0 41 88 00 00
[22:13:26.693] [INFO] [s22-preset-diff] READ 64 byte(s):
70 C2 88 00 00 80 3F 88 00 00 00 00 88 00 00 00
00 88 00 00 00 00 88 00 00 A0 40 88 00 00 80 3F
88 00 00 A0 40 88 00 00 96 43 88 00 00 A0 40 88
33 33 33 3F 88 00 80 3B 44 88 00 00 A0 40 88 00
[22:13:26.695] [INFO] [s22-preset-diff] READ 64 byte(s):
80 ED 44 88 00 00 80 3F 88 00 00 00 00 88 00 00
A0 40 88 00 00 A0 40 88 00 00 C8 42 88 00 00 80
3F 88 00 00 00 00 88 00 00 C8 41 88 00 00 A0 40
88 00 00 00 00 88 00 00 C0 3F 88 00 00 00 00 88
[22:13:26.697] [INFO] [s22-preset-diff] READ 64 byte(s):
00 00 80 3F 88 00 00 C0 3F 88 00 00 00 00 88 00
00 00 00 88 00 00 A0 40 88 00 00 A0 40 88 00 00
80 3F 88 00 00 00 00 88 00 00 80 40 88 00 00 A0
40 88 00 00 00 00 88 00 00 00 00 88 00 00 F0 41
[22:13:26.700] [INFO] [s22-preset-diff] READ 64 byte(s):
88 00 00 A0 40 88 00 00 00 00 88 00 00 00 00 88
00 00 F0 41 88 00 00 A0 40 88 00 00 00 00 88 00
00 00 00 88 00 00 F0 41 88 00 00 A0 40 88 00 00
00 00 88 00 00 00 00 88 00 00 F0 41 88 00 00 A0
[22:13:26.703] [INFO] [s22-preset-diff] READ 64 byte(s):
40 88 00 00 00 00 88 00 00 00 00 88 00 00 F0 41
88 00 00 A0 40 88 00 00 00 00 88 00 00 00 00 88
00 00 F0 41 88 00 00 80 3F 88 00 00 00 00 88 00
00 00 00 88 00 00 00 00 88 00 00 70 41 88 00 00
[22:13:26.705] [INFO] [s22-preset-diff] READ 64 byte(s):
00 3F 88 00 00 48 42 88 00 00 F0 40 88 00 00 00
00 88 00 00 40 40 88 00 00 D0 40 88 00 00 00 00
88 00 00 00 00 88 00 00 C0 40 88 00 00 00 00 88
00 00 70 41 88 00 00 00 3F 88 00 00 48 42 88 00
[22:13:26.707] [INFO] [s22-preset-diff] READ 64 byte(s):
00 F0 40 88 00 00 00 00 88 00 00 70 41 88 00 00
00 3F 88 00 00 48 42 88 00 00 C8 41 88 00 00 F0
40 88 00 00 00 00 88 00 00 40 40 88 00 00 B4 43
88 00 00 F0 42 88 00 00 48 42 88 00 00 A0 40 88
[22:13:26.710] [INFO] [s22-preset-diff] READ 64 byte(s):
00 00 80 3F 88 00 00 00 00 88 00 00 00 00 88 00
00 00 00 88 00 00 10 41 88 00 00 AF 43 88 00 00
A0 41 88 00 00 00 00 88 00 00 48 42 88 00 00 00
00 88 00 00 10 41 88 00 00 AF 43 88 00 00 A0 41
[22:13:26.713] [INFO] [s22-preset-diff] READ 64 byte(s):
88 00 00 00 00 88 00 00 48 42 BA 6D 88 00 00 00
00 88 00 00 00 00 88 00 00 C8 C2 88 00 00 A0 41
88 00 00 70 C2 88 00 00 80 3F 88 00 00 00 00 88
00 00 00 00 88 00 00 00 00 88 00 00 A0 40 88 00
[22:13:26.717] [INFO] [s22-preset-diff] READ 64 byte(s):
00 80 3F 88 00 00 A0 40 88 00 00 96 43 88 00 00
A0 40 88 33 33 33 3F 88 00 80 3B 44 88 00 00 A0
40 88 00 80 ED 44 88 00 00 80 3F 88 00 00 00 00
88 00 00 A0 40 88 00 00 A0 40 88 00 00 C8 42 88
[22:13:26.719] [INFO] [s22-preset-diff] READ 64 byte(s):
00 00 80 3F 88 00 00 00 00 88 00 00 C8 41 88 00
00 A0 40 88 00 00 00 00 88 00 00 C0 3F 88 00 00
00 00 88 00 00 80 3F 88 00 00 C0 3F 88 00 00 00
00 88 00 00 00 00 88 00 00 A0 40 88 00 00 A0 40
[22:13:26.724] [INFO] [s22-preset-diff] READ 64 byte(s):
88 00 00 80 3F 88 00 00 00 00 88 00 00 80 40 88
00 00 A0 40 88 00 00 00 00 88 00 00 00 00 88 00
00 F0 41 88 00 00 A0 40 88 00 00 00 00 88 00 00
00 00 88 00 00 F0 41 88 00 00 A0 40 88 00 00 00
[22:13:26.728] [INFO] [s22-preset-diff] READ 64 byte(s):
00 88 00 00 00 00 88 00 00 F0 41 88 00 00 A0 40
88 00 00 00 00 88 00 00 00 00 88 00 00 F0 41 88
00 00 A0 40 88 00 00 00 00 88 00 00 00 00 88 00
00 F0 41 88 00 00 A0 40 88 00 00 00 00 88 00 00
[22:13:26.731] [INFO] [s22-preset-diff] READ 64 byte(s):
00 00 88 00 00 F0 41 88 00 00 80 3F 88 00 00 00
00 88 00 00 00 00 88 00 00 00 00 88 00 00 70 41
88 00 00 00 3F 88 00 00 48 42 88 00 00 F0 40 88
00 00 00 00 88 00 00 40 40 88 00 00 D0 40 88 00
[22:13:26.734] [INFO] [s22-preset-diff] READ 64 byte(s):
00 00 00 88 00 00 00 00 88 00 00 C0 40 88 00 00
00 00 88 00 00 70 41 88 00 00 00 3F 88 00 00 48
42 88 00 00 F0 40 88 00 00 00 00 88 00 00 70 41
88 00 00 00 3F 88 00 00 48 42 88 00 00 C8 41 88
[22:13:26.736] [INFO] [s22-preset-diff] READ 64 byte(s):
00 00 F0 40 88 00 00 00 00 88 00 00 40 40 88 00
00 B4 43 88 00 00 F0 42 88 00 00 48 42 88 00 00
A0 40 88 00 00 80 3F 88 00 00 00 00 88 00 00 00
00 88 00 00 00 00 88 00 00 10 41 88 00 00 AF 43
[22:13:26.737] [INFO] [s22-preset-diff] READ 64 byte(s):
88 00 00 A0 41 88 00 00 00 00 88 00 00 48 42 88
00 00 00 00 88 00 00 10 41 88 00 00 AF 43 88 00
00 A0 41 88 00 00 00 00 88 00 00 48 42 B9 0D B9
02 BC 21 00 45 F2 3B 92 C8 62 3B 99 86 A5 38 5B
[22:13:26.738] [INFO] [s22-preset-diff] READ 64 byte(s):
27 F2 39 CE C2 C5 3B CC 17 0F 3C 40 3A 13 3C 54
DD 99 3B AB 00 B9 02 BC 0B 32 30 32 35 2D 31 32
2D 30 36 00 0A B9 02 BC 21 44 52 49 56 45 00 04
3C F3 04 E6 3B E6 2F 4D 3B 77 51 68 3B 2A 33 9C
[22:13:26.741] [INFO] [s22-preset-diff] READ 64 byte(s):
3B 26 4D F1 3B 2B 61 F1 3B 74 05 B9 02 BC 21 4E
6F 6E 65 00 B4 FD 3A 61 71 A2 3A B3 9B 2A 3B 30
2A 8E 3B DF 80 C2 3B 1A B3 C7 3B A8 FA B1 3B FB
04 B9 02 BC 21 4E 6F 6E 65 00 16 19 3C CE 6C FB
[22:13:26.744] [INFO] [s22-preset-diff] READ 64 byte(s):
3B 68 39 8A 3B 04 FF 81 3B 0C 10 6B 3A 14 34 15
BB B5 93 E3 BA 0C 04 B9 02 BC 21 4E 6F 6E 65 00
CD D2 3B 5D D0 22 3C 9C 32 5A 3C 1C 88 35 3C 24
6A 79 3B A8 08 03 BB 45 7A 97 BB A7 04 B9 02 BC
[22:13:26.746] [INFO] [s22-preset-diff] READ 64 byte(s):
21 4E 6F 6E 65 00 9B 81 3C 04 90 98 3C E5 CD 68
3C 0F 10 DB 3B C8 86 81 3B 33 12 93 3B 5C 73 E1
3B BA 04 B9 02 BC 21 00 26 6F 3C 56 87 38 3C F6
A3 AF 3B 10 18 DD 3A EF 1F 6D 3B EC 51 22 3C D9
[22:13:26.747] [INFO] [s22-preset-diff] READ 64 byte(s):
FF 50 3C FC CB 80 3C D6 00 B9 02 BC 21 00 05 C1
3A 4C 77 24 3B 34 06 2F 3B AE DB 6F 3B 5E 65 B9
3B 2E 84 CA 3B AD 34 68 3B 7C 14 80 3B 7A 00 B9
02 BC 21 00 4F E6 3B 44 75 4D 3C 93 ED 66 3C 03
[22:13:26.749] [INFO] [s22-preset-diff] READ 64 byte(s):
9A 70 3C 7F 98 69 3C C7 A4 E8 3B FB E8 63 3B 68
5A C7 39 3A 00 B9 02 BC 21 00 5A 35 3C B1 D7 B8
3C E4 65 D9 3C 08 CF F9 3C 8D 6E D1 3C 82 46 8E
3C 98 DD 77 3C CC 60 98 3C F2 00 B9 02 BC 21 00
[22:13:26.752] [INFO] [s22-preset-diff] READ 64 byte(s):
EF 35 3C 03 36 CF 3B 68 80 08 3C 63 2D 17 3C 98
F2 37 3C 1D A4 4A 3C 8E D0 82 3C 49 B7 91 3C 47
00 B9 02 BC 41 00 A2 92 3C CC 8D A3 3C 71 E2 86
3C 9C F2 7D 5D 3C 70 D1 44 3C A7 E7 8D 3C C4 12
[22:13:26.754] [INFO] [s22-preset-diff] READ 43 byte(s):
6B 3C A7 21 18 3C D1 C2 A6 3B EB 9A 4C BB 94 A2
04 BC 5A 30 C1 BB 85 9C 4A 3B 5E C1 D2 3B 0D 6A
5C 75 46 94 00 00 72 00 37 89 7E
[22:13:26.759] [INFO] [s22-preset-diff] WRITE 21 byte(s):
7E B9 03 81 00 03 82 06 00 80 0B 03 B9 04 0B 01
0F 00 00 A4 7E
[22:13:26.764] [INFO] [s22-preset-diff] READ 64 byte(s):
7E B9 03 81 04 03 81 9D 08 0B B9 03 01 0F B9 04
B9 02 BC 21 44 72 69 76 65 6E 20 42 61 73 73 20
34 30 30 2B 2C 20 6E 6F 20 63 61 62 00 00 00 00
00 00 00 00 00 18 BA 02 88 00 00 00 00 88 00 00
[22:13:26.768] [INFO] [s22-preset-diff] READ 64 byte(s):
F0 42 BA 03 BA 6D 88 00 00 00 00 88 00 00 00 00
88 00 00 C8 C2 88 00 00 A0 41 88 00 00 70 C2 88
00 00 80 3F 88 00 00 00 00 88 00 00 00 00 88 00
00 00 00 88 00 00 A0 40 88 00 00 80 3F 88 00 00
[22:13:26.770] [INFO] [s22-preset-diff] READ 64 byte(s):
A0 40 88 00 00 96 43 88 00 00 A0 40 88 33 33 33
3F 88 00 80 3B 44 88 00 00 A0 40 88 00 80 ED 44
88 00 00 80 3F 88 00 00 80 3F 88 00 00 A0 40 88
00 00 A0 40 88 00 00 C8 42 88 00 00 80 3F 88 00
[22:13:26.772] [INFO] [s22-preset-diff] READ 64 byte(s):
00 00 40 88 00 00 C8 41 88 00 00 A0 40 88 00 00
00 00 88 00 00 C0 3F 88 00 00 00 00 88 00 00 80
3F 88 00 00 C0 3F 88 00 00 00 00 88 00 00 00 00
88 00 00 A0 40 88 00 00 A0 40 88 00 00 80 3F 88
[22:13:26.774] [INFO] [s22-preset-diff] READ 64 byte(s):
00 00 00 00 88 00 00 80 40 88 00 00 A0 40 88 00
00 00 00 88 00 00 00 00 88 00 00 F0 41 88 00 00
A0 40 88 00 00 00 00 88 00 00 00 00 88 00 00 F0
41 88 00 00 A0 40 88 00 00 00 00 88 00 00 00 00
[22:13:26.778] [INFO] [s22-preset-diff] READ 64 byte(s):
88 00 00 F0 41 88 00 00 A0 40 88 00 00 00 00 88
00 00 00 00 88 00 00 F0 41 88 00 00 A0 40 88 00
00 00 00 88 00 00 00 00 88 00 00 F0 41 88 00 00
A0 40 88 00 00 00 00 88 00 00 00 00 88 00 00 F0
[22:13:26.780] [INFO] [s22-preset-diff] READ 64 byte(s):
41 88 00 00 80 3F 88 00 00 00 00 88 00 00 00 00
88 00 00 00 00 88 00 00 70 41 88 00 00 00 3F 88
00 00 48 42 88 00 00 F0 40 88 00 00 00 00 88 00
00 40 40 88 00 00 D0 40 88 00 00 00 00 88 00 00
[22:13:26.782] [INFO] [s22-preset-diff] READ 64 byte(s):
00 00 88 00 00 C0 40 88 00 00 00 00 88 00 00 70
41 88 00 00 00 3F 88 00 00 48 42 88 00 00 F0 40
88 00 00 00 00 88 00 00 70 41 88 00 00 00 3F 88
00 00 48 42 88 00 00 C8 41 88 00 00 F0 40 88 00
[22:13:26.784] [INFO] [s22-preset-diff] READ 64 byte(s):
00 00 00 88 00 00 40 40 88 00 00 B4 43 88 00 00
F0 42 88 00 00 48 42 88 00 00 A0 40 88 00 00 80
3F 88 00 00 00 00 88 00 00 00 00 88 00 00 00 00
88 00 00 10 41 88 00 00 AF 43 88 00 00 A0 41 88
[22:13:26.786] [INFO] [s22-preset-diff] READ 64 byte(s):
00 00 00 00 88 00 00 48 42 88 00 00 00 00 88 00
00 10 41 88 00 00 AF 43 88 00 00 A0 41 88 00 00
00 00 88 00 00 48 42 BA 6D 88 00 00 00 00 88 00
00 00 00 88 00 00 C8 C2 88 00 00 A0 41 88 00 00
[22:13:26.788] [INFO] [s22-preset-diff] READ 64 byte(s):
70 C2 88 00 00 80 3F 88 00 00 00 00 88 00 00 00
00 88 00 00 00 00 88 00 00 A0 40 88 00 00 80 3F
88 00 00 A0 40 88 00 00 96 43 88 00 00 A0 40 88
33 33 33 3F 88 00 80 3B 44 88 00 00 A0 40 88 00
[22:13:26.790] [INFO] [s22-preset-diff] READ 64 byte(s):
80 ED 44 88 00 00 80 3F 88 00 00 80 3F 88 00 00
A0 40 88 00 00 A0 40 88 00 00 C8 42 88 00 00 80
3F 88 00 00 00 00 88 00 00 C8 41 88 00 00 A0 40
88 00 00 00 00 88 00 00 C0 3F 88 00 00 00 00 88
[22:13:26.792] [INFO] [s22-preset-diff] READ 64 byte(s):
00 00 80 3F 88 00 00 C0 3F 88 00 00 00 00 88 00
00 00 00 88 00 00 A0 40 88 00 00 A0 40 88 00 00
80 3F 88 00 00 00 00 88 00 00 80 40 88 00 00 A0
40 88 00 00 00 00 88 00 00 00 00 88 00 00 F0 41
[22:13:26.794] [INFO] [s22-preset-diff] READ 64 byte(s):
88 00 00 A0 40 88 00 00 00 00 88 00 00 00 00 88
00 00 F0 41 88 00 00 A0 40 88 00 00 00 00 88 00
00 00 00 88 00 00 F0 41 88 00 00 A0 40 88 00 00
00 00 88 00 00 00 00 88 00 00 F0 41 88 00 00 A0
[22:13:26.796] [INFO] [s22-preset-diff] READ 64 byte(s):
40 88 00 00 00 00 88 00 00 00 00 88 00 00 F0 41
88 00 00 A0 40 88 00 00 00 00 88 00 00 00 00 88
00 00 F0 41 88 00 00 80 3F 88 00 00 00 00 88 00
00 00 00 88 00 00 00 00 88 00 00 70 41 88 00 00
[22:13:26.798] [INFO] [s22-preset-diff] READ 64 byte(s):
00 3F 88 00 00 48 42 88 00 00 F0 40 88 00 00 00
00 88 00 00 40 40 88 00 00 D0 40 88 00 00 00 00
88 00 00 00 00 88 00 00 C0 40 88 00 00 00 00 88
00 00 70 41 88 00 00 00 3F 88 00 00 48 42 88 00
[22:13:26.799] [INFO] [s22-preset-diff] READ 64 byte(s):
00 F0 40 88 00 00 00 00 88 00 00 70 41 88 00 00
00 3F 88 00 00 48 42 88 00 00 C8 41 88 00 00 F0
40 88 00 00 00 00 88 00 00 40 40 88 00 00 B4 43
88 00 00 F0 42 88 00 00 48 42 88 00 00 A0 40 88
[22:13:26.803] [INFO] [s22-preset-diff] READ 64 byte(s):
00 00 80 3F 88 00 00 00 00 88 00 00 00 00 88 00
00 00 00 88 00 00 10 41 88 00 00 AF 43 88 00 00
A0 41 88 00 00 00 00 88 00 00 48 42 88 00 00 00
00 88 00 00 10 41 88 00 00 AF 43 88 00 00 A0 41
[22:13:26.807] [INFO] [s22-preset-diff] READ 64 byte(s):
88 00 00 00 00 88 00 00 48 42 BA 6D 88 00 00 00
00 88 00 00 00 00 88 00 00 C8 C2 88 00 00 A0 41
88 00 00 70 C2 88 00 00 80 3F 88 00 00 00 00 88
00 00 00 00 88 00 00 00 00 88 00 00 A0 40 88 00
[22:13:26.811] [INFO] [s22-preset-diff] READ 64 byte(s):
00 80 3F 88 00 00 A0 40 88 00 00 96 43 88 00 00
A0 40 88 33 33 33 3F 88 00 80 3B 44 88 00 00 A0
40 88 00 80 ED 44 88 00 00 80 3F 88 00 00 80 3F
88 00 00 A0 40 88 00 00 A0 40 88 00 00 C8 42 88
[22:13:26.814] [INFO] [s22-preset-diff] READ 64 byte(s):
00 00 80 3F 88 00 00 00 00 88 00 00 C8 41 88 00
00 A0 40 88 00 00 00 00 88 00 00 C0 3F 88 00 00
00 00 88 00 00 80 3F 88 00 00 C0 3F 88 00 00 00
00 88 00 00 00 00 88 00 00 A0 40 88 00 00 A0 40
[22:13:26.819] [INFO] [s22-preset-diff] READ 64 byte(s):
88 00 00 80 3F 88 00 00 00 00 88 00 00 80 40 88
00 00 A0 40 88 00 00 00 00 88 00 00 00 00 88 00
00 F0 41 88 00 00 A0 40 88 00 00 00 00 88 00 00
00 00 88 00 00 F0 41 88 00 00 A0 40 88 00 00 00
[22:13:26.820] [INFO] [s22-preset-diff] READ 64 byte(s):
00 88 00 00 00 00 88 00 00 F0 41 88 00 00 A0 40
88 00 00 00 00 88 00 00 00 00 88 00 00 F0 41 88
00 00 A0 40 88 00 00 00 00 88 00 00 00 00 88 00
00 F0 41 88 00 00 A0 40 88 00 00 00 00 88 00 00
[22:13:26.826] [INFO] [s22-preset-diff] READ 64 byte(s):
00 00 88 00 00 F0 41 88 00 00 80 3F 88 00 00 00
00 88 00 00 00 00 88 00 00 00 00 88 00 00 70 41
88 00 00 00 3F 88 00 00 48 42 88 00 00 F0 40 88
00 00 00 00 88 00 00 40 40 88 00 00 D0 40 88 00
[22:13:26.836] [INFO] [s22-preset-diff] READ 64 byte(s):
00 00 00 88 00 00 00 00 88 00 00 C0 40 88 00 00
00 00 88 00 00 70 41 88 00 00 00 3F 88 00 00 48
42 88 00 00 F0 40 88 00 00 00 00 88 00 00 70 41
88 00 00 00 3F 88 00 00 48 42 88 00 00 C8 41 88
[22:13:26.838] [INFO] [s22-preset-diff] READ 64 byte(s):
00 00 F0 40 88 00 00 00 00 88 00 00 40 40 88 00
00 B4 43 88 00 00 F0 42 88 00 00 48 42 88 00 00
A0 40 88 00 00 80 3F 88 00 00 00 00 88 00 00 00
00 88 00 00 00 00 88 00 00 10 41 88 00 00 AF 43
[22:13:26.840] [INFO] [s22-preset-diff] READ 64 byte(s):
88 00 00 A0 41 88 00 00 00 00 88 00 00 48 42 88
00 00 00 00 88 00 00 10 41 88 00 00 AF 43 88 00
00 A0 41 88 00 00 00 00 88 00 00 48 42 B9 0D B9
02 BC 21 00 A1 82 BC 07 FC 3C BB B3 8F 64 3A DF
[22:13:26.842] [INFO] [s22-preset-diff] READ 64 byte(s):
A4 0D 3B 13 49 51 BC 30 78 84 BC 23 0C EA 39 24
2A 66 3C 90 00 B9 02 BC 0B 32 30 32 35 2D 31 32
2D 31 30 00 0A B9 02 BC 21 44 52 49 56 45 00 62
BC 75 92 13 BC 17 47 DF BB 4E 2F F4 BB 12 22 A4
[22:13:26.845] [INFO] [s22-preset-diff] READ 64 byte(s):
BB C0 B4 7C BB E0 C5 B3 38 0A 05 B9 02 BC 21 4E
6F 6E 65 00 DC 11 BC 2D 07 C7 BC 4E A9 AA BC 01
1D 8F BC 62 58 54 BC 4C 0F 7C 3A 2D F7 1F 3B 4D
04 B9 02 BC 21 4E 6F 6E 65 00 74 57 BB 6D 33 44
[22:13:26.847] [INFO] [s22-preset-diff] READ 64 byte(s):
3C E1 33 68 3C EB 69 57 3C 8F 98 2C 3B 73 B5 62
BA 2C FE A6 BB 28 04 B9 02 BC 21 4E 6F 6E 65 00
A2 2E BC 90 63 50 BC D9 FE AC BB 0D 7A 5E BB 9B
48 5F BB 29 02 10 BC 0D 7B 59 BB 94 04 B9 02 BC
[22:13:26.849] [INFO] [s22-preset-diff] READ 64 byte(s):
21 4E 6F 6E 65 00 C3 8E BB B6 5E 05 BC EA 71 FB
39 67 82 89 BC 6E C2 22 BC B3 06 9F BB C0 4B F7
36 8E 04 B9 02 BC 21 00 DD 40 BC 4D 78 1A BC 46
67 D9 BA F3 22 CB 3B 6F 4A 57 3C E3 37 54 3C E1
[22:13:26.851] [INFO] [s22-preset-diff] READ 64 byte(s):
7A 0D BA 67 DC F4 BB 65 00 B9 02 BC 21 00 EA 0C
3A 87 66 97 3B 32 46 5B BB 95 91 63 3B B4 57 E2
3A A9 16 97 3C 37 DE 97 3B B0 88 14 BB 4C 00 B9
02 BC 21 00 43 1D 3C 0D A5 04 BB 4D 40 3E 3C F6
[22:13:26.853] [INFO] [s22-preset-diff] READ 64 byte(s):
C0 82 BC 72 DD 13 BC 81 F9 97 BA 5F 1B 28 3C 7C
2E CE B9 D0 00 B9 02 BC 21 00 59 7D 5E 3C 52 0F
AC 3B 39 0D 33 BC 22 52 08 BB 4F A0 00 3C B6 07
F7 3B D2 5F FB 3A A6 C5 2C BA 63 00 B9 02 BC 21
[22:13:26.855] [INFO] [s22-preset-diff] READ 64 byte(s):
00 7F 84 3B 76 A4 25 BC 2D B3 51 3A 93 5D B3 BB
4C 44 AD BA 4E 10 38 BA 7A 13 1D 3B A3 07 9C BC
74 00 B9 02 BC 41 00 D9 04 BA 78 2D 1E 3B 26 BB
DE BB 86 8B 6A 3C E1 6D DF 3C 64 08 32 3C D8 C5
[22:13:26.857] [INFO] [s22-preset-diff] READ 44 byte(s):
AC BB 6A 07 AB BC 4D 6E 9E BB A9 C7 E2 3B 09 3B
43 3C C7 02 10 3C 06 C2 F7 3C B1 1C 12 3D 7A 38
F5 50 61 7D 5D 00 00 72 00 B3 0E 7E
[22:13:26.861] [INFO] [s22-preset-diff] WRITE 21 byte(s):
7E B9 03 81 00 03 82 06 00 80 0B 03 B9 04 0B 01
10 00 59 B2 7E
[22:13:26.869] [INFO] [s22-preset-diff] READ 64 byte(s):
7E B9 03 81 04 03 81 9D 08 0B B9 03 01 10 B9 04
B9 02 BC 21 42 6F 6F 67 69 65 20 34 30 30 20 32
00 00 00 00 00 00 00 00 00 00 00 00 00 00 00 00
00 00 00 00 00 0C BA 02 88 00 00 00 00 88 00 00
[22:13:26.874] [INFO] [s22-preset-diff] READ 64 byte(s):
F0 42 BA 03 BA 6D 88 00 00 00 00 88 00 00 80 3F
88 00 00 98 C2 88 00 00 FA 43 88 00 00 AA C2 88
00 00 80 3F 88 00 00 80 3F 88 00 00 EC C1 88 00
00 80 40 88 00 00 A0 41 88 00 00 80 3F 88 00 00
[22:13:26.880] [INFO] [s22-preset-diff] READ 64 byte(s):
A0 40 88 00 00 96 43 88 9A 99 B9 40 88 33 33 33
3F 88 00 80 3B 44 88 00 00 A0 40 88 00 80 ED 44
88 00 00 80 3F 88 00 00 80 3F 88 00 00 20 41 88
00 00 A0 40 88 00 00 A0 42 88 00 00 80 3F 88 00
[22:13:26.886] [INFO] [s22-preset-diff] READ 64 byte(s):
00 80 3F 88 00 00 10 42 88 00 00 A0 40 88 00 00
00 00 88 00 00 00 00 88 00 00 20 41 88 00 00 80
3F 88 00 00 00 00 88 00 00 00 00 88 00 00 00 00
88 00 00 20 41 88 00 00 A0 40 88 00 00 80 3F 88
[22:13:26.891] [INFO] [s22-preset-diff] READ 64 byte(s):
00 00 00 00 88 00 00 80 40 88 00 00 A0 40 88 00
00 00 00 88 00 00 00 00 88 00 00 F0 41 88 00 00
A0 40 88 00 00 00 00 88 00 00 00 00 88 00 00 F0
41 88 00 00 A0 40 88 00 00 00 00 88 00 00 00 00
[22:13:26.893] [INFO] [s22-preset-diff] READ 64 byte(s):
88 00 00 F0 41 88 00 00 A0 40 88 00 00 00 00 88
00 00 00 00 88 00 00 F0 41 88 00 00 A0 40 88 00
00 00 00 88 00 00 00 00 88 00 00 B8 41 88 00 00
A0 40 88 00 00 00 00 88 00 00 00 00 88 00 00 F0
[22:13:26.896] [INFO] [s22-preset-diff] READ 64 byte(s):
41 88 00 00 80 3F 88 00 00 00 00 88 00 00 00 00
88 00 00 00 00 88 00 00 70 41 88 00 00 00 3F 88
00 00 48 42 88 00 00 F0 40 88 00 00 00 00 88 00
00 40 40 88 00 00 D0 40 88 00 00 00 00 88 00 00
[22:13:26.900] [INFO] [s22-preset-diff] READ 64 byte(s):
00 00 88 00 00 C0 40 88 00 00 00 00 88 00 00 70
41 88 00 00 00 3F 88 00 00 48 42 88 00 00 F0 40
88 00 00 00 00 88 00 00 70 41 88 00 00 00 3F 88
00 00 48 42 88 00 00 C8 41 88 00 00 F0 40 88 00
[22:13:26.903] [INFO] [s22-preset-diff] READ 64 byte(s):
00 00 00 88 00 00 40 40 88 00 00 B4 43 88 00 00
F0 42 88 00 00 48 42 88 00 00 A0 40 88 00 00 80
3F 88 00 00 00 00 88 00 00 00 00 88 00 00 00 00
88 00 00 10 41 88 00 00 AF 43 88 00 00 A0 41 88
[22:13:26.906] [INFO] [s22-preset-diff] READ 64 byte(s):
00 00 00 00 88 00 00 48 42 88 00 00 00 00 88 00
00 10 41 88 00 00 AF 43 88 00 00 A0 41 88 00 00
00 00 88 00 00 48 42 BA 6D 88 00 00 00 00 88 00
00 00 00 88 00 00 C8 C2 88 00 00 A0 41 88 00 00
[22:13:26.909] [INFO] [s22-preset-diff] READ 64 byte(s):
70 C2 88 00 00 80 3F 88 00 00 00 00 88 00 00 00
00 88 00 00 00 00 88 00 00 A0 40 88 00 00 80 3F
88 00 00 A0 40 88 00 00 96 43 88 00 00 A0 40 88
33 33 33 3F 88 00 80 3B 44 88 00 00 A0 40 88 00
[22:13:26.913] [INFO] [s22-preset-diff] READ 64 byte(s):
80 ED 44 88 00 00 80 3F 88 00 00 80 3F 88 00 00
A0 40 88 00 00 A0 40 88 00 00 C8 42 88 00 00 80
3F 88 00 00 00 00 88 00 00 C8 41 88 00 00 A0 40
88 00 00 00 00 88 00 00 C0 3F 88 00 00 00 00 88
[22:13:26.916] [INFO] [s22-preset-diff] READ 64 byte(s):
00 00 80 3F 88 00 00 C0 3F 88 00 00 00 00 88 00
00 00 00 88 00 00 A0 40 88 00 00 A0 40 88 00 00
80 3F 88 00 00 00 00 88 00 00 80 40 88 00 00 A0
40 88 00 00 00 00 88 00 00 00 00 88 00 00 F0 41
[22:13:26.920] [INFO] [s22-preset-diff] READ 64 byte(s):
88 00 00 A0 40 88 00 00 00 00 88 00 00 00 00 88
00 00 F0 41 88 00 00 A0 40 88 00 00 00 00 88 00
00 00 00 88 00 00 F0 41 88 00 00 A0 40 88 00 00
00 00 88 00 00 00 00 88 00 00 F0 41 88 00 00 A0
[22:13:26.923] [INFO] [s22-preset-diff] READ 64 byte(s):
40 88 00 00 00 00 88 00 00 00 00 88 00 00 F0 41
88 00 00 A0 40 88 00 00 00 00 88 00 00 00 00 88
00 00 F0 41 88 00 00 80 3F 88 00 00 00 00 88 00
00 00 00 88 00 00 00 00 88 00 00 70 41 88 00 00
[22:13:26.926] [INFO] [s22-preset-diff] READ 64 byte(s):
00 3F 88 00 00 48 42 88 00 00 F0 40 88 00 00 00
00 88 00 00 40 40 88 00 00 D0 40 88 00 00 00 00
88 00 00 00 00 88 00 00 C0 40 88 00 00 00 00 88
00 00 70 41 88 00 00 00 3F 88 00 00 48 42 88 00
[22:13:26.930] [INFO] [s22-preset-diff] READ 64 byte(s):
00 F0 40 88 00 00 00 00 88 00 00 70 41 88 00 00
00 3F 88 00 00 48 42 88 00 00 C8 41 88 00 00 F0
40 88 00 00 00 00 88 00 00 40 40 88 00 00 B4 43
88 00 00 F0 42 88 00 00 48 42 88 00 00 A0 40 88
[22:13:26.933] [INFO] [s22-preset-diff] READ 64 byte(s):
00 00 80 3F 88 00 00 00 00 88 00 00 00 00 88 00
00 00 00 88 00 00 10 41 88 00 00 AF 43 88 00 00
A0 41 88 00 00 00 00 88 00 00 48 42 88 00 00 00
00 88 00 00 10 41 88 00 00 AF 43 88 00 00 A0 41
[22:13:26.936] [INFO] [s22-preset-diff] READ 64 byte(s):
88 00 00 00 00 88 00 00 48 42 BA 6D 88 00 00 00
00 88 00 00 00 00 88 00 00 C8 C2 88 00 00 A0 41
88 00 00 70 C2 88 00 00 80 3F 88 00 00 00 00 88
00 00 00 00 88 00 00 00 00 88 00 00 A0 40 88 00
[22:13:26.939] [INFO] [s22-preset-diff] READ 64 byte(s):
00 80 3F 88 00 00 A0 40 88 00 00 96 43 88 00 00
A0 40 88 33 33 33 3F 88 00 80 3B 44 88 00 00 A0
40 88 00 80 ED 44 88 00 00 80 3F 88 00 00 80 3F
88 00 00 A0 40 88 00 00 A0 40 88 00 00 C8 42 88
[22:13:26.944] [INFO] [s22-preset-diff] READ 64 byte(s):
00 00 80 3F 88 00 00 00 00 88 00 00 C8 41 88 00
00 A0 40 88 00 00 00 00 88 00 00 C0 3F 88 00 00
00 00 88 00 00 80 3F 88 00 00 C0 3F 88 00 00 00
00 88 00 00 00 00 88 00 00 A0 40 88 00 00 A0 40
[22:13:26.950] [INFO] [s22-preset-diff] READ 64 byte(s):
88 00 00 80 3F 88 00 00 00 00 88 00 00 80 40 88
00 00 A0 40 88 00 00 00 00 88 00 00 00 00 88 00
00 F0 41 88 00 00 A0 40 88 00 00 00 00 88 00 00
00 00 88 00 00 F0 41 88 00 00 A0 40 88 00 00 00
[22:13:26.954] [INFO] [s22-preset-diff] READ 64 byte(s):
00 88 00 00 00 00 88 00 00 F0 41 88 00 00 A0 40
88 00 00 00 00 88 00 00 00 00 88 00 00 F0 41 88
00 00 A0 40 88 00 00 00 00 88 00 00 00 00 88 00
00 F0 41 88 00 00 A0 40 88 00 00 00 00 88 00 00
[22:13:26.958] [INFO] [s22-preset-diff] READ 64 byte(s):
00 00 88 00 00 F0 41 88 00 00 80 3F 88 00 00 00
00 88 00 00 00 00 88 00 00 00 00 88 00 00 70 41
88 00 00 00 3F 88 00 00 48 42 88 00 00 F0 40 88
00 00 00 00 88 00 00 40 40 88 00 00 D0 40 88 00
[22:13:26.963] [INFO] [s22-preset-diff] READ 64 byte(s):
00 00 00 88 00 00 00 00 88 00 00 C0 40 88 00 00
00 00 88 00 00 70 41 88 00 00 00 3F 88 00 00 48
42 88 00 00 F0 40 88 00 00 00 00 88 00 00 70 41
88 00 00 00 3F 88 00 00 48 42 88 00 00 C8 41 88
[22:13:26.966] [INFO] [s22-preset-diff] READ 64 byte(s):
00 00 F0 40 88 00 00 00 00 88 00 00 40 40 88 00
00 B4 43 88 00 00 F0 42 88 00 00 48 42 88 00 00
A0 40 88 00 00 80 3F 88 00 00 00 00 88 00 00 00
00 88 00 00 00 00 88 00 00 10 41 88 00 00 AF 43
[22:13:26.974] [INFO] [s22-preset-diff] READ 64 byte(s):
88 00 00 A0 41 88 00 00 00 00 88 00 00 48 42 88
00 00 00 00 88 00 00 10 41 88 00 00 AF 43 88 00
00 A0 41 88 00 00 00 00 88 00 00 48 42 B9 0D B9
02 BC 21 00 EE 04 3B F5 2C 07 3C 93 91 A8 3B 7D
[22:13:26.977] [INFO] [s22-preset-diff] READ 64 byte(s):
5D 1A C8 3B AC 7D 5D 08 3C CA A5 1C 3B 3B EC FD
3A 25 36 76 3B 85 00 B9 02 BC 0B 32 30 32 35 2D
31 32 2D 31 30 00 0A B9 02 BC 21 44 52 49 56 45
00 DD 3B 99 B6 00 3C 40 03 FB 3A 4A F0 58 39 93
[22:13:26.979] [INFO] [s22-preset-diff] READ 64 byte(s):
7A 80 3B 34 D4 59 3C D7 E6 C1 3B 47 05 B9 02 BC
21 4E 6F 6E 65 00 82 A5 3B 9E 0C BA 3B 19 6A 62
3B 72 68 DA 3B F3 06 57 3B 93 68 1C 3C 73 6F 10
3C F6 04 B9 02 BC 21 4E 6F 6E 65 00 94 E9 BA E5
[22:13:26.981] [INFO] [s22-preset-diff] READ 64 byte(s):
44 B1 3B 02 B2 2E 3C FC 05 2F 3C F2 50 92 3B EB
E5 06 BA 23 34 01 3C 47 04 B9 02 BC 21 4E 6F 6E
65 00 E4 F4 3B 0A 28 A6 3B 43 50 A9 3B B3 54 CA
3B 46 7D 5E 39 3B 9C 4D E5 B9 E2 EA 34 3B EC 04
[22:13:26.984] [INFO] [s22-preset-diff] READ 64 byte(s):
B9 02 BC 21 4E 6F 6E 65 00 1B FD 3B 4A CD 8C 3B
29 3D 74 39 B3 AA 29 BA ED 30 B2 3B 12 15 1B 3C
C5 A2 6A 3B 22 04 B9 02 BC 21 00 1F 55 3C 2D 0A
2F 3C 98 4C 23 3B 76 6A CB BB 92 DD 19 39 2D 82
[22:13:26.986] [INFO] [s22-preset-diff] READ 64 byte(s):
DD 3B F4 90 CB 3B 91 6E F9 3A D0 00 B9 02 BC 21
00 82 83 3B 00 E2 2A BB 15 89 79 3B 9C 74 1A 3C
6C 97 F4 3B 35 DC 45 BB 8C 5C B0 37 CE 48 23 3B
4F 00 B9 02 BC 21 00 8F 87 3B 2C 86 88 3B 2F 9E
[22:13:26.988] [INFO] [s22-preset-diff] READ 64 byte(s):
A5 3B 43 EE B5 3B 85 C4 15 3B 79 E9 34 3B F0 65
92 BA C7 1F 8F 3B 26 00 B9 02 BC 21 00 88 93 3B
EE 63 6F 3B 0E B5 7C 37 68 AB 81 3B 84 76 A2 3B
A2 41 B6 3B 1B FB 2E 3B 67 72 72 3A 0B 00 B9 02
[22:13:26.991] [INFO] [s22-preset-diff] READ 64 byte(s):
BC 21 00 DF 81 3B F2 CA FA 3B 6C 38 98 3B 87 FC
64 3A DF 7C 69 3A B7 91 49 3B B1 9B 93 3B 90 1A
B8 3B 9D 00 B9 02 BC 41 00 3A 32 3A 5C C7 80 3B
D6 32 A4 3B 39 7B 64 3B 98 A2 9E BA 19 14 B6 3A
[22:13:26.993] [INFO] [s22-preset-diff] READ 46 byte(s):
CF 24 A2 3B AD 35 80 3B 50 C0 8A 3B 75 BF 4B 3B
98 6A 32 BA AD CE 03 3B 1B 9B E8 3B 91 AA 78 3C
0A F2 F4 50 61 7D 5D 00 00 72 00 D7 64 7E
[22:13:26.998] [INFO] [s22-preset-diff] WRITE 21 byte(s):
7E B9 03 81 00 03 82 06 00 80 0B 03 B9 04 0B 01
11 00 81 AB 7E
[22:13:27.002] [INFO] [s22-preset-diff] READ 64 byte(s):
7E B9 03 81 04 03 81 9D 08 0B B9 03 01 11 B9 04
B9 02 BC 21 73 75 62 77 61 79 20 63 6C 65 61 6E
00 00 00 00 00 00 00 00 00 00 00 00 00 00 00 00
00 00 00 00 00 0C BA 02 88 00 00 00 00 88 00 00
[22:13:27.005] [INFO] [s22-preset-diff] READ 64 byte(s):
F0 42 BA 03 BA 6D 88 00 00 00 00 88 00 00 00 00
88 00 00 C8 C2 88 00 00 A0 41 88 00 00 70 C2 88
00 00 80 3F 88 00 00 00 00 88 00 00 00 00 88 00
00 00 00 88 00 00 A0 40 88 00 00 80 3F 88 00 00
[22:13:27.007] [INFO] [s22-preset-diff] READ 64 byte(s):
A0 40 88 00 00 96 43 88 00 00 A0 40 88 33 33 33
3F 88 00 80 3B 44 88 00 00 A0 40 88 00 80 ED 44
88 00 00 80 3F 88 00 00 80 3F 88 00 00 A0 40 88
00 00 A0 40 88 00 00 C8 42 88 00 00 80 3F 88 00
[22:13:27.010] [INFO] [s22-preset-diff] READ 64 byte(s):
00 00 40 88 00 00 C8 41 88 00 00 A0 40 88 00 00
00 00 88 00 00 C0 3F 88 00 00 00 00 88 00 00 80
3F 88 00 00 C0 3F 88 00 00 00 00 88 00 00 00 00
88 00 00 A0 40 88 00 00 A0 40 88 00 00 80 3F 88
[22:13:27.013] [INFO] [s22-preset-diff] READ 64 byte(s):
00 00 00 00 88 00 00 80 40 88 00 00 A0 40 88 00
00 00 00 88 00 00 00 00 88 00 00 F0 41 88 00 00
A0 40 88 00 00 00 00 88 00 00 00 00 88 00 00 F0
41 88 00 00 A0 40 88 00 00 00 00 88 00 00 00 00
[22:13:27.014] [INFO] [s22-preset-diff] READ 64 byte(s):
88 00 00 F0 41 88 00 00 A0 40 88 00 00 00 00 88
00 00 00 00 88 00 00 F0 41 88 00 00 A0 40 88 00
00 00 00 88 00 00 00 00 88 00 00 F0 41 88 00 00
A0 40 88 00 00 00 00 88 00 00 00 00 88 00 00 F0
[22:13:27.018] [INFO] [s22-preset-diff] READ 64 byte(s):
41 88 00 00 80 3F 88 00 00 00 00 88 00 00 00 00
88 00 00 00 00 88 00 00 70 41 88 00 00 00 3F 88
00 00 48 42 88 00 00 F0 40 88 00 00 00 00 88 00
00 40 40 88 00 00 D0 40 88 00 00 00 00 88 00 00
[22:13:27.021] [INFO] [s22-preset-diff] READ 64 byte(s):
00 00 88 00 00 C0 40 88 00 00 00 00 88 00 00 70
41 88 00 00 00 3F 88 00 00 48 42 88 00 00 F0 40
88 00 00 00 00 88 00 00 70 41 88 00 00 00 3F 88
00 00 48 42 88 00 00 C8 41 88 00 00 F0 40 88 00
[22:13:27.023] [INFO] [s22-preset-diff] READ 64 byte(s):
00 00 00 88 00 00 40 40 88 00 00 B4 43 88 00 00
F0 42 88 00 00 48 42 88 00 00 A0 40 88 00 00 80
3F 88 00 00 00 00 88 00 00 00 00 88 00 00 00 00
88 00 00 10 41 88 00 00 AF 43 88 00 00 A0 41 88
[22:13:27.025] [INFO] [s22-preset-diff] READ 64 byte(s):
00 00 00 00 88 00 00 48 42 88 00 00 00 00 88 00
00 10 41 88 00 00 AF 43 88 00 00 A0 41 88 00 00
00 00 88 00 00 48 42 BA 6D 88 00 00 00 00 88 00
00 00 00 88 00 00 C8 C2 88 00 00 A0 41 88 00 00
[22:13:27.029] [INFO] [s22-preset-diff] READ 64 byte(s):
70 C2 88 00 00 80 3F 88 00 00 00 00 88 00 00 00
00 88 00 00 00 00 88 00 00 A0 40 88 00 00 80 3F
88 00 00 A0 40 88 00 00 96 43 88 00 00 A0 40 88
33 33 33 3F 88 00 80 3B 44 88 00 00 A0 40 88 00
[22:13:27.032] [INFO] [s22-preset-diff] READ 64 byte(s):
80 ED 44 88 00 00 80 3F 88 00 00 80 3F 88 00 00
A0 40 88 00 00 A0 40 88 00 00 C8 42 88 00 00 80
3F 88 00 00 00 00 88 00 00 C8 41 88 00 00 A0 40
88 00 00 00 00 88 00 00 C0 3F 88 00 00 00 00 88
[22:13:27.034] [INFO] [s22-preset-diff] READ 64 byte(s):
00 00 80 3F 88 00 00 C0 3F 88 00 00 00 00 88 00
00 00 00 88 00 00 A0 40 88 00 00 A0 40 88 00 00
80 3F 88 00 00 00 00 88 00 00 80 40 88 00 00 A0
40 88 00 00 00 00 88 00 00 00 00 88 00 00 F0 41
[22:13:27.037] [INFO] [s22-preset-diff] READ 64 byte(s):
88 00 00 A0 40 88 00 00 00 00 88 00 00 00 00 88
00 00 F0 41 88 00 00 A0 40 88 00 00 00 00 88 00
00 00 00 88 00 00 F0 41 88 00 00 A0 40 88 00 00
00 00 88 00 00 00 00 88 00 00 F0 41 88 00 00 A0
[22:13:27.039] [INFO] [s22-preset-diff] READ 64 byte(s):
40 88 00 00 00 00 88 00 00 00 00 88 00 00 F0 41
88 00 00 A0 40 88 00 00 00 00 88 00 00 00 00 88
00 00 F0 41 88 00 00 80 3F 88 00 00 00 00 88 00
00 00 00 88 00 00 00 00 88 00 00 70 41 88 00 00
[22:13:27.041] [INFO] [s22-preset-diff] READ 64 byte(s):
00 3F 88 00 00 48 42 88 00 00 F0 40 88 00 00 00
00 88 00 00 40 40 88 00 00 D0 40 88 00 00 00 00
88 00 00 00 00 88 00 00 C0 40 88 00 00 00 00 88
00 00 70 41 88 00 00 00 3F 88 00 00 48 42 88 00
[22:13:27.045] [INFO] [s22-preset-diff] READ 64 byte(s):
00 F0 40 88 00 00 00 00 88 00 00 70 41 88 00 00
00 3F 88 00 00 48 42 88 00 00 C8 41 88 00 00 F0
40 88 00 00 00 00 88 00 00 40 40 88 00 00 B4 43
88 00 00 F0 42 88 00 00 48 42 88 00 00 A0 40 88
[22:13:27.057] [INFO] [s22-preset-diff] READ 64 byte(s):
00 00 80 3F 88 00 00 00 00 88 00 00 00 00 88 00
00 00 00 88 00 00 10 41 88 00 00 AF 43 88 00 00
A0 41 88 00 00 00 00 88 00 00 48 42 88 00 00 00
00 88 00 00 10 41 88 00 00 AF 43 88 00 00 A0 41
[22:13:27.063] [INFO] [s22-preset-diff] READ 64 byte(s):
88 00 00 00 00 88 00 00 48 42 BA 6D 88 00 00 00
00 88 00 00 00 00 88 00 00 C8 C2 88 00 00 A0 41
88 00 00 70 C2 88 00 00 80 3F 88 00 00 00 00 88
00 00 00 00 88 00 00 00 00 88 00 00 A0 40 88 00
[22:13:27.071] [INFO] [s22-preset-diff] READ 64 byte(s):
00 80 3F 88 00 00 A0 40 88 00 00 96 43 88 00 00
A0 40 88 33 33 33 3F 88 00 80 3B 44 88 00 00 A0
40 88 00 80 ED 44 88 00 00 80 3F 88 00 00 80 3F
88 00 00 A0 40 88 00 00 A0 40 88 00 00 C8 42 88
[22:13:27.074] [INFO] [s22-preset-diff] READ 64 byte(s):
00 00 80 3F 88 00 00 00 00 88 00 00 C8 41 88 00
00 A0 40 88 00 00 00 00 88 00 00 C0 3F 88 00 00
00 00 88 00 00 80 3F 88 00 00 C0 3F 88 00 00 00
00 88 00 00 00 00 88 00 00 A0 40 88 00 00 A0 40
[22:13:27.078] [INFO] [s22-preset-diff] READ 64 byte(s):
88 00 00 80 3F 88 00 00 00 00 88 00 00 80 40 88
00 00 A0 40 88 00 00 00 00 88 00 00 00 00 88 00
00 F0 41 88 00 00 A0 40 88 00 00 00 00 88 00 00
00 00 88 00 00 F0 41 88 00 00 A0 40 88 00 00 00
[22:13:27.081] [INFO] [s22-preset-diff] READ 64 byte(s):
00 88 00 00 00 00 88 00 00 F0 41 88 00 00 A0 40
88 00 00 00 00 88 00 00 00 00 88 00 00 F0 41 88
00 00 A0 40 88 00 00 00 00 88 00 00 00 00 88 00
00 F0 41 88 00 00 A0 40 88 00 00 00 00 88 00 00
[22:13:27.085] [INFO] [s22-preset-diff] READ 64 byte(s):
00 00 88 00 00 F0 41 88 00 00 80 3F 88 00 00 00
00 88 00 00 00 00 88 00 00 00 00 88 00 00 70 41
88 00 00 00 3F 88 00 00 48 42 88 00 00 F0 40 88
00 00 00 00 88 00 00 40 40 88 00 00 D0 40 88 00
[22:13:27.089] [INFO] [s22-preset-diff] READ 64 byte(s):
00 00 00 88 00 00 00 00 88 00 00 C0 40 88 00 00
00 00 88 00 00 70 41 88 00 00 00 3F 88 00 00 48
42 88 00 00 F0 40 88 00 00 00 00 88 00 00 70 41
88 00 00 00 3F 88 00 00 48 42 88 00 00 C8 41 88
[22:13:27.094] [INFO] [s22-preset-diff] READ 64 byte(s):
00 00 F0 40 88 00 00 00 00 88 00 00 40 40 88 00
00 B4 43 88 00 00 F0 42 88 00 00 48 42 88 00 00
A0 40 88 00 00 80 3F 88 00 00 00 00 88 00 00 00
00 88 00 00 00 00 88 00 00 10 41 88 00 00 AF 43
[22:13:27.099] [INFO] [s22-preset-diff] READ 64 byte(s):
88 00 00 A0 41 88 00 00 00 00 88 00 00 48 42 88
00 00 00 00 88 00 00 10 41 88 00 00 AF 43 88 00
00 A0 41 88 00 00 00 00 88 00 00 48 42 B9 0D B9
02 BC 21 00 20 C1 B8 32 94 F7 3A B6 BF 45 3A 3E
[22:13:27.105] [INFO] [s22-preset-diff] READ 64 byte(s):
9B 81 3A A1 10 42 3B 80 CC B4 37 3D 13 85 BB AF
12 44 BB 99 00 B9 02 BC 0B 32 30 32 35 2D 31 32
2D 31 30 00 0A B9 02 BC 21 43 4C 45 41 4E 00 0B
3A 62 6B 47 3A 8C B3 D6 3A F2 10 08 3B 9D FB 7C
[22:13:27.107] [INFO] [s22-preset-diff] READ 64 byte(s):
BA AB E3 7A 3B 60 90 35 37 34 05 B9 02 BC 21 4E
6F 6E 65 00 FC 3C BB 30 C2 8A 38 50 81 FA 38 0C
D7 CB BA C2 FA 16 3A B9 A0 33 BB 30 98 37 BA F8
04 B9 02 BC 21 4E 6F 6E 65 00 52 D8 37 36 DD 23
[22:13:27.112] [INFO] [s22-preset-diff] READ 64 byte(s):
BA 2A 82 3F 3A 02 66 D5 3A 8C C9 8C B9 36 20 32
BB 42 01 4F BB 7D 5E 04 B9 02 BC 21 4E 6F 6E 65
00 57 13 BA 4C 8F 54 3A 0F 98 0D 3B 78 5C 0F 3B
11 D8 C0 3A 8C 36 21 3B 50 1A 65 3B BD 04 B9 02
[22:13:27.115] [INFO] [s22-preset-diff] READ 64 byte(s):
BC 21 4E 6F 6E 65 00 DA 0C BB 1C 6C 4D 39 7B 77
43 3A 3F 25 27 BB 8F 22 A9 B9 9A FB 8E B8 2E 68
2A BB 14 04 B9 02 BC 21 00 E3 23 BB 9B 4A BD 3A
2C 50 78 BA C4 9F 8D BA AB 3A E4 BA FE F3 A4 BA
[22:13:27.119] [INFO] [s22-preset-diff] READ 64 byte(s):
4A 1E 4B 3A 26 8A 8B 3A 80 00 B9 02 BC 21 00 6A
22 BA 24 FC 8A BB 18 AC 4B BA C3 D0 B6 3A 2C 07
36 3A F8 49 3C B9 5A D3 00 3B 01 48 A6 3A 24 00
B9 02 BC 21 00 55 7C 3B 49 CD 33 3B 64 EF A4 39
[22:13:27.122] [INFO] [s22-preset-diff] READ 64 byte(s):
B4 89 76 B9 19 26 EE 3A F7 CD 2E 3B E9 DF 09 3B
9F FD 40 BA B8 00 B9 02 BC 21 00 59 DB BB 7A 76
C4 BB 90 3D 18 BC FC A5 10 BC A4 28 08 BC C6 29
4E BC BC 84 62 BC B0 DF 72 BC 8C 00 B9 02 BC 21
[22:13:27.125] [INFO] [s22-preset-diff] READ 64 byte(s):
00 F5 70 BC 39 17 47 BC C6 CB B9 BB 76 64 04 3B
BA 79 9E 3B 20 63 B4 3B 82 C1 6E 3B 7C 7D 5D 04
3B 68 00 B9 02 BC 41 00 85 BA BB D1 3D 26 BB 75
4E 1C 3B EB 67 AC 3B 50 CC 82 3B 18 9E 7C 3B A9
[22:13:27.129] [INFO] [s22-preset-diff] READ 45 byte(s):
38 46 BA 72 53 FF BA 99 73 0C 3B 52 0A FE 3B 75
6B FB 3B 1A CE 53 3A 93 51 54 BC B0 2A CE 38 7A
38 F5 50 61 7D 5D 00 00 72 00 9F AB 7E
[22:13:27.135] [INFO] [s22-preset-diff] WRITE 21 byte(s):
7E B9 03 81 00 03 82 06 00 80 0B 03 B9 04 0B 01
12 00 E9 81 7E
[22:13:27.141] [INFO] [s22-preset-diff] READ 64 byte(s):
7E B9 03 81 04 03 81 9D 08 0B B9 03 01 12 B9 04
B9 02 BC 21 48 55 47 45 20 4D 55 46 46 00 00 00
00 00 00 00 00 00 00 00 00 00 00 00 00 00 00 00
00 00 00 00 00 09 BA 02 88 00 00 00 00 88 00 00
[22:13:27.146] [INFO] [s22-preset-diff] READ 64 byte(s):
F0 42 BA 03 BA 6D 88 00 00 00 00 88 00 00 80 3F
88 00 00 84 C2 88 00 00 A0 41 88 00 00 20 C2 88
00 00 80 3F 88 00 00 80 3F 88 00 00 80 C0 88 00
00 40 C0 88 00 00 A0 40 88 00 00 80 3F 88 00 00
[22:13:27.150] [INFO] [s22-preset-diff] READ 64 byte(s):
A0 40 88 00 00 96 43 88 00 00 A0 40 88 33 33 33
3F 88 00 80 3B 44 88 00 00 A0 40 88 00 00 FA 44
88 00 00 80 3F 88 00 00 80 3F 88 67 66 A6 40 88
00 00 A0 40 88 00 00 C8 42 88 00 00 80 3F 88 00
[22:13:27.153] [INFO] [s22-preset-diff] READ 64 byte(s):
00 00 40 88 00 00 C8 41 88 00 00 A0 40 88 00 00
00 00 88 00 00 C0 3F 88 00 00 00 00 88 00 00 80
3F 88 00 00 C0 3F 88 00 00 00 00 88 00 00 00 00
88 00 00 A0 40 88 00 00 A0 40 88 00 00 80 3F 88
[22:13:27.154] [INFO] [s22-preset-diff] READ 64 byte(s):
00 00 80 3F 88 00 00 80 40 88 00 00 A0 40 88 00
00 00 00 88 00 00 00 00 88 00 00 00 00 88 00 00
A0 40 88 00 00 00 00 88 00 00 00 00 88 00 00 00
00 88 00 00 A0 40 88 00 00 00 00 88 00 00 00 00
[22:13:27.157] [INFO] [s22-preset-diff] READ 64 byte(s):
88 00 00 00 00 88 00 00 A0 40 88 00 00 00 00 88
00 00 00 00 88 00 00 00 00 88 00 00 A0 40 88 00
00 00 00 88 00 00 00 00 88 00 00 00 00 88 00 00
A0 40 88 00 00 00 00 88 00 00 00 00 88 00 00 00
[22:13:27.163] [INFO] [s22-preset-diff] READ 64 byte(s):
00 88 00 00 80 3F 88 00 00 00 00 88 00 00 00 00
88 00 00 00 00 88 00 00 70 41 88 00 00 00 3F 88
00 00 48 42 88 00 00 F0 40 88 00 00 00 00 88 00
00 40 40 88 00 00 D0 40 88 00 00 00 00 88 00 00
[22:13:27.167] [INFO] [s22-preset-diff] READ 64 byte(s):
00 00 88 00 00 C0 40 88 00 00 00 00 88 00 00 70
41 88 00 00 00 3F 88 00 00 48 42 88 00 00 F0 40
88 00 00 00 00 88 00 00 70 41 88 00 00 00 3F 88
00 00 48 42 88 00 00 C8 41 88 00 00 F0 40 88 00
[22:13:27.170] [INFO] [s22-preset-diff] READ 64 byte(s):
00 00 00 88 00 00 40 40 88 00 00 B4 43 88 00 00
F0 42 88 00 00 48 42 88 00 00 A0 40 88 00 00 80
3F 88 00 00 00 00 88 00 00 00 00 88 00 00 00 00
88 00 00 10 41 88 00 00 AF 43 88 00 00 A0 41 88
[22:13:27.172] [INFO] [s22-preset-diff] READ 64 byte(s):
00 00 00 00 88 00 00 48 42 88 00 00 00 00 88 00
00 10 41 88 00 00 AF 43 88 00 00 A0 41 88 00 00
00 00 88 00 00 48 42 BA 6D 88 00 00 00 00 88 00
00 00 00 88 00 00 C8 C2 88 00 00 A0 41 88 00 00
[22:13:27.175] [INFO] [s22-preset-diff] READ 64 byte(s):
70 C2 88 00 00 80 3F 88 00 00 00 00 88 00 00 00
00 88 00 00 00 00 88 00 00 A0 40 88 00 00 80 3F
88 00 00 A0 40 88 00 00 96 43 88 00 00 A0 40 88
33 33 33 3F 88 00 80 3B 44 88 00 00 A0 40 88 00
[22:13:27.181] [INFO] [s22-preset-diff] READ 64 byte(s):
80 ED 44 88 00 00 80 3F 88 00 00 80 3F 88 00 00
A0 40 88 00 00 A0 40 88 00 00 C8 42 88 00 00 80
3F 88 00 00 00 00 88 00 00 C8 41 88 00 00 A0 40
88 00 00 00 00 88 00 00 C0 3F 88 00 00 00 00 88
[22:13:27.185] [INFO] [s22-preset-diff] READ 64 byte(s):
00 00 80 3F 88 00 00 C0 3F 88 00 00 00 00 88 00
00 00 00 88 00 00 A0 40 88 00 00 A0 40 88 00 00
80 3F 88 00 00 00 00 88 00 00 80 40 88 00 00 A0
40 88 00 00 00 00 88 00 00 00 00 88 00 00 00 00
[22:13:27.188] [INFO] [s22-preset-diff] READ 64 byte(s):
88 00 00 A0 40 88 00 00 00 00 88 00 00 00 00 88
00 00 00 00 88 00 00 A0 40 88 00 00 00 00 88 00
00 00 00 88 00 00 00 00 88 00 00 A0 40 88 00 00
00 00 88 00 00 00 00 88 00 00 00 00 88 00 00 A0
[22:13:27.191] [INFO] [s22-preset-diff] READ 64 byte(s):
40 88 00 00 00 00 88 00 00 00 00 88 00 00 00 00
88 00 00 A0 40 88 00 00 00 00 88 00 00 00 00 88
00 00 00 00 88 00 00 80 3F 88 00 00 00 00 88 00
00 00 00 88 00 00 00 00 88 00 00 70 41 88 00 00
[22:13:27.192] [INFO] [s22-preset-diff] READ 64 byte(s):
00 3F 88 00 00 48 42 88 00 00 F0 40 88 00 00 00
00 88 00 00 40 40 88 00 00 D0 40 88 00 00 00 00
88 00 00 00 00 88 00 00 C0 40 88 00 00 00 00 88
00 00 70 41 88 00 00 00 3F 88 00 00 48 42 88 00
[22:13:27.195] [INFO] [s22-preset-diff] READ 64 byte(s):
00 F0 40 88 00 00 00 00 88 00 00 70 41 88 00 00
00 3F 88 00 00 48 42 88 00 00 C8 41 88 00 00 F0
40 88 00 00 00 00 88 00 00 40 40 88 00 00 B4 43
88 00 00 F0 42 88 00 00 48 42 88 00 00 A0 40 88
[22:13:27.200] [INFO] [s22-preset-diff] READ 64 byte(s):
00 00 80 3F 88 00 00 00 00 88 00 00 00 00 88 00
00 00 00 88 00 00 10 41 88 00 00 AF 43 88 00 00
A0 41 88 00 00 00 00 88 00 00 48 42 88 00 00 00
00 88 00 00 10 41 88 00 00 AF 43 88 00 00 A0 41
[22:13:27.202] [INFO] [s22-preset-diff] READ 64 byte(s):
88 00 00 00 00 88 00 00 48 42 BA 6D 88 00 00 00
00 88 00 00 00 00 88 00 00 C8 C2 88 00 00 A0 41
88 00 00 70 C2 88 00 00 80 3F 88 00 00 00 00 88
00 00 00 00 88 00 00 00 00 88 00 00 A0 40 88 00
[22:13:27.204] [INFO] [s22-preset-diff] READ 64 byte(s):
00 80 3F 88 00 00 A0 40 88 00 00 96 43 88 00 00
A0 40 88 33 33 33 3F 88 00 80 3B 44 88 00 00 A0
40 88 00 80 ED 44 88 00 00 80 3F 88 00 00 80 3F
88 00 00 A0 40 88 00 00 A0 40 88 00 00 C8 42 88
[22:13:27.206] [INFO] [s22-preset-diff] READ 64 byte(s):
00 00 80 3F 88 00 00 00 00 88 00 00 C8 41 88 00
00 A0 40 88 00 00 00 00 88 00 00 C0 3F 88 00 00
00 00 88 00 00 80 3F 88 00 00 C0 3F 88 00 00 00
00 88 00 00 00 00 88 00 00 A0 40 88 00 00 A0 40
[22:13:27.208] [INFO] [s22-preset-diff] READ 64 byte(s):
88 00 00 80 3F 88 00 00 00 00 88 00 00 80 40 88
00 00 A0 40 88 00 00 00 00 88 00 00 00 00 88 00
00 00 00 88 00 00 A0 40 88 00 00 00 00 88 00 00
00 00 88 00 00 00 00 88 00 00 A0 40 88 00 00 00
[22:13:27.213] [INFO] [s22-preset-diff] READ 64 byte(s):
00 88 00 00 00 00 88 00 00 00 00 88 00 00 A0 40
88 00 00 00 00 88 00 00 00 00 88 00 00 00 00 88
00 00 A0 40 88 00 00 00 00 88 00 00 00 00 88 00
00 00 00 88 00 00 A0 40 88 00 00 00 00 88 00 00
[22:13:27.216] [INFO] [s22-preset-diff] READ 64 byte(s):
00 00 88 00 00 00 00 88 00 00 80 3F 88 00 00 00
00 88 00 00 00 00 88 00 00 00 00 88 00 00 70 41
88 00 00 00 3F 88 00 00 48 42 88 00 00 F0 40 88
00 00 00 00 88 00 00 40 40 88 00 00 D0 40 88 00
[22:13:27.221] [INFO] [s22-preset-diff] READ 64 byte(s):
00 00 00 88 00 00 00 00 88 00 00 C0 40 88 00 00
00 00 88 00 00 70 41 88 00 00 00 3F 88 00 00 48
42 88 00 00 F0 40 88 00 00 00 00 88 00 00 70 41
88 00 00 00 3F 88 00 00 48 42 88 00 00 C8 41 88
[22:13:27.224] [INFO] [s22-preset-diff] READ 64 byte(s):
00 00 F0 40 88 00 00 00 00 88 00 00 40 40 88 00
00 B4 43 88 00 00 F0 42 88 00 00 48 42 88 00 00
A0 40 88 00 00 80 3F 88 00 00 00 00 88 00 00 00
00 88 00 00 00 00 88 00 00 10 41 88 00 00 AF 43
[22:13:27.229] [INFO] [s22-preset-diff] READ 64 byte(s):
88 00 00 A0 41 88 00 00 00 00 88 00 00 48 42 88
00 00 00 00 88 00 00 10 41 88 00 00 AF 43 88 00
00 A0 41 88 00 00 00 00 88 00 00 48 42 B9 0D B9
02 BC 21 00 36 C2 3B 5F CB A0 3A B0 B4 87 BA E0
[22:13:27.231] [INFO] [s22-preset-diff] READ 64 byte(s):
38 42 3C F2 9A 19 3C 89 37 BA 3B DC F4 91 BA D6
E1 0B BB E3 00 B9 02 BC 0B 32 30 32 34 2D 30 33
2D 32 32 00 0A B9 02 BC 21 53 54 4F 4D 50 20 2D
20 46 55 5A 5A 00 A1 37 3C 3E B2 D6 3A E2 58 A8
[22:13:27.234] [INFO] [s22-preset-diff] READ 64 byte(s):
3B 67 FA 89 BB B8 78 06 BB E0 0C B9 02 BC 21 45
6C 65 63 74 72 69 63 20 47 75 69 74 61 72 00 CB
1D 49 3B FC 17 10 3B 08 61 19 3B 18 3A 2E BA F2
0F B9 02 BC 21 53 6F 6C 69 64 20 42 6F 64 79 00
[22:13:27.236] [INFO] [s22-preset-diff] READ 64 byte(s):
3A 65 9E 9A 3B B8 2C B2 BA A7 B8 60 3B E0 31 84
BB 28 0E C0 BA 54 0A B9 02 BC 21 00 1A DE BA 88
E6 C2 BA 44 EB F1 BB 8E 8B 69 BA 5F 50 EC 3B 61
63 A7 BA A7 94 4A 3B 73 79 2E 3A 0C 00 B9 02 BC
[22:13:27.238] [INFO] [s22-preset-diff] READ 64 byte(s):
21 00 A7 2C BC DC A6 17 BC A4 A4 F5 3B 70 1C 9E
3B 0E 8C C4 3B 74 40 09 3B D4 AF 8D BC 50 B9 6C
BB F9 00 B9 02 BC 21 00 8B D2 BB 7A 5C 62 BC 71
B6 3F BC 56 4E 29 3C 51 12 B2 3B 2D 18 D6 BB C7
[22:13:27.240] [INFO] [s22-preset-diff] READ 64 byte(s):
6E A5 3B 2E 2A 1E BC D6 00 B9 02 BC 21 00 A3 0A
BC 2E 81 24 39 17 12 BC 3B F9 02 C1 BB 9D D9 84
3B 02 F9 B0 3B A8 DA 04 BC 67 60 98 BC 05 00 B9
02 BC 21 00 18 90 3B 7F 6D A7 3C 4B F3 73 BB 6F
[22:13:27.242] [INFO] [s22-preset-diff] READ 64 byte(s):
12 E7 3B EC 96 1A BC F3 05 1D BC F6 95 5C 3B DD
41 94 BA 91 00 B9 02 BC 21 00 78 F8 3B 93 64 2C
BC 76 69 23 3B C0 7A BD BB 5A F5 F1 39 7B 61 8D
3B FE 8A B6 BC 77 F8 6A BC 97 00 B9 02 BC 21 00
[22:13:27.244] [INFO] [s22-preset-diff] READ 64 byte(s):
3D C9 3B C8 2A 0C BC 09 60 47 BC B5 82 0F 3C 20
EF 0F BB 4C 9C 6E BC E8 EC 1C BB 48 9E 11 BC 84
00 B9 02 BC 41 49 4B 20 4D 75 6C 74 69 6D 65 64
69 61 20 50 72 65 6D 69 75 6D 20 50 72 65 73 65
[22:13:27.246] [INFO] [s22-preset-diff] READ 42 byte(s):
74 00 BC B1 BC 3F 40 3B 3B 58 CD 88 BC AC 62 05
BC 7C 14 28 BC E0 E4 2F E3 0B 00 00 00 12 00 00
00 00 00 00 00 10 1C C9 8D 7E
[22:13:27.249] [INFO] [s22-preset-diff] WRITE 21 byte(s):
7E B9 03 81 00 03 82 06 00 80 0B 03 B9 04 0B 01
13 00 31 98 7E
[22:13:27.255] [INFO] [s22-preset-diff] READ 64 byte(s):
7E B9 03 81 04 03 81 9D 08 0B B9 03 01 13 B9 04
B9 02 BC 21 41 6C 6C 20 41 72 6F 75 6E 64 20 44
72 69 76 65 00 00 00 00 00 00 00 00 00 00 00 00
00 00 00 00 00 10 BA 02 88 00 00 00 00 88 00 00
[22:13:27.262] [INFO] [s22-preset-diff] READ 64 byte(s):
F0 42 BA 03 BA 6D 88 00 00 00 00 88 00 00 80 3F
88 00 00 C8 C2 88 00 00 A0 41 88 00 00 70 C2 88
00 00 80 3F 88 00 00 80 3F 88 00 00 98 C1 88 00
00 80 3F 88 00 00 A0 40 88 00 00 80 3F 88 00 00
[22:13:27.267] [INFO] [s22-preset-diff] READ 64 byte(s):
A0 40 88 00 00 96 43 88 00 00 A0 40 88 33 33 33
3F 88 00 80 3B 44 88 00 00 A0 40 88 00 80 ED 44
88 00 00 80 3F 88 00 00 00 00 88 67 66 D6 40 88
00 00 A0 40 88 00 00 C8 42 88 00 00 80 3F 88 00
[22:13:27.268] [INFO] [s22-preset-diff] READ 64 byte(s):
00 00 00 88 00 00 C8 41 88 00 00 A0 40 88 00 00
00 00 88 00 00 C0 3F 88 00 00 00 00 88 00 00 80
3F 88 00 00 C0 3F 88 00 00 00 00 88 00 00 00 00
88 00 00 A0 40 88 00 00 A0 40 88 00 00 80 3F 88
[22:13:27.271] [INFO] [s22-preset-diff] READ 64 byte(s):
00 00 80 3F 88 00 00 80 40 88 00 00 A0 40 88 00
00 00 00 88 00 00 00 00 88 00 00 F0 41 88 00 00
A0 40 88 00 00 00 00 88 00 00 00 00 88 00 00 F0
41 88 00 00 A0 40 88 00 00 00 00 88 00 00 00 00
[22:13:27.272] [INFO] [s22-preset-diff] READ 64 byte(s):
88 00 00 F0 41 88 00 00 A0 40 88 00 00 00 00 88
00 00 00 00 88 00 00 F0 41 88 00 00 A0 40 88 00
00 00 00 88 00 00 00 00 88 00 00 00 00 88 00 00
A0 40 88 00 00 00 00 88 00 00 00 00 88 00 00 F0
[22:13:27.274] [INFO] [s22-preset-diff] READ 64 byte(s):
41 88 00 00 80 3F 88 00 00 00 00 88 00 00 00 00
88 00 00 00 00 88 00 00 70 41 88 00 00 00 3F 88
00 00 48 42 88 00 00 F0 40 88 00 00 00 00 88 00
00 40 40 88 00 00 D0 40 88 00 00 00 00 88 00 00
[22:13:27.276] [INFO] [s22-preset-diff] READ 64 byte(s):
00 00 88 00 00 C0 40 88 00 00 00 00 88 00 00 70
41 88 00 00 00 3F 88 00 00 48 42 88 00 00 F0 40
88 00 00 00 00 88 00 00 70 41 88 00 00 00 3F 88
00 00 48 42 88 00 00 C8 41 88 00 00 F0 40 88 00
[22:13:27.279] [INFO] [s22-preset-diff] READ 64 byte(s):
00 00 00 88 00 00 40 40 88 00 00 B4 43 88 00 00
F0 42 88 00 00 48 42 88 00 00 A0 40 88 00 00 80
3F 88 00 00 00 00 88 00 00 00 00 88 00 00 00 00
88 00 00 10 41 88 00 00 AF 43 88 00 00 A0 41 88
[22:13:27.281] [INFO] [s22-preset-diff] READ 64 byte(s):
00 00 00 00 88 00 00 48 42 88 00 00 00 00 88 00
00 10 41 88 00 00 AF 43 88 00 00 A0 41 88 00 00
00 00 88 00 00 48 42 BA 6D 88 00 00 00 00 88 00
00 00 00 88 00 00 C8 C2 88 00 00 A0 41 88 00 00
[22:13:27.284] [INFO] [s22-preset-diff] READ 64 byte(s):
70 C2 88 00 00 80 3F 88 00 00 00 00 88 00 00 00
00 88 00 00 00 00 88 00 00 A0 40 88 00 00 80 3F
88 00 00 A0 40 88 00 00 96 43 88 00 00 A0 40 88
33 33 33 3F 88 00 80 3B 44 88 00 00 A0 40 88 00
[22:13:27.287] [INFO] [s22-preset-diff] READ 64 byte(s):
80 ED 44 88 00 00 80 3F 88 00 00 00 00 88 00 00
A0 40 88 00 00 A0 40 88 00 00 C8 42 88 00 00 80
3F 88 00 00 00 00 88 00 00 C8 41 88 00 00 A0 40
88 00 00 00 00 88 00 00 C0 3F 88 00 00 00 00 88
[22:13:27.290] [INFO] [s22-preset-diff] READ 64 byte(s):
00 00 80 3F 88 00 00 C0 3F 88 00 00 00 00 88 00
00 00 00 88 00 00 A0 40 88 00 00 A0 40 88 00 00
80 3F 88 00 00 00 00 88 00 00 80 40 88 00 00 A0
40 88 00 00 00 00 88 00 00 00 00 88 00 00 F0 41
[22:13:27.292] [INFO] [s22-preset-diff] READ 64 byte(s):
88 00 00 A0 40 88 00 00 00 00 88 00 00 00 00 88
00 00 F0 41 88 00 00 A0 40 88 00 00 00 00 88 00
00 00 00 88 00 00 F0 41 88 00 00 A0 40 88 00 00
00 00 88 00 00 00 00 88 00 00 F0 41 88 00 00 A0
[22:13:27.299] [INFO] [s22-preset-diff] READ 64 byte(s):
40 88 00 00 00 00 88 00 00 00 00 88 00 00 F0 41
88 00 00 A0 40 88 00 00 00 00 88 00 00 00 00 88
00 00 F0 41 88 00 00 80 3F 88 00 00 00 00 88 00
00 00 00 88 00 00 00 00 88 00 00 70 41 88 00 00
[22:13:27.302] [INFO] [s22-preset-diff] READ 64 byte(s):
00 3F 88 00 00 48 42 88 00 00 F0 40 88 00 00 00
00 88 00 00 40 40 88 00 00 D0 40 88 00 00 00 00
88 00 00 00 00 88 00 00 C0 40 88 00 00 00 00 88
00 00 70 41 88 00 00 00 3F 88 00 00 48 42 88 00
[22:13:27.305] [INFO] [s22-preset-diff] READ 64 byte(s):
00 F0 40 88 00 00 00 00 88 00 00 70 41 88 00 00
00 3F 88 00 00 48 42 88 00 00 C8 41 88 00 00 F0
40 88 00 00 00 00 88 00 00 40 40 88 00 00 B4 43
88 00 00 F0 42 88 00 00 48 42 88 00 00 A0 40 88
[22:13:27.309] [INFO] [s22-preset-diff] READ 64 byte(s):
00 00 80 3F 88 00 00 00 00 88 00 00 00 00 88 00
00 00 00 88 00 00 10 41 88 00 00 AF 43 88 00 00
A0 41 88 00 00 00 00 88 00 00 48 42 88 00 00 00
00 88 00 00 10 41 88 00 00 AF 43 88 00 00 A0 41
[22:13:27.313] [INFO] [s22-preset-diff] READ 64 byte(s):
88 00 00 00 00 88 00 00 48 42 BA 6D 88 00 00 00
00 88 00 00 00 00 88 00 00 C8 C2 88 00 00 A0 41
88 00 00 70 C2 88 00 00 80 3F 88 00 00 00 00 88
00 00 00 00 88 00 00 00 00 88 00 00 A0 40 88 00
[22:13:27.318] [INFO] [s22-preset-diff] READ 64 byte(s):
00 80 3F 88 00 00 A0 40 88 00 00 96 43 88 00 00
A0 40 88 33 33 33 3F 88 00 80 3B 44 88 00 00 A0
40 88 00 80 ED 44 88 00 00 80 3F 88 00 00 00 00
88 00 00 A0 40 88 00 00 A0 40 88 00 00 C8 42 88
[22:13:27.322] [INFO] [s22-preset-diff] READ 64 byte(s):
00 00 80 3F 88 00 00 00 00 88 00 00 C8 41 88 00
00 A0 40 88 00 00 00 00 88 00 00 C0 3F 88 00 00
00 00 88 00 00 80 3F 88 00 00 C0 3F 88 00 00 00
00 88 00 00 00 00 88 00 00 A0 40 88 00 00 A0 40
[22:13:27.325] [INFO] [s22-preset-diff] READ 64 byte(s):
88 00 00 80 3F 88 00 00 00 00 88 00 00 80 40 88
00 00 A0 40 88 00 00 00 00 88 00 00 00 00 88 00
00 F0 41 88 00 00 A0 40 88 00 00 00 00 88 00 00
00 00 88 00 00 F0 41 88 00 00 A0 40 88 00 00 00
[22:13:27.331] [INFO] [s22-preset-diff] READ 64 byte(s):
00 88 00 00 00 00 88 00 00 F0 41 88 00 00 A0 40
88 00 00 00 00 88 00 00 00 00 88 00 00 F0 41 88
00 00 A0 40 88 00 00 00 00 88 00 00 00 00 88 00
00 F0 41 88 00 00 A0 40 88 00 00 00 00 88 00 00
[22:13:27.333] [INFO] [s22-preset-diff] READ 64 byte(s):
00 00 88 00 00 F0 41 88 00 00 80 3F 88 00 00 00
00 88 00 00 00 00 88 00 00 00 00 88 00 00 70 41
88 00 00 00 3F 88 00 00 48 42 88 00 00 F0 40 88
00 00 00 00 88 00 00 40 40 88 00 00 D0 40 88 00
[22:13:27.336] [INFO] [s22-preset-diff] READ 64 byte(s):
00 00 00 88 00 00 00 00 88 00 00 C0 40 88 00 00
00 00 88 00 00 70 41 88 00 00 00 3F 88 00 00 48
42 88 00 00 F0 40 88 00 00 00 00 88 00 00 70 41
88 00 00 00 3F 88 00 00 48 42 88 00 00 C8 41 88
[22:13:27.338] [INFO] [s22-preset-diff] READ 64 byte(s):
00 00 F0 40 88 00 00 00 00 88 00 00 40 40 88 00
00 B4 43 88 00 00 F0 42 88 00 00 48 42 88 00 00
A0 40 88 00 00 80 3F 88 00 00 00 00 88 00 00 00
00 88 00 00 00 00 88 00 00 10 41 88 00 00 AF 43
[22:13:27.341] [INFO] [s22-preset-diff] READ 64 byte(s):
88 00 00 A0 41 88 00 00 00 00 88 00 00 48 42 88
00 00 00 00 88 00 00 10 41 88 00 00 AF 43 88 00
00 A0 41 88 00 00 00 00 88 00 00 48 42 B9 0D B9
02 BC 21 00 E7 74 BA B4 6C 0B 3B B2 E9 95 BC 65
[22:13:27.343] [INFO] [s22-preset-diff] READ 64 byte(s):
22 01 BD 06 44 B4 BC 03 F2 B4 BC 58 DC EA 3A F5
D1 6A 3B 1F 00 B9 02 BC 0B 32 30 32 36 2D 30 31
2D 30 34 00 0A B9 02 BC 21 44 52 49 56 45 00 B4
BC FA 91 D5 BC 16 9F AD BC 32 FF 1F BC B7 FC 30
[22:13:27.345] [INFO] [s22-preset-diff] READ 64 byte(s):
BA 02 5D AB BC 66 38 52 BD 6E 05 B9 02 BC 21 4E
6F 6E 65 00 9D B0 BC 60 23 EA BC 30 A0 4E BD 84
43 48 BD 32 D7 4E BD F9 5E 22 BD 13 AE BB BC CF
04 B9 02 BC 21 4E 6F 6E 65 00 79 42 BD 80 1F 25
[22:13:27.347] [INFO] [s22-preset-diff] READ 64 byte(s):
BD A5 9A AA B9 1D 55 F4 3B 1A BE 82 BC 97 3A 25
BD 36 19 EC BC FF 04 B9 02 BC 21 4E 6F 6E 65 00
C1 FD BB B4 6F 1E 3C D7 5E 22 BA E8 89 0A BC E7
84 9D BA 01 A4 48 3C 07 7F F4 3C CA 04 B9 02 BC
[22:13:27.350] [INFO] [s22-preset-diff] READ 64 byte(s):
21 4E 6F 6E 65 00 DD DC BB FF 64 55 3C 66 55 82
BB 61 38 B7 BC 7A 4D 90 BC 21 68 73 BB E9 CA 0A
BC A6 04 B9 02 BC 21 00 52 89 BC 28 5D A0 BB B5
2A 7D 5D BC 58 8F 39 BC A5 6F D0 B7 D9 12 AC B9
[22:13:27.353] [INFO] [s22-preset-diff] READ 64 byte(s):
91 48 41 BC AF 82 02 BD 50 00 B9 02 BC 21 00 3E
6C BC 86 03 17 BD F0 DE 13 BD 13 2E 26 BC 9D 9A
C6 BB 75 50 32 BC 49 5E 00 BD 88 42 FC BC CF 00
B9 02 BC 21 00 4E 92 BC E4 9F 1A BB 96 01 5A 3C
[22:13:27.355] [INFO] [s22-preset-diff] READ 64 byte(s):
B1 BC 00 BC 4E E8 CA BC EA ED 21 BD 9A 34 73 BC
77 CE 01 3C 4C 00 B9 02 BC 21 00 E3 81 BC 9D 44
2C 3C CE 21 19 3C F8 B9 01 3C 0E 2A A4 BB F1 EB
AB BB 9C 13 EE 3B 09 5E 88 3C A6 00 B9 02 BC 21
[22:13:27.357] [INFO] [s22-preset-diff] READ 64 byte(s):
00 B9 92 3C 85 D0 67 BB 81 8C 0A BC F3 0F AB 3C
27 23 54 3D E5 33 81 3D 55 C5 05 3D 88 1C 4A 3C
0B 00 B9 02 BC 41 00 BF B1 3D DC C1 7A 3D 77 F9
C6 3C 84 38 C4 3C 6B 81 25 3D 82 71 46 3D ED 63
[22:13:27.359] [INFO] [s22-preset-diff] READ 43 byte(s):
A0 3D 17 38 DA 3D C2 5D BC 3D 65 D0 31 3D 4D 48
14 3C C6 DE 71 BD 01 1C 80 BD 90 E5 01 3F 51 BE
63 B5 7A 25 00 00 72 00 5E 91 7E
[22:13:27.363] [INFO] [s22-preset-diff] WRITE 21 byte(s):
7E B9 03 81 00 03 82 06 00 80 0B 03 B9 04 0B 01
00 00 C8 27 7E
[22:13:27.368] [INFO] [s22-preset-diff] READ 64 byte(s):
7E B9 03 81 04 03 81 9D 08 0B B9 03 01 00 B9 04
B9 02 BC 21 4D 6F 64 65 72 6E 20 54 72 69 70 6C
65 00 00 00 00 00 00 00 00 00 00 00 00 00 00 00
00 00 00 00 00 0D BA 02 88 00 00 00 00 88 00 00
[22:13:27.371] [INFO] [s22-preset-diff] READ 64 byte(s):
F0 42 BA 03 BA 6D 88 00 00 00 00 88 00 00 00 00
88 00 00 C8 C2 88 00 00 A0 41 88 00 00 70 C2 88
00 00 80 3F 88 00 00 00 00 88 00 00 00 00 88 00
00 00 00 88 00 00 A0 40 88 00 00 80 3F 88 00 00
[22:13:27.373] [INFO] [s22-preset-diff] READ 64 byte(s):
A0 40 88 00 00 96 43 88 00 00 A0 40 88 33 33 33
3F 88 00 80 3B 44 88 00 00 A0 40 88 00 80 ED 44
88 00 00 80 3F 88 00 00 00 00 88 CD CC AC 40 88
00 00 E0 40 88 00 00 C8 42 88 00 00 80 3F 88 00
[22:13:27.375] [INFO] [s22-preset-diff] READ 64 byte(s):
00 00 00 88 00 00 C8 41 88 00 00 A0 40 88 00 00
00 00 88 00 00 C0 3F 88 00 00 00 00 88 00 00 80
3F 88 00 00 C0 3F 88 00 00 00 00 88 00 00 00 00
88 00 00 A0 40 88 00 00 A0 40 88 00 00 80 3F 88
[22:13:27.378] [INFO] [s22-preset-diff] READ 64 byte(s):
00 00 00 00 88 00 00 80 40 88 00 00 A0 40 88 00
00 00 00 88 00 00 00 00 88 00 00 F0 41 88 00 00
A0 40 88 00 00 00 00 88 00 00 00 00 88 00 00 F0
41 88 00 00 A0 40 88 00 00 00 00 88 00 00 00 00
[22:13:27.382] [INFO] [s22-preset-diff] READ 64 byte(s):
88 00 00 F0 41 88 00 00 A0 40 88 00 00 00 00 88
00 00 00 00 88 00 00 F0 41 88 00 00 A0 40 88 00
00 00 00 88 00 00 00 00 88 00 00 F0 41 88 00 00
A0 40 88 00 00 00 00 88 00 00 00 00 88 00 00 F0
[22:13:27.386] [INFO] [s22-preset-diff] READ 64 byte(s):
41 88 00 00 80 3F 88 00 00 00 00 88 00 00 00 00
88 00 00 00 00 88 00 00 70 41 88 00 00 00 3F 88
00 00 48 42 88 00 00 F0 40 88 00 00 00 00 88 00
00 40 40 88 00 00 D0 40 88 00 00 00 00 88 00 00
[22:13:27.390] [INFO] [s22-preset-diff] READ 64 byte(s):
00 00 88 00 00 C0 40 88 00 00 00 00 88 00 00 70
41 88 00 00 00 3F 88 00 00 48 42 88 00 00 F0 40
88 00 00 00 00 88 00 00 70 41 88 00 00 00 3F 88
00 00 48 42 88 00 00 C8 41 88 00 00 F0 40 88 00
[22:13:27.394] [INFO] [s22-preset-diff] READ 64 byte(s):
00 00 00 88 00 00 40 40 88 00 00 B4 43 88 00 00
F0 42 88 00 00 48 42 88 00 00 A0 40 88 00 00 80
3F 88 00 00 00 00 88 00 00 00 00 88 00 00 00 00
88 00 00 10 41 88 00 00 AF 43 88 00 00 A0 41 88
[22:13:27.398] [INFO] [s22-preset-diff] READ 64 byte(s):
00 00 00 00 88 00 00 48 42 88 00 00 00 00 88 00
00 10 41 88 00 00 AF 43 88 00 00 A0 41 88 00 00
00 00 88 00 00 48 42 BA 6D 88 00 00 00 00 88 00
00 00 00 88 00 00 C8 C2 88 00 00 A0 41 88 00 00
[22:13:27.403] [INFO] [s22-preset-diff] READ 64 byte(s):
70 C2 88 00 00 80 3F 88 00 00 00 00 88 00 00 00
00 88 00 00 00 00 88 00 00 A0 40 88 00 00 80 3F
88 00 00 A0 40 88 00 00 96 43 88 00 00 A0 40 88
33 33 33 3F 88 00 80 3B 44 88 00 00 A0 40 88 00
[22:13:27.406] [INFO] [s22-preset-diff] READ 64 byte(s):
80 ED 44 88 00 00 80 3F 88 00 00 00 00 88 00 00
A0 40 88 00 00 A0 40 88 00 00 C8 42 88 00 00 80
3F 88 00 00 00 00 88 00 00 C8 41 88 00 00 A0 40
88 00 00 00 00 88 00 00 C0 3F 88 00 00 00 00 88
[22:13:27.409] [INFO] [s22-preset-diff] READ 64 byte(s):
00 00 80 3F 88 00 00 C0 3F 88 00 00 00 00 88 00
00 00 00 88 00 00 A0 40 88 00 00 A0 40 88 00 00
80 3F 88 00 00 00 00 88 00 00 80 40 88 00 00 A0
40 88 00 00 00 00 88 00 00 00 00 88 00 00 F0 41
[22:13:27.412] [INFO] [s22-preset-diff] READ 64 byte(s):
88 00 00 A0 40 88 00 00 00 00 88 00 00 00 00 88
00 00 F0 41 88 00 00 A0 40 88 00 00 00 00 88 00
00 00 00 88 00 00 F0 41 88 00 00 A0 40 88 00 00
00 00 88 00 00 00 00 88 00 00 F0 41 88 00 00 A0
[22:13:27.415] [INFO] [s22-preset-diff] READ 64 byte(s):
40 88 00 00 00 00 88 00 00 00 00 88 00 00 F0 41
88 00 00 A0 40 88 00 00 00 00 88 00 00 00 00 88
00 00 F0 41 88 00 00 80 3F 88 00 00 00 00 88 00
00 00 00 88 00 00 00 00 88 00 00 70 41 88 00 00
[22:13:27.421] [INFO] [s22-preset-diff] READ 64 byte(s):
00 3F 88 00 00 48 42 88 00 00 F0 40 88 00 00 00
00 88 00 00 40 40 88 00 00 D0 40 88 00 00 00 00
88 00 00 00 00 88 00 00 C0 40 88 00 00 00 00 88
00 00 70 41 88 00 00 00 3F 88 00 00 48 42 88 00
[22:13:27.425] [INFO] [s22-preset-diff] READ 64 byte(s):
00 F0 40 88 00 00 00 00 88 00 00 70 41 88 00 00
00 3F 88 00 00 48 42 88 00 00 C8 41 88 00 00 F0
40 88 00 00 00 00 88 00 00 40 40 88 00 00 B4 43
88 00 00 F0 42 88 00 00 48 42 88 00 00 A0 40 88
[22:13:27.428] [INFO] [s22-preset-diff] READ 64 byte(s):
00 00 80 3F 88 00 00 00 00 88 00 00 00 00 88 00
00 00 00 88 00 00 10 41 88 00 00 AF 43 88 00 00
A0 41 88 00 00 00 00 88 00 00 48 42 88 00 00 00
00 88 00 00 10 41 88 00 00 AF 43 88 00 00 A0 41
[22:13:27.430] [INFO] [s22-preset-diff] READ 64 byte(s):
88 00 00 00 00 88 00 00 48 42 BA 6D 88 00 00 00
00 88 00 00 00 00 88 00 00 C8 C2 88 00 00 A0 41
88 00 00 70 C2 88 00 00 80 3F 88 00 00 00 00 88
00 00 00 00 88 00 00 00 00 88 00 00 A0 40 88 00
[22:13:27.435] [INFO] [s22-preset-diff] READ 64 byte(s):
00 80 3F 88 00 00 A0 40 88 00 00 96 43 88 00 00
A0 40 88 33 33 33 3F 88 00 80 3B 44 88 00 00 A0
40 88 00 80 ED 44 88 00 00 80 3F 88 00 00 00 00
88 00 00 A0 40 88 00 00 A0 40 88 00 00 C8 42 88
[22:13:27.439] [INFO] [s22-preset-diff] READ 64 byte(s):
00 00 80 3F 88 00 00 00 00 88 00 00 C8 41 88 00
00 A0 40 88 00 00 00 00 88 00 00 C0 3F 88 00 00
00 00 88 00 00 80 3F 88 00 00 C0 3F 88 00 00 00
00 88 00 00 00 00 88 00 00 A0 40 88 00 00 A0 40
[22:13:27.443] [INFO] [s22-preset-diff] READ 64 byte(s):
88 00 00 80 3F 88 00 00 00 00 88 00 00 80 40 88
00 00 A0 40 88 00 00 00 00 88 00 00 00 00 88 00
00 F0 41 88 00 00 A0 40 88 00 00 00 00 88 00 00
00 00 88 00 00 F0 41 88 00 00 A0 40 88 00 00 00
[22:13:27.446] [INFO] [s22-preset-diff] READ 64 byte(s):
00 88 00 00 00 00 88 00 00 F0 41 88 00 00 A0 40
88 00 00 00 00 88 00 00 00 00 88 00 00 F0 41 88
00 00 A0 40 88 00 00 00 00 88 00 00 00 00 88 00
00 F0 41 88 00 00 A0 40 88 00 00 00 00 88 00 00
[22:13:27.451] [INFO] [s22-preset-diff] READ 64 byte(s):
00 00 88 00 00 F0 41 88 00 00 80 3F 88 00 00 00
00 88 00 00 00 00 88 00 00 00 00 88 00 00 70 41
88 00 00 00 3F 88 00 00 48 42 88 00 00 F0 40 88
00 00 00 00 88 00 00 40 40 88 00 00 D0 40 88 00
[22:13:27.454] [INFO] [s22-preset-diff] READ 64 byte(s):
00 00 00 88 00 00 00 00 88 00 00 C0 40 88 00 00
00 00 88 00 00 70 41 88 00 00 00 3F 88 00 00 48
42 88 00 00 F0 40 88 00 00 00 00 88 00 00 70 41
88 00 00 00 3F 88 00 00 48 42 88 00 00 C8 41 88
[22:13:27.459] [INFO] [s22-preset-diff] READ 64 byte(s):
00 00 F0 40 88 00 00 00 00 88 00 00 40 40 88 00
00 B4 43 88 00 00 F0 42 88 00 00 48 42 88 00 00
A0 40 88 00 00 80 3F 88 00 00 00 00 88 00 00 00
00 88 00 00 00 00 88 00 00 10 41 88 00 00 AF 43
[22:13:27.462] [INFO] [s22-preset-diff] READ 64 byte(s):
88 00 00 A0 41 88 00 00 00 00 88 00 00 48 42 88
00 00 00 00 88 00 00 10 41 88 00 00 AF 43 88 00
00 A0 41 88 00 00 00 00 88 00 00 48 42 B9 0D B9
02 BC 21 00 6B 01 BC DE C0 C7 BA 72 C3 F8 BA B6
[22:13:27.464] [INFO] [s22-preset-diff] READ 64 byte(s):
3B D5 BB F8 23 DF BB E4 BE 15 BC 1B 94 32 BC B2
3B 1C BC 83 00 B9 02 BC 0B 32 30 32 36 2D 30 32
2D 31 34 00 0A B9 02 BC 21 48 49 2D 47 41 49 4E
00 8A 8B 74 BB 19 F5 72 3B 33 6A A2 BB 70 BA 7D
[22:13:27.466] [INFO] [s22-preset-diff] READ 64 byte(s):
5E BC 7F 46 4F BC 1A 89 24 BC 3F 07 B9 02 BC 21
4E 6F 6E 65 00 25 77 3B 3B 80 28 3C D6 D7 6F BA
68 80 CA BB A4 E0 C3 B9 95 0D 92 3B 39 B4 95 BB
DA 04 B9 02 BC 21 4E 6F 6E 65 00 8E 3B BA E0 F1
[22:13:27.473] [INFO] [s22-preset-diff] READ 64 byte(s):
00 BB 16 33 24 BA FD 13 07 BB E5 23 28 BC 94 CD
18 BC AE D2 76 BB 07 04 B9 02 BC 21 4E 6F 6E 65
00 AB 34 BB 6E 56 B8 BA B4 66 AF B9 BB D3 2A 3C
8D EB 01 3C CC 1B 16 BB 72 9C 2D BB FC 04 B9 02
[22:13:27.476] [INFO] [s22-preset-diff] READ 64 byte(s):
BC 21 4E 6F 6E 65 00 4C 62 BB CC 71 79 BC F5 13
00 BC F8 41 15 3C C8 A3 23 3C 62 37 FC 3B 4D 46
C1 3B 24 04 B9 02 BC 21 00 29 45 BC 3C 2B 32 BC
90 40 67 B9 CA EB F2 3B 48 4C 80 3A D3 16 3E 3C
[22:13:27.481] [INFO] [s22-preset-diff] READ 64 byte(s):
75 CC 53 3C CB 67 10 BC 8E 00 B9 02 BC 21 00 C9
B8 BB A4 03 37 3C CF 5F CA 3C 90 EC 8C 3C 78 96
59 3C E8 47 4B 3B B9 CA 30 BB D2 B5 11 BC 60 00
B9 02 BC 21 00 5D 04 3C D6 60 33 3C EB 46 2C 3C
[22:13:27.483] [INFO] [s22-preset-diff] READ 64 byte(s):
3F BF 1F 3C 38 37 23 B9 7C 60 16 3C 92 C6 60 3B
82 C0 CD 3B 7D 5E 00 B9 02 BC 21 00 18 0F 3C DC
40 3F 3C 3B 93 59 3C 43 BC D3 3B FC F6 C9 3B A1
78 25 BC 4B 6D CB 3B 63 D5 08 3C 0E 00 B9 02 BC
[22:13:27.486] [INFO] [s22-preset-diff] READ 64 byte(s):
21 00 57 91 BC ED 04 58 BC CC AA 6E BB 91 67 1C
BC B5 53 17 BC D2 12 9F 3C 93 4D C0 3B EA 28 5D
BB 94 00 B9 02 BC 41 00 77 0D 3D 41 4E 1D 3D AE
E8 3F BC E0 AA 19 3D 28 89 CB 3C B1 9F 71 BB F7
[22:13:27.487] [INFO] [s22-preset-diff] READ 44 byte(s):
66 2C BD 80 30 0D BC 96 1B A0 BC 97 66 D3 BC 8E
A2 74 3B 15 61 88 BC 0B F2 99 BC AB 90 17 BC 5E
DF 9A 8B 12 99 00 00 72 00 67 0E 7E
[22:13:27.494] [INFO] [s22-preset-diff] WRITE 19 byte(s):
7E B9 03 00 82 06 00 80 0B 03 B9 02 81 06 03 0B
44 66 7E
[22:13:27.499] [INFO] [s22-preset-diff] READ 64 byte(s):
7E B9 03 81 06 03 80 A0 0B B9 01 B9 0E 82 4C 42
4C 47 B9 03 00 04 00 88 00 00 20 40 00 00 01 BA
14 B9 03 00 80 FF 00 B9 03 00 00 80 FF B9 03 80
FF 00 00 B9 03 80 FF 00 00 B9 03 00 00 80 FF B9
[22:13:27.501] [INFO] [s22-preset-diff] READ 64 byte(s):
03 80 FF 00 00 B9 03 80 BF 80 BF 80 BF B9 03 0F
80 FF 2F B9 03 80 FF 00 00 B9 03 2F 00 80 FF B9
03 11 11 00 B9 03 00 00 80 FF B9 03 05 00 11 B9
03 80 FF 00 00 B9 03 80 FF 00 00 B9 03 11 00 00
[22:13:27.503] [INFO] [s22-preset-diff] READ 44 byte(s):
B9 03 00 80 FF 00 B9 03 0B 0B 0B B9 03 11 22 00
B9 03 00 19 19 BC 06 00 00 0A 00 03 00 00 00 81
B8 01 01 00 88 00 00 70 43 AC 11 7E
[22:13:27.507] [INFO] [s22-preset-diff] WRITE 19 byte(s):
7E B9 03 00 82 06 00 80 0B 03 B9 02 81 06 03 0B
44 66 7E
[22:13:27.518] [INFO] [s22-preset-diff] READ 64 byte(s):
7E B9 03 81 06 03 80 A0 0B B9 01 B9 0E 82 4C 42
4C 47 B9 03 00 04 00 88 00 00 20 40 00 00 01 BA
14 B9 03 00 80 FF 00 B9 03 00 00 80 FF B9 03 80
FF 00 00 B9 03 80 FF 00 00 B9 03 00 00 80 FF B9
[22:13:27.525] [INFO] [s22-preset-diff] READ 64 byte(s):
03 80 FF 00 00 B9 03 80 BF 80 BF 80 BF B9 03 0F
80 FF 2F B9 03 80 FF 00 00 B9 03 2F 00 80 FF B9
03 11 11 00 B9 03 00 00 80 FF B9 03 05 00 11 B9
03 80 FF 00 00 B9 03 80 FF 00 00 B9 03 11 00 00
[22:13:27.528] [INFO] [s22-preset-diff] READ 44 byte(s):
B9 03 00 80 FF 00 B9 03 0B 0B 0B B9 03 11 22 00
B9 03 00 19 19 BC 06 00 00 0A 00 03 00 00 00 81
B8 01 01 00 88 00 00 70 43 AC 11 7E
[22:13:27.537] [INFO] [s22-preset-diff] WRITE 175 byte(s):
7E B9 03 81 06 03 82 A0 00 80 0B 03 B9 01 B9 0E
82 4C 42 4C 47 B9 03 00 04 00 88 00 00 20 40 00
00 01 BA 14 B9 03 00 80 FF 00 B9 03 00 00 80 FF
B9 03 80 FF 00 00 B9 03 80 FF 00 00 B9 03 00 00
80 FF B9 03 80 FF 00 00 B9 03 80 BF 80 BF 80 BF
B9 03 0F 80 FF 2F B9 03 80 FF 00 00 B9 03 2F 00
80 FF B9 03 11 11 00 B9 03 00 00 80 FF B9 03 05
00 11 B9 03 80 FF 00 00 B9 03 80 FF 00 00 B9 03
11 00 00 B9 03 00 80 FF 00 B9 03 0B 0B 0B B9 03
11 22 00 B9 03 00 19 19 BC 06 01 00 0A 00 03 00
00 00 81 B8 01 01 00 88 00 00 70 43 77 25 7E
[22:13:27.543] [INFO] [s22-preset-diff] WRITE 19 byte(s):
7E B9 03 00 82 06 00 80 0B 03 B9 02 81 06 03 0B
44 66 7E
[22:13:27.544] [INFO] [s22-preset-diff] READ 64 byte(s):
7E B9 03 81 06 03 80 A0 02 B9 01 B9 0E 82 4C 42
4C 47 B9 03 00 04 00 88 00 00 20 40 00 00 01 BA
14 B9 03 00 80 FF 00 B9 03 00 00 80 FF B9 03 80
FF 00 00 B9 03 80 FF 00 00 B9 03 00 00 80 FF B9
[22:13:27.550] [INFO] [s22-preset-diff] READ 64 byte(s):
03 80 FF 00 00 B9 03 80 BF 80 BF 80 BF B9 03 0F
80 FF 2F B9 03 80 FF 00 00 B9 03 2F 00 80 FF B9
03 11 11 00 B9 03 00 00 80 FF B9 03 05 00 11 B9
03 80 FF 00 00 B9 03 80 FF 00 00 B9 03 11 00 00
[22:13:27.555] [INFO] [s22-preset-diff] READ 64 byte(s):
B9 03 00 80 FF 00 B9 03 0B 0B 0B B9 03 11 22 00
B9 03 00 19 19 BC 06 01 00 0A 00 03 00 00 00 81
B8 01 01 00 88 00 00 70 43 4E 5B 7E 7E B9 03 81
04 03 81 9D 08 02 B9 03 00 01 B9 04 B9 02 BC 21
[22:13:27.560] [INFO] [s22-preset-diff] READ 64 byte(s):
50 75 73 68 65 64 20 54 72 69 70 6C 65 00 00 00
00 00 00 00 00 00 00 00 00 00 00 00 00 00 00 00
00 0D BA 02 88 00 00 00 00 88 00 00 F0 42 BA 03
BA 6D 88 00 00 00 00 88 00 00 00 00 88 00 00 C8
[22:13:27.561] [INFO] [s22-preset-diff] WRITE 21 byte(s):
7E B9 03 81 00 03 82 06 00 80 0B 03 B9 04 0B 01
01 00 10 3E 7E
[22:13:27.560] [FINDING] Preset-change byte-diff drill PASSED (preset 0 -> 1):
PASSED — expected offset(s): E 18, slot A preset; actually changed sanctioned offset(s): E 18, slot A preset
1 byte(s) differ, indices [142]:
  index 142 (E 18, slot A preset): 0x00 -> 0x01
[22:13:27.563] [INFO] [s22-preset-diff] READ 64 byte(s):
C2 88 00 00 A0 41 88 00 00 70 C2 88 00 00 80 3F
88 00 00 00 00 88 00 00 00 00 88 00 00 00 00 88
00 00 A0 40 88 00 00 80 3F 88 00 00 A0 40 88 00
00 96 43 88 00 00 A0 40 88 33 33 33 3F 88 00 80
[22:13:27.565] [INFO] Restoring original active preset 0...
[22:13:27.572] [INFO] [s22-preset-diff] READ 64 byte(s):
3B 44 88 00 00 A0 40 88 00 80 ED 44 88 00 00 80
3F 88 00 00 00 00 88 00 00 A0 40 88 CD CC BC 40
88 00 00 C8 42 88 00 00 80 3F 88 00 00 00 00 88
00 00 C8 41 88 00 00 A0 40 88 00 00 00 00 88 00
[22:13:27.576] [INFO] [s22-preset-diff] READ 64 byte(s):
00 C0 3F 88 00 00 00 00 88 00 00 80 3F 88 00 00
C0 3F 88 00 00 00 00 88 00 00 00 00 88 00 00 A0
40 88 00 00 A0 40 88 00 00 80 3F 88 00 00 00 00
88 00 00 80 40 88 00 00 A0 40 88 00 00 00 00 88
[22:13:27.579] [INFO] [s22-preset-diff] READ 64 byte(s):
00 00 00 00 88 00 00 F0 41 88 00 00 A0 40 88 00
00 00 00 88 00 00 00 00 88 00 00 F0 41 88 00 00
A0 40 88 00 00 00 00 88 00 00 00 00 88 00 00 F0
41 88 00 00 A0 40 88 00 00 00 00 88 00 00 00 00
[22:13:27.581] [INFO] [s22-preset-diff] READ 64 byte(s):
88 00 00 F0 41 88 00 00 A0 40 88 00 00 00 00 88
00 00 00 00 88 00 00 F0 41 88 00 00 A0 40 88 00
00 00 00 88 00 00 00 00 88 00 00 F0 41 88 00 00
80 3F 88 00 00 00 00 88 00 00 00 00 88 00 00 00
[22:13:27.584] [INFO] [s22-preset-diff] READ 64 byte(s):
00 88 00 00 70 41 88 00 00 00 3F 88 00 00 48 42
88 00 00 F0 40 88 00 00 00 00 88 00 00 40 40 88
00 00 D0 40 88 00 00 00 00 88 00 00 00 00 88 00
00 C0 40 88 00 00 00 00 88 00 00 70 41 88 00 00
[22:13:27.587] [INFO] [s22-preset-diff] READ 64 byte(s):
00 3F 88 00 00 48 42 88 00 00 F0 40 88 00 00 00
00 88 00 00 70 41 88 00 00 00 3F 88 00 00 48 42
88 00 00 C8 41 88 00 00 F0 40 88 00 00 00 00 88
00 00 40 40 88 00 00 B4 43 88 00 00 F0 42 88 00
[22:13:27.589] [INFO] [s22-preset-diff] READ 64 byte(s):
00 48 42 88 00 00 A0 40 88 00 00 80 3F 88 00 00
00 00 88 00 00 00 00 88 00 00 00 00 88 00 00 10
41 88 00 00 AF 43 88 00 00 A0 41 88 00 00 00 00
88 00 00 48 42 88 00 00 00 00 88 00 00 10 41 88
[22:13:27.591] [INFO] [s22-preset-diff] READ 64 byte(s):
00 00 AF 43 88 00 00 A0 41 88 00 00 00 00 88 00
00 48 42 BA 6D 88 00 00 00 00 88 00 00 00 00 88
00 00 C8 C2 88 00 00 A0 41 88 00 00 70 C2 88 00
00 80 3F 88 00 00 00 00 88 00 00 00 00 88 00 00
[22:13:27.593] [INFO] [s22-preset-diff] READ 64 byte(s):
00 00 88 00 00 A0 40 88 00 00 80 3F 88 00 00 A0
40 88 00 00 96 43 88 00 00 A0 40 88 33 33 33 3F
88 00 80 3B 44 88 00 00 A0 40 88 00 80 ED 44 88
00 00 80 3F 88 00 00 00 00 88 00 00 A0 40 88 00
[22:13:27.595] [INFO] [s22-preset-diff] READ 64 byte(s):
00 A0 40 88 00 00 C8 42 88 00 00 80 3F 88 00 00
00 00 88 00 00 C8 41 88 00 00 A0 40 88 00 00 00
00 88 00 00 C0 3F 88 00 00 00 00 88 00 00 80 3F
88 00 00 C0 3F 88 00 00 00 00 88 00 00 00 00 88
[22:13:27.600] [INFO] [s22-preset-diff] READ 64 byte(s):
00 00 A0 40 88 00 00 A0 40 88 00 00 80 3F 88 00
00 00 00 88 00 00 80 40 88 00 00 A0 40 88 00 00
00 00 88 00 00 00 00 88 00 00 F0 41 88 00 00 A0
40 88 00 00 00 00 88 00 00 00 00 88 00 00 F0 41
[22:13:27.603] [INFO] [s22-preset-diff] READ 64 byte(s):
88 00 00 A0 40 88 00 00 00 00 88 00 00 00 00 88
00 00 F0 41 88 00 00 A0 40 88 00 00 00 00 88 00
00 00 00 88 00 00 F0 41 88 00 00 A0 40 88 00 00
00 00 88 00 00 00 00 88 00 00 F0 41 88 00 00 A0
[22:13:27.605] [INFO] [s22-preset-diff] READ 64 byte(s):
40 88 00 00 00 00 88 00 00 00 00 88 00 00 F0 41
88 00 00 80 3F 88 00 00 00 00 88 00 00 00 00 88
00 00 00 00 88 00 00 70 41 88 00 00 00 3F 88 00
00 48 42 88 00 00 F0 40 88 00 00 00 00 88 00 00
[22:13:27.608] [INFO] [s22-preset-diff] READ 64 byte(s):
40 40 88 00 00 D0 40 88 00 00 00 00 88 00 00 00
00 88 00 00 C0 40 88 00 00 00 00 88 00 00 70 41
88 00 00 00 3F 88 00 00 48 42 88 00 00 F0 40 88
00 00 00 00 88 00 00 70 41 88 00 00 00 3F 88 00
[22:13:27.610] [INFO] [s22-preset-diff] READ 64 byte(s):
00 48 42 88 00 00 C8 41 88 00 00 F0 40 88 00 00
00 00 88 00 00 40 40 88 00 00 B4 43 88 00 00 F0
42 88 00 00 48 42 88 00 00 A0 40 88 00 00 80 3F
88 00 00 00 00 88 00 00 00 00 88 00 00 00 00 88
[22:13:27.612] [INFO] [s22-preset-diff] READ 64 byte(s):
00 00 10 41 88 00 00 AF 43 88 00 00 A0 41 88 00
00 00 00 88 00 00 48 42 88 00 00 00 00 88 00 00
10 41 88 00 00 AF 43 88 00 00 A0 41 88 00 00 00
00 88 00 00 48 42 BA 6D 88 00 00 00 00 88 00 00
[22:13:27.616] [INFO] [s22-preset-diff] READ 64 byte(s):
00 00 88 00 00 C8 C2 88 00 00 A0 41 88 00 00 70
C2 88 00 00 80 3F 88 00 00 00 00 88 00 00 00 00
88 00 00 00 00 88 00 00 A0 40 88 00 00 80 3F 88
00 00 A0 40 88 00 00 96 43 88 00 00 A0 40 88 33
[22:13:27.618] [INFO] [s22-preset-diff] READ 64 byte(s):
33 33 3F 88 00 80 3B 44 88 00 00 A0 40 88 00 80
ED 44 88 00 00 80 3F 88 00 00 00 00 88 00 00 A0
40 88 00 00 A0 40 88 00 00 C8 42 88 00 00 80 3F
88 00 00 00 00 88 00 00 C8 41 88 00 00 A0 40 88
[22:13:27.621] [INFO] [s22-preset-diff] READ 64 byte(s):
00 00 00 00 88 00 00 C0 3F 88 00 00 00 00 88 00
00 80 3F 88 00 00 C0 3F 88 00 00 00 00 88 00 00
00 00 88 00 00 A0 40 88 00 00 A0 40 88 00 00 80
3F 88 00 00 00 00 88 00 00 80 40 88 00 00 A0 40
[22:13:27.624] [INFO] [s22-preset-diff] READ 64 byte(s):
88 00 00 00 00 88 00 00 00 00 88 00 00 F0 41 88
00 00 A0 40 88 00 00 00 00 88 00 00 00 00 88 00
00 F0 41 88 00 00 A0 40 88 00 00 00 00 88 00 00
00 00 88 00 00 F0 41 88 00 00 A0 40 88 00 00 00
[22:13:27.627] [INFO] [s22-preset-diff] READ 64 byte(s):
00 88 00 00 00 00 88 00 00 F0 41 88 00 00 A0 40
88 00 00 00 00 88 00 00 00 00 88 00 00 F0 41 88
00 00 A0 40 88 00 00 00 00 88 00 00 00 00 88 00
00 F0 41 88 00 00 80 3F 88 00 00 00 00 88 00 00
[22:13:27.630] [INFO] [s22-preset-diff] READ 64 byte(s):
00 00 88 00 00 00 00 88 00 00 70 41 88 00 00 00
3F 88 00 00 48 42 88 00 00 F0 40 88 00 00 00 00
88 00 00 40 40 88 00 00 D0 40 88 00 00 00 00 88
00 00 00 00 88 00 00 C0 40 88 00 00 00 00 88 00
[22:13:27.634] [INFO] [s22-preset-diff] READ 64 byte(s):
00 70 41 88 00 00 00 3F 88 00 00 48 42 88 00 00
F0 40 88 00 00 00 00 88 00 00 70 41 88 00 00 00
3F 88 00 00 48 42 88 00 00 C8 41 88 00 00 F0 40
88 00 00 00 00 88 00 00 40 40 88 00 00 B4 43 88
[22:13:27.638] [INFO] [s22-preset-diff] READ 64 byte(s):
00 00 F0 42 88 00 00 48 42 88 00 00 A0 40 88 00
00 80 3F 88 00 00 00 00 88 00 00 00 00 88 00 00
00 00 88 00 00 10 41 88 00 00 AF 43 88 00 00 A0
41 88 00 00 00 00 88 00 00 48 42 88 00 00 00 00
[22:13:27.641] [INFO] [s22-preset-diff] READ 64 byte(s):
88 00 00 10 41 88 00 00 AF 43 88 00 00 A0 41 88
00 00 00 00 88 00 00 48 42 B9 0D B9 02 BC 21 00
44 3B BC 36 C0 77 BA 13 01 09 BB 6B 36 38 3C FD
A6 65 3C C5 85 15 BB 13 A6 86 BB 94 8D CD BA 90
[22:13:27.644] [INFO] [s22-preset-diff] READ 64 byte(s):
00 B9 02 BC 0B 32 30 32 36 2D 30 32 2D 31 34 00
0A B9 02 BC 21 44 52 49 56 45 00 2F 3B B4 32 E4
39 67 F4 A3 3A 6E 21 1B 3C 98 30 2F 3B 7F A4 8C
39 A4 BA BD BB FD 05 B9 02 BC 21 4E 6F 6E 65 00
[22:13:27.649] [INFO] [s22-preset-diff] READ 64 byte(s):
1A CF BA DC F9 F4 BB 60 87 D5 39 99 BE D5 3B A7
B3 EB 3B 1A 4B D1 3B 59 54 2C 3B A1 04 B9 02 BC
21 4E 6F 6E 65 00 BD 56 BA 30 08 1B B9 E6 EC 2C
BB 08 61 E4 BB F1 4B AC BB 2F 2E E0 3B 55 7D 5D
[22:13:27.652] [INFO] [s22-preset-diff] READ 64 byte(s):
95 3C 37 04 B9 02 BC 21 4E 6F 6E 65 00 74 46 BA
F5 96 96 3B BF F8 11 3C 81 E6 81 3C E6 78 84 3C
78 B0 9C 39 36 A7 4B BC 15 04 B9 02 BC 21 4E 6F
6E 65 00 E5 BA 3B 34 4F EF B9 64 BE 02 BC 06 AA
[22:13:27.656] [INFO] [s22-preset-diff] READ 64 byte(s):
1B BB 5E E1 94 3B E8 FD 44 3B 6F 90 02 3C F2 04
B9 02 BC 21 00 85 AB 3A C2 56 E4 B9 B8 21 0A 38
44 3B 47 B9 95 99 9D BA FD 5E 90 3B F3 3B 3E 3C
E0 4D 01 3C D4 00 B9 02 BC 21 00 B0 A7 3B CD C2
[22:13:27.660] [INFO] [s22-preset-diff] READ 64 byte(s):
7D 5D 3C A8 A2 D6 3B EE 51 62 3B 20 3C B7 3B 6D
D6 24 3C 32 C1 0E 3C 09 69 33 BA 90 00 B9 02 BC
21 00 A4 11 3A 70 A0 9B B9 17 FF F3 3B AC 1E A4
3B CB 03 AF 3B 7F 5C 8E 3C 20 7C 8B 3C 23 85 0B
[22:13:27.663] [INFO] [s22-preset-diff] READ 64 byte(s):
3C 3C 00 B9 02 BC 21 00 12 D0 3B 15 7B 83 BB 56
D5 15 BC DE 03 D1 BB 0C 95 17 3A F1 4E 13 3B 18
09 55 3B 74 D8 32 3A 64 00 B9 02 BC 21 00 E5 D8
3B 62 B5 97 BB 1F 6D DE BB FC CE 76 BC CE 47 88
[22:13:27.667] [INFO] [s22-preset-diff] READ 64 byte(s):
BC FB EC 0C BC CD C0 34 BC 18 16 71 BC 49 00 B9
02 BC 41 00 03 E0 BC EE 6A E4 BC 9D 35 CC BC 54
F5 D5 BC 81 EC 88 BC CA 51 8E BC 4B 26 93 BC AE
BD 77 BC 12 C7 54 BC EE 4B 0C BB 6C 39 31 3C 5C
[22:13:27.671] [INFO] [s22-preset-diff] READ 64 byte(s):
A6 76 BC AE AA BE BC A3 90 F2 BC 5E DF 9A 8B 12
99 00 00 72 00 79 04 7E 7E B9 03 05 00 0B 34 62
7E 7E B9 03 81 06 03 80 A0 0B B9 01 B9 0E 82 4C
42 4C 47 B9 03 00 04 00 88 00 00 20 40 00 00 01
[22:13:27.679] [INFO] [s22-preset-diff] READ 64 byte(s):
BA 14 B9 03 00 80 FF 00 B9 03 00 00 80 FF B9 03
80 FF 00 00 B9 03 80 FF 00 00 B9 03 00 00 80 FF
B9 03 80 FF 00 00 B9 03 80 BF 80 BF 80 BF B9 03
0F 80 FF 2F B9 03 80 FF 00 00 B9 03 2F 00 80 FF
[22:13:27.684] [INFO] [s22-preset-diff] READ 64 byte(s):
B9 03 11 11 00 B9 03 00 00 80 FF B9 03 05 00 11
B9 03 80 FF 00 00 B9 03 80 FF 00 00 B9 03 11 00
00 B9 03 00 80 FF 00 B9 03 0B 0B 0B B9 03 11 22
00 B9 03 00 19 19 BC 06 01 00 0A 00 03 00 00 00
[22:13:27.684] [INFO] [s22-preset-diff] WRITE 19 byte(s):
7E B9 03 00 82 06 00 80 0B 03 B9 02 81 06 03 0B
44 66 7E
[22:13:27.687] [INFO] [s22-preset-diff] READ 64 byte(s):
81 B8 01 01 00 88 00 00 70 43 4B E9 7E 7E B9 03
81 04 03 81 9D 08 0B B9 03 01 01 B9 04 B9 02 BC
21 50 75 73 68 65 64 20 54 72 69 70 6C 65 00 00
00 00 00 00 00 00 00 00 00 00 00 00 00 00 00 00
[22:13:27.692] [INFO] [s22-preset-diff] READ 64 byte(s):
00 00 0D BA 02 88 00 00 00 00 88 00 00 F0 42 BA
03 BA 6D 88 00 00 00 00 88 00 00 00 00 88 00 00
C8 C2 88 00 00 A0 41 88 00 00 70 C2 88 00 00 80
3F 88 00 00 00 00 88 00 00 00 00 88 00 00 00 00
[22:13:27.694] [INFO] [s22-preset-diff] WRITE 175 byte(s):
7E B9 03 81 06 03 82 A0 00 80 0B 03 B9 01 B9 0E
82 4C 42 4C 47 B9 03 00 04 00 88 00 00 20 40 00
00 01 BA 14 B9 03 00 80 FF 00 B9 03 00 00 80 FF
B9 03 80 FF 00 00 B9 03 80 FF 00 00 B9 03 00 00
80 FF B9 03 80 FF 00 00 B9 03 80 BF 80 BF 80 BF
B9 03 0F 80 FF 2F B9 03 80 FF 00 00 B9 03 2F 00
80 FF B9 03 11 11 00 B9 03 00 00 80 FF B9 03 05
00 11 B9 03 80 FF 00 00 B9 03 80 FF 00 00 B9 03
11 00 00 B9 03 00 80 FF 00 B9 03 0B 0B 0B B9 03
11 22 00 B9 03 00 19 19 BC 06 00 00 0A 00 03 00
00 00 81 B8 01 01 00 88 00 00 70 43 90 DD 7E
[22:13:27.699] [INFO] [s22-preset-diff] READ 64 byte(s):
88 00 00 A0 40 88 00 00 80 3F 88 00 00 A0 40 88
00 00 96 43 88 00 00 A0 40 88 33 33 33 3F 88 00
80 3B 44 88 00 00 A0 40 88 00 80 ED 44 88 00 00
80 3F 88 00 00 00 00 88 00 00 A0 40 88 CD CC BC
[22:13:27.703] [INFO] [s22-preset-diff] WRITE 19 byte(s):
7E B9 03 00 82 06 00 80 0B 03 B9 02 81 06 03 0B
44 66 7E
[22:13:27.704] [INFO] [s22-preset-diff] READ 64 byte(s):
40 88 00 00 C8 42 88 00 00 80 3F 88 00 00 00 00
88 00 00 C8 41 88 00 00 A0 40 88 00 00 00 00 88
00 00 C0 3F 88 00 00 00 00 88 00 00 80 3F 88 00
00 C0 3F 88 00 00 00 00 88 00 00 00 00 88 00 00
[22:13:27.707] [INFO] [s22-preset-diff] READ 64 byte(s):
A0 40 88 00 00 A0 40 88 00 00 80 3F 88 00 00 00
00 88 00 00 80 40 88 00 00 A0 40 88 00 00 00 00
88 00 00 00 00 88 00 00 F0 41 88 00 00 A0 40 88
00 00 00 00 88 00 00 00 00 88 00 00 F0 41 88 00
[22:13:27.710] [INFO] [s22-preset-diff] READ 64 byte(s):
00 A0 40 88 00 00 00 00 88 00 00 00 00 88 00 00
F0 41 88 00 00 A0 40 88 00 00 00 00 88 00 00 00
00 88 00 00 F0 41 88 00 00 A0 40 88 00 00 00 00
88 00 00 00 00 88 00 00 F0 41 88 00 00 A0 40 88
[22:13:27.713] [INFO] [s22-preset-diff] READ 64 byte(s):
00 00 00 00 88 00 00 00 00 88 00 00 F0 41 88 00
00 80 3F 88 00 00 00 00 88 00 00 00 00 88 00 00
00 00 88 00 00 70 41 88 00 00 00 3F 88 00 00 48
42 88 00 00 F0 40 88 00 00 00 00 88 00 00 40 40
[22:13:27.717] [INFO] [s22-preset-diff] READ 64 byte(s):
88 00 00 D0 40 88 00 00 00 00 88 00 00 00 00 88
00 00 C0 40 88 00 00 00 00 88 00 00 70 41 88 00
00 00 3F 88 00 00 48 42 88 00 00 F0 40 88 00 00
00 00 88 00 00 70 41 88 00 00 00 3F 88 00 00 48
[22:13:27.720] [INFO] [s22-preset-diff] READ 64 byte(s):
42 88 00 00 C8 41 88 00 00 F0 40 88 00 00 00 00
88 00 00 40 40 88 00 00 B4 43 88 00 00 F0 42 88
00 00 48 42 88 00 00 A0 40 88 00 00 80 3F 88 00
00 00 00 88 00 00 00 00 88 00 00 00 00 88 00 00
[22:13:27.723] [INFO] [s22-preset-diff] READ 64 byte(s):
10 41 88 00 00 AF 43 88 00 00 A0 41 88 00 00 00
00 88 00 00 48 42 88 00 00 00 00 88 00 00 10 41
88 00 00 AF 43 88 00 00 A0 41 88 00 00 00 00 88
00 00 48 42 BA 6D 88 00 00 00 00 88 00 00 00 00
[22:13:27.726] [INFO] [s22-preset-diff] READ 64 byte(s):
88 00 00 C8 C2 88 00 00 A0 41 88 00 00 70 C2 88
00 00 80 3F 88 00 00 00 00 88 00 00 00 00 88 00
00 00 00 88 00 00 A0 40 88 00 00 80 3F 88 00 00
A0 40 88 00 00 96 43 88 00 00 A0 40 88 33 33 33
[22:13:27.728] [INFO] [s22-preset-diff] READ 64 byte(s):
3F 88 00 80 3B 44 88 00 00 A0 40 88 00 80 ED 44
88 00 00 80 3F 88 00 00 00 00 88 00 00 A0 40 88
00 00 A0 40 88 00 00 C8 42 88 00 00 80 3F 88 00
00 00 00 88 00 00 C8 41 88 00 00 A0 40 88 00 00
[22:13:27.732] [INFO] [s22-preset-diff] READ 64 byte(s):
00 00 88 00 00 C0 3F 88 00 00 00 00 88 00 00 80
3F 88 00 00 C0 3F 88 00 00 00 00 88 00 00 00 00
88 00 00 A0 40 88 00 00 A0 40 88 00 00 80 3F 88
00 00 00 00 88 00 00 80 40 88 00 00 A0 40 88 00
[22:13:27.735] [INFO] [s22-preset-diff] READ 64 byte(s):
00 00 00 88 00 00 00 00 88 00 00 F0 41 88 00 00
A0 40 88 00 00 00 00 88 00 00 00 00 88 00 00 F0
41 88 00 00 A0 40 88 00 00 00 00 88 00 00 00 00
88 00 00 F0 41 88 00 00 A0 40 88 00 00 00 00 88
[22:13:27.737] [INFO] [s22-preset-diff] READ 64 byte(s):
00 00 00 00 88 00 00 F0 41 88 00 00 A0 40 88 00
00 00 00 88 00 00 00 00 88 00 00 F0 41 88 00 00
A0 40 88 00 00 00 00 88 00 00 00 00 88 00 00 F0
41 88 00 00 80 3F 88 00 00 00 00 88 00 00 00 00
[22:13:27.740] [INFO] [s22-preset-diff] READ 64 byte(s):
88 00 00 00 00 88 00 00 70 41 88 00 00 00 3F 88
00 00 48 42 88 00 00 F0 40 88 00 00 00 00 88 00
00 40 40 88 00 00 D0 40 88 00 00 00 00 88 00 00
00 00 88 00 00 C0 40 88 00 00 00 00 88 00 00 70
[22:13:27.742] [INFO] [s22-preset-diff] READ 64 byte(s):
41 88 00 00 00 3F 88 00 00 48 42 88 00 00 F0 40
88 00 00 00 00 88 00 00 70 41 88 00 00 00 3F 88
00 00 48 42 88 00 00 C8 41 88 00 00 F0 40 88 00
00 00 00 88 00 00 40 40 88 00 00 B4 43 88 00 00
[22:13:27.746] [INFO] [s22-preset-diff] READ 64 byte(s):
F0 42 88 00 00 48 42 88 00 00 A0 40 88 00 00 80
3F 88 00 00 00 00 88 00 00 00 00 88 00 00 00 00
88 00 00 10 41 88 00 00 AF 43 88 00 00 A0 41 88
00 00 00 00 88 00 00 48 42 88 00 00 00 00 88 00
[22:13:27.749] [INFO] [s22-preset-diff] READ 64 byte(s):
00 10 41 88 00 00 AF 43 88 00 00 A0 41 88 00 00
00 00 88 00 00 48 42 BA 6D 88 00 00 00 00 88 00
00 00 00 88 00 00 C8 C2 88 00 00 A0 41 88 00 00
70 C2 88 00 00 80 3F 88 00 00 00 00 88 00 00 00
[22:13:27.751] [INFO] [s22-preset-diff] READ 64 byte(s):
00 88 00 00 00 00 88 00 00 A0 40 88 00 00 80 3F
88 00 00 A0 40 88 00 00 96 43 88 00 00 A0 40 88
33 33 33 3F 88 00 80 3B 44 88 00 00 A0 40 88 00
80 ED 44 88 00 00 80 3F 88 00 00 00 00 88 00 00
[22:13:27.756] [INFO] [s22-preset-diff] READ 64 byte(s):
A0 40 88 00 00 A0 40 88 00 00 C8 42 88 00 00 80
3F 88 00 00 00 00 88 00 00 C8 41 88 00 00 A0 40
88 00 00 00 00 88 00 00 C0 3F 88 00 00 00 00 88
00 00 80 3F 88 00 00 C0 3F 88 00 00 00 00 88 00
[22:13:27.759] [INFO] [s22-preset-diff] READ 64 byte(s):
00 00 00 88 00 00 A0 40 88 00 00 A0 40 88 00 00
80 3F 88 00 00 00 00 88 00 00 80 40 88 00 00 A0
40 88 00 00 00 00 88 00 00 00 00 88 00 00 F0 41
88 00 00 A0 40 88 00 00 00 00 88 00 00 00 00 88
[22:13:27.763] [INFO] [s22-preset-diff] READ 64 byte(s):
00 00 F0 41 88 00 00 A0 40 88 00 00 00 00 88 00
00 00 00 88 00 00 F0 41 88 00 00 A0 40 88 00 00
00 00 88 00 00 00 00 88 00 00 F0 41 88 00 00 A0
40 88 00 00 00 00 88 00 00 00 00 88 00 00 F0 41
[22:13:27.765] [INFO] [s22-preset-diff] READ 64 byte(s):
88 00 00 A0 40 88 00 00 00 00 88 00 00 00 00 88
00 00 F0 41 88 00 00 80 3F 88 00 00 00 00 88 00
00 00 00 88 00 00 00 00 88 00 00 70 41 88 00 00
00 3F 88 00 00 48 42 88 00 00 F0 40 88 00 00 00
[22:13:27.768] [INFO] [s22-preset-diff] READ 64 byte(s):
00 88 00 00 40 40 88 00 00 D0 40 88 00 00 00 00
88 00 00 00 00 88 00 00 C0 40 88 00 00 00 00 88
00 00 70 41 88 00 00 00 3F 88 00 00 48 42 88 00
00 F0 40 88 00 00 00 00 88 00 00 70 41 88 00 00
[22:13:27.771] [INFO] [s22-preset-diff] READ 64 byte(s):
00 3F 88 00 00 48 42 88 00 00 C8 41 88 00 00 F0
40 88 00 00 00 00 88 00 00 40 40 88 00 00 B4 43
88 00 00 F0 42 88 00 00 48 42 88 00 00 A0 40 88
00 00 80 3F 88 00 00 00 00 88 00 00 00 00 88 00
[22:13:27.773] [INFO] [s22-preset-diff] READ 64 byte(s):
00 00 00 88 00 00 10 41 88 00 00 AF 43 88 00 00
A0 41 88 00 00 00 00 88 00 00 48 42 88 00 00 00
00 88 00 00 10 41 88 00 00 AF 43 88 00 00 A0 41
88 00 00 00 00 88 00 00 48 42 B9 0D B9 02 BC 21
[22:13:27.776] [INFO] [s22-preset-diff] READ 64 byte(s):
00 44 3B BC 36 C0 77 BA 13 01 09 BB 6B 36 38 3C
FD A6 65 3C C5 85 15 BB 13 A6 86 BB 94 8D CD BA
90 00 B9 02 BC 0B 32 30 32 36 2D 30 32 2D 31 34
00 0A B9 02 BC 21 44 52 49 56 45 00 2F 3B B4 32
[22:13:27.780] [INFO] [s22-preset-diff] READ 64 byte(s):
E4 39 67 F4 A3 3A 6E 21 1B 3C 98 30 2F 3B 7F A4
8C 39 A4 BA BD BB FD 05 B9 02 BC 21 4E 6F 6E 65
00 1A CF BA DC F9 F4 BB 60 87 D5 39 99 BE D5 3B
A7 B3 EB 3B 1A 4B D1 3B 59 54 2C 3B A1 04 B9 02
[22:13:27.782] [INFO] [s22-preset-diff] READ 64 byte(s):
BC 21 4E 6F 6E 65 00 BD 56 BA 30 08 1B B9 E6 EC
2C BB 08 61 E4 BB F1 4B AC BB 2F 2E E0 3B 55 7D
5D 95 3C 37 04 B9 02 BC 21 4E 6F 6E 65 00 74 46
BA F5 96 96 3B BF F8 11 3C 81 E6 81 3C E6 78 84
[22:13:27.785] [INFO] [s22-preset-diff] READ 64 byte(s):
3C 78 B0 9C 39 36 A7 4B BC 15 04 B9 02 BC 21 4E
6F 6E 65 00 E5 BA 3B 34 4F EF B9 64 BE 02 BC 06
AA 1B BB 5E E1 94 3B E8 FD 44 3B 6F 90 02 3C F2
04 B9 02 BC 21 00 85 AB 3A C2 56 E4 B9 B8 21 0A
[22:13:27.787] [INFO] [s22-preset-diff] READ 64 byte(s):
38 44 3B 47 B9 95 99 9D BA FD 5E 90 3B F3 3B 3E
3C E0 4D 01 3C D4 00 B9 02 BC 21 00 B0 A7 3B CD
C2 7D 5D 3C A8 A2 D6 3B EE 51 62 3B 20 3C B7 3B
6D D6 24 3C 32 C1 0E 3C 09 69 33 BA 90 00 B9 02
[22:13:27.790] [INFO] [s22-preset-diff] READ 64 byte(s):
BC 21 00 A4 11 3A 70 A0 9B B9 17 FF F3 3B AC 1E
A4 3B CB 03 AF 3B 7F 5C 8E 3C 20 7C 8B 3C 23 85
0B 3C 3C 00 B9 02 BC 21 00 12 D0 3B 15 7B 83 BB
56 D5 15 BC DE 03 D1 BB 0C 95 17 3A F1 4E 13 3B
[22:13:27.792] [INFO] [s22-preset-diff] READ 64 byte(s):
18 09 55 3B 74 D8 32 3A 64 00 B9 02 BC 21 00 E5
D8 3B 62 B5 97 BB 1F 6D DE BB FC CE 76 BC CE 47
88 BC FB EC 0C BC CD C0 34 BC 18 16 71 BC 49 00
B9 02 BC 41 00 03 E0 BC EE 6A E4 BC 9D 35 CC BC
[22:13:27.794] [INFO] [s22-preset-diff] READ 57 byte(s):
54 F5 D5 BC 81 EC 88 BC CA 51 8E BC 4B 26 93 BC
AE BD 77 BC 12 C7 54 BC EE 4B 0C BB 6C 39 31 3C
5C A6 76 BC AE AA BE BC A3 90 F2 BC 5E DF 9A 8B
12 99 00 00 72 00 DA 96 7E
[22:13:27.796] [INFO] [s22-preset-diff] READ 64 byte(s):
7E B9 03 81 06 03 80 A0 0B B9 01 B9 0E 82 4C 42
4C 47 B9 03 00 04 00 88 00 00 20 40 00 00 01 BA
14 B9 03 00 80 FF 00 B9 03 00 00 80 FF B9 03 80
FF 00 00 B9 03 80 FF 00 00 B9 03 00 00 80 FF B9
[22:13:27.799] [INFO] [s22-preset-diff] READ 64 byte(s):
03 80 FF 00 00 B9 03 80 BF 80 BF 80 BF B9 03 0F
80 FF 2F B9 03 80 FF 00 00 B9 03 2F 00 80 FF B9
03 11 11 00 B9 03 00 00 80 FF B9 03 05 00 11 B9
03 80 FF 00 00 B9 03 80 FF 00 00 B9 03 11 00 00
[22:13:27.801] [INFO] [s22-preset-diff] READ 44 byte(s):
B9 03 00 80 FF 00 B9 03 0B 0B 0B B9 03 11 22 00
B9 03 00 19 19 BC 06 01 00 0A 00 03 00 00 00 81
B8 01 01 00 88 00 00 70 43 4B E9 7E
[22:13:27.803] [INFO] [s22-preset-diff] READ 64 byte(s):
7E B9 03 81 06 03 80 A0 02 B9 01 B9 0E 82 4C 42
4C 47 B9 03 00 04 00 88 00 00 20 40 00 00 01 BA
14 B9 03 00 80 FF 00 B9 03 00 00 80 FF B9 03 80
FF 00 00 B9 03 80 FF 00 00 B9 03 00 00 80 FF B9
[22:13:27.803] [ERROR] Restore was sent, but an independent re-read shows the state blob is NOT identical to the pre-drill capture — STOP AND ESCALATE:
1 byte(s) differ, indices [142]:
  index 142 (E 18, slot A preset): 0x00 -> 0x01
[22:13:27.805] [INFO] [s22-preset-diff] READ 64 byte(s):
03 80 FF 00 00 B9 03 80 BF 80 BF 80 BF B9 03 0F
80 FF 2F B9 03 80 FF 00 00 B9 03 2F 00 80 FF B9
03 11 11 00 B9 03 00 00 80 FF B9 03 05 00 11 B9
03 80 FF 00 00 B9 03 80 FF 00 00 B9 03 11 00 00
[22:13:27.808] [INFO] [s22-preset-diff] READ 64 byte(s):
B9 03 00 80 FF 00 B9 03 0B 0B 0B B9 03 11 22 00
B9 03 00 19 19 BC 06 00 00 0A 00 03 00 00 00 81
B8 01 01 00 88 00 00 70 43 A9 A3 7E 7E B9 03 81
04 03 81 9D 08 02 B9 03 00 00 B9 04 B9 02 BC 21
[22:13:28.223] [WARN] === Preset-change byte-diff drill complete ===
[22:13:31.552] [WARN] === S22 safety drill: revert drill starting (issue #27 §4 — THIS WILL EDIT SEVERAL PARAMETERS ON THE ACTIVE PRESET, THEN REVERT THEM) ===
[22:13:31.557] [INFO] [connection-health:s22-revert] connectionState -> Hello
[22:13:31.558] [INFO] [s22-revert] WRITE 17 byte(s):
7E B9 03 00 82 04 00 80 0B 01 B9 02 02 0B 17 8C
7E
[22:13:31.570] [INFO] [s22-revert] READ 52 byte(s):
7E B9 03 02 2B 0B B9 07 00 80 C7 B9 03 02 01 00
B9 03 01 03 0F BC 14 6B 8D C2 72 D6 FA 9B 73 06
A3 3D D9 08 13 CD 0E FD 09 78 36 82 1B 45 0F 00
00 F0 F3 7E
[22:13:31.573] [INFO] [connection-health:s22-revert] connectionState -> GetState
[22:13:31.574] [INFO] [s22-revert] WRITE 19 byte(s):
7E B9 03 00 82 06 00 80 0B 03 B9 02 81 06 03 0B
44 66 7E
[22:13:31.578] [INFO] [s22-revert] READ 64 byte(s):
7E B9 03 81 06 03 80 A0 0B B9 01 B9 0E 82 4C 42
4C 47 B9 03 00 04 00 88 00 00 20 40 00 00 01 BA
14 B9 03 00 80 FF 00 B9 03 00 00 80 FF B9 03 80
FF 00 00 B9 03 80 FF 00 00 B9 03 00 00 80 FF B9
[22:13:31.585] [INFO] [s22-revert] READ 64 byte(s):
03 80 FF 00 00 B9 03 80 BF 80 BF 80 BF B9 03 0F
80 FF 2F B9 03 80 FF 00 00 B9 03 2F 00 80 FF B9
03 11 11 00 B9 03 00 00 80 FF B9 03 05 00 11 B9
03 80 FF 00 00 B9 03 80 FF 00 00 B9 03 11 00 00
[22:13:31.588] [INFO] [s22-revert] READ 44 byte(s):
B9 03 00 80 FF 00 B9 03 0B 0B 0B B9 03 11 22 00
B9 03 00 19 19 BC 06 00 00 0A 00 03 00 00 00 81
B8 01 01 00 88 00 00 70 43 AC 11 7E
[22:13:31.593] [INFO] [s22-revert] WRITE 21 byte(s):
7E B9 03 81 00 03 82 06 00 80 0B 03 B9 04 0B 01
00 00 C8 27 7E
[22:13:31.592] [INFO] [connection-health:s22-revert] connectionState -> Ready
[22:13:31.600] [INFO] [s22-revert] READ 64 byte(s):
7E B9 03 81 04 03 81 9D 08 0B B9 03 01 00 B9 04
B9 02 BC 21 4D 6F 64 65 72 6E 20 54 72 69 70 6C
65 00 00 00 00 00 00 00 00 00 00 00 00 00 00 00
00 00 00 00 00 0D BA 02 88 00 00 00 00 88 00 00
[22:13:31.603] [INFO] [s22-revert] READ 64 byte(s):
F0 42 BA 03 BA 6D 88 00 00 00 00 88 00 00 00 00
88 00 00 C8 C2 88 00 00 A0 41 88 00 00 70 C2 88
00 00 80 3F 88 00 00 00 00 88 00 00 00 00 88 00
00 00 00 88 00 00 A0 40 88 00 00 80 3F 88 00 00
[22:13:31.606] [INFO] [s22-revert] READ 64 byte(s):
A0 40 88 00 00 96 43 88 00 00 A0 40 88 33 33 33
3F 88 00 80 3B 44 88 00 00 A0 40 88 00 80 ED 44
88 00 00 80 3F 88 00 00 00 00 88 CD CC AC 40 88
00 00 E0 40 88 00 00 C8 42 88 00 00 80 3F 88 00
[22:13:31.610] [INFO] [s22-revert] READ 64 byte(s):
00 00 00 88 00 00 C8 41 88 00 00 A0 40 88 00 00
00 00 88 00 00 C0 3F 88 00 00 00 00 88 00 00 80
3F 88 00 00 C0 3F 88 00 00 00 00 88 00 00 00 00
88 00 00 A0 40 88 00 00 A0 40 88 00 00 80 3F 88
[22:13:31.617] [INFO] [s22-revert] READ 64 byte(s):
00 00 00 00 88 00 00 80 40 88 00 00 A0 40 88 00
00 00 00 88 00 00 00 00 88 00 00 F0 41 88 00 00
A0 40 88 00 00 00 00 88 00 00 00 00 88 00 00 F0
41 88 00 00 A0 40 88 00 00 00 00 88 00 00 00 00
[22:13:31.624] [INFO] [s22-revert] READ 64 byte(s):
88 00 00 F0 41 88 00 00 A0 40 88 00 00 00 00 88
00 00 00 00 88 00 00 F0 41 88 00 00 A0 40 88 00
00 00 00 88 00 00 00 00 88 00 00 F0 41 88 00 00
A0 40 88 00 00 00 00 88 00 00 00 00 88 00 00 F0
[22:13:31.628] [INFO] [s22-revert] READ 64 byte(s):
41 88 00 00 80 3F 88 00 00 00 00 88 00 00 00 00
88 00 00 00 00 88 00 00 70 41 88 00 00 00 3F 88
00 00 48 42 88 00 00 F0 40 88 00 00 00 00 88 00
00 40 40 88 00 00 D0 40 88 00 00 00 00 88 00 00
[22:13:31.637] [INFO] [s22-revert] READ 64 byte(s):
00 00 88 00 00 C0 40 88 00 00 00 00 88 00 00 70
41 88 00 00 00 3F 88 00 00 48 42 88 00 00 F0 40
88 00 00 00 00 88 00 00 70 41 88 00 00 00 3F 88
00 00 48 42 88 00 00 C8 41 88 00 00 F0 40 88 00
[22:13:31.639] [INFO] [s22-revert] READ 64 byte(s):
00 00 00 88 00 00 40 40 88 00 00 B4 43 88 00 00
F0 42 88 00 00 48 42 88 00 00 A0 40 88 00 00 80
3F 88 00 00 00 00 88 00 00 00 00 88 00 00 00 00
88 00 00 10 41 88 00 00 AF 43 88 00 00 A0 41 88
[22:13:31.642] [INFO] [s22-revert] READ 64 byte(s):
00 00 00 00 88 00 00 48 42 88 00 00 00 00 88 00
00 10 41 88 00 00 AF 43 88 00 00 A0 41 88 00 00
00 00 88 00 00 48 42 BA 6D 88 00 00 00 00 88 00
00 00 00 88 00 00 C8 C2 88 00 00 A0 41 88 00 00
[22:13:31.644] [INFO] [s22-revert] READ 64 byte(s):
70 C2 88 00 00 80 3F 88 00 00 00 00 88 00 00 00
00 88 00 00 00 00 88 00 00 A0 40 88 00 00 80 3F
88 00 00 A0 40 88 00 00 96 43 88 00 00 A0 40 88
33 33 33 3F 88 00 80 3B 44 88 00 00 A0 40 88 00
[22:13:31.645] [INFO] [s22-revert] READ 64 byte(s):
80 ED 44 88 00 00 80 3F 88 00 00 00 00 88 00 00
A0 40 88 00 00 A0 40 88 00 00 C8 42 88 00 00 80
3F 88 00 00 00 00 88 00 00 C8 41 88 00 00 A0 40
88 00 00 00 00 88 00 00 C0 3F 88 00 00 00 00 88
[22:13:31.649] [INFO] [s22-revert] READ 64 byte(s):
00 00 80 3F 88 00 00 C0 3F 88 00 00 00 00 88 00
00 00 00 88 00 00 A0 40 88 00 00 A0 40 88 00 00
80 3F 88 00 00 00 00 88 00 00 80 40 88 00 00 A0
40 88 00 00 00 00 88 00 00 00 00 88 00 00 F0 41
[22:13:31.654] [INFO] [s22-revert] READ 64 byte(s):
88 00 00 A0 40 88 00 00 00 00 88 00 00 00 00 88
00 00 F0 41 88 00 00 A0 40 88 00 00 00 00 88 00
00 00 00 88 00 00 F0 41 88 00 00 A0 40 88 00 00
00 00 88 00 00 00 00 88 00 00 F0 41 88 00 00 A0
[22:13:31.659] [INFO] [s22-revert] READ 64 byte(s):
40 88 00 00 00 00 88 00 00 00 00 88 00 00 F0 41
88 00 00 A0 40 88 00 00 00 00 88 00 00 00 00 88
00 00 F0 41 88 00 00 80 3F 88 00 00 00 00 88 00
00 00 00 88 00 00 00 00 88 00 00 70 41 88 00 00
[22:13:31.663] [INFO] [s22-revert] READ 64 byte(s):
00 3F 88 00 00 48 42 88 00 00 F0 40 88 00 00 00
00 88 00 00 40 40 88 00 00 D0 40 88 00 00 00 00
88 00 00 00 00 88 00 00 C0 40 88 00 00 00 00 88
00 00 70 41 88 00 00 00 3F 88 00 00 48 42 88 00
[22:13:31.665] [INFO] [s22-revert] READ 64 byte(s):
00 F0 40 88 00 00 00 00 88 00 00 70 41 88 00 00
00 3F 88 00 00 48 42 88 00 00 C8 41 88 00 00 F0
40 88 00 00 00 00 88 00 00 40 40 88 00 00 B4 43
88 00 00 F0 42 88 00 00 48 42 88 00 00 A0 40 88
[22:13:31.666] [INFO] [s22-revert] READ 64 byte(s):
00 00 80 3F 88 00 00 00 00 88 00 00 00 00 88 00
00 00 00 88 00 00 10 41 88 00 00 AF 43 88 00 00
A0 41 88 00 00 00 00 88 00 00 48 42 88 00 00 00
00 88 00 00 10 41 88 00 00 AF 43 88 00 00 A0 41
[22:13:31.668] [INFO] [s22-revert] READ 64 byte(s):
88 00 00 00 00 88 00 00 48 42 BA 6D 88 00 00 00
00 88 00 00 00 00 88 00 00 C8 C2 88 00 00 A0 41
88 00 00 70 C2 88 00 00 80 3F 88 00 00 00 00 88
00 00 00 00 88 00 00 00 00 88 00 00 A0 40 88 00
[22:13:31.670] [INFO] [s22-revert] READ 64 byte(s):
00 80 3F 88 00 00 A0 40 88 00 00 96 43 88 00 00
A0 40 88 33 33 33 3F 88 00 80 3B 44 88 00 00 A0
40 88 00 80 ED 44 88 00 00 80 3F 88 00 00 00 00
88 00 00 A0 40 88 00 00 A0 40 88 00 00 C8 42 88
[22:13:31.672] [INFO] [s22-revert] READ 64 byte(s):
00 00 80 3F 88 00 00 00 00 88 00 00 C8 41 88 00
00 A0 40 88 00 00 00 00 88 00 00 C0 3F 88 00 00
00 00 88 00 00 80 3F 88 00 00 C0 3F 88 00 00 00
00 88 00 00 00 00 88 00 00 A0 40 88 00 00 A0 40
[22:13:31.674] [INFO] [s22-revert] READ 64 byte(s):
88 00 00 80 3F 88 00 00 00 00 88 00 00 80 40 88
00 00 A0 40 88 00 00 00 00 88 00 00 00 00 88 00
00 F0 41 88 00 00 A0 40 88 00 00 00 00 88 00 00
00 00 88 00 00 F0 41 88 00 00 A0 40 88 00 00 00
[22:13:31.676] [INFO] [s22-revert] READ 64 byte(s):
00 88 00 00 00 00 88 00 00 F0 41 88 00 00 A0 40
88 00 00 00 00 88 00 00 00 00 88 00 00 F0 41 88
00 00 A0 40 88 00 00 00 00 88 00 00 00 00 88 00
00 F0 41 88 00 00 A0 40 88 00 00 00 00 88 00 00
[22:13:31.678] [INFO] [s22-revert] READ 64 byte(s):
00 00 88 00 00 F0 41 88 00 00 80 3F 88 00 00 00
00 88 00 00 00 00 88 00 00 00 00 88 00 00 70 41
88 00 00 00 3F 88 00 00 48 42 88 00 00 F0 40 88
00 00 00 00 88 00 00 40 40 88 00 00 D0 40 88 00
[22:13:31.679] [INFO] [s22-revert] READ 64 byte(s):
00 00 00 88 00 00 00 00 88 00 00 C0 40 88 00 00
00 00 88 00 00 70 41 88 00 00 00 3F 88 00 00 48
42 88 00 00 F0 40 88 00 00 00 00 88 00 00 70 41
88 00 00 00 3F 88 00 00 48 42 88 00 00 C8 41 88
[22:13:31.681] [INFO] [s22-revert] READ 64 byte(s):
00 00 F0 40 88 00 00 00 00 88 00 00 40 40 88 00
00 B4 43 88 00 00 F0 42 88 00 00 48 42 88 00 00
A0 40 88 00 00 80 3F 88 00 00 00 00 88 00 00 00
00 88 00 00 00 00 88 00 00 10 41 88 00 00 AF 43
[22:13:31.684] [INFO] [s22-revert] READ 64 byte(s):
88 00 00 A0 41 88 00 00 00 00 88 00 00 48 42 88
00 00 00 00 88 00 00 10 41 88 00 00 AF 43 88 00
00 A0 41 88 00 00 00 00 88 00 00 48 42 B9 0D B9
02 BC 21 00 6B 01 BC DE C0 C7 BA 72 C3 F8 BA B6
[22:13:31.686] [INFO] [s22-revert] READ 64 byte(s):
3B D5 BB F8 23 DF BB E4 BE 15 BC 1B 94 32 BC B2
3B 1C BC 83 00 B9 02 BC 0B 32 30 32 36 2D 30 32
2D 31 34 00 0A B9 02 BC 21 48 49 2D 47 41 49 4E
00 8A 8B 74 BB 19 F5 72 3B 33 6A A2 BB 70 BA 7D
[22:13:31.688] [INFO] [s22-revert] READ 64 byte(s):
5E BC 7F 46 4F BC 1A 89 24 BC 3F 07 B9 02 BC 21
4E 6F 6E 65 00 25 77 3B 3B 80 28 3C D6 D7 6F BA
68 80 CA BB A4 E0 C3 B9 95 0D 92 3B 39 B4 95 BB
DA 04 B9 02 BC 21 4E 6F 6E 65 00 8E 3B BA E0 F1
[22:13:31.690] [INFO] [s22-revert] READ 64 byte(s):
00 BB 16 33 24 BA FD 13 07 BB E5 23 28 BC 94 CD
18 BC AE D2 76 BB 07 04 B9 02 BC 21 4E 6F 6E 65
00 AB 34 BB 6E 56 B8 BA B4 66 AF B9 BB D3 2A 3C
8D EB 01 3C CC 1B 16 BB 72 9C 2D BB FC 04 B9 02
[22:13:31.692] [INFO] [s22-revert] READ 64 byte(s):
BC 21 4E 6F 6E 65 00 4C 62 BB CC 71 79 BC F5 13
00 BC F8 41 15 3C C8 A3 23 3C 62 37 FC 3B 4D 46
C1 3B 24 04 B9 02 BC 21 00 29 45 BC 3C 2B 32 BC
90 40 67 B9 CA EB F2 3B 48 4C 80 3A D3 16 3E 3C
[22:13:31.694] [INFO] [s22-revert] READ 64 byte(s):
75 CC 53 3C CB 67 10 BC 8E 00 B9 02 BC 21 00 C9
B8 BB A4 03 37 3C CF 5F CA 3C 90 EC 8C 3C 78 96
59 3C E8 47 4B 3B B9 CA 30 BB D2 B5 11 BC 60 00
B9 02 BC 21 00 5D 04 3C D6 60 33 3C EB 46 2C 3C
[22:13:31.696] [INFO] [s22-revert] READ 64 byte(s):
3F BF 1F 3C 38 37 23 B9 7C 60 16 3C 92 C6 60 3B
82 C0 CD 3B 7D 5E 00 B9 02 BC 21 00 18 0F 3C DC
40 3F 3C 3B 93 59 3C 43 BC D3 3B FC F6 C9 3B A1
78 25 BC 4B 6D CB 3B 63 D5 08 3C 0E 00 B9 02 BC
[22:13:31.698] [INFO] [s22-revert] READ 64 byte(s):
21 00 57 91 BC ED 04 58 BC CC AA 6E BB 91 67 1C
BC B5 53 17 BC D2 12 9F 3C 93 4D C0 3B EA 28 5D
BB 94 00 B9 02 BC 41 00 77 0D 3D 41 4E 1D 3D AE
E8 3F BC E0 AA 19 3D 28 89 CB 3C B1 9F 71 BB F7
[22:13:31.700] [INFO] [s22-revert] READ 44 byte(s):
66 2C BD 80 30 0D BC 96 1B A0 BC 97 66 D3 BC 8E
A2 74 3B 15 61 88 BC 0B F2 99 BC AB 90 17 BC 5E
DF 9A 8B 12 99 00 00 72 00 67 0E 7E
[22:13:31.703] [INFO] [s22-revert] WRITE 21 byte(s):
7E B9 03 81 00 03 82 06 00 80 0B 03 B9 04 0B 01
01 00 10 3E 7E
[22:13:31.710] [INFO] [s22-revert] READ 64 byte(s):
7E B9 03 81 04 03 81 9D 08 0B B9 03 01 01 B9 04
B9 02 BC 21 50 75 73 68 65 64 20 54 72 69 70 6C
65 00 00 00 00 00 00 00 00 00 00 00 00 00 00 00
00 00 00 00 00 0D BA 02 88 00 00 00 00 88 00 00
[22:13:31.718] [INFO] [s22-revert] READ 64 byte(s):
F0 42 BA 03 BA 6D 88 00 00 00 00 88 00 00 00 00
88 00 00 C8 C2 88 00 00 A0 41 88 00 00 70 C2 88
00 00 80 3F 88 00 00 00 00 88 00 00 00 00 88 00
00 00 00 88 00 00 A0 40 88 00 00 80 3F 88 00 00
[22:13:31.729] [INFO] [s22-revert] READ 64 byte(s):
A0 40 88 00 00 96 43 88 00 00 A0 40 88 33 33 33
3F 88 00 80 3B 44 88 00 00 A0 40 88 00 80 ED 44
88 00 00 80 3F 88 00 00 00 00 88 00 00 A0 40 88
CD CC BC 40 88 00 00 C8 42 88 00 00 80 3F 88 00
[22:13:31.734] [INFO] [s22-revert] READ 64 byte(s):
00 00 00 88 00 00 C8 41 88 00 00 A0 40 88 00 00
00 00 88 00 00 C0 3F 88 00 00 00 00 88 00 00 80
3F 88 00 00 C0 3F 88 00 00 00 00 88 00 00 00 00
88 00 00 A0 40 88 00 00 A0 40 88 00 00 80 3F 88
[22:13:31.742] [INFO] [s22-revert] READ 64 byte(s):
00 00 00 00 88 00 00 80 40 88 00 00 A0 40 88 00
00 00 00 88 00 00 00 00 88 00 00 F0 41 88 00 00
A0 40 88 00 00 00 00 88 00 00 00 00 88 00 00 F0
41 88 00 00 A0 40 88 00 00 00 00 88 00 00 00 00
[22:13:31.744] [INFO] [s22-revert] READ 64 byte(s):
88 00 00 F0 41 88 00 00 A0 40 88 00 00 00 00 88
00 00 00 00 88 00 00 F0 41 88 00 00 A0 40 88 00
00 00 00 88 00 00 00 00 88 00 00 F0 41 88 00 00
A0 40 88 00 00 00 00 88 00 00 00 00 88 00 00 F0
[22:13:31.746] [INFO] [s22-revert] READ 64 byte(s):
41 88 00 00 80 3F 88 00 00 00 00 88 00 00 00 00
88 00 00 00 00 88 00 00 70 41 88 00 00 00 3F 88
00 00 48 42 88 00 00 F0 40 88 00 00 00 00 88 00
00 40 40 88 00 00 D0 40 88 00 00 00 00 88 00 00
[22:13:31.749] [INFO] [s22-revert] READ 64 byte(s):
00 00 88 00 00 C0 40 88 00 00 00 00 88 00 00 70
41 88 00 00 00 3F 88 00 00 48 42 88 00 00 F0 40
88 00 00 00 00 88 00 00 70 41 88 00 00 00 3F 88
00 00 48 42 88 00 00 C8 41 88 00 00 F0 40 88 00
[22:13:31.751] [INFO] [s22-revert] READ 64 byte(s):
00 00 00 88 00 00 40 40 88 00 00 B4 43 88 00 00
F0 42 88 00 00 48 42 88 00 00 A0 40 88 00 00 80
3F 88 00 00 00 00 88 00 00 00 00 88 00 00 00 00
88 00 00 10 41 88 00 00 AF 43 88 00 00 A0 41 88
[22:13:31.755] [INFO] [s22-revert] READ 64 byte(s):
00 00 00 00 88 00 00 48 42 88 00 00 00 00 88 00
00 10 41 88 00 00 AF 43 88 00 00 A0 41 88 00 00
00 00 88 00 00 48 42 BA 6D 88 00 00 00 00 88 00
00 00 00 88 00 00 C8 C2 88 00 00 A0 41 88 00 00
[22:13:31.757] [INFO] [s22-revert] READ 64 byte(s):
70 C2 88 00 00 80 3F 88 00 00 00 00 88 00 00 00
00 88 00 00 00 00 88 00 00 A0 40 88 00 00 80 3F
88 00 00 A0 40 88 00 00 96 43 88 00 00 A0 40 88
33 33 33 3F 88 00 80 3B 44 88 00 00 A0 40 88 00
[22:13:31.759] [INFO] [s22-revert] READ 64 byte(s):
80 ED 44 88 00 00 80 3F 88 00 00 00 00 88 00 00
A0 40 88 00 00 A0 40 88 00 00 C8 42 88 00 00 80
3F 88 00 00 00 00 88 00 00 C8 41 88 00 00 A0 40
88 00 00 00 00 88 00 00 C0 3F 88 00 00 00 00 88
[22:13:31.761] [INFO] [s22-revert] READ 64 byte(s):
00 00 80 3F 88 00 00 C0 3F 88 00 00 00 00 88 00
00 00 00 88 00 00 A0 40 88 00 00 A0 40 88 00 00
80 3F 88 00 00 00 00 88 00 00 80 40 88 00 00 A0
40 88 00 00 00 00 88 00 00 00 00 88 00 00 F0 41
[22:13:31.762] [INFO] [s22-revert] READ 64 byte(s):
88 00 00 A0 40 88 00 00 00 00 88 00 00 00 00 88
00 00 F0 41 88 00 00 A0 40 88 00 00 00 00 88 00
00 00 00 88 00 00 F0 41 88 00 00 A0 40 88 00 00
00 00 88 00 00 00 00 88 00 00 F0 41 88 00 00 A0
[22:13:31.766] [INFO] [s22-revert] READ 64 byte(s):
40 88 00 00 00 00 88 00 00 00 00 88 00 00 F0 41
88 00 00 A0 40 88 00 00 00 00 88 00 00 00 00 88
00 00 F0 41 88 00 00 80 3F 88 00 00 00 00 88 00
00 00 00 88 00 00 00 00 88 00 00 70 41 88 00 00
[22:13:31.768] [INFO] [s22-revert] READ 64 byte(s):
00 3F 88 00 00 48 42 88 00 00 F0 40 88 00 00 00
00 88 00 00 40 40 88 00 00 D0 40 88 00 00 00 00
88 00 00 00 00 88 00 00 C0 40 88 00 00 00 00 88
00 00 70 41 88 00 00 00 3F 88 00 00 48 42 88 00
[22:13:31.770] [INFO] [s22-revert] READ 64 byte(s):
00 F0 40 88 00 00 00 00 88 00 00 70 41 88 00 00
00 3F 88 00 00 48 42 88 00 00 C8 41 88 00 00 F0
40 88 00 00 00 00 88 00 00 40 40 88 00 00 B4 43
88 00 00 F0 42 88 00 00 48 42 88 00 00 A0 40 88
[22:13:31.772] [INFO] [s22-revert] READ 64 byte(s):
00 00 80 3F 88 00 00 00 00 88 00 00 00 00 88 00
00 00 00 88 00 00 10 41 88 00 00 AF 43 88 00 00
A0 41 88 00 00 00 00 88 00 00 48 42 88 00 00 00
00 88 00 00 10 41 88 00 00 AF 43 88 00 00 A0 41
[22:13:31.774] [INFO] [s22-revert] READ 64 byte(s):
88 00 00 00 00 88 00 00 48 42 BA 6D 88 00 00 00
00 88 00 00 00 00 88 00 00 C8 C2 88 00 00 A0 41
88 00 00 70 C2 88 00 00 80 3F 88 00 00 00 00 88
00 00 00 00 88 00 00 00 00 88 00 00 A0 40 88 00
[22:13:31.776] [INFO] [s22-revert] READ 64 byte(s):
00 80 3F 88 00 00 A0 40 88 00 00 96 43 88 00 00
A0 40 88 33 33 33 3F 88 00 80 3B 44 88 00 00 A0
40 88 00 80 ED 44 88 00 00 80 3F 88 00 00 00 00
88 00 00 A0 40 88 00 00 A0 40 88 00 00 C8 42 88
[22:13:31.777] [INFO] [s22-revert] READ 64 byte(s):
00 00 80 3F 88 00 00 00 00 88 00 00 C8 41 88 00
00 A0 40 88 00 00 00 00 88 00 00 C0 3F 88 00 00
00 00 88 00 00 80 3F 88 00 00 C0 3F 88 00 00 00
00 88 00 00 00 00 88 00 00 A0 40 88 00 00 A0 40
[22:13:31.778] [INFO] [s22-revert] READ 64 byte(s):
88 00 00 80 3F 88 00 00 00 00 88 00 00 80 40 88
00 00 A0 40 88 00 00 00 00 88 00 00 00 00 88 00
00 F0 41 88 00 00 A0 40 88 00 00 00 00 88 00 00
00 00 88 00 00 F0 41 88 00 00 A0 40 88 00 00 00
[22:13:31.783] [INFO] [s22-revert] READ 64 byte(s):
00 88 00 00 00 00 88 00 00 F0 41 88 00 00 A0 40
88 00 00 00 00 88 00 00 00 00 88 00 00 F0 41 88
00 00 A0 40 88 00 00 00 00 88 00 00 00 00 88 00
00 F0 41 88 00 00 A0 40 88 00 00 00 00 88 00 00
[22:13:31.785] [INFO] [s22-revert] READ 64 byte(s):
00 00 88 00 00 F0 41 88 00 00 80 3F 88 00 00 00
00 88 00 00 00 00 88 00 00 00 00 88 00 00 70 41
88 00 00 00 3F 88 00 00 48 42 88 00 00 F0 40 88
00 00 00 00 88 00 00 40 40 88 00 00 D0 40 88 00
[22:13:31.787] [INFO] [s22-revert] READ 64 byte(s):
00 00 00 88 00 00 00 00 88 00 00 C0 40 88 00 00
00 00 88 00 00 70 41 88 00 00 00 3F 88 00 00 48
42 88 00 00 F0 40 88 00 00 00 00 88 00 00 70 41
88 00 00 00 3F 88 00 00 48 42 88 00 00 C8 41 88
[22:13:31.789] [INFO] [s22-revert] READ 64 byte(s):
00 00 F0 40 88 00 00 00 00 88 00 00 40 40 88 00
00 B4 43 88 00 00 F0 42 88 00 00 48 42 88 00 00
A0 40 88 00 00 80 3F 88 00 00 00 00 88 00 00 00
00 88 00 00 00 00 88 00 00 10 41 88 00 00 AF 43
[22:13:31.790] [INFO] [s22-revert] READ 64 byte(s):
88 00 00 A0 41 88 00 00 00 00 88 00 00 48 42 88
00 00 00 00 88 00 00 10 41 88 00 00 AF 43 88 00
00 A0 41 88 00 00 00 00 88 00 00 48 42 B9 0D B9
02 BC 21 00 44 3B BC 36 C0 77 BA 13 01 09 BB 6B
[22:13:31.792] [INFO] [s22-revert] READ 64 byte(s):
36 38 3C FD A6 65 3C C5 85 15 BB 13 A6 86 BB 94
8D CD BA 90 00 B9 02 BC 0B 32 30 32 36 2D 30 32
2D 31 34 00 0A B9 02 BC 21 44 52 49 56 45 00 2F
3B B4 32 E4 39 67 F4 A3 3A 6E 21 1B 3C 98 30 2F
[22:13:31.794] [INFO] [s22-revert] READ 64 byte(s):
3B 7F A4 8C 39 A4 BA BD BB FD 05 B9 02 BC 21 4E
6F 6E 65 00 1A CF BA DC F9 F4 BB 60 87 D5 39 99
BE D5 3B A7 B3 EB 3B 1A 4B D1 3B 59 54 2C 3B A1
04 B9 02 BC 21 4E 6F 6E 65 00 BD 56 BA 30 08 1B
[22:13:31.796] [INFO] [s22-revert] READ 64 byte(s):
B9 E6 EC 2C BB 08 61 E4 BB F1 4B AC BB 2F 2E E0
3B 55 7D 5D 95 3C 37 04 B9 02 BC 21 4E 6F 6E 65
00 74 46 BA F5 96 96 3B BF F8 11 3C 81 E6 81 3C
E6 78 84 3C 78 B0 9C 39 36 A7 4B BC 15 04 B9 02
[22:13:31.802] [INFO] [s22-revert] READ 64 byte(s):
BC 21 4E 6F 6E 65 00 E5 BA 3B 34 4F EF B9 64 BE
02 BC 06 AA 1B BB 5E E1 94 3B E8 FD 44 3B 6F 90
02 3C F2 04 B9 02 BC 21 00 85 AB 3A C2 56 E4 B9
B8 21 0A 38 44 3B 47 B9 95 99 9D BA FD 5E 90 3B
[22:13:31.804] [INFO] [s22-revert] READ 64 byte(s):
F3 3B 3E 3C E0 4D 01 3C D4 00 B9 02 BC 21 00 B0
A7 3B CD C2 7D 5D 3C A8 A2 D6 3B EE 51 62 3B 20
3C B7 3B 6D D6 24 3C 32 C1 0E 3C 09 69 33 BA 90
00 B9 02 BC 21 00 A4 11 3A 70 A0 9B B9 17 FF F3
[22:13:31.808] [INFO] [s22-revert] READ 64 byte(s):
3B AC 1E A4 3B CB 03 AF 3B 7F 5C 8E 3C 20 7C 8B
3C 23 85 0B 3C 3C 00 B9 02 BC 21 00 12 D0 3B 15
7B 83 BB 56 D5 15 BC DE 03 D1 BB 0C 95 17 3A F1
4E 13 3B 18 09 55 3B 74 D8 32 3A 64 00 B9 02 BC
[22:13:31.811] [INFO] [s22-revert] READ 64 byte(s):
21 00 E5 D8 3B 62 B5 97 BB 1F 6D DE BB FC CE 76
BC CE 47 88 BC FB EC 0C BC CD C0 34 BC 18 16 71
BC 49 00 B9 02 BC 41 00 03 E0 BC EE 6A E4 BC 9D
35 CC BC 54 F5 D5 BC 81 EC 88 BC CA 51 8E BC 4B
[22:13:31.816] [INFO] [s22-revert] READ 44 byte(s):
26 93 BC AE BD 77 BC 12 C7 54 BC EE 4B 0C BB 6C
39 31 3C 5C A6 76 BC AE AA BE BC A3 90 F2 BC 5E
DF 9A 8B 12 99 00 00 72 00 DA 96 7E
[22:13:31.819] [INFO] [s22-revert] WRITE 21 byte(s):
7E B9 03 81 00 03 82 06 00 80 0B 03 B9 04 0B 01
02 00 78 14 7E
[22:13:31.823] [INFO] [s22-revert] READ 64 byte(s):
7E B9 03 81 04 03 81 9D 08 0B B9 03 01 02 B9 04
B9 02 BC 21 44 61 72 6B 20 26 20 44 72 69 76 65
6E 00 00 00 00 00 00 00 00 00 00 00 00 00 00 00
00 00 00 00 00 0D BA 02 88 00 00 00 00 88 00 00
[22:13:31.824] [INFO] [s22-revert] READ 64 byte(s):
F0 42 BA 03 BA 6D 88 00 00 00 00 88 00 00 00 00
88 00 00 C8 C2 88 00 00 A0 41 88 00 00 70 C2 88
00 00 80 3F 88 00 00 00 00 88 00 00 00 00 88 00
00 00 00 88 00 00 A0 40 88 00 00 80 3F 88 CD CC
[22:13:31.826] [INFO] [s22-revert] READ 64 byte(s):
6C 40 88 00 00 96 43 88 00 00 A0 40 88 33 33 33
3F 88 00 80 3B 44 88 00 00 20 41 88 00 80 ED 44
88 00 00 80 3F 88 00 00 00 00 88 00 00 A0 40 88
9A 99 A9 40 88 00 00 C8 42 88 00 00 80 3F 88 00
[22:13:31.828] [INFO] [s22-revert] READ 64 byte(s):
00 00 40 88 00 00 C8 41 88 00 00 A0 40 88 00 00
00 00 88 00 00 C0 3F 88 00 00 00 00 88 00 00 80
3F 88 00 00 C0 3F 88 00 00 00 00 88 00 00 00 00
88 00 00 A0 40 88 9A 99 B9 40 88 00 00 80 3F 88
[22:13:31.830] [INFO] [s22-revert] READ 64 byte(s):
00 00 00 00 88 00 00 80 40 88 00 00 A0 40 88 00
00 00 00 88 00 00 00 00 88 00 00 F0 41 88 00 00
A0 40 88 00 00 00 00 88 00 00 00 00 88 00 00 F0
41 88 00 00 A0 40 88 00 00 00 00 88 00 00 00 00
[22:13:31.832] [INFO] [s22-revert] READ 64 byte(s):
88 00 00 F0 41 88 00 00 A0 40 88 00 00 00 00 88
00 00 00 00 88 00 00 F0 41 88 00 00 A0 40 88 00
00 00 00 88 00 00 00 00 88 00 00 F0 41 88 00 00
A0 40 88 00 00 00 00 88 00 00 00 00 88 00 00 F0
[22:13:31.834] [INFO] [s22-revert] READ 64 byte(s):
41 88 00 00 80 3F 88 00 00 00 00 88 00 00 00 00
88 00 00 00 00 88 00 00 70 41 88 FF FF FF 3E 88
00 00 48 42 88 00 00 F0 40 88 00 00 00 00 88 00
00 40 40 88 00 00 D0 40 88 00 00 00 00 88 00 00
[22:13:31.836] [INFO] [s22-revert] READ 64 byte(s):
00 00 88 00 00 C0 40 88 00 00 00 00 88 00 00 70
41 88 FF FF FF 3E 88 00 00 48 42 88 00 00 F0 40
88 00 00 00 00 88 00 00 70 41 88 FF FF FF 3E 88
00 00 48 42 88 00 00 C8 41 88 00 00 F0 40 88 00
[22:13:31.837] [INFO] [s22-revert] READ 64 byte(s):
00 00 00 88 00 00 40 40 88 00 00 B4 43 88 00 00
F0 42 88 00 00 48 42 88 00 00 A0 40 88 00 00 80
3F 88 00 00 00 00 88 00 00 00 00 88 00 00 00 00
88 00 00 10 41 88 00 00 AF 43 88 00 00 A0 41 88
[22:13:31.838] [INFO] [s22-revert] READ 64 byte(s):
00 00 00 00 88 00 00 48 42 88 00 00 00 00 88 00
00 10 41 88 00 00 AF 43 88 00 00 A0 41 88 00 00
00 00 88 00 00 48 42 BA 6D 88 00 00 00 00 88 00
00 00 00 88 00 00 C8 C2 88 00 00 A0 41 88 00 00
[22:13:31.839] [INFO] [s22-revert] READ 64 byte(s):
70 C2 88 00 00 80 3F 88 00 00 00 00 88 00 00 00
00 88 00 00 00 00 88 00 00 A0 40 88 00 00 80 3F
88 00 00 A0 40 88 00 00 96 43 88 00 00 A0 40 88
33 33 33 3F 88 00 80 3B 44 88 00 00 A0 40 88 00
[22:13:31.841] [INFO] [s22-revert] READ 64 byte(s):
80 ED 44 88 00 00 80 3F 88 00 00 00 00 88 00 00
A0 40 88 00 00 A0 40 88 00 00 C8 42 88 00 00 80
3F 88 00 00 00 00 88 00 00 C8 41 88 00 00 A0 40
88 00 00 00 00 88 00 00 C0 3F 88 00 00 00 00 88
[22:13:31.842] [INFO] [s22-revert] READ 64 byte(s):
00 00 80 3F 88 00 00 C0 3F 88 00 00 00 00 88 00
00 00 00 88 00 00 A0 40 88 00 00 A0 40 88 00 00
80 3F 88 00 00 00 00 88 00 00 80 40 88 00 00 A0
40 88 00 00 00 00 88 00 00 00 00 88 00 00 F0 41
[22:13:31.843] [INFO] [s22-revert] READ 64 byte(s):
88 00 00 A0 40 88 00 00 00 00 88 00 00 00 00 88
00 00 F0 41 88 00 00 A0 40 88 00 00 00 00 88 00
00 00 00 88 00 00 F0 41 88 00 00 A0 40 88 00 00
00 00 88 00 00 00 00 88 00 00 F0 41 88 00 00 A0
[22:13:31.844] [INFO] [s22-revert] READ 64 byte(s):
40 88 00 00 00 00 88 00 00 00 00 88 00 00 F0 41
88 00 00 A0 40 88 00 00 00 00 88 00 00 00 00 88
00 00 F0 41 88 00 00 80 3F 88 00 00 00 00 88 00
00 00 00 88 00 00 00 00 88 00 00 70 41 88 00 00
[22:13:31.847] [INFO] [s22-revert] READ 64 byte(s):
00 3F 88 00 00 48 42 88 00 00 F0 40 88 00 00 00
00 88 00 00 40 40 88 00 00 D0 40 88 00 00 00 00
88 00 00 00 00 88 00 00 C0 40 88 00 00 00 00 88
00 00 70 41 88 00 00 00 3F 88 00 00 48 42 88 00
[22:13:31.849] [INFO] [s22-revert] READ 64 byte(s):
00 F0 40 88 00 00 00 00 88 00 00 70 41 88 00 00
00 3F 88 00 00 48 42 88 00 00 C8 41 88 00 00 F0
40 88 00 00 00 00 88 00 00 40 40 88 00 00 B4 43
88 00 00 F0 42 88 00 00 48 42 88 00 00 A0 40 88
[22:13:31.850] [INFO] [s22-revert] READ 64 byte(s):
00 00 80 3F 88 00 00 00 00 88 00 00 00 00 88 00
00 00 00 88 00 00 10 41 88 00 00 AF 43 88 00 00
A0 41 88 00 00 00 00 88 00 00 48 42 88 00 00 00
00 88 00 00 10 41 88 00 00 AF 43 88 00 00 A0 41
[22:13:31.852] [INFO] [s22-revert] READ 64 byte(s):
88 00 00 00 00 88 00 00 48 42 BA 6D 88 00 00 00
00 88 00 00 00 00 88 00 00 C8 C2 88 00 00 A0 41
88 00 00 70 C2 88 00 00 80 3F 88 00 00 00 00 88
00 00 00 00 88 00 00 00 00 88 00 00 A0 40 88 00
[22:13:31.853] [INFO] [s22-revert] READ 64 byte(s):
00 80 3F 88 00 00 A0 40 88 00 00 96 43 88 00 00
A0 40 88 33 33 33 3F 88 00 80 3B 44 88 00 00 A0
40 88 00 80 ED 44 88 00 00 80 3F 88 00 00 00 00
88 00 00 A0 40 88 00 00 A0 40 88 00 00 C8 42 88
[22:13:31.854] [INFO] [s22-revert] READ 64 byte(s):
00 00 80 3F 88 00 00 00 00 88 00 00 C8 41 88 00
00 A0 40 88 00 00 00 00 88 00 00 C0 3F 88 00 00
00 00 88 00 00 80 3F 88 00 00 C0 3F 88 00 00 00
00 88 00 00 00 00 88 00 00 A0 40 88 00 00 A0 40
[22:13:31.855] [INFO] [s22-revert] READ 64 byte(s):
88 00 00 80 3F 88 00 00 00 00 88 00 00 80 40 88
00 00 A0 40 88 00 00 00 00 88 00 00 00 00 88 00
00 F0 41 88 00 00 A0 40 88 00 00 00 00 88 00 00
00 00 88 00 00 F0 41 88 00 00 A0 40 88 00 00 00
[22:13:31.856] [INFO] [s22-revert] READ 64 byte(s):
00 88 00 00 00 00 88 00 00 F0 41 88 00 00 A0 40
88 00 00 00 00 88 00 00 00 00 88 00 00 F0 41 88
00 00 A0 40 88 00 00 00 00 88 00 00 00 00 88 00
00 F0 41 88 00 00 A0 40 88 00 00 00 00 88 00 00
[22:13:31.857] [INFO] [s22-revert] READ 64 byte(s):
00 00 88 00 00 F0 41 88 00 00 80 3F 88 00 00 00
00 88 00 00 00 00 88 00 00 00 00 88 00 00 70 41
88 00 00 00 3F 88 00 00 48 42 88 00 00 F0 40 88
00 00 00 00 88 00 00 40 40 88 00 00 D0 40 88 00
[22:13:31.858] [INFO] [s22-revert] READ 64 byte(s):
00 00 00 88 00 00 00 00 88 00 00 C0 40 88 00 00
00 00 88 00 00 70 41 88 00 00 00 3F 88 00 00 48
42 88 00 00 F0 40 88 00 00 00 00 88 00 00 70 41
88 00 00 00 3F 88 00 00 48 42 88 00 00 C8 41 88
[22:13:31.860] [INFO] [s22-revert] READ 64 byte(s):
00 00 F0 40 88 00 00 00 00 88 00 00 40 40 88 00
00 B4 43 88 00 00 F0 42 88 00 00 48 42 88 00 00
A0 40 88 00 00 80 3F 88 00 00 00 00 88 00 00 00
00 88 00 00 00 00 88 00 00 10 41 88 00 00 AF 43
[22:13:31.861] [INFO] [s22-revert] READ 64 byte(s):
88 00 00 A0 41 88 00 00 00 00 88 00 00 48 42 88
00 00 00 00 88 00 00 10 41 88 00 00 AF 43 88 00
00 A0 41 88 00 00 00 00 88 00 00 48 42 B9 0D B9
02 BC 21 00 0A F7 3A 94 5B 21 3C 55 FA C5 3B 10
[22:13:31.862] [INFO] [s22-revert] READ 64 byte(s):
41 E0 3B 10 F3 77 BB EC 3E 25 BC 47 DA 2E BC C0
FD BA BB FE 00 B9 02 BC 0B 32 30 32 35 2D 31 31
2D 32 38 00 0A B9 02 BC 21 48 49 2D 47 41 49 4E
00 1B 01 8D 3C 07 57 60 3C A7 CE 54 3C 52 9A 1C
[22:13:31.863] [INFO] [s22-revert] READ 64 byte(s):
3C 64 EA 9D 3A 90 00 46 BA DD 07 B9 02 BC 21 4E
6F 6E 65 00 0C E5 3B 87 4A D2 3C 4B 89 E1 3C EA
24 C3 3C AE 42 18 3C 01 21 11 BB 5D 09 9A BB BE
04 B9 02 BC 21 4E 6F 6E 65 00 79 36 BC DE EE 25
[22:13:31.863] [INFO] [s22-revert] READ 64 byte(s):
BB BE 35 6A BB 8D 61 97 BA 17 2A B6 BB 71 3C 79
BC 94 00 63 BC 33 04 B9 02 BC 21 4E 6F 6E 65 00
CA 88 BC D0 24 73 BC 4C 91 BD BC 4C AF A0 BC 5B
51 9B BC 79 13 5E BC 44 41 5E BC C6 04 B9 02 BC
[22:13:31.865] [INFO] [s22-revert] READ 64 byte(s):
21 4E 6F 6E 65 00 4B 94 BC AC BE 6B BC 2A 61 CE
BC 8D 29 E7 BC 5B D6 16 BD A5 DB 11 BD F9 7B E8
BC A2 04 B9 02 BC 21 00 40 08 BD 45 F5 3B BD F7
C9 30 BD C9 39 3E BD DC 6E 0B BD 87 DC AA BC F5
[22:13:31.866] [INFO] [s22-revert] READ 64 byte(s):
36 93 BC 25 19 BB BC 08 00 B9 02 BC 21 00 5A 13
BD 5D E7 D3 BC 5D 96 62 BC 75 8E 84 BC 87 A4 E7
BC 1B 06 1B BD 93 D2 2B BD 95 7C 2B BD CE 00 B9
02 BC 21 00 5A DF BC 3C FC F0 BC 3B D6 DD BC 14
[22:13:31.869] [INFO] [s22-revert] READ 64 byte(s):
52 D4 BC 77 02 0B BD 2B E2 0E BD CC 1B 21 BD 22
92 11 BD 84 00 B9 02 BC 21 00 CA 00 BD CF D1 B0
BC E7 A0 BF BC D3 C9 F2 BC 08 11 52 BD D0 5B 72
BD 0F 22 77 BD 32 CE 52 BD 31 00 B9 02 BC 21 00
[22:13:31.871] [INFO] [s22-revert] READ 64 byte(s):
C8 BD BC AC 70 D5 BC C8 23 15 BD 61 A7 0C BD 9B
BA 17 BD BF 92 14 BD 8C BD 29 BD CD 4F 44 BD 16
00 B9 02 BC 41 00 3D C3 BC B1 A7 CC BC F1 DE A4
BB BB 46 36 3B 28 15 6E 3C AB 6E 06 3B 5E B6 96
[22:13:31.873] [INFO] [s22-revert] READ 43 byte(s):
3B DC 2A CF BB 48 63 81 3B 9A 46 60 BB 3E EA 0B
3B 08 D6 CA BB 99 72 7D 5E 3B E9 80 F9 BB F5 A3
AB BB 80 65 00 00 72 00 69 A9 7E
[22:13:31.876] [INFO] [s22-revert] WRITE 21 byte(s):
7E B9 03 81 00 03 82 06 00 80 0B 03 B9 04 0B 01
03 00 A0 0D 7E
[22:13:31.879] [INFO] [s22-revert] READ 64 byte(s):
7E B9 03 81 04 03 81 9D 08 0B B9 03 01 03 B9 04
B9 02 BC 21 53 75 70 65 72 20 53 68 72 65 64 64
69 6E 67 00 00 00 00 00 00 00 00 00 00 00 00 00
00 00 00 00 00 0F BA 02 88 00 00 00 00 88 00 00
[22:13:31.880] [INFO] [s22-revert] READ 64 byte(s):
F0 42 BA 03 BA 6D 88 00 00 00 00 88 00 00 80 3F
88 00 00 C8 C2 88 00 00 A0 41 88 00 00 70 C2 88
00 00 80 3F 88 00 00 00 00 88 00 00 00 00 88 00
00 00 00 88 00 00 A0 40 88 00 00 80 3F 88 00 00
[22:13:31.888] [INFO] [s22-revert] READ 64 byte(s):
A0 40 88 00 00 96 43 88 9A 99 99 40 88 33 33 33
3F 88 00 80 3B 44 88 9A 99 A9 40 88 00 80 ED 44
88 00 00 80 3F 88 00 00 00 00 88 00 00 A0 40 88
00 00 20 41 88 00 00 C8 42 88 00 00 80 3F 88 00
[22:13:31.897] [INFO] [s22-revert] READ 64 byte(s):
00 00 00 88 00 00 C8 41 88 00 00 A0 40 88 00 00
00 00 88 00 00 C0 3F 88 00 00 00 00 88 00 00 80
3F 88 00 00 C0 3F 88 00 00 00 00 88 00 00 00 00
88 00 00 A0 40 88 00 00 A0 40 88 00 00 80 3F 88
[22:13:31.904] [INFO] [s22-revert] READ 64 byte(s):
00 00 00 00 88 00 00 80 40 88 00 00 A0 40 88 00
00 00 00 88 00 00 00 00 88 00 00 F0 41 88 00 00
A0 40 88 00 00 00 00 88 00 00 00 00 88 00 00 F0
41 88 00 00 A0 40 88 00 00 00 00 88 00 00 00 00
[22:13:31.910] [INFO] [s22-revert] READ 64 byte(s):
88 00 00 F0 41 88 00 00 A0 40 88 00 00 00 00 88
00 00 00 00 88 00 00 F0 41 88 00 00 A0 40 88 00
00 00 00 88 00 00 00 00 88 00 00 F0 41 88 00 00
A0 40 88 00 00 00 00 88 00 00 00 00 88 00 00 F0
[22:13:31.913] [INFO] [s22-revert] READ 64 byte(s):
41 88 00 00 80 3F 88 00 00 00 00 88 00 00 00 00
88 00 00 00 00 88 00 00 70 41 88 00 00 00 3F 88
00 00 48 42 88 00 00 F0 40 88 00 00 00 00 88 00
00 40 40 88 00 00 D0 40 88 00 00 00 00 88 00 00
[22:13:31.914] [INFO] [s22-revert] READ 64 byte(s):
00 00 88 00 00 C0 40 88 00 00 00 00 88 00 00 70
41 88 00 00 00 3F 88 00 00 48 42 88 00 00 F0 40
88 00 00 00 00 88 00 00 70 41 88 00 00 00 3F 88
00 00 48 42 88 00 00 C8 41 88 00 00 F0 40 88 00
[22:13:31.916] [INFO] [s22-revert] READ 64 byte(s):
00 00 00 88 00 00 40 40 88 00 00 B4 43 88 00 00
F0 42 88 00 00 48 42 88 00 00 A0 40 88 00 00 80
3F 88 00 00 00 00 88 00 00 00 00 88 00 00 00 00
88 00 00 10 41 88 00 00 AF 43 88 00 00 A0 41 88
[22:13:31.917] [INFO] [s22-revert] READ 64 byte(s):
00 00 00 00 88 00 00 48 42 88 00 00 00 00 88 00
00 10 41 88 00 00 AF 43 88 00 00 A0 41 88 00 00
00 00 88 00 00 48 42 BA 6D 88 00 00 00 00 88 00
00 00 00 88 00 00 C8 C2 88 00 00 A0 41 88 00 00
[22:13:31.920] [INFO] [s22-revert] READ 64 byte(s):
70 C2 88 00 00 80 3F 88 00 00 00 00 88 00 00 00
00 88 00 00 00 00 88 00 00 A0 40 88 00 00 80 3F
88 00 00 A0 40 88 00 00 96 43 88 00 00 A0 40 88
33 33 33 3F 88 00 80 3B 44 88 00 00 A0 40 88 00
[22:13:31.925] [INFO] [s22-revert] READ 64 byte(s):
80 ED 44 88 00 00 80 3F 88 00 00 00 00 88 00 00
A0 40 88 00 00 A0 40 88 00 00 C8 42 88 00 00 80
3F 88 00 00 00 00 88 00 00 C8 41 88 00 00 A0 40
88 00 00 00 00 88 00 00 C0 3F 88 00 00 00 00 88
[22:13:31.928] [INFO] [s22-revert] READ 64 byte(s):
00 00 80 3F 88 00 00 C0 3F 88 00 00 00 00 88 00
00 00 00 88 00 00 A0 40 88 00 00 A0 40 88 00 00
80 3F 88 00 00 00 00 88 00 00 80 40 88 00 00 A0
40 88 00 00 00 00 88 00 00 00 00 88 00 00 F0 41
[22:13:31.930] [INFO] [s22-revert] READ 64 byte(s):
88 00 00 A0 40 88 00 00 00 00 88 00 00 00 00 88
00 00 F0 41 88 00 00 A0 40 88 00 00 00 00 88 00
00 00 00 88 00 00 F0 41 88 00 00 A0 40 88 00 00
00 00 88 00 00 00 00 88 00 00 F0 41 88 00 00 A0
[22:13:31.934] [INFO] [s22-revert] READ 64 byte(s):
40 88 00 00 00 00 88 00 00 00 00 88 00 00 F0 41
88 00 00 A0 40 88 00 00 00 00 88 00 00 00 00 88
00 00 F0 41 88 00 00 80 3F 88 00 00 00 00 88 00
00 00 00 88 00 00 00 00 88 00 00 70 41 88 00 00
[22:13:31.937] [INFO] [s22-revert] READ 64 byte(s):
00 3F 88 00 00 48 42 88 00 00 F0 40 88 00 00 00
00 88 00 00 40 40 88 00 00 D0 40 88 00 00 00 00
88 00 00 00 00 88 00 00 C0 40 88 00 00 00 00 88
00 00 70 41 88 00 00 00 3F 88 00 00 48 42 88 00
[22:13:31.941] [INFO] [s22-revert] READ 64 byte(s):
00 F0 40 88 00 00 00 00 88 00 00 70 41 88 00 00
00 3F 88 00 00 48 42 88 00 00 C8 41 88 00 00 F0
40 88 00 00 00 00 88 00 00 40 40 88 00 00 B4 43
88 00 00 F0 42 88 00 00 48 42 88 00 00 A0 40 88
[22:13:31.944] [INFO] [s22-revert] READ 64 byte(s):
00 00 80 3F 88 00 00 00 00 88 00 00 00 00 88 00
00 00 00 88 00 00 10 41 88 00 00 AF 43 88 00 00
A0 41 88 00 00 00 00 88 00 00 48 42 88 00 00 00
00 88 00 00 10 41 88 00 00 AF 43 88 00 00 A0 41
[22:13:31.947] [INFO] [s22-revert] READ 64 byte(s):
88 00 00 00 00 88 00 00 48 42 BA 6D 88 00 00 00
00 88 00 00 00 00 88 00 00 C8 C2 88 00 00 A0 41
88 00 00 70 C2 88 00 00 80 3F 88 00 00 00 00 88
00 00 00 00 88 00 00 00 00 88 00 00 A0 40 88 00
[22:13:31.950] [INFO] [s22-revert] READ 64 byte(s):
00 80 3F 88 00 00 A0 40 88 00 00 96 43 88 00 00
A0 40 88 33 33 33 3F 88 00 80 3B 44 88 00 00 A0
40 88 00 80 ED 44 88 00 00 80 3F 88 00 00 00 00
88 00 00 A0 40 88 00 00 A0 40 88 00 00 C8 42 88
[22:13:31.955] [INFO] [s22-revert] READ 64 byte(s):
00 00 80 3F 88 00 00 00 00 88 00 00 C8 41 88 00
00 A0 40 88 00 00 00 00 88 00 00 C0 3F 88 00 00
00 00 88 00 00 80 3F 88 00 00 C0 3F 88 00 00 00
00 88 00 00 00 00 88 00 00 A0 40 88 00 00 A0 40
[22:13:31.958] [INFO] [s22-revert] READ 64 byte(s):
88 00 00 80 3F 88 00 00 00 00 88 00 00 80 40 88
00 00 A0 40 88 00 00 00 00 88 00 00 00 00 88 00
00 F0 41 88 00 00 A0 40 88 00 00 00 00 88 00 00
00 00 88 00 00 F0 41 88 00 00 A0 40 88 00 00 00
[22:13:31.961] [INFO] [s22-revert] READ 64 byte(s):
00 88 00 00 00 00 88 00 00 F0 41 88 00 00 A0 40
88 00 00 00 00 88 00 00 00 00 88 00 00 F0 41 88
00 00 A0 40 88 00 00 00 00 88 00 00 00 00 88 00
00 F0 41 88 00 00 A0 40 88 00 00 00 00 88 00 00
[22:13:31.967] [INFO] [s22-revert] READ 64 byte(s):
00 00 88 00 00 F0 41 88 00 00 80 3F 88 00 00 00
00 88 00 00 00 00 88 00 00 00 00 88 00 00 70 41
88 00 00 00 3F 88 00 00 48 42 88 00 00 F0 40 88
00 00 00 00 88 00 00 40 40 88 00 00 D0 40 88 00
[22:13:31.970] [INFO] [s22-revert] READ 64 byte(s):
00 00 00 88 00 00 00 00 88 00 00 C0 40 88 00 00
00 00 88 00 00 70 41 88 00 00 00 3F 88 00 00 48
42 88 00 00 F0 40 88 00 00 00 00 88 00 00 70 41
88 00 00 00 3F 88 00 00 48 42 88 00 00 C8 41 88
[22:13:31.974] [INFO] [s22-revert] READ 64 byte(s):
00 00 F0 40 88 00 00 00 00 88 00 00 40 40 88 00
00 B4 43 88 00 00 F0 42 88 00 00 48 42 88 00 00
A0 40 88 00 00 80 3F 88 00 00 00 00 88 00 00 00
00 88 00 00 00 00 88 00 00 10 41 88 00 00 AF 43
[22:13:31.977] [INFO] [s22-revert] READ 64 byte(s):
88 00 00 A0 41 88 00 00 00 00 88 00 00 48 42 88
00 00 00 00 88 00 00 10 41 88 00 00 AF 43 88 00
00 A0 41 88 00 00 00 00 88 00 00 48 42 B9 0D B9
02 BC 21 00 60 8E BB 70 B9 D8 B9 BB 1C 6C BB 3D
[22:13:31.981] [INFO] [s22-revert] READ 64 byte(s):
CA E7 BB 47 B5 0F BC CE 27 DA BA 78 48 DF 3B 96
8F 84 3C 6D 00 B9 02 BC 0B 32 30 32 36 2D 30 32
2D 31 34 00 0A B9 02 BC 21 48 49 2D 47 41 49 4E
00 FA B2 F9 3B 25 C8 FA 3B AA C3 6D 3C 0A 03 76
[22:13:31.983] [INFO] [s22-revert] READ 64 byte(s):
3C AE 58 91 3B 95 32 1A BB DA 07 B9 02 BC 21 4E
6F 6E 65 00 E6 05 3C 03 79 73 BA 49 11 ED 3A FF
64 75 3C DE 69 18 3C 5E AF 62 B9 B0 03 B5 3A 80
04 B9 02 BC 21 4E 6F 6E 65 00 94 9D 3B EC A1 21
[22:13:31.985] [INFO] [s22-revert] READ 64 byte(s):
3C 1F 96 00 3C 4F 22 2A 3C CA 0D 16 3C 36 1F 1A
3C 3E 10 64 3B BA 04 B9 02 BC 21 4E 6F 6E 65 00
87 4A 3C E2 03 EE 3B C0 15 14 3C E5 26 EC 3B 1A
FF 5B BB 9E 16 FB 3B 8E 85 01 3C 65 04 B9 02 BC
[22:13:31.988] [INFO] [s22-revert] READ 64 byte(s):
21 4E 6F 6E 65 00 16 BB 3B 70 DC F4 BA D7 9B B9
BB A6 87 4B BC 95 19 48 BB 95 74 61 3C 5F 28 8A
3C 82 04 B9 02 BC 21 00 49 B9 3A A4 56 8A BB 33
B5 8E 3B 08 6B 86 3B 84 87 BB 3B 8F 11 3E 3B 58
[22:13:31.991] [INFO] [s22-revert] READ 64 byte(s):
DD EE BB 25 BA D9 BB ED 00 B9 02 BC 21 00 DB D5
BB 0D 00 5E 3B 2A 0A A8 3A 22 78 AC BB E8 76 81
3A E6 36 3D 3C A4 C3 60 BC 4A 21 87 BB 88 00 B9
02 BC 21 00 18 C5 BB 00 EF F5 B7 73 9A A8 3C 7F
[22:13:31.994] [INFO] [s22-revert] READ 64 byte(s):
AB B4 3B 5B C2 AC 3B D8 78 EE 3B 9A BF 90 3C 86
F0 68 3C 1C 00 B9 02 BC 21 00 B1 63 3C 41 B3 D2
BB 74 E0 CB 3A 24 CE 78 3A DE 57 23 3C EC BA 0E
BC 11 AF 65 BA C6 9D 04 BC 12 00 B9 02 BC 21 00
[22:13:31.997] [INFO] [s22-revert] READ 64 byte(s):
07 02 3C AA 1A AE 3B B4 11 56 3A 32 22 FC 3B 26
32 18 3C D5 B3 36 3C 34 3D 2C BC C6 92 0D BD 49
00 B9 02 BC 41 00 E7 43 BB 24 3E 14 BC 32 16 2F
BB 02 B3 2C 3C 48 45 1D BD A3 ED 45 BD 22 F3 EF
[22:13:32.000] [INFO] [s22-revert] READ 42 byte(s):
BC 82 33 1A BD 0C 97 40 BC 38 6B 50 BC CE 27 14
3D B1 DA 80 3D FD 5D 7F 3D 6D C0 29 3B 3D 35 35
21 8A FF 00 00 72 00 3D 87 7E
[22:13:32.006] [INFO] [s22-revert] WRITE 21 byte(s):
7E B9 03 81 00 03 82 06 00 80 0B 03 B9 04 0B 01
04 00 A8 40 7E
[22:13:32.010] [INFO] [s22-revert] READ 64 byte(s):
7E B9 03 81 04 03 81 9D 08 0B B9 03 01 04 B9 04
B9 02 BC 21 54 6F 72 6F 6E 74 6F 27 73 20 42 65
61 73 74 00 00 00 00 00 00 00 00 00 00 00 00 00
00 00 00 00 00 0F BA 02 88 00 00 00 00 88 00 00
[22:13:32.012] [INFO] [s22-revert] READ 64 byte(s):
F0 42 BA 03 BA 6D 88 00 00 00 00 88 00 00 00 00
88 00 00 C8 C2 88 00 00 A0 41 88 00 00 70 C2 88
00 00 80 3F 88 00 00 00 00 88 00 00 00 00 88 00
00 00 00 88 00 00 A0 40 88 00 00 80 3F 88 CD CC
[22:13:32.015] [INFO] [s22-revert] READ 64 byte(s):
DC 40 88 00 00 96 43 88 00 00 A0 40 88 33 33 33
3F 88 00 80 3B 44 88 00 00 A0 40 88 00 80 ED 44
88 00 00 80 3F 88 00 00 80 3F 88 00 00 20 41 88
9A 99 79 40 88 00 00 60 42 88 00 00 80 3F 88 00
[22:13:32.016] [INFO] [s22-revert] READ 64 byte(s):
00 00 40 88 00 00 C8 41 88 00 00 A0 40 88 00 00
00 00 88 00 00 C0 3F 88 00 00 00 00 88 00 00 80
3F 88 00 00 C0 3F 88 00 00 00 00 88 00 00 00 00
88 00 00 A0 40 88 00 00 A0 40 88 00 00 80 3F 88
[22:13:32.020] [INFO] [s22-revert] READ 64 byte(s):
00 00 00 00 88 00 00 80 40 88 00 00 A0 40 88 00
00 00 00 88 00 00 00 00 88 00 00 F0 41 88 00 00
A0 40 88 00 00 00 00 88 00 00 00 00 88 00 00 F0
41 88 00 00 A0 40 88 00 00 00 00 88 00 00 00 00
[22:13:32.023] [INFO] [s22-revert] READ 64 byte(s):
88 00 00 F0 41 88 00 00 A0 40 88 00 00 00 00 88
00 00 00 00 88 00 00 F0 41 88 00 00 A0 40 88 00
00 00 00 88 00 00 00 00 88 00 00 F0 41 88 00 00
A0 40 88 00 00 00 00 88 00 00 00 00 88 00 00 F0
[22:13:32.026] [INFO] [s22-revert] READ 64 byte(s):
41 88 00 00 80 3F 88 00 00 00 00 88 00 00 00 00
88 00 00 00 00 88 00 00 70 41 88 00 00 00 3F 88
00 00 48 42 88 00 00 F0 40 88 00 00 00 00 88 00
00 40 40 88 00 00 D0 40 88 00 00 00 00 88 00 00
[22:13:32.030] [INFO] [s22-revert] READ 64 byte(s):
00 00 88 00 00 C0 40 88 00 00 00 00 88 00 00 70
41 88 00 00 00 3F 88 00 00 48 42 88 00 00 F0 40
88 00 00 00 00 88 00 00 70 41 88 00 00 00 3F 88
00 00 48 42 88 00 00 C8 41 88 00 00 F0 40 88 00
[22:13:32.035] [INFO] [s22-revert] READ 64 byte(s):
00 00 00 88 00 00 40 40 88 00 00 B4 43 88 00 00
F0 42 88 00 00 48 42 88 00 00 A0 40 88 00 00 80
3F 88 00 00 00 00 88 00 00 00 00 88 00 00 00 00
88 00 00 10 41 88 00 00 AF 43 88 00 00 A0 41 88
[22:13:32.038] [INFO] [s22-revert] READ 64 byte(s):
00 00 00 00 88 00 00 48 42 88 00 00 00 00 88 00
00 10 41 88 00 00 AF 43 88 00 00 A0 41 88 00 00
00 00 88 00 00 48 42 BA 6D 88 00 00 00 00 88 00
00 00 00 88 00 00 C8 C2 88 00 00 A0 41 88 00 00
[22:13:32.040] [INFO] [s22-revert] READ 64 byte(s):
70 C2 88 00 00 80 3F 88 00 00 00 00 88 00 00 00
00 88 00 00 00 00 88 00 00 A0 40 88 00 00 80 3F
88 00 00 A0 40 88 00 00 96 43 88 00 00 A0 40 88
33 33 33 3F 88 00 80 3B 44 88 00 00 A0 40 88 00
[22:13:32.043] [INFO] [s22-revert] READ 64 byte(s):
80 ED 44 88 00 00 80 3F 88 00 00 80 3F 88 00 00
A0 40 88 00 00 A0 40 88 00 00 C8 42 88 00 00 80
3F 88 00 00 00 00 88 00 00 C8 41 88 00 00 A0 40
88 00 00 00 00 88 00 00 C0 3F 88 00 00 00 00 88
[22:13:32.046] [INFO] [s22-revert] READ 64 byte(s):
00 00 80 3F 88 00 00 C0 3F 88 00 00 00 00 88 00
00 00 00 88 00 00 A0 40 88 00 00 A0 40 88 00 00
80 3F 88 00 00 00 00 88 00 00 80 40 88 00 00 A0
40 88 00 00 00 00 88 00 00 00 00 88 00 00 F0 41
[22:13:32.049] [INFO] [s22-revert] READ 64 byte(s):
88 00 00 A0 40 88 00 00 00 00 88 00 00 00 00 88
00 00 F0 41 88 00 00 A0 40 88 00 00 00 00 88 00
00 00 00 88 00 00 F0 41 88 00 00 A0 40 88 00 00
00 00 88 00 00 00 00 88 00 00 F0 41 88 00 00 A0
[22:13:32.051] [INFO] [s22-revert] READ 64 byte(s):
40 88 00 00 00 00 88 00 00 00 00 88 00 00 F0 41
88 00 00 A0 40 88 00 00 00 00 88 00 00 00 00 88
00 00 F0 41 88 00 00 80 3F 88 00 00 00 00 88 00
00 00 00 88 00 00 00 00 88 00 00 70 41 88 00 00
[22:13:32.053] [INFO] [s22-revert] READ 64 byte(s):
00 3F 88 00 00 48 42 88 00 00 F0 40 88 00 00 00
00 88 00 00 40 40 88 00 00 D0 40 88 00 00 00 00
88 00 00 00 00 88 00 00 C0 40 88 00 00 00 00 88
00 00 70 41 88 00 00 00 3F 88 00 00 48 42 88 00
[22:13:32.054] [INFO] [s22-revert] READ 64 byte(s):
00 F0 40 88 00 00 00 00 88 00 00 70 41 88 00 00
00 3F 88 00 00 48 42 88 00 00 C8 41 88 00 00 F0
40 88 00 00 00 00 88 00 00 40 40 88 00 00 B4 43
88 00 00 F0 42 88 00 00 48 42 88 00 00 A0 40 88
[22:13:32.056] [INFO] [s22-revert] READ 64 byte(s):
00 00 80 3F 88 00 00 00 00 88 00 00 00 00 88 00
00 00 00 88 00 00 10 41 88 00 00 AF 43 88 00 00
A0 41 88 00 00 00 00 88 00 00 48 42 88 00 00 00
00 88 00 00 10 41 88 00 00 AF 43 88 00 00 A0 41
[22:13:32.058] [INFO] [s22-revert] READ 64 byte(s):
88 00 00 00 00 88 00 00 48 42 BA 6D 88 00 00 00
00 88 00 00 00 00 88 00 00 C8 C2 88 00 00 A0 41
88 00 00 70 C2 88 00 00 80 3F 88 00 00 00 00 88
00 00 00 00 88 00 00 00 00 88 00 00 A0 40 88 00
[22:13:32.064] [INFO] [s22-revert] READ 64 byte(s):
00 80 3F 88 00 00 A0 40 88 00 00 96 43 88 00 00
A0 40 88 33 33 33 3F 88 00 80 3B 44 88 00 00 A0
40 88 00 80 ED 44 88 00 00 80 3F 88 00 00 80 3F
88 00 00 A0 40 88 00 00 A0 40 88 00 00 C8 42 88
[22:13:32.067] [INFO] [s22-revert] READ 64 byte(s):
00 00 80 3F 88 00 00 00 00 88 00 00 C8 41 88 00
00 A0 40 88 00 00 00 00 88 00 00 C0 3F 88 00 00
00 00 88 00 00 80 3F 88 00 00 C0 3F 88 00 00 00
00 88 00 00 00 00 88 00 00 A0 40 88 00 00 A0 40
[22:13:32.070] [INFO] [s22-revert] READ 64 byte(s):
88 00 00 80 3F 88 00 00 00 00 88 00 00 80 40 88
00 00 A0 40 88 00 00 00 00 88 00 00 00 00 88 00
00 F0 41 88 00 00 A0 40 88 00 00 00 00 88 00 00
00 00 88 00 00 F0 41 88 00 00 A0 40 88 00 00 00
[22:13:32.073] [INFO] [s22-revert] READ 64 byte(s):
00 88 00 00 00 00 88 00 00 F0 41 88 00 00 A0 40
88 00 00 00 00 88 00 00 00 00 88 00 00 F0 41 88
00 00 A0 40 88 00 00 00 00 88 00 00 00 00 88 00
00 F0 41 88 00 00 A0 40 88 00 00 00 00 88 00 00
[22:13:32.076] [INFO] [s22-revert] READ 64 byte(s):
00 00 88 00 00 F0 41 88 00 00 80 3F 88 00 00 00
00 88 00 00 00 00 88 00 00 00 00 88 00 00 70 41
88 00 00 00 3F 88 00 00 48 42 88 00 00 F0 40 88
00 00 00 00 88 00 00 40 40 88 00 00 D0 40 88 00
[22:13:32.078] [INFO] [s22-revert] READ 64 byte(s):
00 00 00 88 00 00 00 00 88 00 00 C0 40 88 00 00
00 00 88 00 00 70 41 88 00 00 00 3F 88 00 00 48
42 88 00 00 F0 40 88 00 00 00 00 88 00 00 70 41
88 00 00 00 3F 88 00 00 48 42 88 00 00 C8 41 88
[22:13:32.081] [INFO] [s22-revert] READ 64 byte(s):
00 00 F0 40 88 00 00 00 00 88 00 00 40 40 88 00
00 B4 43 88 00 00 F0 42 88 00 00 48 42 88 00 00
A0 40 88 00 00 80 3F 88 00 00 00 00 88 00 00 00
00 88 00 00 00 00 88 00 00 10 41 88 00 00 AF 43
[22:13:32.083] [INFO] [s22-revert] READ 64 byte(s):
88 00 00 A0 41 88 00 00 00 00 88 00 00 48 42 88
00 00 00 00 88 00 00 10 41 88 00 00 AF 43 88 00
00 A0 41 88 00 00 00 00 88 00 00 48 42 B9 0D B9
02 BC 21 00 66 96 BC 5B BD 4F BC 06 15 60 3B 9F
[22:13:32.085] [INFO] [s22-revert] READ 64 byte(s):
3D EB BC F5 2E CC BB 62 AE C7 BB FA B3 E7 BC 7B
1C 9B 3A 35 00 B9 02 BC 0B 32 30 32 35 2D 31 32
2D 30 35 00 0A B9 02 BC 21 53 54 4F 4D 50 20 2D
20 44 49 53 54 4F 52 54 49 4F 4E 00 BB 94 62 30
[22:13:32.087] [INFO] [s22-revert] READ 64 byte(s):
3A 27 38 D0 BC 06 5D 88 3B 3B 12 B9 02 BC 21 4E
6F 6E 65 00 FF A5 BC 96 C6 D4 BC 39 17 CD 3B 39
1A FE BB 12 F9 49 BC 71 0F AC BB 6A 40 C6 BC 90
04 B9 02 BC 21 4E 6F 6E 65 00 27 B6 BC D2 38 03
[22:13:32.090] [INFO] [s22-revert] READ 64 byte(s):
3A 26 52 7D 5D BC 22 7D 5D B5 BC 34 51 57 3B 28
91 A0 BC AD 1A B8 BC 1F 04 B9 02 BC 21 4E 6F 6E
65 00 24 44 BB 24 21 AA BC E0 F8 E0 BB 8A C2 BF
BC 8B 33 97 BC 31 46 F2 BB 09 9F 94 BC C5 04 B9
[22:13:32.092] [INFO] [s22-revert] READ 64 byte(s):
02 BC 21 4E 6F 6E 65 00 FC 3A BC 34 05 B2 BC 21
28 4D BC FE DB 84 BC F1 BB A4 BC 7C 64 DF BB 73
73 AD BC 96 04 B9 02 BC 21 00 B3 B5 BC F2 E5 4F
BC E6 34 6E BC DF 22 C2 BC 09 36 58 BC ED 12 3C
[22:13:32.094] [INFO] [s22-revert] READ 64 byte(s):
BC 23 B9 06 BC 13 DB C5 BC 56 00 B9 02 BC 21 00
8A 80 BC ED 2C 5D BB 63 35 D9 BC D7 B7 34 BC AA
BF 1D BB 00 CF CD BC CA 8D 2F 3C 9C FC 9B BC 24
00 B9 02 BC 21 00 2D 8F BC 78 5B 98 BC A5 BB 03
[22:13:32.098] [INFO] [s22-revert] READ 64 byte(s):
3C E7 E1 ED BC 47 49 C3 BC 3D BA 4D B9 03 68 9F
BC 97 4F D7 3A 69 00 B9 02 BC 21 00 5B 91 BC E0
99 2B 3C 1E AF E8 BC 43 0A 9D BA 32 4F 53 3A 68
FC CE BC 5C D6 81 3C EF B0 57 BC 0F 00 B9 02 BC
[22:13:32.100] [INFO] [s22-revert] READ 64 byte(s):
21 00 5D EB BC ED E4 A9 3B 44 94 D8 3B D9 54 07
BD 7A 10 94 3B 8B 4A 1E 3C 9D 18 DF BC E2 FE 9C
3B 3D 00 B9 02 BC 41 00 9D 9C 3B 9D 20 1E BB F7
15 D6 BC 1B 44 25 3C 7D 5D 74 62 BC D9 C9 E7 BC
[22:13:32.102] [INFO] [s22-revert] READ 45 byte(s):
68 E3 46 3C 55 52 7B BC BF AA DE BC FF 8B 1D 3D
69 01 33 BD FB 23 70 BB F6 85 D9 3C B4 99 88 BD
55 5E A8 BB 80 65 00 00 72 00 FC 16 7E
[22:13:32.106] [INFO] [s22-revert] WRITE 21 byte(s):
7E B9 03 81 00 03 82 06 00 80 0B 03 B9 04 0B 01
05 00 70 59 7E
[22:13:32.110] [INFO] [s22-revert] READ 64 byte(s):
7E B9 03 81 04 03 81 9D 08 0B B9 03 01 05 B9 04
B9 02 BC 21 44 72 69 76 65 6E 20 42 61 73 73 20
4D 65 6C 74 65 72 00 00 00 00 00 00 00 00 00 00
00 00 00 00 00 12 BA 02 88 00 00 00 00 88 00 00
[22:13:32.114] [INFO] [s22-revert] READ 64 byte(s):
F0 42 BA 03 BA 6D 88 00 00 00 00 88 00 00 00 00
88 00 00 C8 C2 88 00 00 A0 41 88 00 00 70 C2 88
00 00 80 3F 88 00 00 00 00 88 00 00 00 00 88 00
00 00 00 88 00 00 A0 40 88 00 00 80 3F 88 00 00
[22:13:32.116] [INFO] [s22-revert] READ 64 byte(s):
A0 40 88 00 00 96 43 88 00 00 A0 40 88 33 33 33
3F 88 00 80 3B 44 88 00 00 A0 40 88 00 80 ED 44
88 00 00 80 3F 88 00 00 00 00 88 00 00 A0 40 88
00 00 A0 40 88 00 00 C8 42 88 00 00 80 3F 88 00
[22:13:32.118] [INFO] [s22-revert] READ 64 byte(s):
00 00 00 88 00 00 C8 41 88 00 00 A0 40 88 00 00
00 00 88 00 00 C0 3F 88 00 00 00 00 88 00 00 80
3F 88 00 00 C0 3F 88 00 00 00 00 88 00 00 00 00
88 00 00 A0 40 88 00 00 A0 40 88 00 00 80 3F 88
[22:13:32.121] [INFO] [s22-revert] READ 64 byte(s):
00 00 00 00 88 00 00 80 40 88 00 00 A0 40 88 00
00 00 00 88 00 00 00 00 88 00 00 F0 41 88 00 00
A0 40 88 00 00 00 00 88 00 00 00 00 88 00 00 F0
41 88 00 00 A0 40 88 00 00 00 00 88 00 00 00 00
[22:13:32.124] [INFO] [s22-revert] READ 64 byte(s):
88 00 00 F0 41 88 00 00 A0 40 88 00 00 00 00 88
00 00 00 00 88 00 00 F0 41 88 00 00 A0 40 88 00
00 00 00 88 00 00 00 00 88 00 00 F0 41 88 00 00
A0 40 88 00 00 00 00 88 00 00 00 00 88 00 00 F0
[22:13:32.126] [INFO] [s22-revert] READ 64 byte(s):
41 88 00 00 80 3F 88 00 00 00 00 88 00 00 00 00
88 00 00 00 00 88 00 00 70 41 88 FF FF FF 3E 88
00 00 48 42 88 00 00 F0 40 88 00 00 00 00 88 00
00 40 40 88 00 00 D0 40 88 00 00 00 00 88 00 00
[22:13:32.128] [INFO] [s22-revert] READ 64 byte(s):
00 00 88 00 00 C0 40 88 00 00 00 00 88 00 00 70
41 88 FF FF FF 3E 88 00 00 48 42 88 00 00 F0 40
88 00 00 00 00 88 00 00 70 41 88 FF FF FF 3E 88
00 00 48 42 88 00 00 C8 41 88 00 00 F0 40 88 00
[22:13:32.130] [INFO] [s22-revert] READ 64 byte(s):
00 00 00 88 00 00 40 40 88 00 00 B4 43 88 00 00
F0 42 88 00 00 48 42 88 00 00 A0 40 88 00 00 80
3F 88 00 00 00 00 88 00 00 00 00 88 00 00 00 00
88 00 00 10 41 88 00 00 AF 43 88 00 00 A0 41 88
[22:13:32.132] [INFO] [s22-revert] READ 64 byte(s):
00 00 00 00 88 00 00 48 42 88 00 00 00 00 88 00
00 10 41 88 00 00 AF 43 88 00 00 A0 41 88 00 00
00 00 88 00 00 48 42 BA 6D 88 00 00 00 00 88 00
00 00 00 88 00 00 C8 C2 88 00 00 A0 41 88 00 00
[22:13:32.135] [INFO] [s22-revert] READ 64 byte(s):
70 C2 88 00 00 80 3F 88 00 00 00 00 88 00 00 00
00 88 00 00 00 00 88 00 00 A0 40 88 00 00 80 3F
88 00 00 A0 40 88 00 00 96 43 88 00 00 A0 40 88
33 33 33 3F 88 00 80 3B 44 88 00 00 A0 40 88 00
[22:13:32.138] [INFO] [s22-revert] READ 64 byte(s):
80 ED 44 88 00 00 80 3F 88 00 00 00 00 88 00 00
A0 40 88 00 00 A0 40 88 00 00 C8 42 88 00 00 80
3F 88 00 00 00 00 88 00 00 C8 41 88 00 00 A0 40
88 00 00 00 00 88 00 00 C0 3F 88 00 00 00 00 88
[22:13:32.140] [INFO] [s22-revert] READ 64 byte(s):
00 00 80 3F 88 00 00 C0 3F 88 00 00 00 00 88 00
00 00 00 88 00 00 A0 40 88 00 00 A0 40 88 00 00
80 3F 88 00 00 00 00 88 00 00 80 40 88 00 00 A0
40 88 00 00 00 00 88 00 00 00 00 88 00 00 F0 41
[22:13:32.142] [INFO] [s22-revert] READ 64 byte(s):
88 00 00 A0 40 88 00 00 00 00 88 00 00 00 00 88
00 00 F0 41 88 00 00 A0 40 88 00 00 00 00 88 00
00 00 00 88 00 00 F0 41 88 00 00 A0 40 88 00 00
00 00 88 00 00 00 00 88 00 00 F0 41 88 00 00 A0
[22:13:32.145] [INFO] [s22-revert] READ 64 byte(s):
40 88 00 00 00 00 88 00 00 00 00 88 00 00 F0 41
88 00 00 A0 40 88 00 00 00 00 88 00 00 00 00 88
00 00 F0 41 88 00 00 80 3F 88 00 00 00 00 88 00
00 00 00 88 00 00 00 00 88 00 00 70 41 88 00 00
[22:13:32.147] [INFO] [s22-revert] READ 64 byte(s):
00 3F 88 00 00 48 42 88 00 00 F0 40 88 00 00 00
00 88 00 00 40 40 88 00 00 D0 40 88 00 00 00 00
88 00 00 00 00 88 00 00 C0 40 88 00 00 00 00 88
00 00 70 41 88 00 00 00 3F 88 00 00 48 42 88 00
[22:13:32.152] [INFO] [s22-revert] READ 64 byte(s):
00 F0 40 88 00 00 00 00 88 00 00 70 41 88 00 00
00 3F 88 00 00 48 42 88 00 00 C8 41 88 00 00 F0
40 88 00 00 00 00 88 00 00 40 40 88 00 00 B4 43
88 00 00 F0 42 88 00 00 48 42 88 00 00 A0 40 88
[22:13:32.154] [INFO] [s22-revert] READ 64 byte(s):
00 00 80 3F 88 00 00 00 00 88 00 00 00 00 88 00
00 00 00 88 00 00 10 41 88 00 00 AF 43 88 00 00
A0 41 88 00 00 00 00 88 00 00 48 42 88 00 00 00
00 88 00 00 10 41 88 00 00 AF 43 88 00 00 A0 41
[22:13:32.156] [INFO] [s22-revert] READ 64 byte(s):
88 00 00 00 00 88 00 00 48 42 BA 6D 88 00 00 00
00 88 00 00 00 00 88 00 00 C8 C2 88 00 00 A0 41
88 00 00 70 C2 88 00 00 80 3F 88 00 00 00 00 88
00 00 00 00 88 00 00 00 00 88 00 00 A0 40 88 00
[22:13:32.158] [INFO] [s22-revert] READ 64 byte(s):
00 80 3F 88 00 00 A0 40 88 00 00 96 43 88 00 00
A0 40 88 33 33 33 3F 88 00 80 3B 44 88 00 00 A0
40 88 00 80 ED 44 88 00 00 80 3F 88 00 00 00 00
88 00 00 A0 40 88 00 00 A0 40 88 00 00 C8 42 88
[22:13:32.161] [INFO] [s22-revert] READ 64 byte(s):
00 00 80 3F 88 00 00 00 00 88 00 00 C8 41 88 00
00 A0 40 88 00 00 00 00 88 00 00 C0 3F 88 00 00
00 00 88 00 00 80 3F 88 00 00 C0 3F 88 00 00 00
00 88 00 00 00 00 88 00 00 A0 40 88 00 00 A0 40
[22:13:32.164] [INFO] [s22-revert] READ 64 byte(s):
88 00 00 80 3F 88 00 00 00 00 88 00 00 80 40 88
00 00 A0 40 88 00 00 00 00 88 00 00 00 00 88 00
00 F0 41 88 00 00 A0 40 88 00 00 00 00 88 00 00
00 00 88 00 00 F0 41 88 00 00 A0 40 88 00 00 00
[22:13:32.168] [INFO] [s22-revert] READ 64 byte(s):
00 88 00 00 00 00 88 00 00 F0 41 88 00 00 A0 40
88 00 00 00 00 88 00 00 00 00 88 00 00 F0 41 88
00 00 A0 40 88 00 00 00 00 88 00 00 00 00 88 00
00 F0 41 88 00 00 A0 40 88 00 00 00 00 88 00 00
[22:13:32.171] [INFO] [s22-revert] READ 64 byte(s):
00 00 88 00 00 F0 41 88 00 00 80 3F 88 00 00 00
00 88 00 00 00 00 88 00 00 00 00 88 00 00 70 41
88 00 00 00 3F 88 00 00 48 42 88 00 00 F0 40 88
00 00 00 00 88 00 00 40 40 88 00 00 D0 40 88 00
[22:13:32.174] [INFO] [s22-revert] READ 64 byte(s):
00 00 00 88 00 00 00 00 88 00 00 C0 40 88 00 00
00 00 88 00 00 70 41 88 00 00 00 3F 88 00 00 48
42 88 00 00 F0 40 88 00 00 00 00 88 00 00 70 41
88 00 00 00 3F 88 00 00 48 42 88 00 00 C8 41 88
[22:13:32.176] [INFO] [s22-revert] READ 64 byte(s):
00 00 F0 40 88 00 00 00 00 88 00 00 40 40 88 00
00 B4 43 88 00 00 F0 42 88 00 00 48 42 88 00 00
A0 40 88 00 00 80 3F 88 00 00 00 00 88 00 00 00
00 88 00 00 00 00 88 00 00 10 41 88 00 00 AF 43
[22:13:32.178] [INFO] [s22-revert] READ 64 byte(s):
88 00 00 A0 41 88 00 00 00 00 88 00 00 48 42 88
00 00 00 00 88 00 00 10 41 88 00 00 AF 43 88 00
00 A0 41 88 00 00 00 00 88 00 00 48 42 B9 0D B9
02 BC 21 00 29 1C B7 14 AC E7 3C C9 A6 9A 3C 8B
[22:13:32.181] [INFO] [s22-revert] READ 64 byte(s):
DA 94 3C D8 C9 E4 3C C0 86 8B 3C CC 12 0D 3D EB
B9 E1 3C 7A 00 B9 02 BC 0B 32 30 32 35 2D 31 32
2D 30 35 00 0A B9 02 BC 21 44 52 49 56 45 00 AC
3C A5 8D 63 3C 8D 41 2B 3C 70 77 80 3C 1D BB EB
[22:13:32.183] [INFO] [s22-revert] READ 64 byte(s):
3C DB 6E 50 3C 7B E0 05 3D 99 05 B9 02 BC 21 4E
6F 6E 65 00 87 1E 3C D1 04 0C 3C 22 D8 F8 3A 02
A9 77 3B 96 72 14 3C 5B 62 87 BB D5 BE 12 3C 65
04 B9 02 BC 21 4E 6F 6E 65 00 A7 9A BA 6D BD A9
[22:13:32.185] [INFO] [s22-revert] READ 64 byte(s):
3B C6 41 16 3C F0 F0 2E 3C 7D 5E 1C 2A 3C 21 DF
01 3C BC 3C 7D 5D BC 9A 04 B9 02 BC 21 4E 6F 6E
65 00 0D FE BB CE E2 38 3A F5 AA 9A 3C 14 48 AA
3A B0 00 14 3C D3 23 09 BB 42 7F AB 3B C2 04 B9
[22:13:32.188] [INFO] [s22-revert] READ 64 byte(s):
02 BC 21 4E 6F 6E 65 00 C2 AF 3C 67 AF 5E 3C C6
32 C5 3A 9A D0 87 39 C1 97 6A BB B5 EC E0 BB F4
FD D7 39 2D 04 B9 02 BC 21 00 87 12 3C F1 62 14
39 FB 20 1F 3B 3F D0 F1 BB 95 84 20 3B C0 25 08
[22:13:32.190] [INFO] [s22-revert] READ 64 byte(s):
B8 39 A1 1B 3C D5 EA 24 3C 4B 00 B9 02 BC 21 00
1E FF BB 7D 5E C6 9F BB FD EF 85 BC 2E E5 A3 BB
E7 BF 6A BC 09 CD 43 BB FA B6 DC BB 3C 0B 48 3C
07 00 B9 02 BC 21 00 4F 1C 3A 58 4C E7 3B 21 47
[22:13:32.193] [INFO] [s22-revert] READ 64 byte(s):
87 3B 65 44 87 3A B9 F5 11 3C 63 81 0F BC EE BC
F0 BA 43 66 85 BC 9F 00 B9 02 BC 21 00 73 3B BC
34 12 42 3B 7D 5D 73 C9 3C 0D 1B BE 3C 3A D5 A0
3C 66 6B F4 3C FB 55 18 3C 70 B3 60 3C 55 00 B9
[22:13:32.195] [INFO] [s22-revert] READ 64 byte(s):
02 BC 21 00 EF 15 BB 7C F5 15 BC DA 27 D3 3B 8A
15 FC 3A 13 05 69 3C D7 E4 24 3C E5 4F 90 3C 5F
0D 91 3C D8 00 B9 02 BC 41 00 90 1B 3D 9B D2 15
BC 97 E4 07 3C 09 87 B1 3C 52 EE 27 3C 38 DB 15
[22:13:32.197] [INFO] [s22-revert] READ 46 byte(s):
3C C1 38 DE 3C EC 91 8A 3A FA 6C E3 3C 0A 51 6A
3C 51 EA D3 3C 20 D4 31 3D CC 88 1E BD 71 D4 C5
3D 93 4F EE AC 5B 88 00 00 72 00 5C E7 7E
[22:13:32.201] [INFO] [s22-revert] WRITE 21 byte(s):
7E B9 03 81 00 03 82 06 00 80 0B 03 B9 04 0B 01
06 00 18 73 7E
[22:13:32.207] [INFO] [s22-revert] READ 64 byte(s):
7E B9 03 81 04 03 81 9D 08 0B B9 03 01 06 B9 04
B9 02 BC 21 4C 6F 77 65 72 20 42 61 73 73 20 4D
65 6C 74 65 72 00 00 00 00 00 00 00 00 00 00 00
00 00 00 00 00 11 BA 02 88 00 00 00 00 88 00 00
[22:13:32.212] [INFO] [s22-revert] READ 64 byte(s):
F0 42 BA 03 BA 6D 88 00 00 00 00 88 00 00 80 3F
88 00 00 D8 C1 88 00 00 FA 43 88 00 00 70 C2 88
00 00 00 00 88 00 00 80 3F 88 00 00 48 C1 88 00
00 20 41 88 00 00 88 41 88 00 00 80 3F 88 00 00
[22:13:32.214] [INFO] [s22-revert] READ 64 byte(s):
A0 40 88 00 00 96 43 88 00 00 A0 40 88 33 33 33
3F 88 00 80 3B 44 88 00 00 A0 40 88 00 80 ED 44
88 00 00 80 3F 88 00 00 00 00 88 00 00 20 40 88
00 00 40 40 88 00 00 8A 42 88 00 00 80 3F 88 00
[22:13:32.216] [INFO] [s22-revert] READ 64 byte(s):
00 00 00 88 00 00 C8 41 88 00 00 A0 40 88 00 00
00 00 88 00 00 C0 3F 88 00 00 00 00 88 00 00 80
3F 88 00 00 C0 3F 88 00 00 00 00 88 00 00 00 00
88 00 00 20 41 88 00 00 20 41 88 00 00 80 3F 88
[22:13:32.219] [INFO] [s22-revert] READ 64 byte(s):
00 00 80 3F 88 00 00 80 40 88 00 00 A0 40 88 00
00 00 00 88 00 00 00 00 88 00 00 F0 41 88 00 00
A0 40 88 00 00 00 00 88 00 00 00 00 88 00 00 F0
41 88 00 00 A0 40 88 00 00 00 00 88 00 00 00 00
[22:13:32.222] [INFO] [s22-revert] READ 64 byte(s):
88 00 00 F0 41 88 00 00 A0 40 88 00 00 00 00 88
00 00 00 00 88 00 00 F0 41 88 00 00 A0 40 88 00
00 00 00 88 00 00 00 00 88 00 00 00 00 88 00 00
A0 40 88 00 00 00 00 88 00 00 00 00 88 00 00 F0
[22:13:32.224] [INFO] [s22-revert] READ 64 byte(s):
41 88 00 00 80 3F 88 00 00 00 00 88 00 00 00 00
88 00 00 00 00 88 00 00 70 41 88 14 AE 87 3F 88
00 00 98 41 88 00 00 F0 40 88 00 00 00 00 88 00
00 40 40 88 00 00 D0 40 88 00 00 00 00 88 00 00
[22:13:32.227] [INFO] [s22-revert] READ 64 byte(s):
00 00 88 00 00 C0 40 88 00 00 00 00 88 00 00 70
41 88 FF FF FF 3E 88 00 00 48 42 88 00 00 F0 40
88 00 00 00 00 88 00 00 70 41 88 FF FF FF 3E 88
00 00 48 42 88 00 00 C8 41 88 00 00 F0 40 88 00
[22:13:32.230] [INFO] [s22-revert] READ 64 byte(s):
00 00 00 88 00 00 40 40 88 00 00 B4 43 88 00 00
F0 42 88 00 00 48 42 88 00 00 A0 40 88 00 00 80
3F 88 00 00 00 00 88 00 00 00 00 88 00 00 00 00
88 00 00 10 41 88 00 00 AF 43 88 00 00 A0 41 88
[22:13:32.233] [INFO] [s22-revert] READ 64 byte(s):
00 00 00 00 88 00 00 48 42 88 00 00 00 00 88 00
00 10 41 88 00 00 AF 43 88 00 00 A0 41 88 00 00
00 00 88 00 00 48 42 BA 6D 88 00 00 00 00 88 00
00 00 00 88 00 00 C8 C2 88 00 00 A0 41 88 00 00
[22:13:32.238] [INFO] [s22-revert] READ 64 byte(s):
70 C2 88 00 00 80 3F 88 00 00 00 00 88 00 00 00
00 88 00 00 00 00 88 00 00 A0 40 88 00 00 80 3F
88 00 00 A0 40 88 00 00 96 43 88 00 00 A0 40 88
33 33 33 3F 88 00 80 3B 44 88 00 00 A0 40 88 00
[22:13:32.241] [INFO] [s22-revert] READ 64 byte(s):
80 ED 44 88 00 00 80 3F 88 00 00 00 00 88 00 00
A0 40 88 00 00 A0 40 88 00 00 C8 42 88 00 00 80
3F 88 00 00 00 00 88 00 00 C8 41 88 00 00 A0 40
88 00 00 00 00 88 00 00 C0 3F 88 00 00 00 00 88
[22:13:32.244] [INFO] [s22-revert] READ 64 byte(s):
00 00 80 3F 88 00 00 C0 3F 88 00 00 00 00 88 00
00 00 00 88 00 00 A0 40 88 00 00 A0 40 88 00 00
80 3F 88 00 00 00 00 88 00 00 80 40 88 00 00 A0
40 88 00 00 00 00 88 00 00 00 00 88 00 00 F0 41
[22:13:32.248] [INFO] [s22-revert] READ 64 byte(s):
88 00 00 A0 40 88 00 00 00 00 88 00 00 00 00 88
00 00 F0 41 88 00 00 A0 40 88 00 00 00 00 88 00
00 00 00 88 00 00 F0 41 88 00 00 A0 40 88 00 00
00 00 88 00 00 00 00 88 00 00 F0 41 88 00 00 A0
[22:13:32.251] [INFO] [s22-revert] READ 64 byte(s):
40 88 00 00 00 00 88 00 00 00 00 88 00 00 F0 41
88 00 00 A0 40 88 00 00 00 00 88 00 00 00 00 88
00 00 F0 41 88 00 00 80 3F 88 00 00 00 00 88 00
00 00 00 88 00 00 00 00 88 00 00 70 41 88 00 00
[22:13:32.253] [INFO] [s22-revert] READ 64 byte(s):
00 3F 88 00 00 48 42 88 00 00 F0 40 88 00 00 00
00 88 00 00 40 40 88 00 00 D0 40 88 00 00 00 00
88 00 00 00 00 88 00 00 C0 40 88 00 00 00 00 88
00 00 70 41 88 00 00 00 3F 88 00 00 48 42 88 00
[22:13:32.256] [INFO] [s22-revert] READ 64 byte(s):
00 F0 40 88 00 00 00 00 88 00 00 70 41 88 00 00
00 3F 88 00 00 48 42 88 00 00 C8 41 88 00 00 F0
40 88 00 00 00 00 88 00 00 40 40 88 00 00 B4 43
88 00 00 F0 42 88 00 00 48 42 88 00 00 A0 40 88
[22:13:32.259] [INFO] [s22-revert] READ 64 byte(s):
00 00 80 3F 88 00 00 00 00 88 00 00 00 00 88 00
00 00 00 88 00 00 10 41 88 00 00 AF 43 88 00 00
A0 41 88 00 00 00 00 88 00 00 48 42 88 00 00 00
00 88 00 00 10 41 88 00 00 AF 43 88 00 00 A0 41
[22:13:32.261] [INFO] [s22-revert] READ 64 byte(s):
88 00 00 00 00 88 00 00 48 42 BA 6D 88 00 00 00
00 88 00 00 00 00 88 00 00 C8 C2 88 00 00 A0 41
88 00 00 70 C2 88 00 00 80 3F 88 00 00 00 00 88
00 00 00 00 88 00 00 00 00 88 00 00 A0 40 88 00
[22:13:32.265] [INFO] [s22-revert] READ 64 byte(s):
00 80 3F 88 00 00 A0 40 88 00 00 96 43 88 00 00
A0 40 88 33 33 33 3F 88 00 80 3B 44 88 00 00 A0
40 88 00 80 ED 44 88 00 00 80 3F 88 00 00 00 00
88 00 00 A0 40 88 00 00 A0 40 88 00 00 C8 42 88
[22:13:32.267] [INFO] [s22-revert] READ 64 byte(s):
00 00 80 3F 88 00 00 00 00 88 00 00 C8 41 88 00
00 A0 40 88 00 00 00 00 88 00 00 C0 3F 88 00 00
00 00 88 00 00 80 3F 88 00 00 C0 3F 88 00 00 00
00 88 00 00 00 00 88 00 00 A0 40 88 00 00 A0 40
[22:13:32.270] [INFO] [s22-revert] READ 64 byte(s):
88 00 00 80 3F 88 00 00 00 00 88 00 00 80 40 88
00 00 A0 40 88 00 00 00 00 88 00 00 00 00 88 00
00 F0 41 88 00 00 A0 40 88 00 00 00 00 88 00 00
00 00 88 00 00 F0 41 88 00 00 A0 40 88 00 00 00
[22:13:32.273] [INFO] [s22-revert] READ 64 byte(s):
00 88 00 00 00 00 88 00 00 F0 41 88 00 00 A0 40
88 00 00 00 00 88 00 00 00 00 88 00 00 F0 41 88
00 00 A0 40 88 00 00 00 00 88 00 00 00 00 88 00
00 F0 41 88 00 00 A0 40 88 00 00 00 00 88 00 00
[22:13:32.276] [INFO] [s22-revert] READ 64 byte(s):
00 00 88 00 00 F0 41 88 00 00 80 3F 88 00 00 00
00 88 00 00 00 00 88 00 00 00 00 88 00 00 70 41
88 00 00 00 3F 88 00 00 48 42 88 00 00 F0 40 88
00 00 00 00 88 00 00 40 40 88 00 00 D0 40 88 00
[22:13:32.279] [INFO] [s22-revert] READ 64 byte(s):
00 00 00 88 00 00 00 00 88 00 00 C0 40 88 00 00
00 00 88 00 00 70 41 88 00 00 00 3F 88 00 00 48
42 88 00 00 F0 40 88 00 00 00 00 88 00 00 70 41
88 00 00 00 3F 88 00 00 48 42 88 00 00 C8 41 88
[22:13:32.283] [INFO] [s22-revert] READ 64 byte(s):
00 00 F0 40 88 00 00 00 00 88 00 00 40 40 88 00
00 B4 43 88 00 00 F0 42 88 00 00 48 42 88 00 00
A0 40 88 00 00 80 3F 88 00 00 00 00 88 00 00 00
00 88 00 00 00 00 88 00 00 10 41 88 00 00 AF 43
[22:13:32.286] [INFO] [s22-revert] READ 64 byte(s):
88 00 00 A0 41 88 00 00 00 00 88 00 00 48 42 88
00 00 00 00 88 00 00 10 41 88 00 00 AF 43 88 00
00 A0 41 88 00 00 00 00 88 00 00 48 42 B9 0D B9
02 BC 21 00 E8 89 3B DB E8 39 BB B6 EB 53 3B C1
[22:13:32.288] [INFO] [s22-revert] READ 64 byte(s):
F8 44 3C 31 36 81 3C EA 08 8F 3C D1 95 E8 3C 2C
B1 49 3C 4E 00 B9 02 BC 0B 32 30 32 35 2D 31 31
2D 32 38 00 0A B9 02 BC 21 48 49 2D 47 41 49 4E
00 88 86 D8 3A C7 21 F2 BA 54 A1 CE 3B 26 D7 1F
[22:13:32.291] [INFO] [s22-revert] READ 64 byte(s):
3C E7 1B DB BB 88 6B 3A BC 2E 07 B9 02 BC 21 4E
6F 6E 65 00 96 DF 3A 2A 6B 2B BB CA E3 26 BC 1C
72 F3 BB F3 04 2E BC 4C 1F 05 BC 5A 64 99 3B 74
04 B9 02 BC 21 4E 6F 6E 65 00 A3 8B BC DD A5 D3
[22:13:32.295] [INFO] [s22-revert] READ 64 byte(s):
BC 59 84 B5 BC F5 76 B7 BC 78 C5 92 BC 9C CA 9D
BB 84 6E 2E BB 71 04 B9 02 BC 21 4E 6F 6E 65 00
92 42 BC 1B AA 66 BC 53 7C DD BC 4C FE F2 BC 19
34 E9 BC BB D0 C5 BC EE 77 5B BB F5 04 B9 02 BC
[22:13:32.299] [INFO] [s22-revert] READ 64 byte(s):
21 4E 6F 6E 65 00 EB 98 BB 9A F1 14 BB 4C C7 E9
BA DC 7C DC BC 82 EA CC BC 4B 12 0C BC 25 F9 D4
BC E8 04 B9 02 BC 21 00 C1 34 BB CF 09 1A 3B 93
E5 A3 BB ED 7D 5D 73 BC 99 BD D0 BC B3 33 02 BC
[22:13:32.303] [INFO] [s22-revert] READ 64 byte(s):
7D 5D B4 1E BC 3F 49 E1 BC 1C 00 B9 02 BC 21 00
EC B4 BC 0D 17 B4 BC 68 3A 6C BC BC A8 17 3C C4
5A 20 BC 48 5F 40 BC 68 E3 9D BC A6 08 7D 5D BC
87 00 B9 02 BC 21 00 6D 8E BB 9D CF EC 3B AA EA
[22:13:32.306] [INFO] [s22-revert] READ 64 byte(s):
54 BC 0C 54 D7 BC 12 AA A8 BC 52 84 96 BA 66 AF
96 BB 03 95 F6 BC 35 00 B9 02 BC 21 00 2A BF BB
AE 3B 4B BC 0E B3 1A BC 19 62 CE BB B1 07 1A BC
9D 31 71 3C 0A A0 DB B9 C2 78 95 BB 43 00 B9 02
[22:13:32.309] [INFO] [s22-revert] READ 64 byte(s):
BC 21 00 B6 9C BC A9 06 BF BC C0 AE 79 3A 1A 9D
10 3C 9F 7D 5E 94 3B EB B5 0F BB BD 8B 37 BC BB
6C 56 BB E8 00 B9 02 BC 41 00 CB B7 3C 54 DC 06
3D 5D D9 0C 3C F3 6B 1A BC 4F 6F 01 BC FD EA 5D
[22:13:32.311] [INFO] [s22-revert] READ 46 byte(s):
3B ED 4B 4F 3C 4E 49 90 3B 4B BC 80 3C 26 D2 A2
3B C9 AF AC 3B 96 95 75 BB 31 E5 B1 BB 82 E4 43
3D 68 D9 CB 98 9F 08 00 00 72 00 84 E4 7E
[22:13:32.318] [INFO] [s22-revert] WRITE 21 byte(s):
7E B9 03 81 00 03 82 06 00 80 0B 03 B9 04 0B 01
07 00 C0 6A 7E
[22:13:32.327] [INFO] [s22-revert] READ 64 byte(s):
7E B9 03 81 04 03 81 9D 08 0B B9 03 01 07 B9 04
B9 02 BC 21 36 34 20 4C 6F 20 47 61 69 6E 20 46
65 65 6C 73 00 00 00 00 00 00 00 00 00 00 00 00
00 00 00 00 00 10 BA 02 88 00 00 00 00 88 00 00
[22:13:32.332] [INFO] [s22-revert] READ 64 byte(s):
F0 42 BA 03 BA 6D 88 00 00 00 00 88 00 00 00 00
88 00 00 C8 C2 88 00 00 A0 41 88 00 00 70 C2 88
00 00 80 3F 88 00 00 00 00 88 00 00 00 00 88 00
00 00 00 88 00 00 A0 40 88 00 00 80 3F 88 00 00
[22:13:32.337] [INFO] [s22-revert] READ 64 byte(s):
A0 40 88 00 00 96 43 88 00 00 A0 40 88 33 33 33
3F 88 00 80 3B 44 88 00 00 A0 40 88 00 80 ED 44
88 00 00 80 3F 88 00 00 00 00 88 00 00 A0 40 88
00 00 A0 40 88 00 00 C8 42 88 00 00 80 3F 88 00
[22:13:32.340] [INFO] [s22-revert] READ 64 byte(s):
00 00 00 88 00 00 C8 41 88 00 00 A0 40 88 00 00
00 00 88 00 00 C0 3F 88 00 00 00 00 88 00 00 80
3F 88 00 00 C0 3F 88 00 00 00 00 88 00 00 00 00
88 00 00 A0 40 88 00 00 A0 40 88 00 00 80 3F 88
[22:13:32.342] [INFO] [s22-revert] READ 64 byte(s):
00 00 00 00 88 00 00 80 40 88 00 00 A0 40 88 00
00 00 00 88 00 00 00 00 88 00 00 F0 41 88 00 00
A0 40 88 00 00 00 00 88 00 00 00 00 88 00 00 F0
41 88 00 00 A0 40 88 00 00 00 00 88 00 00 00 00
[22:13:32.344] [INFO] [s22-revert] READ 64 byte(s):
88 00 00 F0 41 88 00 00 A0 40 88 00 00 00 00 88
00 00 00 00 88 00 00 F0 41 88 00 00 A0 40 88 00
00 00 00 88 00 00 00 00 88 00 00 F0 41 88 00 00
A0 40 88 00 00 00 00 88 00 00 00 00 88 00 00 F0
[22:13:32.348] [INFO] [s22-revert] READ 64 byte(s):
41 88 00 00 80 3F 88 00 00 00 00 88 00 00 00 00
88 00 00 00 00 88 00 00 70 41 88 00 00 00 3F 88
00 00 48 42 88 00 00 F0 40 88 00 00 00 00 88 00
00 40 40 88 00 00 D0 40 88 00 00 00 00 88 00 00
[22:13:32.351] [INFO] [s22-revert] READ 64 byte(s):
00 00 88 00 00 C0 40 88 00 00 00 00 88 00 00 70
41 88 00 00 00 3F 88 00 00 48 42 88 00 00 F0 40
88 00 00 00 00 88 00 00 70 41 88 00 00 00 3F 88
00 00 48 42 88 00 00 C8 41 88 00 00 F0 40 88 00
[22:13:32.354] [INFO] [s22-revert] READ 64 byte(s):
00 00 00 88 00 00 40 40 88 00 00 B4 43 88 00 00
F0 42 88 00 00 48 42 88 00 00 A0 40 88 00 00 80
3F 88 00 00 00 00 88 00 00 00 00 88 00 00 00 00
88 00 00 10 41 88 00 00 AF 43 88 00 00 A0 41 88
[22:13:32.357] [INFO] [s22-revert] READ 64 byte(s):
00 00 00 00 88 00 00 48 42 88 00 00 00 00 88 00
00 10 41 88 00 00 AF 43 88 00 00 A0 41 88 00 00
00 00 88 00 00 48 42 BA 6D 88 00 00 00 00 88 00
00 00 00 88 00 00 C8 C2 88 00 00 A0 41 88 00 00
[22:13:32.359] [INFO] [s22-revert] READ 64 byte(s):
70 C2 88 00 00 80 3F 88 00 00 00 00 88 00 00 00
00 88 00 00 00 00 88 00 00 A0 40 88 00 00 80 3F
88 00 00 A0 40 88 00 00 96 43 88 00 00 A0 40 88
33 33 33 3F 88 00 80 3B 44 88 00 00 A0 40 88 00
[22:13:32.365] [INFO] [s22-revert] READ 64 byte(s):
80 ED 44 88 00 00 80 3F 88 00 00 00 00 88 00 00
A0 40 88 00 00 A0 40 88 00 00 C8 42 88 00 00 80
3F 88 00 00 00 00 88 00 00 C8 41 88 00 00 A0 40
88 00 00 00 00 88 00 00 C0 3F 88 00 00 00 00 88
[22:13:32.370] [INFO] [s22-revert] READ 64 byte(s):
00 00 80 3F 88 00 00 C0 3F 88 00 00 00 00 88 00
00 00 00 88 00 00 A0 40 88 00 00 A0 40 88 00 00
80 3F 88 00 00 00 00 88 00 00 80 40 88 00 00 A0
40 88 00 00 00 00 88 00 00 00 00 88 00 00 F0 41
[22:13:32.376] [INFO] [s22-revert] READ 64 byte(s):
88 00 00 A0 40 88 00 00 00 00 88 00 00 00 00 88
00 00 F0 41 88 00 00 A0 40 88 00 00 00 00 88 00
00 00 00 88 00 00 F0 41 88 00 00 A0 40 88 00 00
00 00 88 00 00 00 00 88 00 00 F0 41 88 00 00 A0
[22:13:32.378] [INFO] [s22-revert] READ 64 byte(s):
40 88 00 00 00 00 88 00 00 00 00 88 00 00 F0 41
88 00 00 A0 40 88 00 00 00 00 88 00 00 00 00 88
00 00 F0 41 88 00 00 80 3F 88 00 00 00 00 88 00
00 00 00 88 00 00 00 00 88 00 00 70 41 88 00 00
[22:13:32.380] [INFO] [s22-revert] READ 64 byte(s):
00 3F 88 00 00 48 42 88 00 00 F0 40 88 00 00 00
00 88 00 00 40 40 88 00 00 D0 40 88 00 00 00 00
88 00 00 00 00 88 00 00 C0 40 88 00 00 00 00 88
00 00 70 41 88 00 00 00 3F 88 00 00 48 42 88 00
[22:13:32.383] [INFO] [s22-revert] READ 64 byte(s):
00 F0 40 88 00 00 00 00 88 00 00 70 41 88 00 00
00 3F 88 00 00 48 42 88 00 00 C8 41 88 00 00 F0
40 88 00 00 00 00 88 00 00 40 40 88 00 00 B4 43
88 00 00 F0 42 88 00 00 48 42 88 00 00 A0 40 88
[22:13:32.387] [INFO] [s22-revert] READ 64 byte(s):
00 00 80 3F 88 00 00 00 00 88 00 00 00 00 88 00
00 00 00 88 00 00 10 41 88 00 00 AF 43 88 00 00
A0 41 88 00 00 00 00 88 00 00 48 42 88 00 00 00
00 88 00 00 10 41 88 00 00 AF 43 88 00 00 A0 41
[22:13:32.390] [INFO] [s22-revert] READ 64 byte(s):
88 00 00 00 00 88 00 00 48 42 BA 6D 88 00 00 00
00 88 00 00 00 00 88 00 00 C8 C2 88 00 00 A0 41
88 00 00 70 C2 88 00 00 80 3F 88 00 00 00 00 88
00 00 00 00 88 00 00 00 00 88 00 00 A0 40 88 00
[22:13:32.393] [INFO] [s22-revert] READ 64 byte(s):
00 80 3F 88 00 00 A0 40 88 00 00 96 43 88 00 00
A0 40 88 33 33 33 3F 88 00 80 3B 44 88 00 00 A0
40 88 00 80 ED 44 88 00 00 80 3F 88 00 00 00 00
88 00 00 A0 40 88 00 00 A0 40 88 00 00 C8 42 88
[22:13:32.396] [INFO] [s22-revert] READ 64 byte(s):
00 00 80 3F 88 00 00 00 00 88 00 00 C8 41 88 00
00 A0 40 88 00 00 00 00 88 00 00 C0 3F 88 00 00
00 00 88 00 00 80 3F 88 00 00 C0 3F 88 00 00 00
00 88 00 00 00 00 88 00 00 A0 40 88 00 00 A0 40
[22:13:32.399] [INFO] [s22-revert] READ 64 byte(s):
88 00 00 80 3F 88 00 00 00 00 88 00 00 80 40 88
00 00 A0 40 88 00 00 00 00 88 00 00 00 00 88 00
00 F0 41 88 00 00 A0 40 88 00 00 00 00 88 00 00
00 00 88 00 00 F0 41 88 00 00 A0 40 88 00 00 00
[22:13:32.403] [INFO] [s22-revert] READ 64 byte(s):
00 88 00 00 00 00 88 00 00 F0 41 88 00 00 A0 40
88 00 00 00 00 88 00 00 00 00 88 00 00 F0 41 88
00 00 A0 40 88 00 00 00 00 88 00 00 00 00 88 00
00 F0 41 88 00 00 A0 40 88 00 00 00 00 88 00 00
[22:13:32.408] [INFO] [s22-revert] READ 64 byte(s):
00 00 88 00 00 F0 41 88 00 00 80 3F 88 00 00 00
00 88 00 00 00 00 88 00 00 00 00 88 00 00 70 41
88 00 00 00 3F 88 00 00 48 42 88 00 00 F0 40 88
00 00 00 00 88 00 00 40 40 88 00 00 D0 40 88 00
[22:13:32.411] [INFO] [s22-revert] READ 64 byte(s):
00 00 00 88 00 00 00 00 88 00 00 C0 40 88 00 00
00 00 88 00 00 70 41 88 00 00 00 3F 88 00 00 48
42 88 00 00 F0 40 88 00 00 00 00 88 00 00 70 41
88 00 00 00 3F 88 00 00 48 42 88 00 00 C8 41 88
[22:13:32.415] [INFO] [s22-revert] READ 64 byte(s):
00 00 F0 40 88 00 00 00 00 88 00 00 40 40 88 00
00 B4 43 88 00 00 F0 42 88 00 00 48 42 88 00 00
A0 40 88 00 00 80 3F 88 00 00 00 00 88 00 00 00
00 88 00 00 00 00 88 00 00 10 41 88 00 00 AF 43
[22:13:32.418] [INFO] [s22-revert] READ 64 byte(s):
88 00 00 A0 41 88 00 00 00 00 88 00 00 48 42 88
00 00 00 00 88 00 00 10 41 88 00 00 AF 43 88 00
00 A0 41 88 00 00 00 00 88 00 00 48 42 B9 0D B9
02 BC 21 00 B5 F0 3B B2 C7 FA 3A B8 9E 2C 3C 62
[22:13:32.421] [INFO] [s22-revert] READ 64 byte(s):
05 98 3C 72 37 F6 3B 36 67 C8 BB 3D 45 8E 3C 70
CB 0D 3C 6A 00 B9 02 BC 0B 32 30 32 35 2D 31 32
2D 30 35 00 0A B9 02 BC 21 43 4C 45 41 4E 00 3E
3B 2E C1 C9 3B 9B A9 BE 3B CF B8 F1 BB 40 A2 66
[22:13:32.424] [INFO] [s22-revert] READ 64 byte(s):
BB 9E 7A D2 BA B2 55 CD BA 7A 05 B9 02 BC 21 4E
6F 6E 65 00 A2 16 3B 21 EF 42 BB DA 00 84 BB 08
7B 93 3C FF DE C2 3B 6E 2D 27 BC 3B EC 1D 3C 9A
04 B9 02 BC 21 4E 6F 6E 65 00 09 3F 3B 92 9F AF
[22:13:32.427] [INFO] [s22-revert] READ 64 byte(s):
BB 84 26 F6 BB CD 66 B1 B9 45 87 F7 BA 6F 7C C6
BB 6D 08 74 B9 4E 04 B9 02 BC 21 4E 6F 6E 65 00
D8 92 3A E0 32 1F 3B D4 24 91 BC 6A A2 71 BC 23
91 4F BB 8C 68 0C BC 10 B6 0E BC 29 04 B9 02 BC
[22:13:32.431] [INFO] [s22-revert] READ 64 byte(s):
21 4E 6F 6E 65 00 58 62 BC 75 A4 1B BB DB 7D 5D
23 BB 9B F1 6D BC 24 AA 63 BC 6E 65 74 BB 48 B5
66 BC 1C 04 B9 02 BC 21 00 05 56 3B AA 40 97 B8
10 68 6D BC 65 30 30 BC 8F EE C1 BB C7 8E 88 BC
[22:13:32.434] [INFO] [s22-revert] READ 64 byte(s):
56 CA 07 BC 0F 2C 37 3C 5F 00 B9 02 BC 21 00 40
9E 3B F0 08 EF 3B 18 97 CA BB 05 3E B6 37 A4 BC
1A BB A3 71 B9 3A 4B F0 A5 BC 75 1E 03 BC CF 00
B9 02 BC 21 00 9C 77 BC 36 5F 61 3A AD A6 8D 3B
[22:13:32.438] [INFO] [s22-revert] READ 64 byte(s):
6E 1F 7D 5E BB 9C B9 1F 3B AD 18 9A 3B 3C 44 8E
BB EC 67 DE BC 53 00 B9 02 BC 21 00 93 B6 BC 82
C2 22 BC 38 5D 9B BC 9D 91 A1 BC 10 9A B0 BB B6
03 04 BC A9 5C E0 BC F1 09 C9 BB 8C 00 B9 02 BC
[22:13:32.441] [INFO] [s22-revert] READ 64 byte(s):
21 00 83 0B 3C 67 48 A8 BC B3 B1 8B BC DC 31 73
3C 36 45 9D BC C2 A5 B0 BC 1A 08 8A 3C FA BC 88
BC 61 00 B9 02 BC 41 00 2E CA BC 9A 5D C3 BB 03
E2 01 BB 46 51 91 BC AC 0C 54 3C 57 45 96 BC B2
[22:13:32.443] [INFO] [s22-revert] READ 44 byte(s):
DC 8B BC 28 7B 66 BC F5 2B 9F 3B 80 DD B5 3B FD
73 A0 BC 3C 6A 3E BD E3 C3 25 3D 8D 6F FF BD 85
51 A8 BB 80 65 00 00 72 00 E9 3A 7E
[22:13:32.447] [INFO] [s22-revert] WRITE 21 byte(s):
7E B9 03 81 00 03 82 06 00 80 0B 03 B9 04 0B 01
08 00 08 E9 7E
[22:13:32.453] [INFO] [s22-revert] READ 64 byte(s):
7E B9 03 81 04 03 81 9D 08 0B B9 03 01 08 B9 04
B9 02 BC 21 36 34 20 4D 69 64 20 47 61 69 6E 20
46 65 65 6C 73 00 00 00 00 00 00 00 00 00 00 00
00 00 00 00 00 11 BA 02 88 00 00 00 00 88 00 00
[22:13:32.456] [INFO] [s22-revert] READ 64 byte(s):
F0 42 BA 03 BA 6D 88 00 00 00 00 88 00 00 80 3F
88 00 00 68 C2 88 00 00 FA 43 88 00 00 C8 C2 88
00 00 80 3F 88 00 00 80 3F 88 00 00 28 C1 88 00
00 10 C1 88 00 00 40 41 88 00 00 80 3F 88 00 00
[22:13:32.460] [INFO] [s22-revert] READ 64 byte(s):
00 00 88 00 00 96 43 88 33 33 D3 40 88 33 33 33
3F 88 00 80 3B 44 88 33 33 F3 40 88 00 80 ED 44
88 00 00 80 3F 88 00 00 00 00 88 CD CC 14 41 88
67 66 D6 40 88 00 00 C8 42 88 00 00 80 3F 88 00
[22:13:32.463] [INFO] [s22-revert] READ 64 byte(s):
00 00 00 88 00 00 C8 41 88 00 00 A0 40 88 00 00
00 00 88 00 00 C0 3F 88 00 00 00 00 88 00 00 80
3F 88 00 00 C0 3F 88 00 00 00 00 88 00 00 00 00
88 00 00 C0 40 88 CD CC BC 40 88 00 00 80 3F 88
[22:13:32.470] [INFO] [s22-revert] READ 64 byte(s):
00 00 00 00 88 00 00 80 40 88 00 00 A0 40 88 00
00 00 00 88 00 00 00 00 88 00 00 F0 41 88 00 00
A0 40 88 00 00 00 00 88 00 00 00 00 88 00 00 F0
41 88 00 00 A0 40 88 00 00 00 00 88 00 00 00 00
[22:13:32.474] [INFO] [s22-revert] READ 64 byte(s):
88 00 00 F0 41 88 00 00 A0 40 88 00 00 00 00 88
00 00 00 00 88 00 00 F0 41 88 00 00 A0 40 88 00
00 00 00 88 00 00 00 00 88 00 00 F0 41 88 00 00
A0 40 88 00 00 00 00 88 00 00 00 00 88 00 00 F0
[22:13:32.477] [INFO] [s22-revert] READ 64 byte(s):
41 88 00 00 80 3F 88 00 00 00 00 88 00 00 00 00
88 00 00 00 00 88 00 00 70 41 88 FF FF FF 3E 88
00 00 48 42 88 00 00 F0 40 88 00 00 00 00 88 00
00 40 40 88 00 00 D0 40 88 00 00 00 00 88 00 00
[22:13:32.480] [INFO] [s22-revert] READ 64 byte(s):
00 00 88 00 00 C0 40 88 00 00 00 00 88 00 00 70
41 88 FF FF FF 3E 88 00 00 48 42 88 00 00 F0 40
88 00 00 00 00 88 00 00 70 41 88 FF FF FF 3E 88
00 00 48 42 88 00 00 C8 41 88 00 00 F0 40 88 00
[22:13:32.483] [INFO] [s22-revert] READ 64 byte(s):
00 00 00 88 00 00 40 40 88 00 00 B4 43 88 00 00
F0 42 88 00 00 48 42 88 00 00 A0 40 88 00 00 80
3F 88 00 00 00 00 88 00 00 00 00 88 00 00 00 00
88 00 00 10 41 88 00 00 AF 43 88 00 00 A0 41 88
[22:13:32.486] [INFO] [s22-revert] READ 64 byte(s):
00 00 00 00 88 00 00 48 42 88 00 00 00 00 88 00
00 10 41 88 00 00 AF 43 88 00 00 A0 41 88 00 00
00 00 88 00 00 48 42 BA 6D 88 00 00 00 00 88 00
00 00 00 88 00 00 C8 C2 88 00 00 A0 41 88 00 00
[22:13:32.488] [INFO] [s22-revert] READ 64 byte(s):
70 C2 88 00 00 80 3F 88 00 00 00 00 88 00 00 00
00 88 00 00 00 00 88 00 00 A0 40 88 00 00 80 3F
88 00 00 A0 40 88 00 00 96 43 88 00 00 A0 40 88
33 33 33 3F 88 00 80 3B 44 88 00 00 A0 40 88 00
[22:13:32.491] [INFO] [s22-revert] READ 64 byte(s):
80 ED 44 88 00 00 80 3F 88 00 00 00 00 88 00 00
A0 40 88 00 00 A0 40 88 00 00 C8 42 88 00 00 80
3F 88 00 00 00 00 88 00 00 C8 41 88 00 00 A0 40
88 00 00 00 00 88 00 00 C0 3F 88 00 00 00 00 88
[22:13:32.493] [INFO] [s22-revert] READ 64 byte(s):
00 00 80 3F 88 00 00 C0 3F 88 00 00 00 00 88 00
00 00 00 88 00 00 A0 40 88 00 00 A0 40 88 00 00
80 3F 88 00 00 00 00 88 00 00 80 40 88 00 00 A0
40 88 00 00 00 00 88 00 00 00 00 88 00 00 F0 41
[22:13:32.495] [INFO] [s22-revert] READ 64 byte(s):
88 00 00 A0 40 88 00 00 00 00 88 00 00 00 00 88
00 00 F0 41 88 00 00 A0 40 88 00 00 00 00 88 00
00 00 00 88 00 00 F0 41 88 00 00 A0 40 88 00 00
00 00 88 00 00 00 00 88 00 00 F0 41 88 00 00 A0
[22:13:32.499] [INFO] [s22-revert] READ 64 byte(s):
40 88 00 00 00 00 88 00 00 00 00 88 00 00 F0 41
88 00 00 A0 40 88 00 00 00 00 88 00 00 00 00 88
00 00 F0 41 88 00 00 80 3F 88 00 00 00 00 88 00
00 00 00 88 00 00 00 00 88 00 00 70 41 88 00 00
[22:13:32.502] [INFO] [s22-revert] READ 64 byte(s):
00 3F 88 00 00 48 42 88 00 00 F0 40 88 00 00 00
00 88 00 00 40 40 88 00 00 D0 40 88 00 00 00 00
88 00 00 00 00 88 00 00 C0 40 88 00 00 00 00 88
00 00 70 41 88 00 00 00 3F 88 00 00 48 42 88 00
[22:13:32.505] [INFO] [s22-revert] READ 64 byte(s):
00 F0 40 88 00 00 00 00 88 00 00 70 41 88 00 00
00 3F 88 00 00 48 42 88 00 00 C8 41 88 00 00 F0
40 88 00 00 00 00 88 00 00 40 40 88 00 00 B4 43
88 00 00 F0 42 88 00 00 48 42 88 00 00 A0 40 88
[22:13:32.507] [INFO] [s22-revert] READ 64 byte(s):
00 00 80 3F 88 00 00 00 00 88 00 00 00 00 88 00
00 00 00 88 00 00 10 41 88 00 00 AF 43 88 00 00
A0 41 88 00 00 00 00 88 00 00 48 42 88 00 00 00
00 88 00 00 10 41 88 00 00 AF 43 88 00 00 A0 41
[22:13:32.509] [INFO] [s22-revert] READ 64 byte(s):
88 00 00 00 00 88 00 00 48 42 BA 6D 88 00 00 00
00 88 00 00 00 00 88 00 00 C8 C2 88 00 00 A0 41
88 00 00 70 C2 88 00 00 80 3F 88 00 00 00 00 88
00 00 00 00 88 00 00 00 00 88 00 00 A0 40 88 00
[22:13:32.512] [INFO] [s22-revert] READ 64 byte(s):
00 80 3F 88 00 00 A0 40 88 00 00 96 43 88 00 00
A0 40 88 33 33 33 3F 88 00 80 3B 44 88 00 00 A0
40 88 00 80 ED 44 88 00 00 80 3F 88 00 00 00 00
88 00 00 A0 40 88 00 00 A0 40 88 00 00 C8 42 88
[22:13:32.515] [INFO] [s22-revert] READ 64 byte(s):
00 00 80 3F 88 00 00 00 00 88 00 00 C8 41 88 00
00 A0 40 88 00 00 00 00 88 00 00 C0 3F 88 00 00
00 00 88 00 00 80 3F 88 00 00 C0 3F 88 00 00 00
00 88 00 00 00 00 88 00 00 A0 40 88 00 00 A0 40
[22:13:32.517] [INFO] [s22-revert] READ 64 byte(s):
88 00 00 80 3F 88 00 00 00 00 88 00 00 80 40 88
00 00 A0 40 88 00 00 00 00 88 00 00 00 00 88 00
00 F0 41 88 00 00 A0 40 88 00 00 00 00 88 00 00
00 00 88 00 00 F0 41 88 00 00 A0 40 88 00 00 00
[22:13:32.521] [INFO] [s22-revert] READ 64 byte(s):
00 88 00 00 00 00 88 00 00 F0 41 88 00 00 A0 40
88 00 00 00 00 88 00 00 00 00 88 00 00 F0 41 88
00 00 A0 40 88 00 00 00 00 88 00 00 00 00 88 00
00 F0 41 88 00 00 A0 40 88 00 00 00 00 88 00 00
[22:13:32.522] [INFO] [s22-revert] READ 64 byte(s):
00 00 88 00 00 F0 41 88 00 00 80 3F 88 00 00 00
00 88 00 00 00 00 88 00 00 00 00 88 00 00 70 41
88 00 00 00 3F 88 00 00 48 42 88 00 00 F0 40 88
00 00 00 00 88 00 00 40 40 88 00 00 D0 40 88 00
[22:13:32.524] [INFO] [s22-revert] READ 64 byte(s):
00 00 00 88 00 00 00 00 88 00 00 C0 40 88 00 00
00 00 88 00 00 70 41 88 00 00 00 3F 88 00 00 48
42 88 00 00 F0 40 88 00 00 00 00 88 00 00 70 41
88 00 00 00 3F 88 00 00 48 42 88 00 00 C8 41 88
[22:13:32.527] [INFO] [s22-revert] READ 64 byte(s):
00 00 F0 40 88 00 00 00 00 88 00 00 40 40 88 00
00 B4 43 88 00 00 F0 42 88 00 00 48 42 88 00 00
A0 40 88 00 00 80 3F 88 00 00 00 00 88 00 00 00
00 88 00 00 00 00 88 00 00 10 41 88 00 00 AF 43
[22:13:32.529] [INFO] [s22-revert] READ 64 byte(s):
88 00 00 A0 41 88 00 00 00 00 88 00 00 48 42 88
00 00 00 00 88 00 00 10 41 88 00 00 AF 43 88 00
00 A0 41 88 00 00 00 00 88 00 00 48 42 B9 0D B9
02 BC 21 00 B5 F0 3B B2 C7 FA 3A B8 9E 2C 3C 62
[22:13:32.532] [INFO] [s22-revert] READ 64 byte(s):
05 98 3C 72 37 F6 3B 36 67 C8 BB 3D 45 8E 3C 70
CB 0D 3C 6A 00 B9 02 BC 0B 32 30 32 35 2D 31 32
2D 30 36 00 0A B9 02 BC 21 44 52 49 56 45 00 3E
3B 2E C1 C9 3B 9B A9 BE 3B CF B8 F1 BB 40 A2 66
[22:13:32.537] [INFO] [s22-revert] READ 64 byte(s):
BB 9E 7A D2 BA B2 55 CD BA 7A 05 B9 02 BC 21 4E
6F 6E 65 00 A2 16 3B 21 EF 42 BB DA 00 84 BB 08
7B 93 3C FF DE C2 3B 6E 2D 27 BC 3B EC 1D 3C 9A
04 B9 02 BC 21 4E 6F 6E 65 00 09 3F 3B 92 9F AF
[22:13:32.540] [INFO] [s22-revert] READ 64 byte(s):
BB 84 26 F6 BB CD 66 B1 B9 45 87 F7 BA 6F 7C C6
BB 6D 08 74 B9 4E 04 B9 02 BC 21 4E 6F 6E 65 00
D8 92 3A E0 32 1F 3B D4 24 91 BC 6A A2 71 BC 23
91 4F BB 8C 68 0C BC 10 B6 0E BC 29 04 B9 02 BC
[22:13:32.543] [INFO] [s22-revert] READ 64 byte(s):
21 4E 6F 6E 65 00 58 62 BC 75 A4 1B BB DB 7D 5D
23 BB 9B F1 6D BC 24 AA 63 BC 6E 65 74 BB 48 B5
66 BC 1C 04 B9 02 BC 21 00 05 56 3B AA 40 97 B8
10 68 6D BC 65 30 30 BC 8F EE C1 BB C7 8E 88 BC
[22:13:32.547] [INFO] [s22-revert] READ 64 byte(s):
56 CA 07 BC 0F 2C 37 3C 5F 00 B9 02 BC 21 00 40
9E 3B F0 08 EF 3B 18 97 CA BB 05 3E B6 37 A4 BC
1A BB A3 71 B9 3A 4B F0 A5 BC 75 1E 03 BC CF 00
B9 02 BC 21 00 9C 77 BC 36 5F 61 3A AD A6 8D 3B
[22:13:32.549] [INFO] [s22-revert] READ 64 byte(s):
6E 1F 7D 5E BB 9C B9 1F 3B AD 18 9A 3B 3C 44 8E
BB EC 67 DE BC 53 00 B9 02 BC 21 00 93 B6 BC 82
C2 22 BC 38 5D 9B BC 9D 91 A1 BC 10 9A B0 BB B6
03 04 BC A9 5C E0 BC F1 09 C9 BB 8C 00 B9 02 BC
[22:13:32.551] [INFO] [s22-revert] READ 64 byte(s):
21 00 83 0B 3C 67 48 A8 BC B3 B1 8B BC DC 31 73
3C 36 45 9D BC C2 A5 B0 BC 1A 08 8A 3C FA BC 88
BC 61 00 B9 02 BC 41 00 2E CA BC 9A 5D C3 BB 03
E2 01 BB 46 51 91 BC AC 0C 54 3C 57 45 96 BC B2
[22:13:32.554] [INFO] [s22-revert] READ 44 byte(s):
DC 8B BC 28 7B 66 BC F5 2B 9F 3B 80 DD B5 3B FD
73 A0 BC 3C 6A 3E BD E3 C3 25 3D 8D 6F FF BD B0
A2 5C 8B 9A 10 00 00 72 00 B5 BF 7E
[22:13:32.560] [INFO] [s22-revert] WRITE 21 byte(s):
7E B9 03 81 00 03 82 06 00 80 0B 03 B9 04 0B 01
09 00 D0 F0 7E
[22:13:32.567] [INFO] [s22-revert] READ 64 byte(s):
7E B9 03 81 04 03 81 9D 08 0B B9 03 01 09 B9 04
B9 02 BC 21 36 36 20 4C 6F 20 47 61 69 6E 20 46
65 65 6C 73 00 00 00 00 00 00 00 00 00 00 00 00
00 00 00 00 00 10 BA 02 88 00 00 00 00 88 00 00
[22:13:32.573] [INFO] [s22-revert] READ 64 byte(s):
F0 42 BA 03 BA 6D 88 00 00 00 00 88 00 00 00 00
88 00 00 C8 C2 88 00 00 A0 41 88 00 00 70 C2 88
00 00 80 3F 88 00 00 00 00 88 00 00 00 00 88 00
00 00 00 88 00 00 A0 40 88 00 00 80 3F 88 00 00
[22:13:32.578] [INFO] [s22-revert] READ 64 byte(s):
A0 40 88 00 00 96 43 88 00 00 A0 40 88 33 33 33
3F 88 00 80 3B 44 88 00 00 A0 40 88 00 80 ED 44
88 00 00 80 3F 88 00 00 00 00 88 00 00 A0 40 88
00 00 A0 40 88 00 00 C8 42 88 00 00 80 3F 88 00
[22:13:32.589] [INFO] [s22-revert] READ 64 byte(s):
00 00 00 88 00 00 C8 41 88 00 00 A0 40 88 00 00
00 00 88 00 00 C0 3F 88 00 00 00 00 88 00 00 80
3F 88 00 00 C0 3F 88 00 00 00 00 88 00 00 00 00
88 00 00 A0 40 88 00 00 A0 40 88 00 00 80 3F 88
[22:13:32.601] [INFO] [s22-revert] READ 64 byte(s):
00 00 00 00 88 00 00 80 40 88 00 00 A0 40 88 00
00 00 00 88 00 00 00 00 88 00 00 F0 41 88 00 00
A0 40 88 00 00 00 00 88 00 00 00 00 88 00 00 F0
41 88 00 00 A0 40 88 00 00 00 00 88 00 00 00 00
[22:13:32.603] [INFO] [s22-revert] READ 64 byte(s):
88 00 00 F0 41 88 00 00 A0 40 88 00 00 00 00 88
00 00 00 00 88 00 00 F0 41 88 00 00 A0 40 88 00
00 00 00 88 00 00 00 00 88 00 00 F0 41 88 00 00
A0 40 88 00 00 00 00 88 00 00 00 00 88 00 00 F0
[22:13:32.606] [INFO] [s22-revert] READ 64 byte(s):
41 88 00 00 80 3F 88 00 00 00 00 88 00 00 00 00
88 00 00 00 00 88 00 00 70 41 88 00 00 00 3F 88
00 00 48 42 88 00 00 F0 40 88 00 00 00 00 88 00
00 40 40 88 00 00 D0 40 88 00 00 00 00 88 00 00
[22:13:32.610] [INFO] [s22-revert] READ 64 byte(s):
00 00 88 00 00 C0 40 88 00 00 00 00 88 00 00 70
41 88 00 00 00 3F 88 00 00 48 42 88 00 00 F0 40
88 00 00 00 00 88 00 00 70 41 88 00 00 00 3F 88
00 00 48 42 88 00 00 C8 41 88 00 00 F0 40 88 00
[22:13:32.613] [INFO] [s22-revert] READ 64 byte(s):
00 00 00 88 00 00 40 40 88 00 00 B4 43 88 00 00
F0 42 88 00 00 48 42 88 00 00 A0 40 88 00 00 80
3F 88 00 00 00 00 88 00 00 00 00 88 00 00 00 00
88 00 00 10 41 88 00 00 AF 43 88 00 00 A0 41 88
[22:13:32.615] [INFO] [s22-revert] READ 64 byte(s):
00 00 00 00 88 00 00 48 42 88 00 00 00 00 88 00
00 10 41 88 00 00 AF 43 88 00 00 A0 41 88 00 00
00 00 88 00 00 48 42 BA 6D 88 00 00 00 00 88 00
00 00 00 88 00 00 C8 C2 88 00 00 A0 41 88 00 00
[22:13:32.617] [INFO] [s22-revert] READ 64 byte(s):
70 C2 88 00 00 80 3F 88 00 00 00 00 88 00 00 00
00 88 00 00 00 00 88 00 00 A0 40 88 00 00 80 3F
88 00 00 A0 40 88 00 00 96 43 88 00 00 A0 40 88
33 33 33 3F 88 00 80 3B 44 88 00 00 A0 40 88 00
[22:13:32.620] [INFO] [s22-revert] READ 64 byte(s):
80 ED 44 88 00 00 80 3F 88 00 00 00 00 88 00 00
A0 40 88 00 00 A0 40 88 00 00 C8 42 88 00 00 80
3F 88 00 00 00 00 88 00 00 C8 41 88 00 00 A0 40
88 00 00 00 00 88 00 00 C0 3F 88 00 00 00 00 88
[22:13:32.624] [INFO] [s22-revert] READ 64 byte(s):
00 00 80 3F 88 00 00 C0 3F 88 00 00 00 00 88 00
00 00 00 88 00 00 A0 40 88 00 00 A0 40 88 00 00
80 3F 88 00 00 00 00 88 00 00 80 40 88 00 00 A0
40 88 00 00 00 00 88 00 00 00 00 88 00 00 F0 41
[22:13:32.626] [INFO] [s22-revert] READ 64 byte(s):
88 00 00 A0 40 88 00 00 00 00 88 00 00 00 00 88
00 00 F0 41 88 00 00 A0 40 88 00 00 00 00 88 00
00 00 00 88 00 00 F0 41 88 00 00 A0 40 88 00 00
00 00 88 00 00 00 00 88 00 00 F0 41 88 00 00 A0
[22:13:32.629] [INFO] [s22-revert] READ 64 byte(s):
40 88 00 00 00 00 88 00 00 00 00 88 00 00 F0 41
88 00 00 A0 40 88 00 00 00 00 88 00 00 00 00 88
00 00 F0 41 88 00 00 80 3F 88 00 00 00 00 88 00
00 00 00 88 00 00 00 00 88 00 00 70 41 88 00 00
[22:13:32.634] [INFO] [s22-revert] READ 64 byte(s):
00 3F 88 00 00 48 42 88 00 00 F0 40 88 00 00 00
00 88 00 00 40 40 88 00 00 D0 40 88 00 00 00 00
88 00 00 00 00 88 00 00 C0 40 88 00 00 00 00 88
00 00 70 41 88 00 00 00 3F 88 00 00 48 42 88 00
[22:13:32.637] [INFO] [s22-revert] READ 64 byte(s):
00 F0 40 88 00 00 00 00 88 00 00 70 41 88 00 00
00 3F 88 00 00 48 42 88 00 00 C8 41 88 00 00 F0
40 88 00 00 00 00 88 00 00 40 40 88 00 00 B4 43
88 00 00 F0 42 88 00 00 48 42 88 00 00 A0 40 88
[22:13:32.640] [INFO] [s22-revert] READ 64 byte(s):
00 00 80 3F 88 00 00 00 00 88 00 00 00 00 88 00
00 00 00 88 00 00 10 41 88 00 00 AF 43 88 00 00
A0 41 88 00 00 00 00 88 00 00 48 42 88 00 00 00
00 88 00 00 10 41 88 00 00 AF 43 88 00 00 A0 41
[22:13:32.643] [INFO] [s22-revert] READ 64 byte(s):
88 00 00 00 00 88 00 00 48 42 BA 6D 88 00 00 00
00 88 00 00 00 00 88 00 00 C8 C2 88 00 00 A0 41
88 00 00 70 C2 88 00 00 80 3F 88 00 00 00 00 88
00 00 00 00 88 00 00 00 00 88 00 00 A0 40 88 00
[22:13:32.646] [INFO] [s22-revert] READ 64 byte(s):
00 80 3F 88 00 00 A0 40 88 00 00 96 43 88 00 00
A0 40 88 33 33 33 3F 88 00 80 3B 44 88 00 00 A0
40 88 00 80 ED 44 88 00 00 80 3F 88 00 00 00 00
88 00 00 A0 40 88 00 00 A0 40 88 00 00 C8 42 88
[22:13:32.648] [INFO] [s22-revert] READ 64 byte(s):
00 00 80 3F 88 00 00 00 00 88 00 00 C8 41 88 00
00 A0 40 88 00 00 00 00 88 00 00 C0 3F 88 00 00
00 00 88 00 00 80 3F 88 00 00 C0 3F 88 00 00 00
00 88 00 00 00 00 88 00 00 A0 40 88 00 00 A0 40
[22:13:32.651] [INFO] [s22-revert] READ 64 byte(s):
88 00 00 80 3F 88 00 00 00 00 88 00 00 80 40 88
00 00 A0 40 88 00 00 00 00 88 00 00 00 00 88 00
00 F0 41 88 00 00 A0 40 88 00 00 00 00 88 00 00
00 00 88 00 00 F0 41 88 00 00 A0 40 88 00 00 00
[22:13:32.655] [INFO] [s22-revert] READ 64 byte(s):
00 88 00 00 00 00 88 00 00 F0 41 88 00 00 A0 40
88 00 00 00 00 88 00 00 00 00 88 00 00 F0 41 88
00 00 A0 40 88 00 00 00 00 88 00 00 00 00 88 00
00 F0 41 88 00 00 A0 40 88 00 00 00 00 88 00 00
[22:13:32.658] [INFO] [s22-revert] READ 64 byte(s):
00 00 88 00 00 F0 41 88 00 00 80 3F 88 00 00 00
00 88 00 00 00 00 88 00 00 00 00 88 00 00 70 41
88 00 00 00 3F 88 00 00 48 42 88 00 00 F0 40 88
00 00 00 00 88 00 00 40 40 88 00 00 D0 40 88 00
[22:13:32.661] [INFO] [s22-revert] READ 64 byte(s):
00 00 00 88 00 00 00 00 88 00 00 C0 40 88 00 00
00 00 88 00 00 70 41 88 00 00 00 3F 88 00 00 48
42 88 00 00 F0 40 88 00 00 00 00 88 00 00 70 41
88 00 00 00 3F 88 00 00 48 42 88 00 00 C8 41 88
[22:13:32.664] [INFO] [s22-revert] READ 64 byte(s):
00 00 F0 40 88 00 00 00 00 88 00 00 40 40 88 00
00 B4 43 88 00 00 F0 42 88 00 00 48 42 88 00 00
A0 40 88 00 00 80 3F 88 00 00 00 00 88 00 00 00
00 88 00 00 00 00 88 00 00 10 41 88 00 00 AF 43
[22:13:32.666] [INFO] [s22-revert] READ 64 byte(s):
88 00 00 A0 41 88 00 00 00 00 88 00 00 48 42 88
00 00 00 00 88 00 00 10 41 88 00 00 AF 43 88 00
00 A0 41 88 00 00 00 00 88 00 00 48 42 B9 0D B9
02 BC 21 00 4C 53 3C 83 3A A9 3C 45 04 57 3C 90
[22:13:32.669] [INFO] [s22-revert] READ 64 byte(s):
66 83 3C C1 1C BA 3C 82 B7 43 3C 7D 5D C1 92 3C
87 38 2D 3C 3B 00 B9 02 BC 0B 32 30 32 35 2D 31
32 2D 30 35 00 0A B9 02 BC 21 43 4C 45 41 4E 00
AA 3C E7 B0 52 3C 0E 61 C5 3A 8D 4C 0A BB 04 7C
[22:13:32.672] [INFO] [s22-revert] READ 64 byte(s):
89 3C 0A F7 01 BB E8 2F 74 BA 19 05 B9 02 BC 21
4E 6F 6E 65 00 CA DA 3A 41 57 42 3C A4 34 EF 3A
C1 57 DE 3B E8 5C 85 3B EB 4A 18 3C 28 9C 60 3C
5D 04 B9 02 BC 21 4E 6F 6E 65 00 02 33 3B 10 70
[22:13:32.676] [INFO] [s22-revert] READ 64 byte(s):
00 BC A4 B9 E1 BA 8C 43 8F 3B C8 BA 71 3A 86 09
ED 3A CF 40 A4 3B E3 04 B9 02 BC 21 4E 6F 6E 65
00 E0 09 BC 0F 66 6D BB 63 B6 1C BC 7C A2 10 BC
98 01 26 BB FB 33 6E BC BE 12 A5 BB 45 04 B9 02
[22:13:32.679] [INFO] [s22-revert] READ 64 byte(s):
BC 21 4E 6F 6E 65 00 05 0E 3B B5 FA 3A BB 8B E0
BF BB 21 72 BE BB B9 79 09 BC 3C 8E 10 B7 A6 69
1D BC E8 04 B9 02 BC 21 00 01 2C BA E7 EA 03 BC
D8 05 0C BC 6A 73 01 BB 2E 3E 31 BC 87 EC 5B BB
[22:13:32.682] [INFO] [s22-revert] READ 64 byte(s):
3E 92 9F BB 6B 33 75 BB F5 00 B9 02 BC 21 00 6A
F4 3B 4E E5 2F 3B F6 3C 6B 3B 80 C6 00 3C 2D F2
22 BC 34 7B 28 BC E6 0A A6 BB 80 C3 71 BC 5E 00
B9 02 BC 21 00 C3 76 BB 10 09 C1 3B AF 46 82 3B
[22:13:32.685] [INFO] [s22-revert] READ 64 byte(s):
F8 AA 6E 3B 7D 5E 05 10 3C 6E 5A EC 39 A2 0D 14
3B A9 DD 0C BC 50 00 B9 02 BC 21 00 03 A7 BB 9B
1D 3B BC 63 C0 6D BB 60 0E F9 BB 13 7D 5E 6C BC
63 FA CD BB 18 74 37 BC A1 28 34 BC 38 00 B9 02
[22:13:32.688] [INFO] [s22-revert] READ 64 byte(s):
BC 21 00 36 F5 BB 46 A0 D0 BB 4B 25 A0 3B A2 09
BC BA DE 03 08 BB F0 BF 02 BB C7 84 34 BB 6D C3
A9 B8 A5 00 B9 02 BC 41 00 13 60 BC E1 E8 E4 BB
D0 0D 96 BB 88 F9 B0 BC 8C E3 C2 3B CD 5D 4A 3C
[22:13:32.691] [INFO] [s22-revert] READ 45 byte(s):
7F 5E BD BB 90 37 92 BC 14 66 A5 3C D0 AB B3 3C
0A 9B 22 BD B6 37 32 BD 3C 7C E9 3D FA 30 29 BE
85 51 A8 BB 80 65 00 00 72 00 87 32 7E
[22:13:32.697] [INFO] [s22-revert] WRITE 21 byte(s):
7E B9 03 81 00 03 82 06 00 80 0B 03 B9 04 0B 01
0A 00 B8 DA 7E
[22:13:32.705] [INFO] [s22-revert] READ 64 byte(s):
7E B9 03 81 04 03 81 9D 08 0B B9 03 01 0A B9 04
B9 02 BC 21 54 72 61 64 69 74 69 6F 6E 61 6C 20
4C 6F 47 61 69 6E 00 00 00 00 00 00 00 00 00 00
00 00 00 00 00 12 BA 02 88 00 00 00 00 88 00 00
[22:13:32.708] [INFO] [s22-revert] READ 64 byte(s):
F0 42 BA 03 BA 6D 88 00 00 00 00 88 00 00 00 00
88 00 00 C8 C2 88 00 00 A0 41 88 00 00 70 C2 88
00 00 80 3F 88 00 00 00 00 88 00 00 00 00 88 00
00 00 00 88 00 00 A0 40 88 00 00 80 3F 88 67 66
[22:13:32.711] [INFO] [s22-revert] READ 64 byte(s):
46 40 88 00 00 96 43 88 00 00 A0 40 88 33 33 33
3F 88 00 80 3B 44 88 00 00 A0 40 88 00 80 ED 44
88 00 00 80 3F 88 00 00 00 00 88 CD CC AC 40 88
9A 99 09 41 88 00 00 C8 42 88 00 00 80 3F 88 00
[22:13:32.714] [INFO] [s22-revert] READ 64 byte(s):
00 00 00 88 00 00 C8 41 88 00 00 A0 40 88 00 00
00 00 88 00 00 C0 3F 88 00 00 00 00 88 00 00 80
3F 88 00 00 C0 3F 88 00 00 00 00 88 00 00 00 00
88 00 00 A0 40 88 00 00 A0 40 88 00 00 80 3F 88
[22:13:32.718] [INFO] [s22-revert] READ 64 byte(s):
00 00 00 00 88 00 00 80 40 88 00 00 A0 40 88 00
00 00 00 88 00 00 00 00 88 00 00 F0 41 88 00 00
A0 40 88 00 00 00 00 88 00 00 00 00 88 00 00 F0
41 88 00 00 A0 40 88 00 00 00 00 88 00 00 00 00
[22:13:32.721] [INFO] [s22-revert] READ 64 byte(s):
88 00 00 F0 41 88 00 00 A0 40 88 00 00 00 00 88
00 00 00 00 88 00 00 F0 41 88 00 00 A0 40 88 00
00 00 00 88 00 00 00 00 88 00 00 F0 41 88 00 00
A0 40 88 00 00 00 00 88 00 00 00 00 88 00 00 F0
[22:13:32.723] [INFO] [s22-revert] READ 64 byte(s):
41 88 00 00 80 3F 88 00 00 00 00 88 00 00 00 00
88 00 00 00 00 88 00 00 70 41 88 00 00 00 3F 88
00 00 48 42 88 00 00 F0 40 88 00 00 00 00 88 00
00 40 40 88 00 00 D0 40 88 00 00 00 00 88 00 00
[22:13:32.726] [INFO] [s22-revert] READ 64 byte(s):
00 00 88 00 00 C0 40 88 00 00 00 00 88 00 00 70
41 88 00 00 00 3F 88 00 00 48 42 88 00 00 F0 40
88 00 00 00 00 88 00 00 70 41 88 00 00 00 3F 88
00 00 48 42 88 00 00 C8 41 88 00 00 F0 40 88 00
[22:13:32.728] [INFO] [s22-revert] READ 64 byte(s):
00 00 00 88 00 00 40 40 88 00 00 B4 43 88 00 00
F0 42 88 00 00 48 42 88 00 00 A0 40 88 00 00 80
3F 88 00 00 00 00 88 00 00 00 00 88 00 00 00 00
88 00 00 10 41 88 00 00 AF 43 88 00 00 A0 41 88
[22:13:32.730] [INFO] [s22-revert] READ 64 byte(s):
00 00 00 00 88 00 00 48 42 88 00 00 00 00 88 00
00 10 41 88 00 00 AF 43 88 00 00 A0 41 88 00 00
00 00 88 00 00 48 42 BA 6D 88 00 00 00 00 88 00
00 00 00 88 00 00 C8 C2 88 00 00 A0 41 88 00 00
[22:13:32.733] [INFO] [s22-revert] READ 64 byte(s):
70 C2 88 00 00 80 3F 88 00 00 00 00 88 00 00 00
00 88 00 00 00 00 88 00 00 A0 40 88 00 00 80 3F
88 00 00 A0 40 88 00 00 96 43 88 00 00 A0 40 88
33 33 33 3F 88 00 80 3B 44 88 00 00 A0 40 88 00
[22:13:32.734] [INFO] [s22-revert] READ 64 byte(s):
80 ED 44 88 00 00 80 3F 88 00 00 00 00 88 00 00
A0 40 88 00 00 A0 40 88 00 00 C8 42 88 00 00 80
3F 88 00 00 00 00 88 00 00 C8 41 88 00 00 A0 40
88 00 00 00 00 88 00 00 C0 3F 88 00 00 00 00 88
[22:13:32.738] [INFO] [s22-revert] READ 64 byte(s):
00 00 80 3F 88 00 00 C0 3F 88 00 00 00 00 88 00
00 00 00 88 00 00 A0 40 88 00 00 A0 40 88 00 00
80 3F 88 00 00 00 00 88 00 00 80 40 88 00 00 A0
40 88 00 00 00 00 88 00 00 00 00 88 00 00 F0 41
[22:13:32.740] [INFO] [s22-revert] READ 64 byte(s):
88 00 00 A0 40 88 00 00 00 00 88 00 00 00 00 88
00 00 F0 41 88 00 00 A0 40 88 00 00 00 00 88 00
00 00 00 88 00 00 F0 41 88 00 00 A0 40 88 00 00
00 00 88 00 00 00 00 88 00 00 F0 41 88 00 00 A0
[22:13:32.743] [INFO] [s22-revert] READ 64 byte(s):
40 88 00 00 00 00 88 00 00 00 00 88 00 00 F0 41
88 00 00 A0 40 88 00 00 00 00 88 00 00 00 00 88
00 00 F0 41 88 00 00 80 3F 88 00 00 00 00 88 00
00 00 00 88 00 00 00 00 88 00 00 70 41 88 00 00
[22:13:32.746] [INFO] [s22-revert] READ 64 byte(s):
00 3F 88 00 00 48 42 88 00 00 F0 40 88 00 00 00
00 88 00 00 40 40 88 00 00 D0 40 88 00 00 00 00
88 00 00 00 00 88 00 00 C0 40 88 00 00 00 00 88
00 00 70 41 88 00 00 00 3F 88 00 00 48 42 88 00
[22:13:32.749] [INFO] [s22-revert] READ 64 byte(s):
00 F0 40 88 00 00 00 00 88 00 00 70 41 88 00 00
00 3F 88 00 00 48 42 88 00 00 C8 41 88 00 00 F0
40 88 00 00 00 00 88 00 00 40 40 88 00 00 B4 43
88 00 00 F0 42 88 00 00 48 42 88 00 00 A0 40 88
[22:13:32.752] [INFO] [s22-revert] READ 64 byte(s):
00 00 80 3F 88 00 00 00 00 88 00 00 00 00 88 00
00 00 00 88 00 00 10 41 88 00 00 AF 43 88 00 00
A0 41 88 00 00 00 00 88 00 00 48 42 88 00 00 00
00 88 00 00 10 41 88 00 00 AF 43 88 00 00 A0 41
[22:13:32.756] [INFO] [s22-revert] READ 64 byte(s):
88 00 00 00 00 88 00 00 48 42 BA 6D 88 00 00 00
00 88 00 00 00 00 88 00 00 C8 C2 88 00 00 A0 41
88 00 00 70 C2 88 00 00 80 3F 88 00 00 00 00 88
00 00 00 00 88 00 00 00 00 88 00 00 A0 40 88 00
[22:13:32.758] [INFO] [s22-revert] READ 64 byte(s):
00 80 3F 88 00 00 A0 40 88 00 00 96 43 88 00 00
A0 40 88 33 33 33 3F 88 00 80 3B 44 88 00 00 A0
40 88 00 80 ED 44 88 00 00 80 3F 88 00 00 00 00
88 00 00 A0 40 88 00 00 A0 40 88 00 00 C8 42 88
[22:13:32.760] [INFO] [s22-revert] READ 64 byte(s):
00 00 80 3F 88 00 00 00 00 88 00 00 C8 41 88 00
00 A0 40 88 00 00 00 00 88 00 00 C0 3F 88 00 00
00 00 88 00 00 80 3F 88 00 00 C0 3F 88 00 00 00
00 88 00 00 00 00 88 00 00 A0 40 88 00 00 A0 40
[22:13:32.762] [INFO] [s22-revert] READ 64 byte(s):
88 00 00 80 3F 88 00 00 00 00 88 00 00 80 40 88
00 00 A0 40 88 00 00 00 00 88 00 00 00 00 88 00
00 F0 41 88 00 00 A0 40 88 00 00 00 00 88 00 00
00 00 88 00 00 F0 41 88 00 00 A0 40 88 00 00 00
[22:13:32.765] [INFO] [s22-revert] READ 64 byte(s):
00 88 00 00 00 00 88 00 00 F0 41 88 00 00 A0 40
88 00 00 00 00 88 00 00 00 00 88 00 00 F0 41 88
00 00 A0 40 88 00 00 00 00 88 00 00 00 00 88 00
00 F0 41 88 00 00 A0 40 88 00 00 00 00 88 00 00
[22:13:32.767] [INFO] [s22-revert] READ 64 byte(s):
00 00 88 00 00 F0 41 88 00 00 80 3F 88 00 00 00
00 88 00 00 00 00 88 00 00 00 00 88 00 00 70 41
88 00 00 00 3F 88 00 00 48 42 88 00 00 F0 40 88
00 00 00 00 88 00 00 40 40 88 00 00 D0 40 88 00
[22:13:32.770] [INFO] [s22-revert] READ 64 byte(s):
00 00 00 88 00 00 00 00 88 00 00 C0 40 88 00 00
00 00 88 00 00 70 41 88 00 00 00 3F 88 00 00 48
42 88 00 00 F0 40 88 00 00 00 00 88 00 00 70 41
88 00 00 00 3F 88 00 00 48 42 88 00 00 C8 41 88
[22:13:32.771] [INFO] [s22-revert] READ 64 byte(s):
00 00 F0 40 88 00 00 00 00 88 00 00 40 40 88 00
00 B4 43 88 00 00 F0 42 88 00 00 48 42 88 00 00
A0 40 88 00 00 80 3F 88 00 00 00 00 88 00 00 00
00 88 00 00 00 00 88 00 00 10 41 88 00 00 AF 43
[22:13:32.773] [INFO] [s22-revert] READ 64 byte(s):
88 00 00 A0 41 88 00 00 00 00 88 00 00 48 42 88
00 00 00 00 88 00 00 10 41 88 00 00 AF 43 88 00
00 A0 41 88 00 00 00 00 88 00 00 48 42 B9 0D B9
02 BC 21 00 49 DB 3A C0 05 C3 3B C0 40 9C 3C 6F
[22:13:32.775] [INFO] [s22-revert] READ 64 byte(s):
3B 5F 3C 6C 1A B5 3C EB 26 79 3C A0 D4 35 3C CF
72 D4 3C A1 00 B9 02 BC 0B 32 30 32 35 2D 31 32
2D 30 35 00 0A B9 02 BC 21 43 4C 45 41 4E 00 AD
BB B9 FA CA 3A F5 AA 7F 3B F7 A7 EA 3B A6 63 AA
[22:13:32.778] [INFO] [s22-revert] READ 64 byte(s):
39 23 0D 43 3C 37 FA E8 3B 71 05 B9 02 BC 21 4E
6F 6E 65 00 F3 01 BB 7D 5D 6E 80 3B 18 3E D2 3B
72 35 5F 3C 15 46 9E 3B AB D1 89 BA 4B FF 08 BA
D7 04 B9 02 BC 21 4E 6F 6E 65 00 97 86 3B 12 38
[22:13:32.780] [INFO] [s22-revert] READ 64 byte(s):
E1 3B CD DF F4 3C AC B7 A5 3C BD 00 E0 3B 1D 80
96 BB C0 C9 0F BB 12 04 B9 02 BC 21 4E 6F 6E 65
00 F8 69 3C 79 A9 20 3C 49 09 E3 3B F7 28 25 3B
84 3D 0E BC 1A 92 FD BA 60 B4 04 3C 55 04 B9 02
[22:13:32.783] [INFO] [s22-revert] READ 64 byte(s):
BC 21 4E 6F 6E 65 00 44 09 BC 2C 0F 55 BC 44 7A
5B BC E9 5D 5E 3B 3E 38 F1 BB 0A 61 4C 3B CC 6C
4D 3C 7B 04 B9 02 BC 21 00 02 0E BC 63 F9 94 BA
DC 5B AA BA CB 76 0D B9 59 9F D9 B8 F6 96 00 3B
[22:13:32.785] [INFO] [s22-revert] READ 64 byte(s):
32 9F 0D 3C 7D 5E ED 35 3A 55 00 B9 02 BC 21 00
D8 29 BC 9C E8 8E BB 30 87 C0 BB 8A 06 37 3B A8
17 80 BB 9D 4A 01 BC 17 7F 21 3B EB 29 AB BB 8C
00 B9 02 BC 21 00 F4 5C 3C 8B 8E 92 3C F0 26 B9
[22:13:32.787] [INFO] [s22-revert] READ 64 byte(s):
3B B2 AA 66 3C FE 95 75 3B 3C A9 A3 BB 13 0E C9
3B FD 5E 03 BA D3 00 B9 02 BC 21 00 88 25 3C F8
35 50 3A BE F5 49 BB 75 E5 B3 3B 37 8E 65 3B A0
55 F7 3B 21 44 77 BB 2C A8 45 BB B1 00 B9 02 BC
[22:13:32.789] [INFO] [s22-revert] READ 64 byte(s):
21 00 5F 74 3C 8B 29 53 38 F9 AC 70 3B B1 45 1D
3C C5 44 94 3C 7F 87 13 3C 7B 57 9A 3C 6D 75 1F
3C A7 00 B9 02 BC 41 00 31 B4 3C C3 26 81 3C 4C
23 15 3C C3 37 1A 3C 8A 52 2C 3B 38 71 6D 3C 20
[22:13:32.791] [INFO] [s22-revert] READ 45 byte(s):
30 D6 3C 65 24 41 37 3C E0 C7 3C 79 A5 EB 3C 53
D8 5A 3C 7A DB 84 3D F6 68 7D 5D BD DB 9D EA 3D
85 51 A8 BB 80 65 00 00 72 00 A4 E3 7E
[22:13:32.794] [INFO] [s22-revert] WRITE 21 byte(s):
7E B9 03 81 00 03 82 06 00 80 0B 03 B9 04 0B 01
0B 00 60 C3 7E
[22:13:32.803] [INFO] [s22-revert] READ 64 byte(s):
7E B9 03 81 04 03 81 9D 08 0B B9 03 01 0B B9 04
B9 02 BC 21 43 72 75 6E 63 68 79 20 52 69 67 68
74 20 42 61 73 73 00 00 00 00 00 00 00 00 00 00
00 00 00 00 00 12 BA 02 88 00 00 00 00 88 00 00
[22:13:32.811] [INFO] [s22-revert] READ 64 byte(s):
F0 42 BA 03 BA 6D 88 00 00 00 00 88 00 00 80 3F
88 00 00 7C C2 88 00 00 A0 41 88 00 00 70 C2 88
00 00 80 3F 88 00 00 80 3F 88 00 00 B4 C1 88 00
00 00 00 88 00 00 A0 40 88 00 00 80 3F 88 67 66
[22:13:32.820] [INFO] [s22-revert] READ 64 byte(s):
D6 40 88 00 00 96 43 88 CD CC 4C 40 88 33 33 33
3F 88 00 80 3B 44 88 67 66 C6 40 88 00 80 ED 44
88 00 00 80 3F 88 00 00 00 00 88 9A 99 11 41 88
33 33 0B 41 88 00 00 C8 42 88 00 00 80 3F 88 00
[22:13:32.827] [INFO] [s22-revert] READ 64 byte(s):
00 00 00 88 00 00 C8 41 88 00 00 A0 40 88 00 00
00 00 88 00 00 C0 3F 88 00 00 00 00 88 00 00 80
3F 88 00 00 C0 3F 88 00 00 00 00 88 00 00 00 00
88 00 00 A0 40 88 00 00 A0 40 88 00 00 80 3F 88
[22:13:32.837] [INFO] [s22-revert] READ 64 byte(s):
00 00 80 3F 88 00 00 80 40 88 00 00 A0 40 88 00
00 00 00 88 00 00 00 00 88 00 00 F0 41 88 00 00
A0 40 88 00 00 00 00 88 00 00 00 00 88 00 00 F0
41 88 00 00 A0 40 88 00 00 00 00 88 00 00 00 00
[22:13:32.841] [INFO] [s22-revert] READ 64 byte(s):
88 00 00 F0 41 88 00 00 A0 40 88 00 00 00 00 88
00 00 00 00 88 00 00 F0 41 88 00 00 A0 40 88 00
00 00 00 88 00 00 00 00 88 00 00 00 00 88 00 00
A0 40 88 00 00 00 00 88 00 00 00 00 88 00 00 F0
[22:13:32.845] [INFO] [s22-revert] READ 64 byte(s):
41 88 00 00 80 3F 88 00 00 00 00 88 00 00 00 00
88 00 00 00 00 88 00 00 70 41 88 00 00 00 3F 88
00 00 48 42 88 00 00 F0 40 88 00 00 00 00 88 00
00 40 40 88 00 00 D0 40 88 00 00 00 00 88 00 00
[22:13:32.852] [INFO] [s22-revert] READ 64 byte(s):
00 00 88 00 00 C0 40 88 00 00 00 00 88 00 00 70
41 88 00 00 00 3F 88 00 00 48 42 88 00 00 F0 40
88 00 00 00 00 88 00 00 70 41 88 00 00 00 3F 88
00 00 48 42 88 00 00 C8 41 88 00 00 F0 40 88 00
[22:13:32.859] [INFO] [s22-revert] READ 64 byte(s):
00 00 00 88 00 00 40 40 88 00 00 B4 43 88 00 00
F0 42 88 00 00 48 42 88 00 00 A0 40 88 00 00 80
3F 88 00 00 00 00 88 00 00 00 00 88 00 00 00 00
88 00 00 10 41 88 00 00 AF 43 88 00 00 A0 41 88
[22:13:32.865] [INFO] [s22-revert] READ 64 byte(s):
00 00 00 00 88 00 00 48 42 88 00 00 00 00 88 00
00 10 41 88 00 00 AF 43 88 00 00 A0 41 88 00 00
00 00 88 00 00 48 42 BA 6D 88 00 00 00 00 88 00
00 00 00 88 00 00 C8 C2 88 00 00 A0 41 88 00 00
[22:13:32.868] [INFO] [s22-revert] READ 64 byte(s):
70 C2 88 00 00 80 3F 88 00 00 00 00 88 00 00 00
00 88 00 00 00 00 88 00 00 A0 40 88 00 00 80 3F
88 00 00 A0 40 88 00 00 96 43 88 00 00 A0 40 88
33 33 33 3F 88 00 80 3B 44 88 00 00 A0 40 88 00
[22:13:32.871] [INFO] [s22-revert] READ 64 byte(s):
80 ED 44 88 00 00 80 3F 88 00 00 00 00 88 00 00
A0 40 88 00 00 A0 40 88 00 00 C8 42 88 00 00 80
3F 88 00 00 00 00 88 00 00 C8 41 88 00 00 A0 40
88 00 00 00 00 88 00 00 C0 3F 88 00 00 00 00 88
[22:13:32.874] [INFO] [s22-revert] READ 64 byte(s):
00 00 80 3F 88 00 00 C0 3F 88 00 00 00 00 88 00
00 00 00 88 00 00 A0 40 88 00 00 A0 40 88 00 00
80 3F 88 00 00 00 00 88 00 00 80 40 88 00 00 A0
40 88 00 00 00 00 88 00 00 00 00 88 00 00 F0 41
[22:13:32.877] [INFO] [s22-revert] READ 64 byte(s):
88 00 00 A0 40 88 00 00 00 00 88 00 00 00 00 88
00 00 F0 41 88 00 00 A0 40 88 00 00 00 00 88 00
00 00 00 88 00 00 F0 41 88 00 00 A0 40 88 00 00
00 00 88 00 00 00 00 88 00 00 F0 41 88 00 00 A0
[22:13:32.880] [INFO] [s22-revert] READ 64 byte(s):
40 88 00 00 00 00 88 00 00 00 00 88 00 00 F0 41
88 00 00 A0 40 88 00 00 00 00 88 00 00 00 00 88
00 00 F0 41 88 00 00 80 3F 88 00 00 00 00 88 00
00 00 00 88 00 00 00 00 88 00 00 70 41 88 00 00
[22:13:32.884] [INFO] [s22-revert] READ 64 byte(s):
00 3F 88 00 00 48 42 88 00 00 F0 40 88 00 00 00
00 88 00 00 40 40 88 00 00 D0 40 88 00 00 00 00
88 00 00 00 00 88 00 00 C0 40 88 00 00 00 00 88
00 00 70 41 88 00 00 00 3F 88 00 00 48 42 88 00
[22:13:32.886] [INFO] [s22-revert] READ 64 byte(s):
00 F0 40 88 00 00 00 00 88 00 00 70 41 88 00 00
00 3F 88 00 00 48 42 88 00 00 C8 41 88 00 00 F0
40 88 00 00 00 00 88 00 00 40 40 88 00 00 B4 43
88 00 00 F0 42 88 00 00 48 42 88 00 00 A0 40 88
[22:13:32.890] [INFO] [s22-revert] READ 64 byte(s):
00 00 80 3F 88 00 00 00 00 88 00 00 00 00 88 00
00 00 00 88 00 00 10 41 88 00 00 AF 43 88 00 00
A0 41 88 00 00 00 00 88 00 00 48 42 88 00 00 00
00 88 00 00 10 41 88 00 00 AF 43 88 00 00 A0 41
[22:13:32.894] [INFO] [s22-revert] READ 64 byte(s):
88 00 00 00 00 88 00 00 48 42 BA 6D 88 00 00 00
00 88 00 00 00 00 88 00 00 C8 C2 88 00 00 A0 41
88 00 00 70 C2 88 00 00 80 3F 88 00 00 00 00 88
00 00 00 00 88 00 00 00 00 88 00 00 A0 40 88 00
[22:13:32.897] [INFO] [s22-revert] READ 64 byte(s):
00 80 3F 88 00 00 A0 40 88 00 00 96 43 88 00 00
A0 40 88 33 33 33 3F 88 00 80 3B 44 88 00 00 A0
40 88 00 80 ED 44 88 00 00 80 3F 88 00 00 00 00
88 00 00 A0 40 88 00 00 A0 40 88 00 00 C8 42 88
[22:13:32.901] [INFO] [s22-revert] READ 64 byte(s):
00 00 80 3F 88 00 00 00 00 88 00 00 C8 41 88 00
00 A0 40 88 00 00 00 00 88 00 00 C0 3F 88 00 00
00 00 88 00 00 80 3F 88 00 00 C0 3F 88 00 00 00
00 88 00 00 00 00 88 00 00 A0 40 88 00 00 A0 40
[22:13:32.904] [INFO] [s22-revert] READ 64 byte(s):
88 00 00 80 3F 88 00 00 00 00 88 00 00 80 40 88
00 00 A0 40 88 00 00 00 00 88 00 00 00 00 88 00
00 F0 41 88 00 00 A0 40 88 00 00 00 00 88 00 00
00 00 88 00 00 F0 41 88 00 00 A0 40 88 00 00 00
[22:13:32.908] [INFO] [s22-revert] READ 64 byte(s):
00 88 00 00 00 00 88 00 00 F0 41 88 00 00 A0 40
88 00 00 00 00 88 00 00 00 00 88 00 00 F0 41 88
00 00 A0 40 88 00 00 00 00 88 00 00 00 00 88 00
00 F0 41 88 00 00 A0 40 88 00 00 00 00 88 00 00
[22:13:32.911] [INFO] [s22-revert] READ 64 byte(s):
00 00 88 00 00 F0 41 88 00 00 80 3F 88 00 00 00
00 88 00 00 00 00 88 00 00 00 00 88 00 00 70 41
88 00 00 00 3F 88 00 00 48 42 88 00 00 F0 40 88
00 00 00 00 88 00 00 40 40 88 00 00 D0 40 88 00
[22:13:32.917] [INFO] [s22-revert] READ 64 byte(s):
00 00 00 88 00 00 00 00 88 00 00 C0 40 88 00 00
00 00 88 00 00 70 41 88 00 00 00 3F 88 00 00 48
42 88 00 00 F0 40 88 00 00 00 00 88 00 00 70 41
88 00 00 00 3F 88 00 00 48 42 88 00 00 C8 41 88
[22:13:32.920] [INFO] [s22-revert] READ 64 byte(s):
00 00 F0 40 88 00 00 00 00 88 00 00 40 40 88 00
00 B4 43 88 00 00 F0 42 88 00 00 48 42 88 00 00
A0 40 88 00 00 80 3F 88 00 00 00 00 88 00 00 00
00 88 00 00 00 00 88 00 00 10 41 88 00 00 AF 43
[22:13:32.924] [INFO] [s22-revert] READ 64 byte(s):
88 00 00 A0 41 88 00 00 00 00 88 00 00 48 42 88
00 00 00 00 88 00 00 10 41 88 00 00 AF 43 88 00
00 A0 41 88 00 00 00 00 88 00 00 48 42 B9 0D B9
02 BC 21 00 46 95 3B A0 04 01 3C F7 07 1C 3C 4C
[22:13:32.928] [INFO] [s22-revert] READ 64 byte(s):
27 83 3C 97 45 FE 3B 1E AD EF 3C 06 B9 30 3A 15
7A FC 3B AB 00 B9 02 BC 0B 32 30 32 35 2D 31 32
2D 30 35 00 0A B9 02 BC 21 44 52 49 56 45 00 13
3C 9A 4B B2 3C 87 90 DC 3B 4D 57 A4 3C 5F 2D 0A
[22:13:32.933] [INFO] [s22-revert] READ 64 byte(s):
3C 0D 5E 5F 3C 13 6A 42 3B EB 05 B9 02 BC 21 4E
6F 6E 65 00 D4 D6 BB F4 FF 6F 3C 7F FD 55 BB 22
22 19 3C 91 F4 08 3C 4E 3A B2 3B 3D 80 58 3C E9
04 B9 02 BC 21 4E 6F 6E 65 00 BD 0F 3C 97 0D 02
[22:13:32.936] [INFO] [s22-revert] READ 64 byte(s):
BB A6 58 23 3C 78 E7 98 BB E5 D1 E1 3B 4D D4 FC
BB 14 F2 4B 3C 23 04 B9 02 BC 21 4E 6F 6E 65 00
E1 B0 3A BC C2 2A BA 79 5D C5 3B 98 2A 4B 3C C2
CE EF 3B 63 4F 89 3B 40 6A 91 3B BB 04 B9 02 BC
[22:13:32.938] [INFO] [s22-revert] READ 64 byte(s):
21 4E 6F 6E 65 00 7D 5E F5 3B FF FF 5C 3C A7 EB
66 3B A6 C1 8E 3B 4C D4 89 3B 0A C8 E2 39 4C E0
65 BB 5F 04 B9 02 BC 21 00 42 C8 BB 02 6C D9 BA
81 71 FF BB 18 22 BC BB C1 BC 34 BC 7D 5E 32 44
[22:13:32.941] [INFO] [s22-revert] READ 64 byte(s):
BC E5 AB C9 BB A3 E0 3F BC 81 00 B9 02 BC 21 00
F6 D7 BB 24 39 71 3B 20 52 40 3B 93 8F 52 3B CE
40 20 BC 52 D8 E4 3A A1 38 84 3B CB 4A 12 3C 52
00 B9 02 BC 21 00 10 04 3D 40 B8 BE 3C 9C B2 D8
[22:13:32.944] [INFO] [s22-revert] READ 64 byte(s):
3C 17 BA C5 3C DA 7F 88 3C A5 03 93 3C 75 E8 5B
3C 73 85 7A 3C D8 00 B9 02 BC 21 00 B4 54 BC 1C
88 7D 5D BC CD D1 BD BC 8B DE A4 BC DB 40 14 BC
7F A8 44 BC 50 0E B4 3B 38 FE 21 BC 1A 00 B9 02
[22:13:32.947] [INFO] [s22-revert] READ 64 byte(s):
BC 21 00 B0 0C 3C F2 33 5A BB D6 6E E9 3A 72 0C
D6 3B 6B 85 48 3C 46 83 D7 3B 98 5E 4C 3B BE 8E
30 3C AE 00 B9 02 BC 41 00 0C F3 3B B4 A8 22 3C
50 49 86 3C C4 4A 8A 3C E4 AF 90 3C 65 B0 BE 3C
[22:13:32.952] [INFO] [s22-revert] READ 46 byte(s):
73 75 0B 3C 7D 5E 25 FD 3B 28 04 DF 3A 54 29 DF
3C 1A 86 26 BC 29 C8 19 3D FC 9F 43 BC 66 00 66
3D 85 51 A8 BB 80 65 00 00 72 00 70 94 7E
[22:13:32.958] [INFO] [s22-revert] WRITE 21 byte(s):
7E B9 03 81 00 03 82 06 00 80 0B 03 B9 04 0B 01
0C 00 68 8E 7E
[22:13:32.964] [INFO] [s22-revert] READ 64 byte(s):
7E B9 03 81 04 03 81 9D 08 0B B9 03 01 0C B9 04
B9 02 BC 21 49 6E 73 74 61 6E 74 20 50 69 63 6B
20 56 32 00 00 00 00 00 00 00 00 00 00 00 00 00
00 00 00 00 00 0F BA 02 88 00 00 00 00 88 00 00
[22:13:32.969] [INFO] [s22-revert] READ 64 byte(s):
F0 42 BA 03 BA 6D 88 00 00 80 3F 88 00 00 80 3F
88 00 00 38 C2 88 00 00 82 43 88 00 00 B4 C2 88
00 00 80 3F 88 00 00 80 3F 88 00 00 BC C1 88 00
00 00 00 88 00 00 D0 41 88 00 00 80 3F 88 00 00
[22:13:32.978] [INFO] [s22-revert] READ 64 byte(s):
A0 40 88 00 00 96 43 88 00 00 A0 40 88 33 33 33
3F 88 00 80 3B 44 88 00 00 A0 40 88 00 80 ED 44
88 00 00 80 3F 88 00 00 00 00 88 9A 99 D9 40 88
33 33 33 40 88 00 00 94 42 88 00 00 80 3F 88 00
[22:13:32.985] [INFO] [s22-revert] READ 64 byte(s):
00 00 40 88 00 00 C8 41 88 00 00 A0 40 88 00 00
00 00 88 00 00 C0 3F 88 00 00 00 00 88 00 00 80
3F 88 00 00 C0 3F 88 00 00 00 00 88 00 00 00 00
88 00 00 A0 40 88 00 00 A0 40 88 00 00 80 3F 88
[22:13:32.989] [INFO] [s22-revert] READ 64 byte(s):
00 00 00 00 88 00 00 80 40 88 00 00 A0 40 88 00
00 00 00 88 00 00 00 00 88 00 00 F0 41 88 00 00
A0 40 88 00 00 00 00 88 00 00 00 00 88 00 00 F0
41 88 00 00 A0 40 88 00 00 00 00 88 00 00 00 00
[22:13:32.993] [INFO] [s22-revert] READ 64 byte(s):
88 00 00 F0 41 88 00 00 A0 40 88 00 00 00 00 88
00 00 00 00 88 00 00 F0 41 88 00 00 80 40 88 00
00 00 00 88 00 00 00 00 88 00 00 F0 41 88 00 00
A0 40 88 00 00 00 00 88 00 00 00 00 88 00 00 F0
[22:13:32.996] [INFO] [s22-revert] READ 64 byte(s):
41 88 00 00 80 3F 88 00 00 00 00 88 00 00 00 00
88 00 00 00 00 88 00 00 70 41 88 00 00 00 3F 88
00 00 48 42 88 00 00 F0 40 88 00 00 00 00 88 00
00 40 40 88 00 00 D0 40 88 00 00 00 00 88 00 00
[22:13:33.001] [INFO] [s22-revert] READ 64 byte(s):
00 00 88 00 00 C0 40 88 00 00 00 00 88 00 00 70
41 88 00 00 00 3F 88 00 00 48 42 88 00 00 F0 40
88 00 00 00 00 88 00 00 70 41 88 00 00 00 3F 88
00 00 48 42 88 00 00 C8 41 88 00 00 F0 40 88 00
[22:13:33.006] [INFO] [s22-revert] READ 64 byte(s):
00 00 00 88 00 00 40 40 88 00 00 B4 43 88 00 00
F0 42 88 00 00 48 42 88 00 00 A0 40 88 00 00 80
3F 88 00 00 80 3F 88 00 00 80 3F 88 00 00 00 00
88 00 00 10 41 88 00 00 AF 43 88 00 00 A0 41 88
[22:13:33.011] [INFO] [s22-revert] READ 64 byte(s):
00 00 00 00 88 00 00 48 42 88 00 00 80 3F 88 00
00 40 40 88 00 80 0E 44 88 00 00 28 42 88 00 00
00 00 88 00 00 48 42 BA 6D 88 00 00 00 00 88 00
00 00 00 88 00 00 C8 C2 88 00 00 A0 41 88 00 00
[22:13:33.015] [INFO] [s22-revert] READ 64 byte(s):
70 C2 88 00 00 80 3F 88 00 00 00 00 88 00 00 00
00 88 00 00 00 00 88 00 00 A0 40 88 00 00 80 3F
88 00 00 A0 40 88 00 00 96 43 88 00 00 A0 40 88
33 33 33 3F 88 00 80 3B 44 88 00 00 A0 40 88 00
[22:13:33.021] [INFO] [s22-revert] READ 64 byte(s):
80 ED 44 88 00 00 80 3F 88 00 00 00 00 88 00 00
A0 40 88 00 00 A0 40 88 00 00 C8 42 88 00 00 80
3F 88 00 00 00 00 88 00 00 C8 41 88 00 00 A0 40
88 00 00 00 00 88 00 00 C0 3F 88 00 00 00 00 88
[22:13:33.024] [INFO] [s22-revert] READ 64 byte(s):
00 00 80 3F 88 00 00 C0 3F 88 00 00 00 00 88 00
00 00 00 88 00 00 A0 40 88 00 00 A0 40 88 00 00
80 3F 88 00 00 00 00 88 00 00 80 40 88 00 00 A0
40 88 00 00 00 00 88 00 00 00 00 88 00 00 F0 41
[22:13:33.028] [INFO] [s22-revert] READ 64 byte(s):
88 00 00 A0 40 88 00 00 00 00 88 00 00 00 00 88
00 00 F0 41 88 00 00 A0 40 88 00 00 00 00 88 00
00 00 00 88 00 00 F0 41 88 00 00 A0 40 88 00 00
00 00 88 00 00 00 00 88 00 00 F0 41 88 00 00 A0
[22:13:33.032] [INFO] [s22-revert] READ 64 byte(s):
40 88 00 00 00 00 88 00 00 00 00 88 00 00 F0 41
88 00 00 A0 40 88 00 00 00 00 88 00 00 00 00 88
00 00 F0 41 88 00 00 80 3F 88 00 00 00 00 88 00
00 00 00 88 00 00 00 00 88 00 00 70 41 88 00 00
[22:13:33.034] [INFO] [s22-revert] READ 64 byte(s):
00 3F 88 00 00 48 42 88 00 00 F0 40 88 00 00 00
00 88 00 00 40 40 88 00 00 D0 40 88 00 00 00 00
88 00 00 00 00 88 00 00 C0 40 88 00 00 00 00 88
00 00 70 41 88 00 00 00 3F 88 00 00 48 42 88 00
[22:13:33.039] [INFO] [s22-revert] READ 64 byte(s):
00 F0 40 88 00 00 00 00 88 00 00 70 41 88 00 00
00 3F 88 00 00 48 42 88 00 00 C8 41 88 00 00 F0
40 88 00 00 00 00 88 00 00 40 40 88 00 00 B4 43
88 00 00 F0 42 88 00 00 48 42 88 00 00 A0 40 88
[22:13:33.044] [INFO] [s22-revert] READ 64 byte(s):
00 00 80 3F 88 00 00 00 00 88 00 00 00 00 88 00
00 00 00 88 00 00 10 41 88 00 00 AF 43 88 00 00
A0 41 88 00 00 00 00 88 00 00 48 42 88 00 00 00
00 88 00 00 10 41 88 00 00 AF 43 88 00 00 A0 41
[22:13:33.048] [INFO] [s22-revert] READ 64 byte(s):
88 00 00 00 00 88 00 00 48 42 BA 6D 88 00 00 00
00 88 00 00 00 00 88 00 00 C8 C2 88 00 00 A0 41
88 00 00 70 C2 88 00 00 80 3F 88 00 00 00 00 88
00 00 00 00 88 00 00 00 00 88 00 00 A0 40 88 00
[22:13:33.052] [INFO] [s22-revert] READ 64 byte(s):
00 80 3F 88 00 00 A0 40 88 00 00 96 43 88 00 00
A0 40 88 33 33 33 3F 88 00 80 3B 44 88 00 00 A0
40 88 00 80 ED 44 88 00 00 80 3F 88 00 00 00 00
88 00 00 A0 40 88 00 00 A0 40 88 00 00 C8 42 88
[22:13:33.057] [INFO] [s22-revert] READ 64 byte(s):
00 00 80 3F 88 00 00 00 00 88 00 00 C8 41 88 00
00 A0 40 88 00 00 00 00 88 00 00 C0 3F 88 00 00
00 00 88 00 00 80 3F 88 00 00 C0 3F 88 00 00 00
00 88 00 00 00 00 88 00 00 A0 40 88 00 00 A0 40
[22:13:33.062] [INFO] [s22-revert] READ 64 byte(s):
88 00 00 80 3F 88 00 00 00 00 88 00 00 80 40 88
00 00 A0 40 88 00 00 00 00 88 00 00 00 00 88 00
00 F0 41 88 00 00 A0 40 88 00 00 00 00 88 00 00
00 00 88 00 00 F0 41 88 00 00 A0 40 88 00 00 00
[22:13:33.066] [INFO] [s22-revert] READ 64 byte(s):
00 88 00 00 00 00 88 00 00 F0 41 88 00 00 A0 40
88 00 00 00 00 88 00 00 00 00 88 00 00 F0 41 88
00 00 A0 40 88 00 00 00 00 88 00 00 00 00 88 00
00 F0 41 88 00 00 A0 40 88 00 00 00 00 88 00 00
[22:13:33.071] [INFO] [s22-revert] READ 64 byte(s):
00 00 88 00 00 F0 41 88 00 00 80 3F 88 00 00 00
00 88 00 00 00 00 88 00 00 00 00 88 00 00 70 41
88 00 00 00 3F 88 00 00 48 42 88 00 00 F0 40 88
00 00 00 00 88 00 00 40 40 88 00 00 D0 40 88 00
[22:13:33.075] [INFO] [s22-revert] READ 64 byte(s):
00 00 00 88 00 00 00 00 88 00 00 C0 40 88 00 00
00 00 88 00 00 70 41 88 00 00 00 3F 88 00 00 48
42 88 00 00 F0 40 88 00 00 00 00 88 00 00 70 41
88 00 00 00 3F 88 00 00 48 42 88 00 00 C8 41 88
[22:13:33.078] [INFO] [s22-revert] READ 64 byte(s):
00 00 F0 40 88 00 00 00 00 88 00 00 40 40 88 00
00 B4 43 88 00 00 F0 42 88 00 00 48 42 88 00 00
A0 40 88 00 00 80 3F 88 00 00 00 00 88 00 00 00
00 88 00 00 00 00 88 00 00 10 41 88 00 00 AF 43
[22:13:33.082] [INFO] [s22-revert] READ 64 byte(s):
88 00 00 A0 41 88 00 00 00 00 88 00 00 48 42 88
00 00 00 00 88 00 00 10 41 88 00 00 AF 43 88 00
00 A0 41 88 00 00 00 00 88 00 00 48 42 B9 0D B9
02 BC 21 00 6D 9D BA 37 7A 9F BA 2F CF BC BB F5
[22:13:33.083] [INFO] [s22-revert] READ 64 byte(s):
D2 C7 39 7B 2A 0E 3C 35 27 EA 3B 29 88 22 3C 43
5F F5 BA 61 00 B9 02 BC 0B 32 30 32 35 2D 31 31
2D 32 38 00 0A B9 02 BC 21 44 52 49 56 45 00 25
BB D6 38 D5 BB 01 55 34 BB E8 6B CF 3B 24 AB D7
[22:13:33.086] [INFO] [s22-revert] READ 64 byte(s):
3B 9E B9 31 3C 94 37 40 3B DA 05 B9 02 BC 21 4E
6F 6E 65 00 DC 79 3B 47 F4 8D 3B 34 E8 CB 3B FB
88 F8 BA 0F 4F 6E 3A D4 D7 A1 BA 5C DA 16 BB BA
04 B9 02 BC 21 4E 6F 6E 65 00 89 6B 3B 0B 6D 21
[22:13:33.089] [INFO] [s22-revert] READ 64 byte(s):
3C 7C 99 BE 3B BD 8C FD 3B E2 A7 B2 3B 58 DE 10
BB 45 3B DE 3A FE 04 B9 02 BC 21 4E 6F 6E 65 00
5A AD B9 6D B8 7D 5D 3A 52 D8 09 BB F9 F7 15 3B
0F F4 14 BA CC 2A E1 3B 1E D7 69 3B 41 04 B9 02
[22:13:33.093] [INFO] [s22-revert] READ 64 byte(s):
BC 21 4E 6F 6E 65 00 1A A1 3B CD 1F DC B9 39 24
3A 3B C5 84 EB 3A 6E 78 3A 3B 6F 7C 17 3B 4F 6F
96 BB 9B 04 B9 02 BC 21 00 D7 72 3B 24 16 20 3B
0E 55 32 39 91 7B A3 3A F2 D5 8F BA 0B F9 B8 3B
[22:13:33.097] [INFO] [s22-revert] READ 64 byte(s):
DC BE 4D 3B A7 9E A5 3B DF 00 B9 02 BC 21 00 31
11 BA AF 1C FD 39 B8 5C F1 3B 3A 88 C5 3B 40 6A
D8 3B 65 DD D8 3A 64 D2 31 BB 49 49 21 BB 00 00
B9 02 BC 21 00 68 6A B9 9C 60 75 3B F2 D4 8B 3A
[22:13:33.102] [INFO] [s22-revert] READ 64 byte(s):
41 B9 38 BA 4C 89 C1 3A D9 79 B1 BA D0 2C 33 3B
A5 A4 2C BB D5 00 B9 02 BC 21 00 2A FB 3B 7D 5E
37 10 3C D0 46 66 3B 6F 17 E3 3B DE 88 A7 3A 0B
F0 88 3B D7 F4 83 3B C3 26 67 3B EF 00 B9 02 BC
[22:13:33.104] [INFO] [s22-revert] READ 64 byte(s):
21 00 1A 62 BA 50 51 E8 BB D8 4A 6F BB A6 37 BD
BB 97 86 B7 3A C4 4F 12 3C D6 00 92 3B 8B 79 68
3B 02 00 B9 02 BC 41 00 82 36 BB A1 38 A0 BA 17
B2 A3 3B 06 A1 FB 3A F2 A3 83 3B 69 24 B5 BB 0E
[22:13:33.106] [INFO] [s22-revert] READ 45 byte(s):
AE 6A BB 28 22 E9 BB A0 E4 92 BB 7D 5D 6E 9F BA
C1 D7 D1 BB 4F 8B 6E 3B 5C CA AA BA 7A 5D 35 BC
18 13 C4 98 9F 08 00 00 72 00 E4 78 7E
[22:13:33.109] [INFO] [s22-revert] WRITE 21 byte(s):
7E B9 03 81 00 03 82 06 00 80 0B 03 B9 04 0B 01
0D 00 B0 97 7E
[22:13:33.114] [INFO] [s22-revert] READ 64 byte(s):
7E B9 03 81 04 03 81 9D 08 0B B9 03 01 0D B9 04
B9 02 BC 21 42 53 20 38 30 30 52 42 00 00 00 00
00 00 00 00 00 00 00 00 00 00 00 00 00 00 00 00
00 00 00 00 00 08 BA 02 88 00 00 00 00 88 00 00
[22:13:33.120] [INFO] [s22-revert] READ 64 byte(s):
F0 42 BA 03 BA 6D 88 00 00 80 3F 88 00 00 80 3F
88 00 00 44 C2 88 00 00 91 43 88 00 00 96 C2 88
00 00 80 3F 88 00 00 80 3F 88 00 00 EC C1 88 00
00 00 00 88 00 00 C0 41 88 00 00 80 3F 88 CD CC
[22:13:33.125] [INFO] [s22-revert] READ 64 byte(s):
DC 40 88 00 00 96 43 88 00 00 00 00 88 33 33 33
3F 88 00 80 3B 44 88 9A 99 79 40 88 00 80 ED 44
88 00 00 80 3F 88 00 00 00 00 88 9A 99 99 40 88
CD CC 8C 3F 88 00 00 C8 42 88 00 00 80 3F 88 00
[22:13:33.129] [INFO] [s22-revert] READ 64 byte(s):
00 00 00 88 00 00 10 42 88 9A 99 A9 40 88 00 00
00 00 88 00 00 C0 3F 88 00 00 00 00 88 00 00 80
3F 88 00 00 00 40 88 00 00 00 00 88 00 00 00 00
88 00 00 A0 40 88 00 00 A0 40 88 00 00 80 3F 88
[22:13:33.132] [INFO] [s22-revert] READ 64 byte(s):
00 00 00 00 88 00 00 A0 40 88 00 00 A0 40 88 00
00 00 00 88 00 00 00 00 88 00 00 F0 41 88 00 00
A0 40 88 00 00 00 00 88 00 00 00 00 88 00 00 F0
41 88 00 00 A0 40 88 00 00 00 00 88 00 00 00 00
[22:13:33.134] [INFO] [s22-revert] READ 64 byte(s):
88 00 00 F0 41 88 00 00 A0 40 88 00 00 00 00 88
00 00 00 00 88 00 00 F0 41 88 00 00 A0 40 88 00
00 A0 41 88 00 00 00 00 88 00 00 00 00 88 00 00
20 40 88 00 00 DC 42 88 00 00 20 41 88 00 00 B8
[22:13:33.136] [INFO] [s22-revert] READ 64 byte(s):
42 88 00 00 80 3F 88 00 00 00 00 88 00 00 00 00
88 00 00 00 00 88 00 00 70 41 88 FF FF FF 3E 88
00 00 48 42 88 00 00 F0 40 88 00 00 00 00 88 00
00 40 40 88 00 00 D0 40 88 00 00 00 00 88 00 00
[22:13:33.138] [INFO] [s22-revert] READ 64 byte(s):
00 00 88 00 00 C0 40 88 00 00 00 00 88 00 00 70
41 88 FF FF FF 3E 88 00 00 48 42 88 00 00 F0 40
88 00 00 00 00 88 00 00 70 41 88 FF FF FF 3E 88
00 00 48 42 88 00 00 C8 41 88 00 00 F0 40 88 00
[22:13:33.140] [INFO] [s22-revert] READ 64 byte(s):
00 00 00 88 00 00 40 40 88 00 00 B4 43 88 00 00
F0 42 88 00 00 48 42 88 00 00 A0 40 88 00 00 80
3F 88 00 00 00 00 88 00 00 00 00 88 00 00 00 00
88 00 00 10 41 88 00 00 AF 43 88 00 00 A0 41 88
[22:13:33.143] [INFO] [s22-revert] READ 64 byte(s):
00 00 00 00 88 00 00 48 42 88 00 00 00 00 88 00
00 10 41 88 00 00 AF 43 88 00 00 A0 41 88 00 00
00 00 88 00 00 48 42 BA 6D 88 00 00 00 00 88 00
00 00 00 88 00 00 C8 C2 88 00 00 A0 41 88 00 00
[22:13:33.145] [INFO] [s22-revert] READ 64 byte(s):
70 C2 88 00 00 80 3F 88 00 00 00 00 88 00 00 00
00 88 00 00 00 00 88 00 00 A0 40 88 00 00 80 3F
88 00 00 A0 40 88 00 00 96 43 88 00 00 A0 40 88
33 33 33 3F 88 00 80 3B 44 88 00 00 A0 40 88 00
[22:13:33.147] [INFO] [s22-revert] READ 64 byte(s):
80 ED 44 88 00 00 80 3F 88 00 00 00 00 88 00 00
A0 40 88 00 00 A0 40 88 00 00 C8 42 88 00 00 80
3F 88 00 00 00 00 88 00 00 C8 41 88 00 00 A0 40
88 00 00 00 00 88 00 00 C0 3F 88 00 00 00 00 88
[22:13:33.149] [INFO] [s22-revert] READ 64 byte(s):
00 00 80 3F 88 00 00 C0 3F 88 00 00 00 00 88 00
00 00 00 88 00 00 A0 40 88 00 00 A0 40 88 00 00
80 3F 88 00 00 00 00 88 00 00 80 40 88 00 00 A0
40 88 00 00 00 00 88 00 00 00 00 88 00 00 F0 41
[22:13:33.150] [INFO] [s22-revert] READ 64 byte(s):
88 00 00 A0 40 88 00 00 00 00 88 00 00 00 00 88
00 00 F0 41 88 00 00 A0 40 88 00 00 00 00 88 00
00 00 00 88 00 00 F0 41 88 00 00 A0 40 88 00 00
00 00 88 00 00 00 00 88 00 00 F0 41 88 00 00 A0
[22:13:33.152] [INFO] [s22-revert] READ 64 byte(s):
40 88 00 00 00 00 88 00 00 00 00 88 00 00 F0 41
88 00 00 A0 40 88 00 00 00 00 88 00 00 00 00 88
00 00 F0 41 88 00 00 80 3F 88 00 00 00 00 88 00
00 00 00 88 00 00 00 00 88 00 00 70 41 88 00 00
[22:13:33.155] [INFO] [s22-revert] READ 64 byte(s):
00 3F 88 00 00 48 42 88 00 00 F0 40 88 00 00 00
00 88 00 00 40 40 88 00 00 D0 40 88 00 00 00 00
88 00 00 00 00 88 00 00 C0 40 88 00 00 00 00 88
00 00 70 41 88 00 00 00 3F 88 00 00 48 42 88 00
[22:13:33.162] [INFO] [s22-revert] READ 64 byte(s):
00 F0 40 88 00 00 00 00 88 00 00 70 41 88 00 00
00 3F 88 00 00 48 42 88 00 00 C8 41 88 00 00 F0
40 88 00 00 00 00 88 00 00 40 40 88 00 00 B4 43
88 00 00 F0 42 88 00 00 48 42 88 00 00 A0 40 88
[22:13:33.164] [INFO] [s22-revert] READ 64 byte(s):
00 00 80 3F 88 00 00 00 00 88 00 00 00 00 88 00
00 00 00 88 00 00 10 41 88 00 00 AF 43 88 00 00
A0 41 88 00 00 00 00 88 00 00 48 42 88 00 00 00
00 88 00 00 10 41 88 00 00 AF 43 88 00 00 A0 41
[22:13:33.166] [INFO] [s22-revert] READ 64 byte(s):
88 00 00 00 00 88 00 00 48 42 BA 6D 88 00 00 00
00 88 00 00 00 00 88 00 00 C8 C2 88 00 00 A0 41
88 00 00 70 C2 88 00 00 80 3F 88 00 00 00 00 88
00 00 00 00 88 00 00 00 00 88 00 00 A0 40 88 00
[22:13:33.169] [INFO] [s22-revert] READ 64 byte(s):
00 80 3F 88 00 00 A0 40 88 00 00 96 43 88 00 00
A0 40 88 33 33 33 3F 88 00 80 3B 44 88 00 00 A0
40 88 00 80 ED 44 88 00 00 80 3F 88 00 00 00 00
88 00 00 A0 40 88 00 00 A0 40 88 00 00 C8 42 88
[22:13:33.175] [INFO] [s22-revert] READ 64 byte(s):
00 00 80 3F 88 00 00 00 00 88 00 00 C8 41 88 00
00 A0 40 88 00 00 00 00 88 00 00 C0 3F 88 00 00
00 00 88 00 00 80 3F 88 00 00 C0 3F 88 00 00 00
00 88 00 00 00 00 88 00 00 A0 40 88 00 00 A0 40
[22:13:33.178] [INFO] [s22-revert] READ 64 byte(s):
88 00 00 80 3F 88 00 00 00 00 88 00 00 80 40 88
00 00 A0 40 88 00 00 00 00 88 00 00 00 00 88 00
00 F0 41 88 00 00 A0 40 88 00 00 00 00 88 00 00
00 00 88 00 00 F0 41 88 00 00 A0 40 88 00 00 00
[22:13:33.181] [INFO] [s22-revert] READ 64 byte(s):
00 88 00 00 00 00 88 00 00 F0 41 88 00 00 A0 40
88 00 00 00 00 88 00 00 00 00 88 00 00 F0 41 88
00 00 A0 40 88 00 00 00 00 88 00 00 00 00 88 00
00 F0 41 88 00 00 A0 40 88 00 00 00 00 88 00 00
[22:13:33.183] [INFO] [s22-revert] READ 64 byte(s):
00 00 88 00 00 F0 41 88 00 00 80 3F 88 00 00 00
00 88 00 00 00 00 88 00 00 00 00 88 00 00 70 41
88 00 00 00 3F 88 00 00 48 42 88 00 00 F0 40 88
00 00 00 00 88 00 00 40 40 88 00 00 D0 40 88 00
[22:13:33.186] [INFO] [s22-revert] READ 64 byte(s):
00 00 00 88 00 00 00 00 88 00 00 C0 40 88 00 00
00 00 88 00 00 70 41 88 00 00 00 3F 88 00 00 48
42 88 00 00 F0 40 88 00 00 00 00 88 00 00 70 41
88 00 00 00 3F 88 00 00 48 42 88 00 00 C8 41 88
[22:13:33.189] [INFO] [s22-revert] READ 64 byte(s):
00 00 F0 40 88 00 00 00 00 88 00 00 40 40 88 00
00 B4 43 88 00 00 F0 42 88 00 00 48 42 88 00 00
A0 40 88 00 00 80 3F 88 00 00 00 00 88 00 00 00
00 88 00 00 00 00 88 00 00 10 41 88 00 00 AF 43
[22:13:33.192] [INFO] [s22-revert] READ 64 byte(s):
88 00 00 A0 41 88 00 00 00 00 88 00 00 48 42 88
00 00 00 00 88 00 00 10 41 88 00 00 AF 43 88 00
00 A0 41 88 00 00 00 00 88 00 00 48 42 B9 0D B9
02 BC 21 00 81 C9 BB CA 19 4A BC 87 8E FA BB 9F
[22:13:33.195] [INFO] [s22-revert] READ 64 byte(s):
B7 9E BB 61 83 54 BC 51 63 0A BC A2 09 6E BC 31
AA 20 BC 57 00 B9 02 BC 0B 32 30 32 35 2D 31 31
2D 32 38 00 0A B9 02 BC 21 44 52 49 56 45 00 7D
5D BB 5E AF 85 BB 30 B9 27 BC D9 37 0A BC CF A5
[22:13:33.199] [INFO] [s22-revert] READ 64 byte(s):
21 BC 51 4E BC BB 61 B7 C8 BB 7D 5E 05 B9 02 BC
21 45 6C 65 63 74 72 69 63 20 42 61 73 73 00 7F
BB 33 3A AB BB 28 C0 B4 BB C6 E0 D3 BB 8B B3 EA
BB C6 0D B9 02 BC 21 4E 6F 6E 65 00 42 0E BC D3
[22:13:33.204] [INFO] [s22-revert] READ 64 byte(s):
A6 55 BC 1A 41 46 BC 92 D3 FA BB DE C3 33 BC 77
8D 9C BB 04 18 F7 BB FC 04 B9 02 BC 21 4E 6F 6E
65 00 FB 01 BB 6B 5D 11 BC B5 E0 14 BB 52 DB 23
BC F3 54 CC BB 12 A4 F3 3A 9B 4F 16 BC 54 04 B9
[22:13:33.207] [INFO] [s22-revert] READ 64 byte(s):
02 BC 21 4E 6F 6E 65 00 CF 93 BB F6 31 03 BC 6B
F1 6F BB 6F 2E 9B BB E1 2F 78 BB 00 AF 93 BA 08
D6 9B BB 78 04 B9 02 BC 21 00 67 C4 BB 4D 4E DE
BB 18 D6 8F BB 87 C5 DE BB AC BE D8 BB 9A 76 05
[22:13:33.210] [INFO] [s22-revert] READ 64 byte(s):
BC 50 DE 29 BC 48 C8 AD BB A3 00 B9 02 BC 21 00
4A 00 BC 11 47 01 BC 0C A4 62 BB 36 5A 02 BC 81
1F CA BB E8 95 D6 BB D2 B5 4C BB D9 CD 5C BB 88
00 B9 02 BC 21 00 EC 9F BB E3 80 87 BB 50 F2 77
[22:13:33.213] [INFO] [s22-revert] READ 64 byte(s):
BB 53 9F E0 BB 62 CC 3E BB F6 B2 99 BA A3 4A C7
BB 27 F9 1E BB AC 00 B9 02 BC 21 4E 6F 6E 65 00
B2 99 BB 5A 52 52 3B F4 F7 8B BA 7A D7 D5 3A 02
DC DE B9 32 56 2F BB 46 DC 8A 39 AA 04 B9 02 BC
[22:13:33.215] [INFO] [s22-revert] READ 64 byte(s):
21 4E 6F 6E 65 00 88 53 BB 22 60 C7 BB 00 E9 27
BB 68 B1 8D BB 98 E0 8F BB 2B 6C DA BB EC 68 D7
BB 4E 04 B9 02 BC 41 49 4B 20 4D 75 6C 74 69 6D
65 64 69 61 20 50 72 65 6D 69 75 6D 20 50 72 65
[22:13:33.217] [INFO] [s22-revert] READ 44 byte(s):
73 65 74 00 34 AD BB A9 AF 59 BC 63 AC 01 BC EC
4C A7 BB 3B 76 E5 BC B4 2E D2 3C 87 58 27 BD 18
D4 CB 98 9F 08 00 00 72 1C 36 32 7E
[22:13:33.223] [INFO] [s22-revert] WRITE 21 byte(s):
7E B9 03 81 00 03 82 06 00 80 0B 03 B9 04 0B 01
0E 00 D8 BD 7E
[22:13:33.230] [INFO] [s22-revert] READ 64 byte(s):
7E B9 03 81 04 03 81 9D 08 0B B9 03 01 0E B9 04
B9 02 BC 21 4D 65 64 69 75 6D 20 43 6C 61 73 73
00 00 00 00 00 00 00 00 00 00 00 00 00 00 00 00
00 00 00 00 00 0C BA 02 88 00 00 00 00 88 00 00
[22:13:33.235] [INFO] [s22-revert] READ 64 byte(s):
F0 42 BA 03 BA 6D 88 00 00 00 00 88 00 00 80 3F
88 00 00 48 C2 88 00 00 FA 43 88 00 00 C8 C2 88
00 00 00 00 88 00 00 80 3F 88 00 00 48 C1 88 00
00 80 3F 88 00 00 A8 41 88 00 00 80 3F 88 00 00
[22:13:33.236] [INFO] [s22-revert] READ 64 byte(s):
A0 40 88 00 00 96 43 88 00 00 A0 40 88 33 33 33
3F 88 00 80 3B 44 88 00 00 A0 40 88 00 80 ED 44
88 00 00 80 3F 88 00 00 00 00 88 CD CC 14 41 88
CD CC EC 40 88 00 00 96 42 88 00 00 80 3F 88 00
[22:13:33.241] [INFO] [s22-revert] READ 64 byte(s):
00 00 00 88 00 00 18 42 88 00 00 A0 40 88 00 00
00 00 88 00 00 C0 3F 88 00 00 00 00 88 00 00 80
3F 88 00 00 C0 3F 88 00 00 00 00 88 00 00 00 00
88 00 00 A0 40 88 00 00 A0 40 88 00 00 80 3F 88
[22:13:33.243] [INFO] [s22-revert] READ 64 byte(s):
00 00 00 00 88 00 00 80 40 88 00 00 A0 40 88 00
00 00 00 88 00 00 00 00 88 00 00 F0 41 88 00 00
A0 40 88 00 00 00 00 88 00 00 00 00 88 00 00 F0
41 88 00 00 A0 40 88 00 00 00 00 88 00 00 00 00
[22:13:33.248] [INFO] [s22-revert] READ 64 byte(s):
88 00 00 F0 41 88 00 00 A0 40 88 00 00 00 00 88
00 00 00 00 88 00 00 F0 41 88 00 00 A0 40 88 00
00 00 00 88 00 00 00 00 88 00 00 F0 41 88 00 00
A0 40 88 00 00 00 00 88 00 00 00 00 88 00 00 F0
[22:13:33.251] [INFO] [s22-revert] READ 64 byte(s):
41 88 00 00 80 3F 88 00 00 00 00 88 00 00 00 00
88 00 00 00 00 88 00 00 70 41 88 FF FF FF 3E 88
00 00 48 42 88 00 00 F0 40 88 00 00 00 00 88 00
00 40 40 88 00 00 D0 40 88 00 00 00 00 88 00 00
[22:13:33.254] [INFO] [s22-revert] READ 64 byte(s):
00 00 88 00 00 C0 40 88 00 00 00 00 88 00 00 70
41 88 FF FF FF 3E 88 00 00 48 42 88 00 00 F0 40
88 00 00 00 00 88 00 00 70 41 88 FF FF FF 3E 88
00 00 48 42 88 00 00 C8 41 88 00 00 F0 40 88 00
[22:13:33.257] [INFO] [s22-revert] READ 64 byte(s):
00 00 00 88 00 00 40 40 88 00 00 B4 43 88 00 00
F0 42 88 00 00 48 42 88 00 00 A0 40 88 00 00 80
3F 88 00 00 00 00 88 00 00 80 3F 88 00 00 00 00
88 00 00 10 41 88 00 00 AF 43 88 00 00 A0 41 88
[22:13:33.260] [INFO] [s22-revert] READ 64 byte(s):
00 00 00 00 88 00 00 48 42 88 00 00 00 00 88 00
00 10 41 88 00 00 A0 41 88 00 00 F0 41 88 00 00
00 00 88 00 00 48 42 BA 6D 88 00 00 00 00 88 00
00 00 00 88 00 00 C8 C2 88 00 00 A0 41 88 00 00
[22:13:33.265] [INFO] [s22-revert] READ 64 byte(s):
70 C2 88 00 00 80 3F 88 00 00 00 00 88 00 00 00
00 88 00 00 00 00 88 00 00 A0 40 88 00 00 80 3F
88 00 00 A0 40 88 00 00 96 43 88 00 00 A0 40 88
33 33 33 3F 88 00 80 3B 44 88 00 00 A0 40 88 00
[22:13:33.268] [INFO] [s22-revert] READ 64 byte(s):
80 ED 44 88 00 00 80 3F 88 00 00 00 00 88 00 00
A0 40 88 00 00 A0 40 88 00 00 C8 42 88 00 00 80
3F 88 00 00 00 00 88 00 00 C8 41 88 00 00 A0 40
88 00 00 00 00 88 00 00 C0 3F 88 00 00 00 00 88
[22:13:33.270] [INFO] [s22-revert] READ 64 byte(s):
00 00 80 3F 88 00 00 C0 3F 88 00 00 00 00 88 00
00 00 00 88 00 00 A0 40 88 00 00 A0 40 88 00 00
80 3F 88 00 00 00 00 88 00 00 80 40 88 00 00 A0
40 88 00 00 00 00 88 00 00 00 00 88 00 00 F0 41
[22:13:33.273] [INFO] [s22-revert] READ 64 byte(s):
88 00 00 A0 40 88 00 00 00 00 88 00 00 00 00 88
00 00 F0 41 88 00 00 A0 40 88 00 00 00 00 88 00
00 00 00 88 00 00 F0 41 88 00 00 A0 40 88 00 00
00 00 88 00 00 00 00 88 00 00 F0 41 88 00 00 A0
[22:13:33.274] [INFO] [s22-revert] READ 64 byte(s):
40 88 00 00 00 00 88 00 00 00 00 88 00 00 F0 41
88 00 00 A0 40 88 00 00 00 00 88 00 00 00 00 88
00 00 F0 41 88 00 00 80 3F 88 00 00 00 00 88 00
00 00 00 88 00 00 00 00 88 00 00 70 41 88 00 00
[22:13:33.276] [INFO] [s22-revert] READ 64 byte(s):
00 3F 88 00 00 48 42 88 00 00 F0 40 88 00 00 00
00 88 00 00 40 40 88 00 00 D0 40 88 00 00 00 00
88 00 00 00 00 88 00 00 C0 40 88 00 00 00 00 88
00 00 70 41 88 00 00 00 3F 88 00 00 48 42 88 00
[22:13:33.277] [INFO] [s22-revert] READ 64 byte(s):
00 F0 40 88 00 00 00 00 88 00 00 70 41 88 00 00
00 3F 88 00 00 48 42 88 00 00 C8 41 88 00 00 F0
40 88 00 00 00 00 88 00 00 40 40 88 00 00 B4 43
88 00 00 F0 42 88 00 00 48 42 88 00 00 A0 40 88
[22:13:33.279] [INFO] [s22-revert] READ 64 byte(s):
00 00 80 3F 88 00 00 00 00 88 00 00 00 00 88 00
00 00 00 88 00 00 10 41 88 00 00 AF 43 88 00 00
A0 41 88 00 00 00 00 88 00 00 48 42 88 00 00 00
00 88 00 00 10 41 88 00 00 AF 43 88 00 00 A0 41
[22:13:33.282] [INFO] [s22-revert] READ 64 byte(s):
88 00 00 00 00 88 00 00 48 42 BA 6D 88 00 00 00
00 88 00 00 00 00 88 00 00 C8 C2 88 00 00 A0 41
88 00 00 70 C2 88 00 00 80 3F 88 00 00 00 00 88
00 00 00 00 88 00 00 00 00 88 00 00 A0 40 88 00
[22:13:33.284] [INFO] [s22-revert] READ 64 byte(s):
00 80 3F 88 00 00 A0 40 88 00 00 96 43 88 00 00
A0 40 88 33 33 33 3F 88 00 80 3B 44 88 00 00 A0
40 88 00 80 ED 44 88 00 00 80 3F 88 00 00 00 00
88 00 00 A0 40 88 00 00 A0 40 88 00 00 C8 42 88
[22:13:33.287] [INFO] [s22-revert] READ 64 byte(s):
00 00 80 3F 88 00 00 00 00 88 00 00 C8 41 88 00
00 A0 40 88 00 00 00 00 88 00 00 C0 3F 88 00 00
00 00 88 00 00 80 3F 88 00 00 C0 3F 88 00 00 00
00 88 00 00 00 00 88 00 00 A0 40 88 00 00 A0 40
[22:13:33.289] [INFO] [s22-revert] READ 64 byte(s):
88 00 00 80 3F 88 00 00 00 00 88 00 00 80 40 88
00 00 A0 40 88 00 00 00 00 88 00 00 00 00 88 00
00 F0 41 88 00 00 A0 40 88 00 00 00 00 88 00 00
00 00 88 00 00 F0 41 88 00 00 A0 40 88 00 00 00
[22:13:33.291] [INFO] [s22-revert] READ 64 byte(s):
00 88 00 00 00 00 88 00 00 F0 41 88 00 00 A0 40
88 00 00 00 00 88 00 00 00 00 88 00 00 F0 41 88
00 00 A0 40 88 00 00 00 00 88 00 00 00 00 88 00
00 F0 41 88 00 00 A0 40 88 00 00 00 00 88 00 00
[22:13:33.293] [INFO] [s22-revert] READ 64 byte(s):
00 00 88 00 00 F0 41 88 00 00 80 3F 88 00 00 00
00 88 00 00 00 00 88 00 00 00 00 88 00 00 70 41
88 00 00 00 3F 88 00 00 48 42 88 00 00 F0 40 88
00 00 00 00 88 00 00 40 40 88 00 00 D0 40 88 00
[22:13:33.295] [INFO] [s22-revert] READ 64 byte(s):
00 00 00 88 00 00 00 00 88 00 00 C0 40 88 00 00
00 00 88 00 00 70 41 88 00 00 00 3F 88 00 00 48
42 88 00 00 F0 40 88 00 00 00 00 88 00 00 70 41
88 00 00 00 3F 88 00 00 48 42 88 00 00 C8 41 88
[22:13:33.298] [INFO] [s22-revert] READ 64 byte(s):
00 00 F0 40 88 00 00 00 00 88 00 00 40 40 88 00
00 B4 43 88 00 00 F0 42 88 00 00 48 42 88 00 00
A0 40 88 00 00 80 3F 88 00 00 00 00 88 00 00 00
00 88 00 00 00 00 88 00 00 10 41 88 00 00 AF 43
[22:13:33.302] [INFO] [s22-revert] READ 64 byte(s):
88 00 00 A0 41 88 00 00 00 00 88 00 00 48 42 88
00 00 00 00 88 00 00 10 41 88 00 00 AF 43 88 00
00 A0 41 88 00 00 00 00 88 00 00 48 42 B9 0D B9
02 BC 21 00 45 F2 3B 92 C8 62 3B 99 86 A5 38 5B
[22:13:33.304] [INFO] [s22-revert] READ 64 byte(s):
27 F2 39 CE C2 C5 3B CC 17 0F 3C 40 3A 13 3C 54
DD 99 3B AB 00 B9 02 BC 0B 32 30 32 35 2D 31 32
2D 30 36 00 0A B9 02 BC 21 44 52 49 56 45 00 04
3C F3 04 E6 3B E6 2F 4D 3B 77 51 68 3B 2A 33 9C
[22:13:33.307] [INFO] [s22-revert] READ 64 byte(s):
3B 26 4D F1 3B 2B 61 F1 3B 74 05 B9 02 BC 21 4E
6F 6E 65 00 B4 FD 3A 61 71 A2 3A B3 9B 2A 3B 30
2A 8E 3B DF 80 C2 3B 1A B3 C7 3B A8 FA B1 3B FB
04 B9 02 BC 21 4E 6F 6E 65 00 16 19 3C CE 6C FB
[22:13:33.309] [INFO] [s22-revert] READ 64 byte(s):
3B 68 39 8A 3B 04 FF 81 3B 0C 10 6B 3A 14 34 15
BB B5 93 E3 BA 0C 04 B9 02 BC 21 4E 6F 6E 65 00
CD D2 3B 5D D0 22 3C 9C 32 5A 3C 1C 88 35 3C 24
6A 79 3B A8 08 03 BB 45 7A 97 BB A7 04 B9 02 BC
[22:13:33.312] [INFO] [s22-revert] READ 64 byte(s):
21 4E 6F 6E 65 00 9B 81 3C 04 90 98 3C E5 CD 68
3C 0F 10 DB 3B C8 86 81 3B 33 12 93 3B 5C 73 E1
3B BA 04 B9 02 BC 21 00 26 6F 3C 56 87 38 3C F6
A3 AF 3B 10 18 DD 3A EF 1F 6D 3B EC 51 22 3C D9
[22:13:33.314] [INFO] [s22-revert] READ 64 byte(s):
FF 50 3C FC CB 80 3C D6 00 B9 02 BC 21 00 05 C1
3A 4C 77 24 3B 34 06 2F 3B AE DB 6F 3B 5E 65 B9
3B 2E 84 CA 3B AD 34 68 3B 7C 14 80 3B 7A 00 B9
02 BC 21 00 4F E6 3B 44 75 4D 3C 93 ED 66 3C 03
[22:13:33.316] [INFO] [s22-revert] READ 64 byte(s):
9A 70 3C 7F 98 69 3C C7 A4 E8 3B FB E8 63 3B 68
5A C7 39 3A 00 B9 02 BC 21 00 5A 35 3C B1 D7 B8
3C E4 65 D9 3C 08 CF F9 3C 8D 6E D1 3C 82 46 8E
3C 98 DD 77 3C CC 60 98 3C F2 00 B9 02 BC 21 00
[22:13:33.319] [INFO] [s22-revert] READ 64 byte(s):
EF 35 3C 03 36 CF 3B 68 80 08 3C 63 2D 17 3C 98
F2 37 3C 1D A4 4A 3C 8E D0 82 3C 49 B7 91 3C 47
00 B9 02 BC 41 00 A2 92 3C CC 8D A3 3C 71 E2 86
3C 9C F2 7D 5D 3C 70 D1 44 3C A7 E7 8D 3C C4 12
[22:13:33.321] [INFO] [s22-revert] READ 43 byte(s):
6B 3C A7 21 18 3C D1 C2 A6 3B EB 9A 4C BB 94 A2
04 BC 5A 30 C1 BB 85 9C 4A 3B 5E C1 D2 3B 0D 6A
5C 75 46 94 00 00 72 00 37 89 7E
[22:13:33.324] [INFO] [s22-revert] WRITE 21 byte(s):
7E B9 03 81 00 03 82 06 00 80 0B 03 B9 04 0B 01
0F 00 00 A4 7E
[22:13:33.328] [INFO] [s22-revert] READ 64 byte(s):
7E B9 03 81 04 03 81 9D 08 0B B9 03 01 0F B9 04
B9 02 BC 21 44 72 69 76 65 6E 20 42 61 73 73 20
34 30 30 2B 2C 20 6E 6F 20 63 61 62 00 00 00 00
00 00 00 00 00 18 BA 02 88 00 00 00 00 88 00 00
[22:13:33.330] [INFO] [s22-revert] READ 64 byte(s):
F0 42 BA 03 BA 6D 88 00 00 00 00 88 00 00 00 00
88 00 00 C8 C2 88 00 00 A0 41 88 00 00 70 C2 88
00 00 80 3F 88 00 00 00 00 88 00 00 00 00 88 00
00 00 00 88 00 00 A0 40 88 00 00 80 3F 88 00 00
[22:13:33.334] [INFO] [s22-revert] READ 64 byte(s):
A0 40 88 00 00 96 43 88 00 00 A0 40 88 33 33 33
3F 88 00 80 3B 44 88 00 00 A0 40 88 00 80 ED 44
88 00 00 80 3F 88 00 00 80 3F 88 00 00 A0 40 88
00 00 A0 40 88 00 00 C8 42 88 00 00 80 3F 88 00
[22:13:33.337] [INFO] [s22-revert] READ 64 byte(s):
00 00 40 88 00 00 C8 41 88 00 00 A0 40 88 00 00
00 00 88 00 00 C0 3F 88 00 00 00 00 88 00 00 80
3F 88 00 00 C0 3F 88 00 00 00 00 88 00 00 00 00
88 00 00 A0 40 88 00 00 A0 40 88 00 00 80 3F 88
[22:13:33.340] [INFO] [s22-revert] READ 64 byte(s):
00 00 00 00 88 00 00 80 40 88 00 00 A0 40 88 00
00 00 00 88 00 00 00 00 88 00 00 F0 41 88 00 00
A0 40 88 00 00 00 00 88 00 00 00 00 88 00 00 F0
41 88 00 00 A0 40 88 00 00 00 00 88 00 00 00 00
[22:13:33.345] [INFO] [s22-revert] READ 64 byte(s):
88 00 00 F0 41 88 00 00 A0 40 88 00 00 00 00 88
00 00 00 00 88 00 00 F0 41 88 00 00 A0 40 88 00
00 00 00 88 00 00 00 00 88 00 00 F0 41 88 00 00
A0 40 88 00 00 00 00 88 00 00 00 00 88 00 00 F0
[22:13:33.348] [INFO] [s22-revert] READ 64 byte(s):
41 88 00 00 80 3F 88 00 00 00 00 88 00 00 00 00
88 00 00 00 00 88 00 00 70 41 88 00 00 00 3F 88
00 00 48 42 88 00 00 F0 40 88 00 00 00 00 88 00
00 40 40 88 00 00 D0 40 88 00 00 00 00 88 00 00
[22:13:33.350] [INFO] [s22-revert] READ 64 byte(s):
00 00 88 00 00 C0 40 88 00 00 00 00 88 00 00 70
41 88 00 00 00 3F 88 00 00 48 42 88 00 00 F0 40
88 00 00 00 00 88 00 00 70 41 88 00 00 00 3F 88
00 00 48 42 88 00 00 C8 41 88 00 00 F0 40 88 00
[22:13:33.353] [INFO] [s22-revert] READ 64 byte(s):
00 00 00 88 00 00 40 40 88 00 00 B4 43 88 00 00
F0 42 88 00 00 48 42 88 00 00 A0 40 88 00 00 80
3F 88 00 00 00 00 88 00 00 00 00 88 00 00 00 00
88 00 00 10 41 88 00 00 AF 43 88 00 00 A0 41 88
[22:13:33.356] [INFO] [s22-revert] READ 64 byte(s):
00 00 00 00 88 00 00 48 42 88 00 00 00 00 88 00
00 10 41 88 00 00 AF 43 88 00 00 A0 41 88 00 00
00 00 88 00 00 48 42 BA 6D 88 00 00 00 00 88 00
00 00 00 88 00 00 C8 C2 88 00 00 A0 41 88 00 00
[22:13:33.362] [INFO] [s22-revert] READ 64 byte(s):
70 C2 88 00 00 80 3F 88 00 00 00 00 88 00 00 00
00 88 00 00 00 00 88 00 00 A0 40 88 00 00 80 3F
88 00 00 A0 40 88 00 00 96 43 88 00 00 A0 40 88
33 33 33 3F 88 00 80 3B 44 88 00 00 A0 40 88 00
[22:13:33.369] [INFO] [s22-revert] READ 64 byte(s):
80 ED 44 88 00 00 80 3F 88 00 00 80 3F 88 00 00
A0 40 88 00 00 A0 40 88 00 00 C8 42 88 00 00 80
3F 88 00 00 00 00 88 00 00 C8 41 88 00 00 A0 40
88 00 00 00 00 88 00 00 C0 3F 88 00 00 00 00 88
[22:13:33.374] [INFO] [s22-revert] READ 64 byte(s):
00 00 80 3F 88 00 00 C0 3F 88 00 00 00 00 88 00
00 00 00 88 00 00 A0 40 88 00 00 A0 40 88 00 00
80 3F 88 00 00 00 00 88 00 00 80 40 88 00 00 A0
40 88 00 00 00 00 88 00 00 00 00 88 00 00 F0 41
[22:13:33.378] [INFO] [s22-revert] READ 64 byte(s):
88 00 00 A0 40 88 00 00 00 00 88 00 00 00 00 88
00 00 F0 41 88 00 00 A0 40 88 00 00 00 00 88 00
00 00 00 88 00 00 F0 41 88 00 00 A0 40 88 00 00
00 00 88 00 00 00 00 88 00 00 F0 41 88 00 00 A0
[22:13:33.383] [INFO] [s22-revert] READ 64 byte(s):
40 88 00 00 00 00 88 00 00 00 00 88 00 00 F0 41
88 00 00 A0 40 88 00 00 00 00 88 00 00 00 00 88
00 00 F0 41 88 00 00 80 3F 88 00 00 00 00 88 00
00 00 00 88 00 00 00 00 88 00 00 70 41 88 00 00
[22:13:33.388] [INFO] [s22-revert] READ 64 byte(s):
00 3F 88 00 00 48 42 88 00 00 F0 40 88 00 00 00
00 88 00 00 40 40 88 00 00 D0 40 88 00 00 00 00
88 00 00 00 00 88 00 00 C0 40 88 00 00 00 00 88
00 00 70 41 88 00 00 00 3F 88 00 00 48 42 88 00
[22:13:33.392] [INFO] [s22-revert] READ 64 byte(s):
00 F0 40 88 00 00 00 00 88 00 00 70 41 88 00 00
00 3F 88 00 00 48 42 88 00 00 C8 41 88 00 00 F0
40 88 00 00 00 00 88 00 00 40 40 88 00 00 B4 43
88 00 00 F0 42 88 00 00 48 42 88 00 00 A0 40 88
[22:13:33.394] [INFO] [s22-revert] READ 64 byte(s):
00 00 80 3F 88 00 00 00 00 88 00 00 00 00 88 00
00 00 00 88 00 00 10 41 88 00 00 AF 43 88 00 00
A0 41 88 00 00 00 00 88 00 00 48 42 88 00 00 00
00 88 00 00 10 41 88 00 00 AF 43 88 00 00 A0 41
[22:13:33.397] [INFO] [s22-revert] READ 64 byte(s):
88 00 00 00 00 88 00 00 48 42 BA 6D 88 00 00 00
00 88 00 00 00 00 88 00 00 C8 C2 88 00 00 A0 41
88 00 00 70 C2 88 00 00 80 3F 88 00 00 00 00 88
00 00 00 00 88 00 00 00 00 88 00 00 A0 40 88 00
[22:13:33.403] [INFO] [s22-revert] READ 64 byte(s):
00 80 3F 88 00 00 A0 40 88 00 00 96 43 88 00 00
A0 40 88 33 33 33 3F 88 00 80 3B 44 88 00 00 A0
40 88 00 80 ED 44 88 00 00 80 3F 88 00 00 80 3F
88 00 00 A0 40 88 00 00 A0 40 88 00 00 C8 42 88
[22:13:33.408] [INFO] [s22-revert] READ 64 byte(s):
00 00 80 3F 88 00 00 00 00 88 00 00 C8 41 88 00
00 A0 40 88 00 00 00 00 88 00 00 C0 3F 88 00 00
00 00 88 00 00 80 3F 88 00 00 C0 3F 88 00 00 00
00 88 00 00 00 00 88 00 00 A0 40 88 00 00 A0 40
[22:13:33.411] [INFO] [s22-revert] READ 64 byte(s):
88 00 00 80 3F 88 00 00 00 00 88 00 00 80 40 88
00 00 A0 40 88 00 00 00 00 88 00 00 00 00 88 00
00 F0 41 88 00 00 A0 40 88 00 00 00 00 88 00 00
00 00 88 00 00 F0 41 88 00 00 A0 40 88 00 00 00
[22:13:33.417] [INFO] [s22-revert] READ 64 byte(s):
00 88 00 00 00 00 88 00 00 F0 41 88 00 00 A0 40
88 00 00 00 00 88 00 00 00 00 88 00 00 F0 41 88
00 00 A0 40 88 00 00 00 00 88 00 00 00 00 88 00
00 F0 41 88 00 00 A0 40 88 00 00 00 00 88 00 00
[22:13:33.419] [INFO] [s22-revert] READ 64 byte(s):
00 00 88 00 00 F0 41 88 00 00 80 3F 88 00 00 00
00 88 00 00 00 00 88 00 00 00 00 88 00 00 70 41
88 00 00 00 3F 88 00 00 48 42 88 00 00 F0 40 88
00 00 00 00 88 00 00 40 40 88 00 00 D0 40 88 00
[22:13:33.423] [INFO] [s22-revert] READ 64 byte(s):
00 00 00 88 00 00 00 00 88 00 00 C0 40 88 00 00
00 00 88 00 00 70 41 88 00 00 00 3F 88 00 00 48
42 88 00 00 F0 40 88 00 00 00 00 88 00 00 70 41
88 00 00 00 3F 88 00 00 48 42 88 00 00 C8 41 88
[22:13:33.426] [INFO] [s22-revert] READ 64 byte(s):
00 00 F0 40 88 00 00 00 00 88 00 00 40 40 88 00
00 B4 43 88 00 00 F0 42 88 00 00 48 42 88 00 00
A0 40 88 00 00 80 3F 88 00 00 00 00 88 00 00 00
00 88 00 00 00 00 88 00 00 10 41 88 00 00 AF 43
[22:13:33.428] [INFO] [s22-revert] READ 64 byte(s):
88 00 00 A0 41 88 00 00 00 00 88 00 00 48 42 88
00 00 00 00 88 00 00 10 41 88 00 00 AF 43 88 00
00 A0 41 88 00 00 00 00 88 00 00 48 42 B9 0D B9
02 BC 21 00 A1 82 BC 07 FC 3C BB B3 8F 64 3A DF
[22:13:33.431] [INFO] [s22-revert] READ 64 byte(s):
A4 0D 3B 13 49 51 BC 30 78 84 BC 23 0C EA 39 24
2A 66 3C 90 00 B9 02 BC 0B 32 30 32 35 2D 31 32
2D 31 30 00 0A B9 02 BC 21 44 52 49 56 45 00 62
BC 75 92 13 BC 17 47 DF BB 4E 2F F4 BB 12 22 A4
[22:13:33.433] [INFO] [s22-revert] READ 64 byte(s):
BB C0 B4 7C BB E0 C5 B3 38 0A 05 B9 02 BC 21 4E
6F 6E 65 00 DC 11 BC 2D 07 C7 BC 4E A9 AA BC 01
1D 8F BC 62 58 54 BC 4C 0F 7C 3A 2D F7 1F 3B 4D
04 B9 02 BC 21 4E 6F 6E 65 00 74 57 BB 6D 33 44
[22:13:33.436] [INFO] [s22-revert] READ 64 byte(s):
3C E1 33 68 3C EB 69 57 3C 8F 98 2C 3B 73 B5 62
BA 2C FE A6 BB 28 04 B9 02 BC 21 4E 6F 6E 65 00
A2 2E BC 90 63 50 BC D9 FE AC BB 0D 7A 5E BB 9B
48 5F BB 29 02 10 BC 0D 7B 59 BB 94 04 B9 02 BC
[22:13:33.438] [INFO] [s22-revert] READ 64 byte(s):
21 4E 6F 6E 65 00 C3 8E BB B6 5E 05 BC EA 71 FB
39 67 82 89 BC 6E C2 22 BC B3 06 9F BB C0 4B F7
36 8E 04 B9 02 BC 21 00 DD 40 BC 4D 78 1A BC 46
67 D9 BA F3 22 CB 3B 6F 4A 57 3C E3 37 54 3C E1
[22:13:33.440] [INFO] [s22-revert] READ 64 byte(s):
7A 0D BA 67 DC F4 BB 65 00 B9 02 BC 21 00 EA 0C
3A 87 66 97 3B 32 46 5B BB 95 91 63 3B B4 57 E2
3A A9 16 97 3C 37 DE 97 3B B0 88 14 BB 4C 00 B9
02 BC 21 00 43 1D 3C 0D A5 04 BB 4D 40 3E 3C F6
[22:13:33.443] [INFO] [s22-revert] READ 64 byte(s):
C0 82 BC 72 DD 13 BC 81 F9 97 BA 5F 1B 28 3C 7C
2E CE B9 D0 00 B9 02 BC 21 00 59 7D 5E 3C 52 0F
AC 3B 39 0D 33 BC 22 52 08 BB 4F A0 00 3C B6 07
F7 3B D2 5F FB 3A A6 C5 2C BA 63 00 B9 02 BC 21
[22:13:33.445] [INFO] [s22-revert] READ 64 byte(s):
00 7F 84 3B 76 A4 25 BC 2D B3 51 3A 93 5D B3 BB
4C 44 AD BA 4E 10 38 BA 7A 13 1D 3B A3 07 9C BC
74 00 B9 02 BC 41 00 D9 04 BA 78 2D 1E 3B 26 BB
DE BB 86 8B 6A 3C E1 6D DF 3C 64 08 32 3C D8 C5
[22:13:33.448] [INFO] [s22-revert] READ 44 byte(s):
AC BB 6A 07 AB BC 4D 6E 9E BB A9 C7 E2 3B 09 3B
43 3C C7 02 10 3C 06 C2 F7 3C B1 1C 12 3D 7A 38
F5 50 61 7D 5D 00 00 72 00 B3 0E 7E
[22:13:33.451] [INFO] [s22-revert] WRITE 21 byte(s):
7E B9 03 81 00 03 82 06 00 80 0B 03 B9 04 0B 01
10 00 59 B2 7E
[22:13:33.455] [INFO] [s22-revert] READ 64 byte(s):
7E B9 03 81 04 03 81 9D 08 0B B9 03 01 10 B9 04
B9 02 BC 21 42 6F 6F 67 69 65 20 34 30 30 20 32
00 00 00 00 00 00 00 00 00 00 00 00 00 00 00 00
00 00 00 00 00 0C BA 02 88 00 00 00 00 88 00 00
[22:13:33.457] [INFO] [s22-revert] READ 64 byte(s):
F0 42 BA 03 BA 6D 88 00 00 00 00 88 00 00 80 3F
88 00 00 98 C2 88 00 00 FA 43 88 00 00 AA C2 88
00 00 80 3F 88 00 00 80 3F 88 00 00 EC C1 88 00
00 80 40 88 00 00 A0 41 88 00 00 80 3F 88 00 00
[22:13:33.461] [INFO] [s22-revert] READ 64 byte(s):
A0 40 88 00 00 96 43 88 9A 99 B9 40 88 33 33 33
3F 88 00 80 3B 44 88 00 00 A0 40 88 00 80 ED 44
88 00 00 80 3F 88 00 00 80 3F 88 00 00 20 41 88
00 00 A0 40 88 00 00 A0 42 88 00 00 80 3F 88 00
[22:13:33.464] [INFO] [s22-revert] READ 64 byte(s):
00 80 3F 88 00 00 10 42 88 00 00 A0 40 88 00 00
00 00 88 00 00 00 00 88 00 00 20 41 88 00 00 80
3F 88 00 00 00 00 88 00 00 00 00 88 00 00 00 00
88 00 00 20 41 88 00 00 A0 40 88 00 00 80 3F 88
[22:13:33.467] [INFO] [s22-revert] READ 64 byte(s):
00 00 00 00 88 00 00 80 40 88 00 00 A0 40 88 00
00 00 00 88 00 00 00 00 88 00 00 F0 41 88 00 00
A0 40 88 00 00 00 00 88 00 00 00 00 88 00 00 F0
41 88 00 00 A0 40 88 00 00 00 00 88 00 00 00 00
[22:13:33.471] [INFO] [s22-revert] READ 64 byte(s):
88 00 00 F0 41 88 00 00 A0 40 88 00 00 00 00 88
00 00 00 00 88 00 00 F0 41 88 00 00 A0 40 88 00
00 00 00 88 00 00 00 00 88 00 00 B8 41 88 00 00
A0 40 88 00 00 00 00 88 00 00 00 00 88 00 00 F0
[22:13:33.474] [INFO] [s22-revert] READ 64 byte(s):
41 88 00 00 80 3F 88 00 00 00 00 88 00 00 00 00
88 00 00 00 00 88 00 00 70 41 88 00 00 00 3F 88
00 00 48 42 88 00 00 F0 40 88 00 00 00 00 88 00
00 40 40 88 00 00 D0 40 88 00 00 00 00 88 00 00
[22:13:33.478] [INFO] [s22-revert] READ 64 byte(s):
00 00 88 00 00 C0 40 88 00 00 00 00 88 00 00 70
41 88 00 00 00 3F 88 00 00 48 42 88 00 00 F0 40
88 00 00 00 00 88 00 00 70 41 88 00 00 00 3F 88
00 00 48 42 88 00 00 C8 41 88 00 00 F0 40 88 00
[22:13:33.485] [INFO] [s22-revert] READ 64 byte(s):
00 00 00 88 00 00 40 40 88 00 00 B4 43 88 00 00
F0 42 88 00 00 48 42 88 00 00 A0 40 88 00 00 80
3F 88 00 00 00 00 88 00 00 00 00 88 00 00 00 00
88 00 00 10 41 88 00 00 AF 43 88 00 00 A0 41 88
[22:13:33.486] [INFO] [s22-revert] READ 64 byte(s):
00 00 00 00 88 00 00 48 42 88 00 00 00 00 88 00
00 10 41 88 00 00 AF 43 88 00 00 A0 41 88 00 00
00 00 88 00 00 48 42 BA 6D 88 00 00 00 00 88 00
00 00 00 88 00 00 C8 C2 88 00 00 A0 41 88 00 00
[22:13:33.490] [INFO] [s22-revert] READ 64 byte(s):
70 C2 88 00 00 80 3F 88 00 00 00 00 88 00 00 00
00 88 00 00 00 00 88 00 00 A0 40 88 00 00 80 3F
88 00 00 A0 40 88 00 00 96 43 88 00 00 A0 40 88
33 33 33 3F 88 00 80 3B 44 88 00 00 A0 40 88 00
[22:13:33.492] [INFO] [s22-revert] READ 64 byte(s):
80 ED 44 88 00 00 80 3F 88 00 00 80 3F 88 00 00
A0 40 88 00 00 A0 40 88 00 00 C8 42 88 00 00 80
3F 88 00 00 00 00 88 00 00 C8 41 88 00 00 A0 40
88 00 00 00 00 88 00 00 C0 3F 88 00 00 00 00 88
[22:13:33.494] [INFO] [s22-revert] READ 64 byte(s):
00 00 80 3F 88 00 00 C0 3F 88 00 00 00 00 88 00
00 00 00 88 00 00 A0 40 88 00 00 A0 40 88 00 00
80 3F 88 00 00 00 00 88 00 00 80 40 88 00 00 A0
40 88 00 00 00 00 88 00 00 00 00 88 00 00 F0 41
[22:13:33.496] [INFO] [s22-revert] READ 64 byte(s):
88 00 00 A0 40 88 00 00 00 00 88 00 00 00 00 88
00 00 F0 41 88 00 00 A0 40 88 00 00 00 00 88 00
00 00 00 88 00 00 F0 41 88 00 00 A0 40 88 00 00
00 00 88 00 00 00 00 88 00 00 F0 41 88 00 00 A0
[22:13:33.498] [INFO] [s22-revert] READ 64 byte(s):
40 88 00 00 00 00 88 00 00 00 00 88 00 00 F0 41
88 00 00 A0 40 88 00 00 00 00 88 00 00 00 00 88
00 00 F0 41 88 00 00 80 3F 88 00 00 00 00 88 00
00 00 00 88 00 00 00 00 88 00 00 70 41 88 00 00
[22:13:33.500] [INFO] [s22-revert] READ 64 byte(s):
00 3F 88 00 00 48 42 88 00 00 F0 40 88 00 00 00
00 88 00 00 40 40 88 00 00 D0 40 88 00 00 00 00
88 00 00 00 00 88 00 00 C0 40 88 00 00 00 00 88
00 00 70 41 88 00 00 00 3F 88 00 00 48 42 88 00
[22:13:33.502] [INFO] [s22-revert] READ 64 byte(s):
00 F0 40 88 00 00 00 00 88 00 00 70 41 88 00 00
00 3F 88 00 00 48 42 88 00 00 C8 41 88 00 00 F0
40 88 00 00 00 00 88 00 00 40 40 88 00 00 B4 43
88 00 00 F0 42 88 00 00 48 42 88 00 00 A0 40 88
[22:13:33.504] [INFO] [s22-revert] READ 64 byte(s):
00 00 80 3F 88 00 00 00 00 88 00 00 00 00 88 00
00 00 00 88 00 00 10 41 88 00 00 AF 43 88 00 00
A0 41 88 00 00 00 00 88 00 00 48 42 88 00 00 00
00 88 00 00 10 41 88 00 00 AF 43 88 00 00 A0 41
[22:13:33.505] [INFO] [s22-revert] READ 64 byte(s):
88 00 00 00 00 88 00 00 48 42 BA 6D 88 00 00 00
00 88 00 00 00 00 88 00 00 C8 C2 88 00 00 A0 41
88 00 00 70 C2 88 00 00 80 3F 88 00 00 00 00 88
00 00 00 00 88 00 00 00 00 88 00 00 A0 40 88 00
[22:13:33.507] [INFO] [s22-revert] READ 64 byte(s):
00 80 3F 88 00 00 A0 40 88 00 00 96 43 88 00 00
A0 40 88 33 33 33 3F 88 00 80 3B 44 88 00 00 A0
40 88 00 80 ED 44 88 00 00 80 3F 88 00 00 80 3F
88 00 00 A0 40 88 00 00 A0 40 88 00 00 C8 42 88
[22:13:33.509] [INFO] [s22-revert] READ 64 byte(s):
00 00 80 3F 88 00 00 00 00 88 00 00 C8 41 88 00
00 A0 40 88 00 00 00 00 88 00 00 C0 3F 88 00 00
00 00 88 00 00 80 3F 88 00 00 C0 3F 88 00 00 00
00 88 00 00 00 00 88 00 00 A0 40 88 00 00 A0 40
[22:13:33.512] [INFO] [s22-revert] READ 64 byte(s):
88 00 00 80 3F 88 00 00 00 00 88 00 00 80 40 88
00 00 A0 40 88 00 00 00 00 88 00 00 00 00 88 00
00 F0 41 88 00 00 A0 40 88 00 00 00 00 88 00 00
00 00 88 00 00 F0 41 88 00 00 A0 40 88 00 00 00
[22:13:33.513] [INFO] [s22-revert] READ 64 byte(s):
00 88 00 00 00 00 88 00 00 F0 41 88 00 00 A0 40
88 00 00 00 00 88 00 00 00 00 88 00 00 F0 41 88
00 00 A0 40 88 00 00 00 00 88 00 00 00 00 88 00
00 F0 41 88 00 00 A0 40 88 00 00 00 00 88 00 00
[22:13:33.515] [INFO] [s22-revert] READ 64 byte(s):
00 00 88 00 00 F0 41 88 00 00 80 3F 88 00 00 00
00 88 00 00 00 00 88 00 00 00 00 88 00 00 70 41
88 00 00 00 3F 88 00 00 48 42 88 00 00 F0 40 88
00 00 00 00 88 00 00 40 40 88 00 00 D0 40 88 00
[22:13:33.516] [INFO] [s22-revert] READ 64 byte(s):
00 00 00 88 00 00 00 00 88 00 00 C0 40 88 00 00
00 00 88 00 00 70 41 88 00 00 00 3F 88 00 00 48
42 88 00 00 F0 40 88 00 00 00 00 88 00 00 70 41
88 00 00 00 3F 88 00 00 48 42 88 00 00 C8 41 88
[22:13:33.519] [INFO] [s22-revert] READ 64 byte(s):
00 00 F0 40 88 00 00 00 00 88 00 00 40 40 88 00
00 B4 43 88 00 00 F0 42 88 00 00 48 42 88 00 00
A0 40 88 00 00 80 3F 88 00 00 00 00 88 00 00 00
00 88 00 00 00 00 88 00 00 10 41 88 00 00 AF 43
[22:13:33.521] [INFO] [s22-revert] READ 64 byte(s):
88 00 00 A0 41 88 00 00 00 00 88 00 00 48 42 88
00 00 00 00 88 00 00 10 41 88 00 00 AF 43 88 00
00 A0 41 88 00 00 00 00 88 00 00 48 42 B9 0D B9
02 BC 21 00 EE 04 3B F5 2C 07 3C 93 91 A8 3B 7D
[22:13:33.523] [INFO] [s22-revert] READ 64 byte(s):
5D 1A C8 3B AC 7D 5D 08 3C CA A5 1C 3B 3B EC FD
3A 25 36 76 3B 85 00 B9 02 BC 0B 32 30 32 35 2D
31 32 2D 31 30 00 0A B9 02 BC 21 44 52 49 56 45
00 DD 3B 99 B6 00 3C 40 03 FB 3A 4A F0 58 39 93
[22:13:33.525] [INFO] [s22-revert] READ 64 byte(s):
7A 80 3B 34 D4 59 3C D7 E6 C1 3B 47 05 B9 02 BC
21 4E 6F 6E 65 00 82 A5 3B 9E 0C BA 3B 19 6A 62
3B 72 68 DA 3B F3 06 57 3B 93 68 1C 3C 73 6F 10
3C F6 04 B9 02 BC 21 4E 6F 6E 65 00 94 E9 BA E5
[22:13:33.527] [INFO] [s22-revert] READ 64 byte(s):
44 B1 3B 02 B2 2E 3C FC 05 2F 3C F2 50 92 3B EB
E5 06 BA 23 34 01 3C 47 04 B9 02 BC 21 4E 6F 6E
65 00 E4 F4 3B 0A 28 A6 3B 43 50 A9 3B B3 54 CA
3B 46 7D 5E 39 3B 9C 4D E5 B9 E2 EA 34 3B EC 04
[22:13:33.528] [INFO] [s22-revert] READ 64 byte(s):
B9 02 BC 21 4E 6F 6E 65 00 1B FD 3B 4A CD 8C 3B
29 3D 74 39 B3 AA 29 BA ED 30 B2 3B 12 15 1B 3C
C5 A2 6A 3B 22 04 B9 02 BC 21 00 1F 55 3C 2D 0A
2F 3C 98 4C 23 3B 76 6A CB BB 92 DD 19 39 2D 82
[22:13:33.532] [INFO] [s22-revert] READ 64 byte(s):
DD 3B F4 90 CB 3B 91 6E F9 3A D0 00 B9 02 BC 21
00 82 83 3B 00 E2 2A BB 15 89 79 3B 9C 74 1A 3C
6C 97 F4 3B 35 DC 45 BB 8C 5C B0 37 CE 48 23 3B
4F 00 B9 02 BC 21 00 8F 87 3B 2C 86 88 3B 2F 9E
[22:13:33.535] [INFO] [s22-revert] READ 64 byte(s):
A5 3B 43 EE B5 3B 85 C4 15 3B 79 E9 34 3B F0 65
92 BA C7 1F 8F 3B 26 00 B9 02 BC 21 00 88 93 3B
EE 63 6F 3B 0E B5 7C 37 68 AB 81 3B 84 76 A2 3B
A2 41 B6 3B 1B FB 2E 3B 67 72 72 3A 0B 00 B9 02
[22:13:33.538] [INFO] [s22-revert] READ 64 byte(s):
BC 21 00 DF 81 3B F2 CA FA 3B 6C 38 98 3B 87 FC
64 3A DF 7C 69 3A B7 91 49 3B B1 9B 93 3B 90 1A
B8 3B 9D 00 B9 02 BC 41 00 3A 32 3A 5C C7 80 3B
D6 32 A4 3B 39 7B 64 3B 98 A2 9E BA 19 14 B6 3A
[22:13:33.541] [INFO] [s22-revert] READ 46 byte(s):
CF 24 A2 3B AD 35 80 3B 50 C0 8A 3B 75 BF 4B 3B
98 6A 32 BA AD CE 03 3B 1B 9B E8 3B 91 AA 78 3C
0A F2 F4 50 61 7D 5D 00 00 72 00 D7 64 7E
[22:13:33.543] [INFO] [s22-revert] WRITE 21 byte(s):
7E B9 03 81 00 03 82 06 00 80 0B 03 B9 04 0B 01
11 00 81 AB 7E
[22:13:33.549] [INFO] [s22-revert] READ 64 byte(s):
7E B9 03 81 04 03 81 9D 08 0B B9 03 01 11 B9 04
B9 02 BC 21 73 75 62 77 61 79 20 63 6C 65 61 6E
00 00 00 00 00 00 00 00 00 00 00 00 00 00 00 00
00 00 00 00 00 0C BA 02 88 00 00 00 00 88 00 00
[22:13:33.553] [INFO] [s22-revert] READ 64 byte(s):
F0 42 BA 03 BA 6D 88 00 00 00 00 88 00 00 00 00
88 00 00 C8 C2 88 00 00 A0 41 88 00 00 70 C2 88
00 00 80 3F 88 00 00 00 00 88 00 00 00 00 88 00
00 00 00 88 00 00 A0 40 88 00 00 80 3F 88 00 00
[22:13:33.555] [INFO] [s22-revert] READ 64 byte(s):
A0 40 88 00 00 96 43 88 00 00 A0 40 88 33 33 33
3F 88 00 80 3B 44 88 00 00 A0 40 88 00 80 ED 44
88 00 00 80 3F 88 00 00 80 3F 88 00 00 A0 40 88
00 00 A0 40 88 00 00 C8 42 88 00 00 80 3F 88 00
[22:13:33.557] [INFO] [s22-revert] READ 64 byte(s):
00 00 40 88 00 00 C8 41 88 00 00 A0 40 88 00 00
00 00 88 00 00 C0 3F 88 00 00 00 00 88 00 00 80
3F 88 00 00 C0 3F 88 00 00 00 00 88 00 00 00 00
88 00 00 A0 40 88 00 00 A0 40 88 00 00 80 3F 88
[22:13:33.559] [INFO] [s22-revert] READ 64 byte(s):
00 00 00 00 88 00 00 80 40 88 00 00 A0 40 88 00
00 00 00 88 00 00 00 00 88 00 00 F0 41 88 00 00
A0 40 88 00 00 00 00 88 00 00 00 00 88 00 00 F0
41 88 00 00 A0 40 88 00 00 00 00 88 00 00 00 00
[22:13:33.562] [INFO] [s22-revert] READ 64 byte(s):
88 00 00 F0 41 88 00 00 A0 40 88 00 00 00 00 88
00 00 00 00 88 00 00 F0 41 88 00 00 A0 40 88 00
00 00 00 88 00 00 00 00 88 00 00 F0 41 88 00 00
A0 40 88 00 00 00 00 88 00 00 00 00 88 00 00 F0
[22:13:33.564] [INFO] [s22-revert] READ 64 byte(s):
41 88 00 00 80 3F 88 00 00 00 00 88 00 00 00 00
88 00 00 00 00 88 00 00 70 41 88 00 00 00 3F 88
00 00 48 42 88 00 00 F0 40 88 00 00 00 00 88 00
00 40 40 88 00 00 D0 40 88 00 00 00 00 88 00 00
[22:13:33.566] [INFO] [s22-revert] READ 64 byte(s):
00 00 88 00 00 C0 40 88 00 00 00 00 88 00 00 70
41 88 00 00 00 3F 88 00 00 48 42 88 00 00 F0 40
88 00 00 00 00 88 00 00 70 41 88 00 00 00 3F 88
00 00 48 42 88 00 00 C8 41 88 00 00 F0 40 88 00
[22:13:33.569] [INFO] [s22-revert] READ 64 byte(s):
00 00 00 88 00 00 40 40 88 00 00 B4 43 88 00 00
F0 42 88 00 00 48 42 88 00 00 A0 40 88 00 00 80
3F 88 00 00 00 00 88 00 00 00 00 88 00 00 00 00
88 00 00 10 41 88 00 00 AF 43 88 00 00 A0 41 88
[22:13:33.571] [INFO] [s22-revert] READ 64 byte(s):
00 00 00 00 88 00 00 48 42 88 00 00 00 00 88 00
00 10 41 88 00 00 AF 43 88 00 00 A0 41 88 00 00
00 00 88 00 00 48 42 BA 6D 88 00 00 00 00 88 00
00 00 00 88 00 00 C8 C2 88 00 00 A0 41 88 00 00
[22:13:33.575] [INFO] [s22-revert] READ 64 byte(s):
70 C2 88 00 00 80 3F 88 00 00 00 00 88 00 00 00
00 88 00 00 00 00 88 00 00 A0 40 88 00 00 80 3F
88 00 00 A0 40 88 00 00 96 43 88 00 00 A0 40 88
33 33 33 3F 88 00 80 3B 44 88 00 00 A0 40 88 00
[22:13:33.578] [INFO] [s22-revert] READ 64 byte(s):
80 ED 44 88 00 00 80 3F 88 00 00 80 3F 88 00 00
A0 40 88 00 00 A0 40 88 00 00 C8 42 88 00 00 80
3F 88 00 00 00 00 88 00 00 C8 41 88 00 00 A0 40
88 00 00 00 00 88 00 00 C0 3F 88 00 00 00 00 88
[22:13:33.580] [INFO] [s22-revert] READ 64 byte(s):
00 00 80 3F 88 00 00 C0 3F 88 00 00 00 00 88 00
00 00 00 88 00 00 A0 40 88 00 00 A0 40 88 00 00
80 3F 88 00 00 00 00 88 00 00 80 40 88 00 00 A0
40 88 00 00 00 00 88 00 00 00 00 88 00 00 F0 41
[22:13:33.583] [INFO] [s22-revert] READ 64 byte(s):
88 00 00 A0 40 88 00 00 00 00 88 00 00 00 00 88
00 00 F0 41 88 00 00 A0 40 88 00 00 00 00 88 00
00 00 00 88 00 00 F0 41 88 00 00 A0 40 88 00 00
00 00 88 00 00 00 00 88 00 00 F0 41 88 00 00 A0
[22:13:33.586] [INFO] [s22-revert] READ 64 byte(s):
40 88 00 00 00 00 88 00 00 00 00 88 00 00 F0 41
88 00 00 A0 40 88 00 00 00 00 88 00 00 00 00 88
00 00 F0 41 88 00 00 80 3F 88 00 00 00 00 88 00
00 00 00 88 00 00 00 00 88 00 00 70 41 88 00 00
[22:13:33.589] [INFO] [s22-revert] READ 64 byte(s):
00 3F 88 00 00 48 42 88 00 00 F0 40 88 00 00 00
00 88 00 00 40 40 88 00 00 D0 40 88 00 00 00 00
88 00 00 00 00 88 00 00 C0 40 88 00 00 00 00 88
00 00 70 41 88 00 00 00 3F 88 00 00 48 42 88 00
[22:13:33.592] [INFO] [s22-revert] READ 64 byte(s):
00 F0 40 88 00 00 00 00 88 00 00 70 41 88 00 00
00 3F 88 00 00 48 42 88 00 00 C8 41 88 00 00 F0
40 88 00 00 00 00 88 00 00 40 40 88 00 00 B4 43
88 00 00 F0 42 88 00 00 48 42 88 00 00 A0 40 88
[22:13:33.595] [INFO] [s22-revert] READ 64 byte(s):
00 00 80 3F 88 00 00 00 00 88 00 00 00 00 88 00
00 00 00 88 00 00 10 41 88 00 00 AF 43 88 00 00
A0 41 88 00 00 00 00 88 00 00 48 42 88 00 00 00
00 88 00 00 10 41 88 00 00 AF 43 88 00 00 A0 41
[22:13:33.597] [INFO] [s22-revert] READ 64 byte(s):
88 00 00 00 00 88 00 00 48 42 BA 6D 88 00 00 00
00 88 00 00 00 00 88 00 00 C8 C2 88 00 00 A0 41
88 00 00 70 C2 88 00 00 80 3F 88 00 00 00 00 88
00 00 00 00 88 00 00 00 00 88 00 00 A0 40 88 00
[22:13:33.600] [INFO] [s22-revert] READ 64 byte(s):
00 80 3F 88 00 00 A0 40 88 00 00 96 43 88 00 00
A0 40 88 33 33 33 3F 88 00 80 3B 44 88 00 00 A0
40 88 00 80 ED 44 88 00 00 80 3F 88 00 00 80 3F
88 00 00 A0 40 88 00 00 A0 40 88 00 00 C8 42 88
[22:13:33.603] [INFO] [s22-revert] READ 64 byte(s):
00 00 80 3F 88 00 00 00 00 88 00 00 C8 41 88 00
00 A0 40 88 00 00 00 00 88 00 00 C0 3F 88 00 00
00 00 88 00 00 80 3F 88 00 00 C0 3F 88 00 00 00
00 88 00 00 00 00 88 00 00 A0 40 88 00 00 A0 40
[22:13:33.605] [INFO] [s22-revert] READ 64 byte(s):
88 00 00 80 3F 88 00 00 00 00 88 00 00 80 40 88
00 00 A0 40 88 00 00 00 00 88 00 00 00 00 88 00
00 F0 41 88 00 00 A0 40 88 00 00 00 00 88 00 00
00 00 88 00 00 F0 41 88 00 00 A0 40 88 00 00 00
[22:13:33.607] [INFO] [s22-revert] READ 64 byte(s):
00 88 00 00 00 00 88 00 00 F0 41 88 00 00 A0 40
88 00 00 00 00 88 00 00 00 00 88 00 00 F0 41 88
00 00 A0 40 88 00 00 00 00 88 00 00 00 00 88 00
00 F0 41 88 00 00 A0 40 88 00 00 00 00 88 00 00
[22:13:33.609] [INFO] [s22-revert] READ 64 byte(s):
00 00 88 00 00 F0 41 88 00 00 80 3F 88 00 00 00
00 88 00 00 00 00 88 00 00 00 00 88 00 00 70 41
88 00 00 00 3F 88 00 00 48 42 88 00 00 F0 40 88
00 00 00 00 88 00 00 40 40 88 00 00 D0 40 88 00
[22:13:33.611] [INFO] [s22-revert] READ 64 byte(s):
00 00 00 88 00 00 00 00 88 00 00 C0 40 88 00 00
00 00 88 00 00 70 41 88 00 00 00 3F 88 00 00 48
42 88 00 00 F0 40 88 00 00 00 00 88 00 00 70 41
88 00 00 00 3F 88 00 00 48 42 88 00 00 C8 41 88
[22:13:33.613] [INFO] [s22-revert] READ 64 byte(s):
00 00 F0 40 88 00 00 00 00 88 00 00 40 40 88 00
00 B4 43 88 00 00 F0 42 88 00 00 48 42 88 00 00
A0 40 88 00 00 80 3F 88 00 00 00 00 88 00 00 00
00 88 00 00 00 00 88 00 00 10 41 88 00 00 AF 43
[22:13:33.617] [INFO] [s22-revert] READ 64 byte(s):
88 00 00 A0 41 88 00 00 00 00 88 00 00 48 42 88
00 00 00 00 88 00 00 10 41 88 00 00 AF 43 88 00
00 A0 41 88 00 00 00 00 88 00 00 48 42 B9 0D B9
02 BC 21 00 20 C1 B8 32 94 F7 3A B6 BF 45 3A 3E
[22:13:33.620] [INFO] [s22-revert] READ 64 byte(s):
9B 81 3A A1 10 42 3B 80 CC B4 37 3D 13 85 BB AF
12 44 BB 99 00 B9 02 BC 0B 32 30 32 35 2D 31 32
2D 31 30 00 0A B9 02 BC 21 43 4C 45 41 4E 00 0B
3A 62 6B 47 3A 8C B3 D6 3A F2 10 08 3B 9D FB 7C
[22:13:33.622] [INFO] [s22-revert] READ 64 byte(s):
BA AB E3 7A 3B 60 90 35 37 34 05 B9 02 BC 21 4E
6F 6E 65 00 FC 3C BB 30 C2 8A 38 50 81 FA 38 0C
D7 CB BA C2 FA 16 3A B9 A0 33 BB 30 98 37 BA F8
04 B9 02 BC 21 4E 6F 6E 65 00 52 D8 37 36 DD 23
[22:13:33.624] [INFO] [s22-revert] READ 64 byte(s):
BA 2A 82 3F 3A 02 66 D5 3A 8C C9 8C B9 36 20 32
BB 42 01 4F BB 7D 5E 04 B9 02 BC 21 4E 6F 6E 65
00 57 13 BA 4C 8F 54 3A 0F 98 0D 3B 78 5C 0F 3B
11 D8 C0 3A 8C 36 21 3B 50 1A 65 3B BD 04 B9 02
[22:13:33.626] [INFO] [s22-revert] READ 64 byte(s):
BC 21 4E 6F 6E 65 00 DA 0C BB 1C 6C 4D 39 7B 77
43 3A 3F 25 27 BB 8F 22 A9 B9 9A FB 8E B8 2E 68
2A BB 14 04 B9 02 BC 21 00 E3 23 BB 9B 4A BD 3A
2C 50 78 BA C4 9F 8D BA AB 3A E4 BA FE F3 A4 BA
[22:13:33.628] [INFO] [s22-revert] READ 64 byte(s):
4A 1E 4B 3A 26 8A 8B 3A 80 00 B9 02 BC 21 00 6A
22 BA 24 FC 8A BB 18 AC 4B BA C3 D0 B6 3A 2C 07
36 3A F8 49 3C B9 5A D3 00 3B 01 48 A6 3A 24 00
B9 02 BC 21 00 55 7C 3B 49 CD 33 3B 64 EF A4 39
[22:13:33.630] [INFO] [s22-revert] READ 64 byte(s):
B4 89 76 B9 19 26 EE 3A F7 CD 2E 3B E9 DF 09 3B
9F FD 40 BA B8 00 B9 02 BC 21 00 59 DB BB 7A 76
C4 BB 90 3D 18 BC FC A5 10 BC A4 28 08 BC C6 29
4E BC BC 84 62 BC B0 DF 72 BC 8C 00 B9 02 BC 21
[22:13:33.633] [INFO] [s22-revert] READ 64 byte(s):
00 F5 70 BC 39 17 47 BC C6 CB B9 BB 76 64 04 3B
BA 79 9E 3B 20 63 B4 3B 82 C1 6E 3B 7C 7D 5D 04
3B 68 00 B9 02 BC 41 00 85 BA BB D1 3D 26 BB 75
4E 1C 3B EB 67 AC 3B 50 CC 82 3B 18 9E 7C 3B A9
[22:13:33.639] [INFO] [s22-revert] READ 45 byte(s):
38 46 BA 72 53 FF BA 99 73 0C 3B 52 0A FE 3B 75
6B FB 3B 1A CE 53 3A 93 51 54 BC B0 2A CE 38 7A
38 F5 50 61 7D 5D 00 00 72 00 9F AB 7E
[22:13:33.643] [INFO] [s22-revert] WRITE 21 byte(s):
7E B9 03 81 00 03 82 06 00 80 0B 03 B9 04 0B 01
12 00 E9 81 7E
[22:13:33.653] [INFO] [s22-revert] READ 64 byte(s):
7E B9 03 81 04 03 81 9D 08 0B B9 03 01 12 B9 04
B9 02 BC 21 48 55 47 45 20 4D 55 46 46 00 00 00
00 00 00 00 00 00 00 00 00 00 00 00 00 00 00 00
00 00 00 00 00 09 BA 02 88 00 00 00 00 88 00 00
[22:13:33.661] [INFO] [s22-revert] READ 64 byte(s):
F0 42 BA 03 BA 6D 88 00 00 00 00 88 00 00 80 3F
88 00 00 84 C2 88 00 00 A0 41 88 00 00 20 C2 88
00 00 80 3F 88 00 00 80 3F 88 00 00 80 C0 88 00
00 40 C0 88 00 00 A0 40 88 00 00 80 3F 88 00 00
[22:13:33.668] [INFO] [s22-revert] READ 64 byte(s):
A0 40 88 00 00 96 43 88 00 00 A0 40 88 33 33 33
3F 88 00 80 3B 44 88 00 00 A0 40 88 00 00 FA 44
88 00 00 80 3F 88 00 00 80 3F 88 67 66 A6 40 88
00 00 A0 40 88 00 00 C8 42 88 00 00 80 3F 88 00
[22:13:33.673] [INFO] [s22-revert] READ 64 byte(s):
00 00 40 88 00 00 C8 41 88 00 00 A0 40 88 00 00
00 00 88 00 00 C0 3F 88 00 00 00 00 88 00 00 80
3F 88 00 00 C0 3F 88 00 00 00 00 88 00 00 00 00
88 00 00 A0 40 88 00 00 A0 40 88 00 00 80 3F 88
[22:13:33.676] [INFO] [s22-revert] READ 64 byte(s):
00 00 80 3F 88 00 00 80 40 88 00 00 A0 40 88 00
00 00 00 88 00 00 00 00 88 00 00 00 00 88 00 00
A0 40 88 00 00 00 00 88 00 00 00 00 88 00 00 00
00 88 00 00 A0 40 88 00 00 00 00 88 00 00 00 00
[22:13:33.678] [INFO] [s22-revert] READ 64 byte(s):
88 00 00 00 00 88 00 00 A0 40 88 00 00 00 00 88
00 00 00 00 88 00 00 00 00 88 00 00 A0 40 88 00
00 00 00 88 00 00 00 00 88 00 00 00 00 88 00 00
A0 40 88 00 00 00 00 88 00 00 00 00 88 00 00 00
[22:13:33.680] [INFO] [s22-revert] READ 64 byte(s):
00 88 00 00 80 3F 88 00 00 00 00 88 00 00 00 00
88 00 00 00 00 88 00 00 70 41 88 00 00 00 3F 88
00 00 48 42 88 00 00 F0 40 88 00 00 00 00 88 00
00 40 40 88 00 00 D0 40 88 00 00 00 00 88 00 00
[22:13:33.684] [INFO] [s22-revert] READ 64 byte(s):
00 00 88 00 00 C0 40 88 00 00 00 00 88 00 00 70
41 88 00 00 00 3F 88 00 00 48 42 88 00 00 F0 40
88 00 00 00 00 88 00 00 70 41 88 00 00 00 3F 88
00 00 48 42 88 00 00 C8 41 88 00 00 F0 40 88 00
[22:13:33.686] [INFO] [s22-revert] READ 64 byte(s):
00 00 00 88 00 00 40 40 88 00 00 B4 43 88 00 00
F0 42 88 00 00 48 42 88 00 00 A0 40 88 00 00 80
3F 88 00 00 00 00 88 00 00 00 00 88 00 00 00 00
88 00 00 10 41 88 00 00 AF 43 88 00 00 A0 41 88
[22:13:33.689] [INFO] [s22-revert] READ 64 byte(s):
00 00 00 00 88 00 00 48 42 88 00 00 00 00 88 00
00 10 41 88 00 00 AF 43 88 00 00 A0 41 88 00 00
00 00 88 00 00 48 42 BA 6D 88 00 00 00 00 88 00
00 00 00 88 00 00 C8 C2 88 00 00 A0 41 88 00 00
[22:13:33.692] [INFO] [s22-revert] READ 64 byte(s):
70 C2 88 00 00 80 3F 88 00 00 00 00 88 00 00 00
00 88 00 00 00 00 88 00 00 A0 40 88 00 00 80 3F
88 00 00 A0 40 88 00 00 96 43 88 00 00 A0 40 88
33 33 33 3F 88 00 80 3B 44 88 00 00 A0 40 88 00
[22:13:33.695] [INFO] [s22-revert] READ 64 byte(s):
80 ED 44 88 00 00 80 3F 88 00 00 80 3F 88 00 00
A0 40 88 00 00 A0 40 88 00 00 C8 42 88 00 00 80
3F 88 00 00 00 00 88 00 00 C8 41 88 00 00 A0 40
88 00 00 00 00 88 00 00 C0 3F 88 00 00 00 00 88
[22:13:33.698] [INFO] [s22-revert] READ 64 byte(s):
00 00 80 3F 88 00 00 C0 3F 88 00 00 00 00 88 00
00 00 00 88 00 00 A0 40 88 00 00 A0 40 88 00 00
80 3F 88 00 00 00 00 88 00 00 80 40 88 00 00 A0
40 88 00 00 00 00 88 00 00 00 00 88 00 00 00 00
[22:13:33.701] [INFO] [s22-revert] READ 64 byte(s):
88 00 00 A0 40 88 00 00 00 00 88 00 00 00 00 88
00 00 00 00 88 00 00 A0 40 88 00 00 00 00 88 00
00 00 00 88 00 00 00 00 88 00 00 A0 40 88 00 00
00 00 88 00 00 00 00 88 00 00 00 00 88 00 00 A0
[22:13:33.705] [INFO] [s22-revert] READ 64 byte(s):
40 88 00 00 00 00 88 00 00 00 00 88 00 00 00 00
88 00 00 A0 40 88 00 00 00 00 88 00 00 00 00 88
00 00 00 00 88 00 00 80 3F 88 00 00 00 00 88 00
00 00 00 88 00 00 00 00 88 00 00 70 41 88 00 00
[22:13:33.708] [INFO] [s22-revert] READ 64 byte(s):
00 3F 88 00 00 48 42 88 00 00 F0 40 88 00 00 00
00 88 00 00 40 40 88 00 00 D0 40 88 00 00 00 00
88 00 00 00 00 88 00 00 C0 40 88 00 00 00 00 88
00 00 70 41 88 00 00 00 3F 88 00 00 48 42 88 00
[22:13:33.712] [INFO] [s22-revert] READ 64 byte(s):
00 F0 40 88 00 00 00 00 88 00 00 70 41 88 00 00
00 3F 88 00 00 48 42 88 00 00 C8 41 88 00 00 F0
40 88 00 00 00 00 88 00 00 40 40 88 00 00 B4 43
88 00 00 F0 42 88 00 00 48 42 88 00 00 A0 40 88
[22:13:33.717] [INFO] [s22-revert] READ 64 byte(s):
00 00 80 3F 88 00 00 00 00 88 00 00 00 00 88 00
00 00 00 88 00 00 10 41 88 00 00 AF 43 88 00 00
A0 41 88 00 00 00 00 88 00 00 48 42 88 00 00 00
00 88 00 00 10 41 88 00 00 AF 43 88 00 00 A0 41
[22:13:33.719] [INFO] [s22-revert] READ 64 byte(s):
88 00 00 00 00 88 00 00 48 42 BA 6D 88 00 00 00
00 88 00 00 00 00 88 00 00 C8 C2 88 00 00 A0 41
88 00 00 70 C2 88 00 00 80 3F 88 00 00 00 00 88
00 00 00 00 88 00 00 00 00 88 00 00 A0 40 88 00
[22:13:33.722] [INFO] [s22-revert] READ 64 byte(s):
00 80 3F 88 00 00 A0 40 88 00 00 96 43 88 00 00
A0 40 88 33 33 33 3F 88 00 80 3B 44 88 00 00 A0
40 88 00 80 ED 44 88 00 00 80 3F 88 00 00 80 3F
88 00 00 A0 40 88 00 00 A0 40 88 00 00 C8 42 88
[22:13:33.725] [INFO] [s22-revert] READ 64 byte(s):
00 00 80 3F 88 00 00 00 00 88 00 00 C8 41 88 00
00 A0 40 88 00 00 00 00 88 00 00 C0 3F 88 00 00
00 00 88 00 00 80 3F 88 00 00 C0 3F 88 00 00 00
00 88 00 00 00 00 88 00 00 A0 40 88 00 00 A0 40
[22:13:33.728] [INFO] [s22-revert] READ 64 byte(s):
88 00 00 80 3F 88 00 00 00 00 88 00 00 80 40 88
00 00 A0 40 88 00 00 00 00 88 00 00 00 00 88 00
00 00 00 88 00 00 A0 40 88 00 00 00 00 88 00 00
00 00 88 00 00 00 00 88 00 00 A0 40 88 00 00 00
[22:13:33.731] [INFO] [s22-revert] READ 64 byte(s):
00 88 00 00 00 00 88 00 00 00 00 88 00 00 A0 40
88 00 00 00 00 88 00 00 00 00 88 00 00 00 00 88
00 00 A0 40 88 00 00 00 00 88 00 00 00 00 88 00
00 00 00 88 00 00 A0 40 88 00 00 00 00 88 00 00
[22:13:33.733] [INFO] [s22-revert] READ 64 byte(s):
00 00 88 00 00 00 00 88 00 00 80 3F 88 00 00 00
00 88 00 00 00 00 88 00 00 00 00 88 00 00 70 41
88 00 00 00 3F 88 00 00 48 42 88 00 00 F0 40 88
00 00 00 00 88 00 00 40 40 88 00 00 D0 40 88 00
[22:13:33.736] [INFO] [s22-revert] READ 64 byte(s):
00 00 00 88 00 00 00 00 88 00 00 C0 40 88 00 00
00 00 88 00 00 70 41 88 00 00 00 3F 88 00 00 48
42 88 00 00 F0 40 88 00 00 00 00 88 00 00 70 41
88 00 00 00 3F 88 00 00 48 42 88 00 00 C8 41 88
[22:13:33.739] [INFO] [s22-revert] READ 64 byte(s):
00 00 F0 40 88 00 00 00 00 88 00 00 40 40 88 00
00 B4 43 88 00 00 F0 42 88 00 00 48 42 88 00 00
A0 40 88 00 00 80 3F 88 00 00 00 00 88 00 00 00
00 88 00 00 00 00 88 00 00 10 41 88 00 00 AF 43
[22:13:33.742] [INFO] [s22-revert] READ 64 byte(s):
88 00 00 A0 41 88 00 00 00 00 88 00 00 48 42 88
00 00 00 00 88 00 00 10 41 88 00 00 AF 43 88 00
00 A0 41 88 00 00 00 00 88 00 00 48 42 B9 0D B9
02 BC 21 00 36 C2 3B 5F CB A0 3A B0 B4 87 BA E0
[22:13:33.744] [INFO] [s22-revert] READ 64 byte(s):
38 42 3C F2 9A 19 3C 89 37 BA 3B DC F4 91 BA D6
E1 0B BB E3 00 B9 02 BC 0B 32 30 32 34 2D 30 33
2D 32 32 00 0A B9 02 BC 21 53 54 4F 4D 50 20 2D
20 46 55 5A 5A 00 A1 37 3C 3E B2 D6 3A E2 58 A8
[22:13:33.748] [INFO] [s22-revert] READ 64 byte(s):
3B 67 FA 89 BB B8 78 06 BB E0 0C B9 02 BC 21 45
6C 65 63 74 72 69 63 20 47 75 69 74 61 72 00 CB
1D 49 3B FC 17 10 3B 08 61 19 3B 18 3A 2E BA F2
0F B9 02 BC 21 53 6F 6C 69 64 20 42 6F 64 79 00
[22:13:33.751] [INFO] [s22-revert] READ 64 byte(s):
3A 65 9E 9A 3B B8 2C B2 BA A7 B8 60 3B E0 31 84
BB 28 0E C0 BA 54 0A B9 02 BC 21 00 1A DE BA 88
E6 C2 BA 44 EB F1 BB 8E 8B 69 BA 5F 50 EC 3B 61
63 A7 BA A7 94 4A 3B 73 79 2E 3A 0C 00 B9 02 BC
[22:13:33.755] [INFO] [s22-revert] READ 64 byte(s):
21 00 A7 2C BC DC A6 17 BC A4 A4 F5 3B 70 1C 9E
3B 0E 8C C4 3B 74 40 09 3B D4 AF 8D BC 50 B9 6C
BB F9 00 B9 02 BC 21 00 8B D2 BB 7A 5C 62 BC 71
B6 3F BC 56 4E 29 3C 51 12 B2 3B 2D 18 D6 BB C7
[22:13:33.757] [INFO] [s22-revert] READ 64 byte(s):
6E A5 3B 2E 2A 1E BC D6 00 B9 02 BC 21 00 A3 0A
BC 2E 81 24 39 17 12 BC 3B F9 02 C1 BB 9D D9 84
3B 02 F9 B0 3B A8 DA 04 BC 67 60 98 BC 05 00 B9
02 BC 21 00 18 90 3B 7F 6D A7 3C 4B F3 73 BB 6F
[22:13:33.759] [INFO] [s22-revert] READ 64 byte(s):
12 E7 3B EC 96 1A BC F3 05 1D BC F6 95 5C 3B DD
41 94 BA 91 00 B9 02 BC 21 00 78 F8 3B 93 64 2C
BC 76 69 23 3B C0 7A BD BB 5A F5 F1 39 7B 61 8D
3B FE 8A B6 BC 77 F8 6A BC 97 00 B9 02 BC 21 00
[22:13:33.761] [INFO] [s22-revert] READ 64 byte(s):
3D C9 3B C8 2A 0C BC 09 60 47 BC B5 82 0F 3C 20
EF 0F BB 4C 9C 6E BC E8 EC 1C BB 48 9E 11 BC 84
00 B9 02 BC 41 49 4B 20 4D 75 6C 74 69 6D 65 64
69 61 20 50 72 65 6D 69 75 6D 20 50 72 65 73 65
[22:13:33.764] [INFO] [s22-revert] READ 42 byte(s):
74 00 BC B1 BC 3F 40 3B 3B 58 CD 88 BC AC 62 05
BC 7C 14 28 BC E0 E4 2F E3 0B 00 00 00 12 00 00
00 00 00 00 00 10 1C C9 8D 7E
[22:13:33.770] [INFO] [s22-revert] WRITE 21 byte(s):
7E B9 03 81 00 03 82 06 00 80 0B 03 B9 04 0B 01
13 00 31 98 7E
[22:13:33.774] [INFO] [s22-revert] READ 64 byte(s):
7E B9 03 81 04 03 81 9D 08 0B B9 03 01 13 B9 04
B9 02 BC 21 41 6C 6C 20 41 72 6F 75 6E 64 20 44
72 69 76 65 00 00 00 00 00 00 00 00 00 00 00 00
00 00 00 00 00 10 BA 02 88 00 00 00 00 88 00 00
[22:13:33.777] [INFO] [s22-revert] READ 64 byte(s):
F0 42 BA 03 BA 6D 88 00 00 00 00 88 00 00 80 3F
88 00 00 C8 C2 88 00 00 A0 41 88 00 00 70 C2 88
00 00 80 3F 88 00 00 80 3F 88 00 00 98 C1 88 00
00 80 3F 88 00 00 A0 40 88 00 00 80 3F 88 00 00
[22:13:33.781] [INFO] [s22-revert] READ 64 byte(s):
A0 40 88 00 00 96 43 88 00 00 A0 40 88 33 33 33
3F 88 00 80 3B 44 88 00 00 A0 40 88 00 80 ED 44
88 00 00 80 3F 88 00 00 00 00 88 67 66 D6 40 88
00 00 A0 40 88 00 00 C8 42 88 00 00 80 3F 88 00
[22:13:33.788] [INFO] [s22-revert] READ 64 byte(s):
00 00 00 88 00 00 C8 41 88 00 00 A0 40 88 00 00
00 00 88 00 00 C0 3F 88 00 00 00 00 88 00 00 80
3F 88 00 00 C0 3F 88 00 00 00 00 88 00 00 00 00
88 00 00 A0 40 88 00 00 A0 40 88 00 00 80 3F 88
[22:13:33.797] [INFO] [s22-revert] READ 64 byte(s):
00 00 80 3F 88 00 00 80 40 88 00 00 A0 40 88 00
00 00 00 88 00 00 00 00 88 00 00 F0 41 88 00 00
A0 40 88 00 00 00 00 88 00 00 00 00 88 00 00 F0
41 88 00 00 A0 40 88 00 00 00 00 88 00 00 00 00
[22:13:33.805] [INFO] [s22-revert] READ 64 byte(s):
88 00 00 F0 41 88 00 00 A0 40 88 00 00 00 00 88
00 00 00 00 88 00 00 F0 41 88 00 00 A0 40 88 00
00 00 00 88 00 00 00 00 88 00 00 00 00 88 00 00
A0 40 88 00 00 00 00 88 00 00 00 00 88 00 00 F0
[22:13:33.812] [INFO] [s22-revert] READ 64 byte(s):
41 88 00 00 80 3F 88 00 00 00 00 88 00 00 00 00
88 00 00 00 00 88 00 00 70 41 88 00 00 00 3F 88
00 00 48 42 88 00 00 F0 40 88 00 00 00 00 88 00
00 40 40 88 00 00 D0 40 88 00 00 00 00 88 00 00
[22:13:33.814] [INFO] [s22-revert] READ 64 byte(s):
00 00 88 00 00 C0 40 88 00 00 00 00 88 00 00 70
41 88 00 00 00 3F 88 00 00 48 42 88 00 00 F0 40
88 00 00 00 00 88 00 00 70 41 88 00 00 00 3F 88
00 00 48 42 88 00 00 C8 41 88 00 00 F0 40 88 00
[22:13:33.817] [INFO] [s22-revert] READ 64 byte(s):
00 00 00 88 00 00 40 40 88 00 00 B4 43 88 00 00
F0 42 88 00 00 48 42 88 00 00 A0 40 88 00 00 80
3F 88 00 00 00 00 88 00 00 00 00 88 00 00 00 00
88 00 00 10 41 88 00 00 AF 43 88 00 00 A0 41 88
[22:13:33.820] [INFO] [s22-revert] READ 64 byte(s):
00 00 00 00 88 00 00 48 42 88 00 00 00 00 88 00
00 10 41 88 00 00 AF 43 88 00 00 A0 41 88 00 00
00 00 88 00 00 48 42 BA 6D 88 00 00 00 00 88 00
00 00 00 88 00 00 C8 C2 88 00 00 A0 41 88 00 00
[22:13:33.821] [INFO] [s22-revert] READ 64 byte(s):
70 C2 88 00 00 80 3F 88 00 00 00 00 88 00 00 00
00 88 00 00 00 00 88 00 00 A0 40 88 00 00 80 3F
88 00 00 A0 40 88 00 00 96 43 88 00 00 A0 40 88
33 33 33 3F 88 00 80 3B 44 88 00 00 A0 40 88 00
[22:13:33.824] [INFO] [s22-revert] READ 64 byte(s):
80 ED 44 88 00 00 80 3F 88 00 00 00 00 88 00 00
A0 40 88 00 00 A0 40 88 00 00 C8 42 88 00 00 80
3F 88 00 00 00 00 88 00 00 C8 41 88 00 00 A0 40
88 00 00 00 00 88 00 00 C0 3F 88 00 00 00 00 88
[22:13:33.826] [INFO] [s22-revert] READ 64 byte(s):
00 00 80 3F 88 00 00 C0 3F 88 00 00 00 00 88 00
00 00 00 88 00 00 A0 40 88 00 00 A0 40 88 00 00
80 3F 88 00 00 00 00 88 00 00 80 40 88 00 00 A0
40 88 00 00 00 00 88 00 00 00 00 88 00 00 F0 41
[22:13:33.830] [INFO] [s22-revert] READ 64 byte(s):
88 00 00 A0 40 88 00 00 00 00 88 00 00 00 00 88
00 00 F0 41 88 00 00 A0 40 88 00 00 00 00 88 00
00 00 00 88 00 00 F0 41 88 00 00 A0 40 88 00 00
00 00 88 00 00 00 00 88 00 00 F0 41 88 00 00 A0
[22:13:33.833] [INFO] [s22-revert] READ 64 byte(s):
40 88 00 00 00 00 88 00 00 00 00 88 00 00 F0 41
88 00 00 A0 40 88 00 00 00 00 88 00 00 00 00 88
00 00 F0 41 88 00 00 80 3F 88 00 00 00 00 88 00
00 00 00 88 00 00 00 00 88 00 00 70 41 88 00 00
[22:13:33.835] [INFO] [s22-revert] READ 64 byte(s):
00 3F 88 00 00 48 42 88 00 00 F0 40 88 00 00 00
00 88 00 00 40 40 88 00 00 D0 40 88 00 00 00 00
88 00 00 00 00 88 00 00 C0 40 88 00 00 00 00 88
00 00 70 41 88 00 00 00 3F 88 00 00 48 42 88 00
[22:13:33.837] [INFO] [s22-revert] READ 64 byte(s):
00 F0 40 88 00 00 00 00 88 00 00 70 41 88 00 00
00 3F 88 00 00 48 42 88 00 00 C8 41 88 00 00 F0
40 88 00 00 00 00 88 00 00 40 40 88 00 00 B4 43
88 00 00 F0 42 88 00 00 48 42 88 00 00 A0 40 88
[22:13:33.840] [INFO] [s22-revert] READ 64 byte(s):
00 00 80 3F 88 00 00 00 00 88 00 00 00 00 88 00
00 00 00 88 00 00 10 41 88 00 00 AF 43 88 00 00
A0 41 88 00 00 00 00 88 00 00 48 42 88 00 00 00
00 88 00 00 10 41 88 00 00 AF 43 88 00 00 A0 41
[22:13:33.843] [INFO] [s22-revert] READ 64 byte(s):
88 00 00 00 00 88 00 00 48 42 BA 6D 88 00 00 00
00 88 00 00 00 00 88 00 00 C8 C2 88 00 00 A0 41
88 00 00 70 C2 88 00 00 80 3F 88 00 00 00 00 88
00 00 00 00 88 00 00 00 00 88 00 00 A0 40 88 00
[22:13:33.846] [INFO] [s22-revert] READ 64 byte(s):
00 80 3F 88 00 00 A0 40 88 00 00 96 43 88 00 00
A0 40 88 33 33 33 3F 88 00 80 3B 44 88 00 00 A0
40 88 00 80 ED 44 88 00 00 80 3F 88 00 00 00 00
88 00 00 A0 40 88 00 00 A0 40 88 00 00 C8 42 88
[22:13:33.848] [INFO] [s22-revert] READ 64 byte(s):
00 00 80 3F 88 00 00 00 00 88 00 00 C8 41 88 00
00 A0 40 88 00 00 00 00 88 00 00 C0 3F 88 00 00
00 00 88 00 00 80 3F 88 00 00 C0 3F 88 00 00 00
00 88 00 00 00 00 88 00 00 A0 40 88 00 00 A0 40
[22:13:33.850] [INFO] [s22-revert] READ 64 byte(s):
88 00 00 80 3F 88 00 00 00 00 88 00 00 80 40 88
00 00 A0 40 88 00 00 00 00 88 00 00 00 00 88 00
00 F0 41 88 00 00 A0 40 88 00 00 00 00 88 00 00
00 00 88 00 00 F0 41 88 00 00 A0 40 88 00 00 00
[22:13:33.854] [INFO] [s22-revert] READ 64 byte(s):
00 88 00 00 00 00 88 00 00 F0 41 88 00 00 A0 40
88 00 00 00 00 88 00 00 00 00 88 00 00 F0 41 88
00 00 A0 40 88 00 00 00 00 88 00 00 00 00 88 00
00 F0 41 88 00 00 A0 40 88 00 00 00 00 88 00 00
[22:13:33.856] [INFO] [s22-revert] READ 64 byte(s):
00 00 88 00 00 F0 41 88 00 00 80 3F 88 00 00 00
00 88 00 00 00 00 88 00 00 00 00 88 00 00 70 41
88 00 00 00 3F 88 00 00 48 42 88 00 00 F0 40 88
00 00 00 00 88 00 00 40 40 88 00 00 D0 40 88 00
[22:13:33.859] [INFO] [s22-revert] READ 64 byte(s):
00 00 00 88 00 00 00 00 88 00 00 C0 40 88 00 00
00 00 88 00 00 70 41 88 00 00 00 3F 88 00 00 48
42 88 00 00 F0 40 88 00 00 00 00 88 00 00 70 41
88 00 00 00 3F 88 00 00 48 42 88 00 00 C8 41 88
[22:13:33.861] [INFO] [s22-revert] READ 64 byte(s):
00 00 F0 40 88 00 00 00 00 88 00 00 40 40 88 00
00 B4 43 88 00 00 F0 42 88 00 00 48 42 88 00 00
A0 40 88 00 00 80 3F 88 00 00 00 00 88 00 00 00
00 88 00 00 00 00 88 00 00 10 41 88 00 00 AF 43
[22:13:33.864] [INFO] [s22-revert] READ 64 byte(s):
88 00 00 A0 41 88 00 00 00 00 88 00 00 48 42 88
00 00 00 00 88 00 00 10 41 88 00 00 AF 43 88 00
00 A0 41 88 00 00 00 00 88 00 00 48 42 B9 0D B9
02 BC 21 00 E7 74 BA B4 6C 0B 3B B2 E9 95 BC 65
[22:13:33.871] [INFO] [s22-revert] READ 64 byte(s):
22 01 BD 06 44 B4 BC 03 F2 B4 BC 58 DC EA 3A F5
D1 6A 3B 1F 00 B9 02 BC 0B 32 30 32 36 2D 30 31
2D 30 34 00 0A B9 02 BC 21 44 52 49 56 45 00 B4
BC FA 91 D5 BC 16 9F AD BC 32 FF 1F BC B7 FC 30
[22:13:33.876] [INFO] [s22-revert] READ 64 byte(s):
BA 02 5D AB BC 66 38 52 BD 6E 05 B9 02 BC 21 4E
6F 6E 65 00 9D B0 BC 60 23 EA BC 30 A0 4E BD 84
43 48 BD 32 D7 4E BD F9 5E 22 BD 13 AE BB BC CF
04 B9 02 BC 21 4E 6F 6E 65 00 79 42 BD 80 1F 25
[22:13:33.878] [INFO] [s22-revert] READ 64 byte(s):
BD A5 9A AA B9 1D 55 F4 3B 1A BE 82 BC 97 3A 25
BD 36 19 EC BC FF 04 B9 02 BC 21 4E 6F 6E 65 00
C1 FD BB B4 6F 1E 3C D7 5E 22 BA E8 89 0A BC E7
84 9D BA 01 A4 48 3C 07 7F F4 3C CA 04 B9 02 BC
[22:13:33.880] [INFO] [s22-revert] READ 64 byte(s):
21 4E 6F 6E 65 00 DD DC BB FF 64 55 3C 66 55 82
BB 61 38 B7 BC 7A 4D 90 BC 21 68 73 BB E9 CA 0A
BC A6 04 B9 02 BC 21 00 52 89 BC 28 5D A0 BB B5
2A 7D 5D BC 58 8F 39 BC A5 6F D0 B7 D9 12 AC B9
[22:13:33.882] [INFO] [s22-revert] READ 64 byte(s):
91 48 41 BC AF 82 02 BD 50 00 B9 02 BC 21 00 3E
6C BC 86 03 17 BD F0 DE 13 BD 13 2E 26 BC 9D 9A
C6 BB 75 50 32 BC 49 5E 00 BD 88 42 FC BC CF 00
B9 02 BC 21 00 4E 92 BC E4 9F 1A BB 96 01 5A 3C
[22:13:33.884] [INFO] [s22-revert] READ 64 byte(s):
B1 BC 00 BC 4E E8 CA BC EA ED 21 BD 9A 34 73 BC
77 CE 01 3C 4C 00 B9 02 BC 21 00 E3 81 BC 9D 44
2C 3C CE 21 19 3C F8 B9 01 3C 0E 2A A4 BB F1 EB
AB BB 9C 13 EE 3B 09 5E 88 3C A6 00 B9 02 BC 21
[22:13:33.889] [INFO] [s22-revert] READ 64 byte(s):
00 B9 92 3C 85 D0 67 BB 81 8C 0A BC F3 0F AB 3C
27 23 54 3D E5 33 81 3D 55 C5 05 3D 88 1C 4A 3C
0B 00 B9 02 BC 41 00 BF B1 3D DC C1 7A 3D 77 F9
C6 3C 84 38 C4 3C 6B 81 25 3D 82 71 46 3D ED 63
[22:13:33.892] [INFO] [s22-revert] READ 43 byte(s):
A0 3D 17 38 DA 3D C2 5D BC 3D 65 D0 31 3D 4D 48
14 3C C6 DE 71 BD 01 1C 80 BD 90 E5 01 3F 51 BE
63 B5 7A 25 00 00 72 00 5E 91 7E
[22:13:33.898] [INFO] [s22-revert] WRITE 20 byte(s):
7E B9 03 81 0D 03 82 05 00 80 0B 03 B9 03 03 00
00 E2 F7 7E
[22:13:33.902] [INFO] [s22-revert] READ 21 byte(s):
7E B9 03 81 09 03 0A 02 B9 04 03 00 00 88 9A 99
A9 40 8F 36 7E
[22:13:33.906] [INFO] [s22-revert] WRITE 21 byte(s):
7E B9 03 81 00 03 82 06 00 80 0B 03 B9 04 0B 01
00 00 C8 27 7E
[22:13:33.910] [INFO] [s22-revert] READ 64 byte(s):
7E B9 03 81 04 03 81 9D 08 0B B9 03 01 00 B9 04
B9 02 BC 21 4D 6F 64 65 72 6E 20 54 72 69 70 6C
65 00 00 00 00 00 00 00 00 00 00 00 00 00 00 00
00 00 00 00 00 0D BA 02 88 00 00 00 00 88 00 00
[22:13:33.914] [INFO] [s22-revert] READ 64 byte(s):
F0 42 BA 03 BA 6D 88 00 00 00 00 88 00 00 00 00
88 00 00 C8 C2 88 00 00 A0 41 88 00 00 70 C2 88
00 00 80 3F 88 00 00 00 00 88 00 00 00 00 88 00
00 00 00 88 00 00 A0 40 88 00 00 80 3F 88 00 00
[22:13:33.918] [INFO] [s22-revert] READ 64 byte(s):
A0 40 88 00 00 96 43 88 00 00 A0 40 88 33 33 33
3F 88 00 80 3B 44 88 00 00 A0 40 88 00 80 ED 44
88 00 00 80 3F 88 00 00 00 00 88 CD CC AC 40 88
00 00 E0 40 88 00 00 C8 42 88 00 00 80 3F 88 00
[22:13:33.922] [INFO] [s22-revert] READ 64 byte(s):
00 00 00 88 00 00 C8 41 88 00 00 A0 40 88 00 00
00 00 88 00 00 C0 3F 88 00 00 00 00 88 00 00 80
3F 88 00 00 C0 3F 88 00 00 00 00 88 00 00 00 00
88 00 00 A0 40 88 00 00 A0 40 88 00 00 80 3F 88
[22:13:33.925] [INFO] [s22-revert] READ 64 byte(s):
00 00 00 00 88 00 00 80 40 88 00 00 A0 40 88 00
00 00 00 88 00 00 00 00 88 00 00 F0 41 88 00 00
A0 40 88 00 00 00 00 88 00 00 00 00 88 00 00 F0
41 88 00 00 A0 40 88 00 00 00 00 88 00 00 00 00
[22:13:33.928] [INFO] [s22-revert] READ 64 byte(s):
88 00 00 F0 41 88 00 00 A0 40 88 00 00 00 00 88
00 00 00 00 88 00 00 F0 41 88 00 00 A0 40 88 00
00 00 00 88 00 00 00 00 88 00 00 F0 41 88 00 00
A0 40 88 00 00 00 00 88 00 00 00 00 88 00 00 F0
[22:13:33.931] [INFO] [s22-revert] READ 64 byte(s):
41 88 00 00 80 3F 88 00 00 00 00 88 00 00 00 00
88 00 00 00 00 88 00 00 70 41 88 00 00 00 3F 88
00 00 48 42 88 00 00 F0 40 88 00 00 00 00 88 00
00 40 40 88 00 00 D0 40 88 00 00 00 00 88 00 00
[22:13:33.934] [INFO] [s22-revert] READ 64 byte(s):
00 00 88 00 00 C0 40 88 00 00 00 00 88 00 00 70
41 88 00 00 00 3F 88 00 00 48 42 88 00 00 F0 40
88 00 00 00 00 88 00 00 70 41 88 00 00 00 3F 88
00 00 48 42 88 00 00 C8 41 88 00 00 F0 40 88 00
[22:13:33.936] [INFO] [s22-revert] READ 64 byte(s):
00 00 00 88 00 00 40 40 88 00 00 B4 43 88 00 00
F0 42 88 00 00 48 42 88 00 00 A0 40 88 00 00 80
3F 88 00 00 00 00 88 00 00 00 00 88 00 00 00 00
88 00 00 10 41 88 00 00 AF 43 88 00 00 A0 41 88
[22:13:33.939] [INFO] [s22-revert] READ 64 byte(s):
00 00 00 00 88 00 00 48 42 88 00 00 00 00 88 00
00 10 41 88 00 00 AF 43 88 00 00 A0 41 88 00 00
00 00 88 00 00 48 42 BA 6D 88 00 00 00 00 88 00
00 00 00 88 00 00 C8 C2 88 00 00 A0 41 88 00 00
[22:13:33.942] [INFO] [s22-revert] READ 64 byte(s):
70 C2 88 00 00 80 3F 88 00 00 00 00 88 00 00 00
00 88 00 00 00 00 88 00 00 A0 40 88 00 00 80 3F
88 00 00 A0 40 88 00 00 96 43 88 00 00 A0 40 88
33 33 33 3F 88 00 80 3B 44 88 00 00 A0 40 88 00
[22:13:33.945] [INFO] [s22-revert] READ 64 byte(s):
80 ED 44 88 00 00 80 3F 88 00 00 00 00 88 00 00
A0 40 88 00 00 A0 40 88 00 00 C8 42 88 00 00 80
3F 88 00 00 00 00 88 00 00 C8 41 88 00 00 A0 40
88 00 00 00 00 88 00 00 C0 3F 88 00 00 00 00 88
[22:13:33.948] [INFO] [s22-revert] READ 64 byte(s):
00 00 80 3F 88 00 00 C0 3F 88 00 00 00 00 88 00
00 00 00 88 00 00 A0 40 88 00 00 A0 40 88 00 00
80 3F 88 00 00 00 00 88 00 00 80 40 88 00 00 A0
40 88 00 00 00 00 88 00 00 00 00 88 00 00 F0 41
[22:13:33.950] [INFO] [s22-revert] READ 64 byte(s):
88 00 00 A0 40 88 00 00 00 00 88 00 00 00 00 88
00 00 F0 41 88 00 00 A0 40 88 00 00 00 00 88 00
00 00 00 88 00 00 F0 41 88 00 00 A0 40 88 00 00
00 00 88 00 00 00 00 88 00 00 F0 41 88 00 00 A0
[22:13:33.952] [INFO] [s22-revert] READ 64 byte(s):
40 88 00 00 00 00 88 00 00 00 00 88 00 00 F0 41
88 00 00 A0 40 88 00 00 00 00 88 00 00 00 00 88
00 00 F0 41 88 00 00 80 3F 88 00 00 00 00 88 00
00 00 00 88 00 00 00 00 88 00 00 70 41 88 00 00
[22:13:33.955] [INFO] [s22-revert] READ 64 byte(s):
00 3F 88 00 00 48 42 88 00 00 F0 40 88 00 00 00
00 88 00 00 40 40 88 00 00 D0 40 88 00 00 00 00
88 00 00 00 00 88 00 00 C0 40 88 00 00 00 00 88
00 00 70 41 88 00 00 00 3F 88 00 00 48 42 88 00
[22:13:33.957] [INFO] [s22-revert] READ 64 byte(s):
00 F0 40 88 00 00 00 00 88 00 00 70 41 88 00 00
00 3F 88 00 00 48 42 88 00 00 C8 41 88 00 00 F0
40 88 00 00 00 00 88 00 00 40 40 88 00 00 B4 43
88 00 00 F0 42 88 00 00 48 42 88 00 00 A0 40 88
[22:13:33.959] [INFO] [s22-revert] READ 64 byte(s):
00 00 80 3F 88 00 00 00 00 88 00 00 00 00 88 00
00 00 00 88 00 00 10 41 88 00 00 AF 43 88 00 00
A0 41 88 00 00 00 00 88 00 00 48 42 88 00 00 00
00 88 00 00 10 41 88 00 00 AF 43 88 00 00 A0 41
[22:13:33.962] [INFO] [s22-revert] READ 64 byte(s):
88 00 00 00 00 88 00 00 48 42 BA 6D 88 00 00 00
00 88 00 00 00 00 88 00 00 C8 C2 88 00 00 A0 41
88 00 00 70 C2 88 00 00 80 3F 88 00 00 00 00 88
00 00 00 00 88 00 00 00 00 88 00 00 A0 40 88 00
[22:13:33.965] [INFO] [s22-revert] READ 64 byte(s):
00 80 3F 88 00 00 A0 40 88 00 00 96 43 88 00 00
A0 40 88 33 33 33 3F 88 00 80 3B 44 88 00 00 A0
40 88 00 80 ED 44 88 00 00 80 3F 88 00 00 00 00
88 00 00 A0 40 88 00 00 A0 40 88 00 00 C8 42 88
[22:13:33.969] [INFO] [s22-revert] READ 64 byte(s):
00 00 80 3F 88 00 00 00 00 88 00 00 C8 41 88 00
00 A0 40 88 00 00 00 00 88 00 00 C0 3F 88 00 00
00 00 88 00 00 80 3F 88 00 00 C0 3F 88 00 00 00
00 88 00 00 00 00 88 00 00 A0 40 88 00 00 A0 40
[22:13:33.974] [INFO] [s22-revert] READ 64 byte(s):
88 00 00 80 3F 88 00 00 00 00 88 00 00 80 40 88
00 00 A0 40 88 00 00 00 00 88 00 00 00 00 88 00
00 F0 41 88 00 00 A0 40 88 00 00 00 00 88 00 00
00 00 88 00 00 F0 41 88 00 00 A0 40 88 00 00 00
[22:13:33.977] [INFO] [s22-revert] READ 64 byte(s):
00 88 00 00 00 00 88 00 00 F0 41 88 00 00 A0 40
88 00 00 00 00 88 00 00 00 00 88 00 00 F0 41 88
00 00 A0 40 88 00 00 00 00 88 00 00 00 00 88 00
00 F0 41 88 00 00 A0 40 88 00 00 00 00 88 00 00
[22:13:33.980] [INFO] [s22-revert] READ 64 byte(s):
00 00 88 00 00 F0 41 88 00 00 80 3F 88 00 00 00
00 88 00 00 00 00 88 00 00 00 00 88 00 00 70 41
88 00 00 00 3F 88 00 00 48 42 88 00 00 F0 40 88
00 00 00 00 88 00 00 40 40 88 00 00 D0 40 88 00
[22:13:33.984] [INFO] [s22-revert] READ 64 byte(s):
00 00 00 88 00 00 00 00 88 00 00 C0 40 88 00 00
00 00 88 00 00 70 41 88 00 00 00 3F 88 00 00 48
42 88 00 00 F0 40 88 00 00 00 00 88 00 00 70 41
88 00 00 00 3F 88 00 00 48 42 88 00 00 C8 41 88
[22:13:33.986] [INFO] [s22-revert] READ 64 byte(s):
00 00 F0 40 88 00 00 00 00 88 00 00 40 40 88 00
00 B4 43 88 00 00 F0 42 88 00 00 48 42 88 00 00
A0 40 88 00 00 80 3F 88 00 00 00 00 88 00 00 00
00 88 00 00 00 00 88 00 00 10 41 88 00 00 AF 43
[22:13:33.989] [INFO] [s22-revert] READ 64 byte(s):
88 00 00 A0 41 88 00 00 00 00 88 00 00 48 42 88
00 00 00 00 88 00 00 10 41 88 00 00 AF 43 88 00
00 A0 41 88 00 00 00 00 88 00 00 48 42 B9 0D B9
02 BC 21 00 6B 01 BC DE C0 C7 BA 72 C3 F8 BA B6
[22:13:33.991] [INFO] [s22-revert] READ 64 byte(s):
3B D5 BB F8 23 DF BB E4 BE 15 BC 1B 94 32 BC B2
3B 1C BC 83 00 B9 02 BC 0B 32 30 32 36 2D 30 32
2D 31 34 00 0A B9 02 BC 21 48 49 2D 47 41 49 4E
00 8A 8B 74 BB 19 F5 72 3B 33 6A A2 BB 70 BA 7D
[22:13:33.994] [INFO] [s22-revert] READ 64 byte(s):
5E BC 7F 46 4F BC 1A 89 24 BC 3F 07 B9 02 BC 21
4E 6F 6E 65 00 25 77 3B 3B 80 28 3C D6 D7 6F BA
68 80 CA BB A4 E0 C3 B9 95 0D 92 3B 39 B4 95 BB
DA 04 B9 02 BC 21 4E 6F 6E 65 00 8E 3B BA E0 F1
[22:13:33.996] [INFO] [s22-revert] READ 64 byte(s):
00 BB 16 33 24 BA FD 13 07 BB E5 23 28 BC 94 CD
18 BC AE D2 76 BB 07 04 B9 02 BC 21 4E 6F 6E 65
00 AB 34 BB 6E 56 B8 BA B4 66 AF B9 BB D3 2A 3C
8D EB 01 3C CC 1B 16 BB 72 9C 2D BB FC 04 B9 02
[22:13:33.999] [INFO] [s22-revert] READ 64 byte(s):
BC 21 4E 6F 6E 65 00 4C 62 BB CC 71 79 BC F5 13
00 BC F8 41 15 3C C8 A3 23 3C 62 37 FC 3B 4D 46
C1 3B 24 04 B9 02 BC 21 00 29 45 BC 3C 2B 32 BC
90 40 67 B9 CA EB F2 3B 48 4C 80 3A D3 16 3E 3C
[22:13:34.002] [INFO] [s22-revert] READ 64 byte(s):
75 CC 53 3C CB 67 10 BC 8E 00 B9 02 BC 21 00 C9
B8 BB A4 03 37 3C CF 5F CA 3C 90 EC 8C 3C 78 96
59 3C E8 47 4B 3B B9 CA 30 BB D2 B5 11 BC 60 00
B9 02 BC 21 00 5D 04 3C D6 60 33 3C EB 46 2C 3C
[22:13:34.004] [INFO] [s22-revert] READ 64 byte(s):
3F BF 1F 3C 38 37 23 B9 7C 60 16 3C 92 C6 60 3B
82 C0 CD 3B 7D 5E 00 B9 02 BC 21 00 18 0F 3C DC
40 3F 3C 3B 93 59 3C 43 BC D3 3B FC F6 C9 3B A1
78 25 BC 4B 6D CB 3B 63 D5 08 3C 0E 00 B9 02 BC
[22:13:34.005] [INFO] [s22-revert] READ 64 byte(s):
21 00 57 91 BC ED 04 58 BC CC AA 6E BB 91 67 1C
BC B5 53 17 BC D2 12 9F 3C 93 4D C0 3B EA 28 5D
BB 94 00 B9 02 BC 41 00 77 0D 3D 41 4E 1D 3D AE
E8 3F BC E0 AA 19 3D 28 89 CB 3C B1 9F 71 BB F7
[22:13:34.007] [INFO] [s22-revert] READ 44 byte(s):
66 2C BD 80 30 0D BC 96 1B A0 BC 97 66 D3 BC 8E
A2 74 3B 15 61 88 BC 0B F2 99 BC AB 90 17 BC 5E
DF 9A 8B 12 99 00 00 72 00 67 0E 7E
[22:13:34.011] [INFO] [s22-revert] WRITE 19 byte(s):
7E B9 03 00 82 06 00 80 0B 03 B9 02 81 06 03 0B
44 66 7E
[22:13:34.016] [INFO] [s22-revert] READ 64 byte(s):
7E B9 03 81 06 03 80 A0 0B B9 01 B9 0E 82 4C 42
4C 47 B9 03 00 04 00 88 00 00 20 40 00 00 01 BA
14 B9 03 00 80 FF 00 B9 03 00 00 80 FF B9 03 80
FF 00 00 B9 03 80 FF 00 00 B9 03 00 00 80 FF B9
[22:13:34.018] [INFO] [s22-revert] READ 64 byte(s):
03 80 FF 00 00 B9 03 80 BF 80 BF 80 BF B9 03 0F
80 FF 2F B9 03 80 FF 00 00 B9 03 2F 00 80 FF B9
03 11 11 00 B9 03 00 00 80 FF B9 03 05 00 11 B9
03 80 FF 00 00 B9 03 80 FF 00 00 B9 03 11 00 00
[22:13:34.023] [INFO] [s22-revert] READ 44 byte(s):
B9 03 00 80 FF 00 B9 03 0B 0B 0B B9 03 11 22 00
B9 03 00 19 19 BC 06 00 00 0A 00 03 00 00 00 81
B8 01 01 00 88 00 00 70 43 AC 11 7E
[22:13:34.026] [INFO] [s22-revert] WRITE 21 byte(s):
7E B9 03 81 00 03 82 06 00 80 0B 03 B9 04 0B 01
00 00 C8 27 7E
[22:13:34.031] [INFO] [s22-revert] READ 64 byte(s):
7E B9 03 81 04 03 81 9D 08 0B B9 03 01 00 B9 04
B9 02 BC 21 4D 6F 64 65 72 6E 20 54 72 69 70 6C
65 00 00 00 00 00 00 00 00 00 00 00 00 00 00 00
00 00 00 00 00 0D BA 02 88 00 00 00 00 88 00 00
[22:13:34.034] [INFO] [s22-revert] READ 64 byte(s):
F0 42 BA 03 BA 6D 88 00 00 00 00 88 00 00 00 00
88 00 00 C8 C2 88 00 00 A0 41 88 00 00 70 C2 88
00 00 80 3F 88 00 00 00 00 88 00 00 00 00 88 00
00 00 00 88 00 00 A0 40 88 00 00 80 3F 88 00 00
[22:13:34.036] [INFO] [s22-revert] READ 64 byte(s):
A0 40 88 00 00 96 43 88 00 00 A0 40 88 33 33 33
3F 88 00 80 3B 44 88 00 00 A0 40 88 00 80 ED 44
88 00 00 80 3F 88 00 00 00 00 88 CD CC AC 40 88
00 00 E0 40 88 00 00 C8 42 88 00 00 80 3F 88 00
[22:13:34.037] [INFO] [s22-revert] READ 64 byte(s):
00 00 00 88 00 00 C8 41 88 00 00 A0 40 88 00 00
00 00 88 00 00 C0 3F 88 00 00 00 00 88 00 00 80
3F 88 00 00 C0 3F 88 00 00 00 00 88 00 00 00 00
88 00 00 A0 40 88 00 00 A0 40 88 00 00 80 3F 88
[22:13:34.039] [INFO] [s22-revert] READ 64 byte(s):
00 00 00 00 88 00 00 80 40 88 00 00 A0 40 88 00
00 00 00 88 00 00 00 00 88 00 00 F0 41 88 00 00
A0 40 88 00 00 00 00 88 00 00 00 00 88 00 00 F0
41 88 00 00 A0 40 88 00 00 00 00 88 00 00 00 00
[22:13:34.041] [INFO] [s22-revert] READ 64 byte(s):
88 00 00 F0 41 88 00 00 A0 40 88 00 00 00 00 88
00 00 00 00 88 00 00 F0 41 88 00 00 A0 40 88 00
00 00 00 88 00 00 00 00 88 00 00 F0 41 88 00 00
A0 40 88 00 00 00 00 88 00 00 00 00 88 00 00 F0
[22:13:34.043] [INFO] [s22-revert] READ 64 byte(s):
41 88 00 00 80 3F 88 00 00 00 00 88 00 00 00 00
88 00 00 00 00 88 00 00 70 41 88 00 00 00 3F 88
00 00 48 42 88 00 00 F0 40 88 00 00 00 00 88 00
00 40 40 88 00 00 D0 40 88 00 00 00 00 88 00 00
[22:13:34.045] [INFO] [s22-revert] READ 64 byte(s):
00 00 88 00 00 C0 40 88 00 00 00 00 88 00 00 70
41 88 00 00 00 3F 88 00 00 48 42 88 00 00 F0 40
88 00 00 00 00 88 00 00 70 41 88 00 00 00 3F 88
00 00 48 42 88 00 00 C8 41 88 00 00 F0 40 88 00
[22:13:34.047] [INFO] [s22-revert] READ 64 byte(s):
00 00 00 88 00 00 40 40 88 00 00 B4 43 88 00 00
F0 42 88 00 00 48 42 88 00 00 A0 40 88 00 00 80
3F 88 00 00 00 00 88 00 00 00 00 88 00 00 00 00
88 00 00 10 41 88 00 00 AF 43 88 00 00 A0 41 88
[22:13:34.050] [INFO] [s22-revert] READ 64 byte(s):
00 00 00 00 88 00 00 48 42 88 00 00 00 00 88 00
00 10 41 88 00 00 AF 43 88 00 00 A0 41 88 00 00
00 00 88 00 00 48 42 BA 6D 88 00 00 00 00 88 00
00 00 00 88 00 00 C8 C2 88 00 00 A0 41 88 00 00
[22:13:34.052] [INFO] [s22-revert] READ 64 byte(s):
70 C2 88 00 00 80 3F 88 00 00 00 00 88 00 00 00
00 88 00 00 00 00 88 00 00 A0 40 88 00 00 80 3F
88 00 00 A0 40 88 00 00 96 43 88 00 00 A0 40 88
33 33 33 3F 88 00 80 3B 44 88 00 00 A0 40 88 00
[22:13:34.055] [INFO] [s22-revert] READ 64 byte(s):
80 ED 44 88 00 00 80 3F 88 00 00 00 00 88 00 00
A0 40 88 00 00 A0 40 88 00 00 C8 42 88 00 00 80
3F 88 00 00 00 00 88 00 00 C8 41 88 00 00 A0 40
88 00 00 00 00 88 00 00 C0 3F 88 00 00 00 00 88
[22:13:34.059] [INFO] [s22-revert] READ 64 byte(s):
00 00 80 3F 88 00 00 C0 3F 88 00 00 00 00 88 00
00 00 00 88 00 00 A0 40 88 00 00 A0 40 88 00 00
80 3F 88 00 00 00 00 88 00 00 80 40 88 00 00 A0
40 88 00 00 00 00 88 00 00 00 00 88 00 00 F0 41
[22:13:34.062] [INFO] [s22-revert] READ 64 byte(s):
88 00 00 A0 40 88 00 00 00 00 88 00 00 00 00 88
00 00 F0 41 88 00 00 A0 40 88 00 00 00 00 88 00
00 00 00 88 00 00 F0 41 88 00 00 A0 40 88 00 00
00 00 88 00 00 00 00 88 00 00 F0 41 88 00 00 A0
[22:13:34.064] [INFO] [s22-revert] READ 64 byte(s):
40 88 00 00 00 00 88 00 00 00 00 88 00 00 F0 41
88 00 00 A0 40 88 00 00 00 00 88 00 00 00 00 88
00 00 F0 41 88 00 00 80 3F 88 00 00 00 00 88 00
00 00 00 88 00 00 00 00 88 00 00 70 41 88 00 00
[22:13:34.066] [INFO] [s22-revert] READ 64 byte(s):
00 3F 88 00 00 48 42 88 00 00 F0 40 88 00 00 00
00 88 00 00 40 40 88 00 00 D0 40 88 00 00 00 00
88 00 00 00 00 88 00 00 C0 40 88 00 00 00 00 88
00 00 70 41 88 00 00 00 3F 88 00 00 48 42 88 00
[22:13:34.070] [INFO] [s22-revert] READ 64 byte(s):
00 F0 40 88 00 00 00 00 88 00 00 70 41 88 00 00
00 3F 88 00 00 48 42 88 00 00 C8 41 88 00 00 F0
40 88 00 00 00 00 88 00 00 40 40 88 00 00 B4 43
88 00 00 F0 42 88 00 00 48 42 88 00 00 A0 40 88
[22:13:34.072] [INFO] [s22-revert] READ 64 byte(s):
00 00 80 3F 88 00 00 00 00 88 00 00 00 00 88 00
00 00 00 88 00 00 10 41 88 00 00 AF 43 88 00 00
A0 41 88 00 00 00 00 88 00 00 48 42 88 00 00 00
00 88 00 00 10 41 88 00 00 AF 43 88 00 00 A0 41
[22:13:34.075] [INFO] [s22-revert] READ 64 byte(s):
88 00 00 00 00 88 00 00 48 42 BA 6D 88 00 00 00
00 88 00 00 00 00 88 00 00 C8 C2 88 00 00 A0 41
88 00 00 70 C2 88 00 00 80 3F 88 00 00 00 00 88
00 00 00 00 88 00 00 00 00 88 00 00 A0 40 88 00
[22:13:34.077] [INFO] [s22-revert] READ 64 byte(s):
00 80 3F 88 00 00 A0 40 88 00 00 96 43 88 00 00
A0 40 88 33 33 33 3F 88 00 80 3B 44 88 00 00 A0
40 88 00 80 ED 44 88 00 00 80 3F 88 00 00 00 00
88 00 00 A0 40 88 00 00 A0 40 88 00 00 C8 42 88
[22:13:34.079] [INFO] [s22-revert] READ 64 byte(s):
00 00 80 3F 88 00 00 00 00 88 00 00 C8 41 88 00
00 A0 40 88 00 00 00 00 88 00 00 C0 3F 88 00 00
00 00 88 00 00 80 3F 88 00 00 C0 3F 88 00 00 00
00 88 00 00 00 00 88 00 00 A0 40 88 00 00 A0 40
[22:13:34.083] [INFO] [s22-revert] READ 64 byte(s):
88 00 00 80 3F 88 00 00 00 00 88 00 00 80 40 88
00 00 A0 40 88 00 00 00 00 88 00 00 00 00 88 00
00 F0 41 88 00 00 A0 40 88 00 00 00 00 88 00 00
00 00 88 00 00 F0 41 88 00 00 A0 40 88 00 00 00
[22:13:34.087] [INFO] [s22-revert] READ 64 byte(s):
00 88 00 00 00 00 88 00 00 F0 41 88 00 00 A0 40
88 00 00 00 00 88 00 00 00 00 88 00 00 F0 41 88
00 00 A0 40 88 00 00 00 00 88 00 00 00 00 88 00
00 F0 41 88 00 00 A0 40 88 00 00 00 00 88 00 00
[22:13:34.089] [INFO] [s22-revert] READ 64 byte(s):
00 00 88 00 00 F0 41 88 00 00 80 3F 88 00 00 00
00 88 00 00 00 00 88 00 00 00 00 88 00 00 70 41
88 00 00 00 3F 88 00 00 48 42 88 00 00 F0 40 88
00 00 00 00 88 00 00 40 40 88 00 00 D0 40 88 00
[22:13:34.091] [INFO] [s22-revert] READ 64 byte(s):
00 00 00 88 00 00 00 00 88 00 00 C0 40 88 00 00
00 00 88 00 00 70 41 88 00 00 00 3F 88 00 00 48
42 88 00 00 F0 40 88 00 00 00 00 88 00 00 70 41
88 00 00 00 3F 88 00 00 48 42 88 00 00 C8 41 88
[22:13:34.093] [INFO] [s22-revert] READ 64 byte(s):
00 00 F0 40 88 00 00 00 00 88 00 00 40 40 88 00
00 B4 43 88 00 00 F0 42 88 00 00 48 42 88 00 00
A0 40 88 00 00 80 3F 88 00 00 00 00 88 00 00 00
00 88 00 00 00 00 88 00 00 10 41 88 00 00 AF 43
[22:13:34.095] [INFO] [s22-revert] READ 64 byte(s):
88 00 00 A0 41 88 00 00 00 00 88 00 00 48 42 88
00 00 00 00 88 00 00 10 41 88 00 00 AF 43 88 00
00 A0 41 88 00 00 00 00 88 00 00 48 42 B9 0D B9
02 BC 21 00 6B 01 BC DE C0 C7 BA 72 C3 F8 BA B6
[22:13:34.096] [INFO] [s22-revert] READ 64 byte(s):
3B D5 BB F8 23 DF BB E4 BE 15 BC 1B 94 32 BC B2
3B 1C BC 83 00 B9 02 BC 0B 32 30 32 36 2D 30 32
2D 31 34 00 0A B9 02 BC 21 48 49 2D 47 41 49 4E
00 8A 8B 74 BB 19 F5 72 3B 33 6A A2 BB 70 BA 7D
[22:13:34.099] [INFO] [s22-revert] READ 64 byte(s):
5E BC 7F 46 4F BC 1A 89 24 BC 3F 07 B9 02 BC 21
4E 6F 6E 65 00 25 77 3B 3B 80 28 3C D6 D7 6F BA
68 80 CA BB A4 E0 C3 B9 95 0D 92 3B 39 B4 95 BB
DA 04 B9 02 BC 21 4E 6F 6E 65 00 8E 3B BA E0 F1
[22:13:34.103] [INFO] [s22-revert] READ 64 byte(s):
00 BB 16 33 24 BA FD 13 07 BB E5 23 28 BC 94 CD
18 BC AE D2 76 BB 07 04 B9 02 BC 21 4E 6F 6E 65
00 AB 34 BB 6E 56 B8 BA B4 66 AF B9 BB D3 2A 3C
8D EB 01 3C CC 1B 16 BB 72 9C 2D BB FC 04 B9 02
[22:13:34.106] [INFO] [s22-revert] READ 64 byte(s):
BC 21 4E 6F 6E 65 00 4C 62 BB CC 71 79 BC F5 13
00 BC F8 41 15 3C C8 A3 23 3C 62 37 FC 3B 4D 46
C1 3B 24 04 B9 02 BC 21 00 29 45 BC 3C 2B 32 BC
90 40 67 B9 CA EB F2 3B 48 4C 80 3A D3 16 3E 3C
[22:13:34.110] [INFO] [s22-revert] READ 64 byte(s):
75 CC 53 3C CB 67 10 BC 8E 00 B9 02 BC 21 00 C9
B8 BB A4 03 37 3C CF 5F CA 3C 90 EC 8C 3C 78 96
59 3C E8 47 4B 3B B9 CA 30 BB D2 B5 11 BC 60 00
B9 02 BC 21 00 5D 04 3C D6 60 33 3C EB 46 2C 3C
[22:13:34.113] [INFO] [s22-revert] READ 64 byte(s):
3F BF 1F 3C 38 37 23 B9 7C 60 16 3C 92 C6 60 3B
82 C0 CD 3B 7D 5E 00 B9 02 BC 21 00 18 0F 3C DC
40 3F 3C 3B 93 59 3C 43 BC D3 3B FC F6 C9 3B A1
78 25 BC 4B 6D CB 3B 63 D5 08 3C 0E 00 B9 02 BC
[22:13:34.115] [INFO] [s22-revert] READ 64 byte(s):
21 00 57 91 BC ED 04 58 BC CC AA 6E BB 91 67 1C
BC B5 53 17 BC D2 12 9F 3C 93 4D C0 3B EA 28 5D
BB 94 00 B9 02 BC 41 00 77 0D 3D 41 4E 1D 3D AE
E8 3F BC E0 AA 19 3D 28 89 CB 3C B1 9F 71 BB F7
[22:13:34.118] [INFO] [s22-revert] READ 44 byte(s):
66 2C BD 80 30 0D BC 96 1B A0 BC 97 66 D3 BC 8E
A2 74 3B 15 61 88 BC 0B F2 99 BC AB 90 17 BC 5E
DF 9A 8B 12 99 00 00 72 00 67 0E 7E
[22:13:34.121] [INFO] Revert drill: pre-edit baseline for preset 0 "Modern Triple": [0.0000, 0.0000, -100.0000, 20.0000, -60.0000, 1.0000, 0.0000, 0.0000, 0.0000, 5.0000, 1.0000, 5.0000, 300.0000, 5.0000, 0.7000, 750.0000, 5.0000, 1900.0000, 1.0000, 0.0000, 5.4000, 7.0000, 100.0000, 1.0000, 0.0000, 25.0000, 5.0000, 0.0000, 1.5000, 0.0000, 1.0000, 1.5000, 0.0000, 0.0000, 5.0000, 5.0000, 1.0000, 0.0000, 4.0000, 5.0000, 0.0000, 0.0000, 30.0000, 5.0000, 0.0000, 0.0000, 30.0000, 5.0000, 0.0000, 0.0000, 30.0000, 5.0000, 0.0000, 0.0000, 30.0000, 5.0000, 0.0000, 0.0000, 30.0000, 5.0000, 0.0000, 0.0000, 30.0000, 1.0000, 0.0000, 0.0000, 0.0000, 15.0000, 0.5000, 50.0000, 7.5000, 0.0000, 3.0000, 6.5000, 0.0000, 0.0000, 6.0000, 0.0000, 15.0000, 0.5000, 50.0000, 7.5000, 0.0000, 15.0000, 0.5000, 50.0000, 25.0000, 7.5000, 0.0000, 3.0000, 360.0000, 120.0000, 50.0000, 5.0000, 1.0000, 0.0000, 0.0000, 0.0000, 9.0000, 350.0000, 20.0000, 0.0000, 50.0000, 0.0000, 9.0000, 350.0000, 20.0000, 0.0000, 50.0000]
[22:13:34.123] [INFO] Revert drill: editing EQ_MID from 5.0 to 10.0 .
[22:13:34.125] [INFO] [s22-revert] WRITE 25 byte(s):
7E B9 03 81 09 03 82 0A 00 80 0B 03 B9 04 02 00
0D 88 00 00 20 41 40 75 7E
[22:13:34.128] [INFO] Revert drill: editing EQ_BASS from 5.0 to 10.0 .
[22:13:34.128] [INFO] [s22-revert] READ 21 byte(s):
7E B9 03 81 09 03 0A 02 B9 04 02 00 0D 88 00 00
20 41 B4 EF 7E
[22:13:34.132] [INFO] [s22-revert] WRITE 25 byte(s):
7E B9 03 81 09 03 82 0A 00 80 0B 03 B9 04 02 00
0B 88 00 00 20 41 BA 6D 7E
[22:13:34.135] [INFO] [s22-revert] READ 21 byte(s):
7E B9 03 81 09 03 0A 02 B9 04 02 00 0B 88 00 00
20 41 4E F7 7E
[22:13:34.137] [INFO] Revert drill: editing EQ_TREBLE from 5.0 to 10.0 .
[22:13:34.140] [INFO] [s22-revert] WRITE 25 byte(s):
7E B9 03 81 09 03 82 0A 00 80 0B 03 B9 04 02 00
10 88 00 00 20 41 2F 02 7E
[22:13:34.142] [INFO] [s22-revert] READ 21 byte(s):
7E B9 03 81 09 03 0A 02 B9 04 02 00 10 88 00 00
20 41 DB 98 7E
[22:13:34.145] [ERROR] Revert drill did not complete: Parameter 25 value 25.0 is outside its valid range 0.0..10.0 — refusing the write (this layer rejects out-of-range values rather than clamping them). If parameters were edited but not yet reverted, check/revert the active preset manually. Per M4, the pre-edit baseline is ALWAYS logged above before editRevertDrillParameters issues a single write — if this failure happened before any baseline line appears above, nothing was edited yet and there is nothing to restore.
[22:13:34.449] [WARN] === Revert drill complete ===
[22:13:35.966] [INFO] Log shared: Documents/tonex-logs/tonex-probe-2026-08-19_220308.log.txt
